/* SPDX-License-Identifier: (LGPL-2.1 OR BSD-2-Clause) */

/* THIS FILE IS AUTOGENERATED BY BPFTOOL! */
#ifndef __AFL_SCHED_BPF_SKEL_H__
#define __AFL_SCHED_BPF_SKEL_H__

#include <errno.h>
#include <stdlib.h>
#include <bpf/libbpf.h>

#define BPF_SKEL_SUPPORTS_MAP_AUTO_ATTACH 1

struct afl_sched_bpf {
	struct bpf_object_skeleton *skeleton;
	struct bpf_object *obj;
	struct {
		struct bpf_map *min_vruntime;
		struct bpf_map *afl_weights;
		struct bpf_map *afl_boost_until;
		struct bpf_map *task_ctx_storage;
		struct bpf_map *dispatch_q;
		struct bpf_map *queue_state;
		struct bpf_map *stats;
		struct bpf_map *afl_total_boost_time;
		struct bpf_map *rodata;
		struct bpf_map *afl_sched_ops;
	} maps;
	struct {
		struct afl_sched_bpf__afl_sched_ops__sched_ext_ops {
			struct bpf_program *select_cpu;
			struct bpf_program *enqueue;
			struct bpf_program *dequeue;
			struct bpf_program *dispatch;
			struct bpf_program *tick;
			struct bpf_program *runnable;
			struct bpf_program *running;
			struct bpf_program *stopping;
			struct bpf_program *quiescent;
			struct bpf_program *yield;
			struct bpf_program *core_sched_before;
			struct bpf_program *set_weight;
			struct bpf_program *set_cpumask;
			struct bpf_program *update_idle;
			struct bpf_program *cpu_acquire;
			struct bpf_program *cpu_release;
			struct bpf_program *init_task;
			struct bpf_program *exit_task;
			struct bpf_program *enable;
			struct bpf_program *disable;
			struct bpf_program *dump;
			struct bpf_program *dump_cpu;
			struct bpf_program *dump_task;
			struct bpf_program *cgroup_init;
			struct bpf_program *cgroup_exit;
			struct bpf_program *cgroup_prep_move;
			struct bpf_program *cgroup_move;
			struct bpf_program *cgroup_cancel_move;
			struct bpf_program *cgroup_set_weight;
			struct bpf_program *cpu_online;
			struct bpf_program *cpu_offline;
			struct bpf_program *init;
			struct bpf_program *exit;
			unsigned int dispatch_max_batch;
			char __padding_34[4];
			unsigned long long flags;
			unsigned int timeout_ms;
			unsigned int exit_dump_len;
			unsigned long long hotplug_seq;
			char __unsupported_38[128];
		} *afl_sched_ops;
	} struct_ops;
	struct {
		struct bpf_program *afl_sched_init;
		struct bpf_program *afl_sched_exit;
		struct bpf_program *afl_sched_tick;
		struct bpf_program *afl_sched_enqueue;
		struct bpf_program *afl_sched_dispatch;
	} progs;
	struct {
		struct bpf_link *afl_sched_init;
		struct bpf_link *afl_sched_exit;
		struct bpf_link *afl_sched_tick;
		struct bpf_link *afl_sched_enqueue;
		struct bpf_link *afl_sched_dispatch;
		struct bpf_link *afl_sched_ops;
	} links;
	struct afl_sched_bpf__rodata {
		bool partial;
		bool verbose;
		char __pad0[6];
		u64 slice_us;
		u64 slice_us_min;
		u64 prio_boost_duration_us;
		u32 shm_key;
		char __pad1[4];
		u64 __SCX_OPS_NAME_LEN;
		u64 __SCX_SLICE_DFL;
		u64 __SCX_SLICE_INF;
		u64 __SCX_RQ_ONLINE;
		u64 __SCX_RQ_CAN_STOP_TICK;
		u64 __SCX_RQ_BAL_PENDING;
		u64 __SCX_RQ_BAL_KEEP;
		u64 __SCX_RQ_BYPASSING;
		u64 __SCX_RQ_CLK_VALID;
		u64 __SCX_RQ_IN_WAKEUP;
		u64 __SCX_RQ_IN_BALANCE;
		u64 __SCX_DSQ_FLAG_BUILTIN;
		u64 __SCX_DSQ_FLAG_LOCAL_ON;
		u64 __SCX_DSQ_INVALID;
		u64 __SCX_DSQ_GLOBAL;
		u64 __SCX_DSQ_LOCAL;
		u64 __SCX_DSQ_LOCAL_ON;
		u64 __SCX_DSQ_LOCAL_CPU_MASK;
		u64 __SCX_TASK_QUEUED;
		u64 __SCX_TASK_RESET_RUNNABLE_AT;
		u64 __SCX_TASK_DEQD_FOR_SLEEP;
		u64 __SCX_TASK_STATE_SHIFT;
		u64 __SCX_TASK_STATE_BITS;
		u64 __SCX_TASK_STATE_MASK;
		u64 __SCX_TASK_CURSOR;
		u64 __SCX_TASK_NONE;
		u64 __SCX_TASK_INIT;
		u64 __SCX_TASK_READY;
		u64 __SCX_TASK_ENABLED;
		u64 __SCX_TASK_NR_STATES;
		u64 __SCX_TASK_DSQ_ON_PRIQ;
		u64 __SCX_KICK_IDLE;
		u64 __SCX_KICK_PREEMPT;
		u64 __SCX_KICK_WAIT;
		u64 __SCX_ENQ_WAKEUP;
		u64 __SCX_ENQ_HEAD;
		u64 __SCX_ENQ_PREEMPT;
		u64 __SCX_ENQ_REENQ;
		u64 __SCX_ENQ_LAST;
		u64 __SCX_ENQ_CLEAR_OPSS;
		u64 __SCX_ENQ_DSQ_PRIQ;
	} *rodata;

#ifdef __cplusplus
	static inline struct afl_sched_bpf *open(const struct bpf_object_open_opts *opts = nullptr);
	static inline struct afl_sched_bpf *open_and_load();
	static inline int load(struct afl_sched_bpf *skel);
	static inline int attach(struct afl_sched_bpf *skel);
	static inline void detach(struct afl_sched_bpf *skel);
	static inline void destroy(struct afl_sched_bpf *skel);
	static inline const void *elf_bytes(size_t *sz);
#endif /* __cplusplus */
};

static void
afl_sched_bpf__destroy(struct afl_sched_bpf *obj)
{
	if (!obj)
		return;
	if (obj->skeleton)
		bpf_object__destroy_skeleton(obj->skeleton);
	free(obj);
}

static inline int
afl_sched_bpf__create_skeleton(struct afl_sched_bpf *obj);

static inline struct afl_sched_bpf *
afl_sched_bpf__open_opts(const struct bpf_object_open_opts *opts)
{
	struct afl_sched_bpf *obj;
	int err;

	obj = (struct afl_sched_bpf *)calloc(1, sizeof(*obj));
	if (!obj) {
		errno = ENOMEM;
		return NULL;
	}

	err = afl_sched_bpf__create_skeleton(obj);
	if (err)
		goto err_out;

	err = bpf_object__open_skeleton(obj->skeleton, opts);
	if (err)
		goto err_out;

	obj->struct_ops.afl_sched_ops = (__typeof__(obj->struct_ops.afl_sched_ops))
		bpf_map__initial_value(obj->maps.afl_sched_ops, NULL);

	return obj;
err_out:
	afl_sched_bpf__destroy(obj);
	errno = -err;
	return NULL;
}

static inline struct afl_sched_bpf *
afl_sched_bpf__open(void)
{
	return afl_sched_bpf__open_opts(NULL);
}

static inline int
afl_sched_bpf__load(struct afl_sched_bpf *obj)
{
	return bpf_object__load_skeleton(obj->skeleton);
}

static inline struct afl_sched_bpf *
afl_sched_bpf__open_and_load(void)
{
	struct afl_sched_bpf *obj;
	int err;

	obj = afl_sched_bpf__open();
	if (!obj)
		return NULL;
	err = afl_sched_bpf__load(obj);
	if (err) {
		afl_sched_bpf__destroy(obj);
		errno = -err;
		return NULL;
	}
	return obj;
}

static inline int
afl_sched_bpf__attach(struct afl_sched_bpf *obj)
{
	return bpf_object__attach_skeleton(obj->skeleton);
}

static inline void
afl_sched_bpf__detach(struct afl_sched_bpf *obj)
{
	bpf_object__detach_skeleton(obj->skeleton);
}

static inline const void *afl_sched_bpf__elf_bytes(size_t *sz);

static inline int
afl_sched_bpf__create_skeleton(struct afl_sched_bpf *obj)
{
	struct bpf_object_skeleton *s;
	struct bpf_map_skeleton *map __attribute__((unused));
	int err;

	s = (struct bpf_object_skeleton *)calloc(1, sizeof(*s));
	if (!s)	{
		err = -ENOMEM;
		goto err;
	}

	s->sz = sizeof(*s);
	s->name = "afl_sched_bpf";
	s->obj = &obj->obj;

	/* maps */
	s->map_cnt = 10;
	s->map_skel_sz = 32;
	s->maps = (struct bpf_map_skeleton *)calloc(s->map_cnt,
			sizeof(*s->maps) > 32 ? sizeof(*s->maps) : 32);
	if (!s->maps) {
		err = -ENOMEM;
		goto err;
	}

	map = (struct bpf_map_skeleton *)((char *)s->maps + 0 * s->map_skel_sz);
	map->name = "min_vruntime";
	map->map = &obj->maps.min_vruntime;

	map = (struct bpf_map_skeleton *)((char *)s->maps + 1 * s->map_skel_sz);
	map->name = "afl_weights";
	map->map = &obj->maps.afl_weights;

	map = (struct bpf_map_skeleton *)((char *)s->maps + 2 * s->map_skel_sz);
	map->name = "afl_boost_until";
	map->map = &obj->maps.afl_boost_until;

	map = (struct bpf_map_skeleton *)((char *)s->maps + 3 * s->map_skel_sz);
	map->name = "task_ctx_storage";
	map->map = &obj->maps.task_ctx_storage;

	map = (struct bpf_map_skeleton *)((char *)s->maps + 4 * s->map_skel_sz);
	map->name = "dispatch_q";
	map->map = &obj->maps.dispatch_q;

	map = (struct bpf_map_skeleton *)((char *)s->maps + 5 * s->map_skel_sz);
	map->name = "queue_state";
	map->map = &obj->maps.queue_state;

	map = (struct bpf_map_skeleton *)((char *)s->maps + 6 * s->map_skel_sz);
	map->name = "stats";
	map->map = &obj->maps.stats;

	map = (struct bpf_map_skeleton *)((char *)s->maps + 7 * s->map_skel_sz);
	map->name = "afl_total_boost_time";
	map->map = &obj->maps.afl_total_boost_time;

	map = (struct bpf_map_skeleton *)((char *)s->maps + 8 * s->map_skel_sz);
	map->name = "afl_sche.rodata";
	map->map = &obj->maps.rodata;
	map->mmaped = (void **)&obj->rodata;

	map = (struct bpf_map_skeleton *)((char *)s->maps + 9 * s->map_skel_sz);
	map->name = "afl_sched_ops";
	map->map = &obj->maps.afl_sched_ops;
	map->link = &obj->links.afl_sched_ops;

	/* programs */
	s->prog_cnt = 5;
	s->prog_skel_sz = sizeof(*s->progs);
	s->progs = (struct bpf_prog_skeleton *)calloc(s->prog_cnt, s->prog_skel_sz);
	if (!s->progs) {
		err = -ENOMEM;
		goto err;
	}

	s->progs[0].name = "afl_sched_init";
	s->progs[0].prog = &obj->progs.afl_sched_init;
	s->progs[0].link = &obj->links.afl_sched_init;

	s->progs[1].name = "afl_sched_exit";
	s->progs[1].prog = &obj->progs.afl_sched_exit;
	s->progs[1].link = &obj->links.afl_sched_exit;

	s->progs[2].name = "afl_sched_tick";
	s->progs[2].prog = &obj->progs.afl_sched_tick;
	s->progs[2].link = &obj->links.afl_sched_tick;

	s->progs[3].name = "afl_sched_enqueue";
	s->progs[3].prog = &obj->progs.afl_sched_enqueue;
	s->progs[3].link = &obj->links.afl_sched_enqueue;

	s->progs[4].name = "afl_sched_dispatch";
	s->progs[4].prog = &obj->progs.afl_sched_dispatch;
	s->progs[4].link = &obj->links.afl_sched_dispatch;

	s->data = afl_sched_bpf__elf_bytes(&s->data_sz);

	obj->skeleton = s;
	return 0;
err:
	bpf_object__destroy_skeleton(s);
	return err;
}

static inline const void *afl_sched_bpf__elf_bytes(size_t *sz)
{
	static const char data[] __attribute__((__aligned__(8))) = "\
\x7f\x45\x4c\x46\x02\x01\x01\0\0\0\0\0\0\0\0\0\x01\0\xf7\0\x01\0\0\0\0\0\0\0\0\
\0\0\0\0\0\0\0\0\0\0\0\xf8\xd1\0\0\0\0\0\0\0\0\0\0\x40\0\0\0\0\0\x40\0\x16\0\
\x01\0\xb4\x01\0\0\0\0\0\0\x63\x1a\xfc\xff\0\0\0\0\xb7\x01\0\0\0\0\0\0\x7b\x1a\
\xf0\xff\0\0\0\0\xbf\xa2\0\0\0\0\0\0\x07\x02\0\0\xfc\xff\xff\xff\xbf\xa3\0\0\0\
\0\0\0\x07\x03\0\0\xf0\xff\xff\xff\x18\x01\0\0\0\0\0\0\0\0\0\0\0\0\0\0\xb7\x04\
\0\0\0\0\0\0\x85\0\0\0\x02\0\0\0\xb4\0\0\0\0\0\0\0\x95\0\0\0\0\0\0\0\xb4\0\0\0\
\0\0\0\0\x95\0\0\0\0\0\0\0\x79\x12\0\0\0\0\0\0\x15\x02\x16\0\0\0\0\0\x18\x01\0\
\0\0\0\0\0\0\0\0\0\0\0\0\0\xb7\x03\0\0\0\0\0\0\xb7\x04\0\0\0\0\0\0\x85\0\0\0\
\x9c\0\0\0\xbf\x06\0\0\0\0\0\0\x15\x06\x0f\0\0\0\0\0\x18\x01\0\0\0\0\0\0\0\0\0\
\0\0\0\0\0\x15\x01\x02\0\0\0\0\0\x85\x10\0\0\xff\xff\xff\xff\x05\0\x01\0\0\0\0\
\0\x85\0\0\0\x05\0\0\0\x79\x61\x10\0\0\0\0\0\x7b\x06\x10\0\0\0\0\0\x1f\x10\0\0\
\0\0\0\0\x27\0\0\0\x64\0\0\0\x79\x61\x08\0\0\0\0\0\x3f\x10\0\0\0\0\0\0\x79\x61\
\0\0\0\0\0\0\x0f\x01\0\0\0\0\0\0\x7b\x16\0\0\0\0\0\0\xb4\0\0\0\0\0\0\0\x95\0\0\
\0\0\0\0\0\xb4\x08\0\0\xea\xff\xff\xff\x79\x16\0\0\0\0\0\0\x15\x06\xba\0\0\0\0\
\0\xb7\x08\0\0\0\0\0\0\x18\x01\0\0\0\0\0\0\0\0\0\0\0\0\0\0\xbf\x62\0\0\0\0\0\0\
\xb7\x03\0\0\0\0\0\0\xb7\x04\0\0\0\0\0\0\x85\0\0\0\x9c\0\0\0\xbf\x07\0\0\0\0\0\
\0\x55\x07\x11\0\0\0\0\0\x7b\x8a\xe0\xff\0\0\0\0\x7b\x8a\xd8\xff\0\0\0\0\xb4\
\x01\0\0\0\0\0\0\x63\x1a\xf0\xff\0\0\0\0\xbf\xa2\0\0\0\0\0\0\x07\x02\0\0\xf0\
\xff\xff\xff\x18\x01\0\0\0\0\0\0\0\0\0\0\0\0\0\0\x85\0\0\0\x01\0\0\0\x15\0\x01\
\0\0\0\0\0\x79\x08\0\0\0\0\0\0\x7b\x8a\xd0\xff\0\0\0\0\x18\x01\0\0\0\0\0\0\0\0\
\0\0\0\0\0\0\x15\x01\x0a\0\0\0\0\0\x85\x10\0\0\xff\xff\xff\xff\x05\0\x09\0\0\0\
\0\0\x18\x01\0\0\0\0\0\0\0\0\0\0\0\0\0\0\x15\x01\x02\0\0\0\0\0\x85\x10\0\0\xff\
\xff\xff\xff\x05\0\x01\0\0\0\0\0\x85\0\0\0\x05\0\0\0\x7b\x07\x10\0\0\0\0\0\x05\
\0\x33\0\0\0\0\0\x85\0\0\0\x05\0\0\0\xbf\x07\0\0\0\0\0\0\xb7\x01\0\0\xd0\x0b\0\
\0\xbf\x63\0\0\0\0\0\0\x0f\x13\0\0\0\0\0\0\xbf\xa1\0\0\0\0\0\0\x07\x01\0\0\xf0\
\xff\xff\xff\xb4\x02\0\0\x10\0\0\0\x85\0\0\0\x71\0\0\0\x55\0\x10\0\0\0\0\0\x71\
\xa1\xf0\xff\0\0\0\0\x56\x01\x0e\0\x61\0\0\0\x71\xa1\xf1\xff\0\0\0\0\x56\x01\
\x0c\0\x66\0\0\0\x71\xa1\xf2\xff\0\0\0\0\x56\x01\x0a\0\x6c\0\0\0\x71\xa1\xf3\
\xff\0\0\0\0\x56\x01\x08\0\x2d\0\0\0\x71\xa1\xf4\xff\0\0\0\0\x56\x01\x06\0\x66\
\0\0\0\x71\xa1\xf5\xff\0\0\0\0\x56\x01\x04\0\x75\0\0\0\x71\xa1\xf6\xff\0\0\0\0\
\x56\x01\x02\0\x7a\0\0\0\x71\xa1\xf7\xff\0\0\0\0\x16\x01\x80\0\x7a\0\0\0\xb7\
\x01\0\0\x64\0\0\0\x7b\x1a\xd8\xff\0\0\0\0\x18\x01\0\0\0\0\0\0\0\0\0\0\0\0\0\0\
\x15\x01\x02\0\0\0\0\0\x85\x10\0\0\xff\xff\xff\xff\x05\0\x01\0\0\0\0\0\x85\0\0\
\0\x05\0\0\0\x7b\x0a\xe0\xff\0\0\0\0\xbf\xa3\0\0\0\0\0\0\x07\x03\0\0\xd0\xff\
\xff\xff\x18\x01\0\0\0\0\0\0\0\0\0\0\0\0\0\0\xbf\x62\0\0\0\0\0\0\xb7\x04\0\0\
\x01\0\0\0\x85\0\0\0\x9c\0\0\0\x18\x01\0\0\0\0\0\0\0\0\0\0\0\0\0\0\xbf\x62\0\0\
\0\0\0\0\xb7\x03\0\0\0\0\0\0\xb7\x04\0\0\0\0\0\0\x85\0\0\0\x9c\0\0\0\xbf\x07\0\
\0\0\0\0\0\xb4\x08\0\0\xf4\xff\xff\xff\x15\x07\x65\0\0\0\0\0\xb7\x01\0\0\xd0\
\x0b\0\0\xbf\x63\0\0\0\0\0\0\x0f\x13\0\0\0\0\0\0\xbf\xa1\0\0\0\0\0\0\x07\x01\0\
\0\xd0\xff\xff\xff\xb4\x02\0\0\x10\0\0\0\x85\0\0\0\x71\0\0\0\x55\0\x1f\0\0\0\0\
\0\x71\xa1\xd0\xff\0\0\0\0\x56\x01\x1d\0\x61\0\0\0\x71\xa1\xd1\xff\0\0\0\0\x56\
\x01\x1b\0\x66\0\0\0\x71\xa1\xd2\xff\0\0\0\0\x56\x01\x19\0\x6c\0\0\0\x71\xa1\
\xd3\xff\0\0\0\0\x56\x01\x17\0\x2d\0\0\0\x71\xa1\xd4\xff\0\0\0\0\x56\x01\x15\0\
\x66\0\0\0\x71\xa1\xd5\xff\0\0\0\0\x56\x01\x13\0\x75\0\0\0\x71\xa1\xd6\xff\0\0\
\0\0\x56\x01\x11\0\x7a\0\0\0\x71\xa1\xd7\xff\0\0\0\0\x56\x01\x0f\0\x7a\0\0\0\
\xb7\x01\0\0\xb8\x09\0\0\xbf\x63\0\0\0\0\0\0\x0f\x13\0\0\0\0\0\0\xbf\xa1\0\0\0\
\0\0\0\x07\x01\0\0\xec\xff\xff\xff\xb4\x02\0\0\x04\0\0\0\x85\0\0\0\x71\0\0\0\
\x15\0\x62\0\0\0\0\0\xb7\x09\0\0\0\0\0\0\xb7\x01\0\0\x01\0\0\0\x7b\x1a\xc8\xff\
\0\0\0\0\x18\x01\0\0\0\0\0\0\0\0\0\0\0\0\0\0\x79\x18\0\0\0\0\0\0\x05\0\x06\0\0\
\0\0\0\xb7\x01\0\0\0\0\0\0\x7b\x1a\xc8\xff\0\0\0\0\x18\x01\0\0\0\0\0\0\0\0\0\0\
\0\0\0\0\x79\x18\0\0\0\0\0\0\xb7\x09\0\0\0\0\0\0\xb4\x01\0\0\0\0\0\0\x63\x1a\
\xd0\xff\0\0\0\0\xbf\xa2\0\0\0\0\0\0\x07\x02\0\0\xd0\xff\xff\xff\x18\x01\0\0\0\
\0\0\0\0\0\0\0\0\0\0\0\x85\0\0\0\x01\0\0\0\x55\0\x01\0\0\0\0\0\x05\0\x0e\0\0\0\
\0\0\x79\x02\0\0\0\0\0\0\x79\x71\0\0\0\0\0\0\x3d\x21\x0b\0\0\0\0\0\x7b\x1a\xd0\
\xff\0\0\0\0\xb4\x01\0\0\0\0\0\0\x63\x1a\xf0\xff\0\0\0\0\xbf\xa2\0\0\0\0\0\0\
\x07\x02\0\0\xf0\xff\xff\xff\xbf\xa3\0\0\0\0\0\0\x07\x03\0\0\xd0\xff\xff\xff\
\x18\x01\0\0\0\0\0\0\0\0\0\0\0\0\0\0\xb7\x04\0\0\0\0\0\0\x85\0\0\0\x02\0\0\0\
\x18\x01\0\0\0\0\0\0\0\0\0\0\0\0\0\0\x79\x12\0\0\0\0\0\0\x18\x01\0\0\0\0\0\0\0\
\0\0\0\0\0\0\0\x15\x01\x05\0\0\0\0\0\xbf\x61\0\0\0\0\0\0\xbf\x83\0\0\0\0\0\0\
\xb7\x04\0\0\0\0\0\0\x85\x10\0\0\xff\xff\xff\xff\x05\0\x04\0\0\0\0\0\xbf\x61\0\
\0\0\0\0\0\xbf\x83\0\0\0\0\0\0\xb7\x04\0\0\0\0\0\0\x85\x10\0\0\xff\xff\xff\xff\
\xb4\x08\0\0\0\0\0\0\x63\x8a\xd0\xff\0\0\0\0\xbf\xa2\0\0\0\0\0\0\x07\x02\0\0\
\xd0\xff\xff\xff\x18\x01\0\0\0\0\0\0\0\0\0\0\0\0\0\0\x85\0\0\0\x01\0\0\0\x15\0\
\x0a\0\0\0\0\0\x79\x01\0\0\0\0\0\0\x07\x01\0\0\x01\0\0\0\x7b\x10\0\0\0\0\0\0\
\x79\x01\x08\0\0\0\0\0\x79\xa2\xc8\xff\0\0\0\0\x0f\x21\0\0\0\0\0\0\x7b\x10\x08\
\0\0\0\0\0\x79\x01\x10\0\0\0\0\0\x0f\x91\0\0\0\0\0\0\x7b\x10\x10\0\0\0\0\0\xbc\
\x80\0\0\0\0\0\0\x95\0\0\0\0\0\0\0\xb7\x01\0\0\xb8\x09\0\0\xbf\x63\0\0\0\0\0\0\
\x0f\x13\0\0\0\0\0\0\xbf\xa1\0\0\0\0\0\0\x07\x01\0\0\xf0\xff\xff\xff\xb4\x02\0\
\0\x04\0\0\0\x85\0\0\0\x71\0\0\0\xb7\x01\0\0\x64\0\0\0\x55\0\x78\xff\0\0\0\0\
\xbf\xa2\0\0\0\0\0\0\x07\x02\0\0\xf0\xff\xff\xff\x18\x01\0\0\0\0\0\0\0\0\0\0\0\
\0\0\0\x85\0\0\0\x01\0\0\0\x15\0\x03\0\0\0\0\0\xb7\x01\0\0\xe8\x03\0\0\x79\x02\
\0\0\0\0\0\0\x2d\x72\x6f\xff\0\0\0\0\xbf\xa2\0\0\0\0\0\0\x07\x02\0\0\xf0\xff\
\xff\xff\x18\x01\0\0\0\0\0\0\0\0\0\0\0\0\0\0\x85\0\0\0\x01\0\0\0\xb7\x01\0\0\
\x64\0\0\0\x15\0\x68\xff\0\0\0\0\x61\x01\0\0\0\0\0\0\x05\0\x66\xff\0\0\0\0\xbf\
\xa2\0\0\0\0\0\0\x07\x02\0\0\xec\xff\xff\xff\x18\x01\0\0\0\0\0\0\0\0\0\0\0\0\0\
\0\x85\0\0\0\x01\0\0\0\xbf\x08\0\0\0\0\0\0\x18\x01\0\0\0\0\0\0\0\0\0\0\0\0\0\0\
\x15\x01\x12\0\0\0\0\0\x85\x10\0\0\xff\xff\xff\xff\x15\x08\x01\0\0\0\0\0\x05\0\
\x11\0\0\0\0\0\x18\x01\0\0\0\0\0\0\0\0\0\0\0\0\0\0\x79\x11\0\0\0\0\0\0\x79\x78\
\x08\0\0\0\0\0\x2f\x18\0\0\0\0\0\0\xb7\x09\0\0\0\0\0\0\xb7\x01\0\0\x01\0\0\0\
\x7b\x1a\xc8\xff\0\0\0\0\x37\x08\0\0\x64\0\0\0\x18\x01\0\0\0\0\0\0\0\0\0\0\0\0\
\0\0\x79\x12\0\0\0\0\0\0\x3d\x28\x92\xff\0\0\0\0\x79\x18\0\0\0\0\0\0\x05\0\x90\
\xff\0\0\0\0\x85\0\0\0\x05\0\0\0\x15\x08\xef\xff\0\0\0\0\x79\x89\0\0\0\0\0\0\
\xbd\x09\xed\xff\0\0\0\0\x1f\x09\0\0\0\0\0\0\x18\x01\0\0\0\0\0\0\0\0\0\0\0\0\0\
\0\x79\x18\0\0\0\0\0\0\x7b\x9a\xd0\xff\0\0\0\0\xbf\xa2\0\0\0\0\0\0\x07\x02\0\0\
\xec\xff\xff\xff\x18\x01\0\0\0\0\0\0\0\0\0\0\0\0\0\0\x85\0\0\0\x01\0\0\0\x67\
\x08\0\0\x01\0\0\0\x15\0\x08\0\0\0\0\0\x79\x01\0\0\0\0\0\0\x0f\x19\0\0\0\0\0\0\
\x7b\x9a\xf0\xff\0\0\0\0\xbf\xa2\0\0\0\0\0\0\x07\x02\0\0\xec\xff\xff\xff\xbf\
\xa3\0\0\0\0\0\0\x07\x03\0\0\xf0\xff\xff\xff\x05\0\x04\0\0\0\0\0\xbf\xa2\0\0\0\
\0\0\0\x07\x02\0\0\xec\xff\xff\xff\xbf\xa3\0\0\0\0\0\0\x07\x03\0\0\xd0\xff\xff\
\xff\x18\x01\0\0\0\0\0\0\0\0\0\0\0\0\0\0\xb7\x04\0\0\0\0\0\0\x85\0\0\0\x02\0\0\
\0\xb7\x01\0\0\x01\0\0\0\x7b\x1a\xc8\xff\0\0\0\0\xb7\x09\0\0\x01\0\0\0\x05\0\
\x6c\xff\0\0\0\0\xb4\0\0\0\xfe\xff\xff\xff\x95\0\0\0\0\0\0\0\x47\x50\x4c\0\0\0\
\0\0\0\0\0\0\0\0\0\0\x20\x4e\0\0\0\0\0\0\x88\x13\0\0\0\0\0\0\x40\x42\x0f\0\0\0\
\0\0\x53\x4c\x46\x41\0\0\0\0\0\0\0\0\0\0\0\0\0\0\0\0\0\0\0\0\0\0\0\0\0\0\0\0\0\
\0\0\0\0\0\0\0\0\0\0\0\0\0\0\0\0\0\0\0\0\0\0\0\0\0\0\0\0\0\0\0\0\0\0\0\0\0\0\0\
\0\0\0\0\0\0\0\0\0\0\0\0\0\0\0\0\0\0\0\0\0\0\0\0\0\0\0\0\0\0\0\0\0\0\0\0\0\0\0\
\0\0\0\0\0\0\0\0\0\0\0\0\0\0\0\0\0\0\0\0\0\0\0\0\0\0\0\0\0\0\0\0\0\0\0\0\0\0\0\
\0\0\0\0\0\0\0\0\0\0\0\0\0\0\0\0\0\0\0\0\0\0\0\0\0\0\0\0\0\0\0\0\0\0\0\0\0\0\0\
\0\0\0\0\0\0\0\0\0\0\0\0\0\0\0\0\0\0\0\0\0\0\0\0\0\0\0\0\0\0\0\0\0\0\0\0\0\0\0\
\0\0\0\0\0\0\0\0\0\0\0\0\0\0\0\0\0\0\0\0\0\0\0\0\0\0\0\0\0\0\0\0\0\0\0\0\0\0\0\
\0\0\0\0\0\0\0\0\0\0\0\0\0\0\0\0\0\0\0\0\0\0\0\0\0\0\0\0\0\0\0\0\0\0\0\0\0\0\0\
\0\0\0\0\0\0\0\0\0\0\0\0\0\0\0\0\0\0\0\0\0\0\0\0\0\0\0\0\0\0\0\0\0\0\0\0\0\0\0\
\0\0\0\0\0\0\0\0\0\0\0\0\0\0\0\0\0\0\0\0\0\0\0\0\0\0\0\0\0\0\0\0\0\0\0\0\0\0\0\
\0\0\0\0\0\0\0\0\0\0\0\0\0\0\0\0\0\0\0\0\0\0\0\0\0\0\0\0\0\0\0\0\0\0\0\0\0\0\0\
\0\0\0\0\0\0\0\0\0\0\0\0\0\0\0\0\0\0\0\0\0\0\0\0\0\0\0\0\0\0\0\0\0\0\0\0\0\0\0\
\0\0\0\0\0\0\0\0\0\0\0\0\0\0\0\0\0\0\0\0\0\0\0\0\0\0\0\0\0\0\0\0\0\0\0\0\0\0\0\
\0\0\0\0\0\0\0\0\0\0\0\0\0\0\0\0\0\0\0\0\0\0\0\0\0\0\0\0\0\0\0\0\0\0\0\0\0\0\0\
\0\0\0\0\0\0\0\0\0\0\0\0\0\0\0\0\0\0\0\0\0\0\0\0\0\0\0\0\0\0\0\0\0\0\0\0\0\0\0\
\0\0\0\0\0\0\0\0\0\0\0\0\0\0\0\0\0\0\0\0\0\0\0\0\0\0\0\0\0\0\0\0\0\0\0\0\0\0\0\
\0\0\0\0\0\0\0\0\0\0\0\0\0\0\x61\x66\x6c\x5f\x73\x63\x68\x65\x64\0\0\0\0\0\0\0\
\0\0\0\0\0\0\0\0\0\0\0\0\0\0\0\0\0\0\0\0\0\0\0\0\0\0\0\0\0\0\0\0\0\0\0\0\0\0\0\
\0\0\0\0\0\0\0\0\0\0\0\0\0\0\0\0\0\0\0\0\0\0\0\0\0\0\0\0\0\0\0\0\0\0\0\0\0\0\0\
\0\0\0\0\0\0\0\0\0\0\0\0\0\0\0\0\0\0\0\0\0\0\0\0\0\0\0\0\0\0\0\0\0\0\0\0\0\0\0\
\0\0\0\0\0\0\0\0\0\0\0\0\0\0\0\0\0\0\0\0\0\0\0\0\0\0\0\0\0\0\0\0\0\0\0\0\0\0\0\
\0\0\0\0\0\0\0\0\0\0\0\0\0\0\0\0\0\0\0\0\0\0\0\0\0\0\0\0\0\0\0\0\0\0\0\0\0\0\0\
\0\0\0\0\0\0\0\0\0\0\0\0\0\0\0\0\0\0\0\0\0\0\0\0\0\0\0\0\0\0\0\0\0\0\0\0\0\0\0\
\0\0\0\0\0\0\0\0\0\0\0\0\0\0\0\0\0\0\0\0\0\0\0\0\0\0\0\0\0\0\0\0\0\0\0\0\0\0\0\
\0\0\0\0\0\0\0\0\0\0\0\0\0\0\0\0\0\0\0\0\0\0\0\0\0\0\0\0\0\0\0\0\0\0\0\0\0\0\0\
\0\0\0\0\0\0\0\0\0\0\0\0\0\0\0\0\0\0\0\0\0\0\0\0\0\0\0\0\0\0\0\0\0\0\0\0\0\0\0\
\0\0\0\0\0\0\0\0\0\0\0\0\0\0\0\0\0\x9f\xeb\x01\0\x18\0\0\0\0\0\0\0\xf8\x5e\0\0\
\xf8\x5e\0\0\x73\x43\0\0\0\0\0\0\0\0\0\x02\x03\0\0\0\x01\0\0\0\0\0\0\x01\x04\0\
\0\0\x20\0\0\x01\0\0\0\0\0\0\0\x03\0\0\0\0\x02\0\0\0\x04\0\0\0\x02\0\0\0\x05\0\
\0\0\0\0\0\x01\x04\0\0\0\x20\0\0\0\0\0\0\0\0\0\0\x02\x06\0\0\0\0\0\0\0\0\0\0\
\x03\0\0\0\0\x02\0\0\0\x04\0\0\0\x01\0\0\0\0\0\0\0\0\0\0\x02\x08\0\0\0\x19\0\0\
\0\0\0\0\x08\x09\0\0\0\x1d\0\0\0\0\0\0\x08\x0a\0\0\0\x23\0\0\0\0\0\0\x01\x04\0\
\0\0\x20\0\0\0\0\0\0\0\0\0\0\x02\x0c\0\0\0\x30\0\0\0\0\0\0\x08\x0d\0\0\0\x34\0\
\0\0\0\0\0\x08\x0e\0\0\0\x3a\0\0\0\0\0\0\x01\x08\0\0\0\x40\0\0\0\0\0\0\0\x04\0\
\0\x04\x20\0\0\0\x4d\0\0\0\x01\0\0\0\0\0\0\0\x52\0\0\0\x05\0\0\0\x40\0\0\0\x5e\
\0\0\0\x07\0\0\0\x80\0\0\0\x62\0\0\0\x0b\0\0\0\xc0\0\0\0\x68\0\0\0\0\0\0\x0e\
\x0f\0\0\0\x01\0\0\0\0\0\0\0\0\0\0\x02\x12\0\0\0\0\0\0\0\0\0\0\x03\0\0\0\0\x02\
\0\0\0\x04\0\0\0\0\x04\0\0\0\0\0\0\0\0\0\x02\x14\0\0\0\x75\0\0\0\0\0\0\x08\x15\
\0\0\0\x7b\0\0\0\0\0\0\x08\x02\0\0\0\0\0\0\0\x04\0\0\x04\x20\0\0\0\x4d\0\0\0\
\x05\0\0\0\0\0\0\0\x52\0\0\0\x11\0\0\0\x40\0\0\0\x5e\0\0\0\x13\0\0\0\x80\0\0\0\
\x62\0\0\0\x07\0\0\0\xc0\0\0\0\x8a\0\0\0\0\0\0\x0e\x16\0\0\0\x01\0\0\0\0\0\0\0\
\x04\0\0\x04\x20\0\0\0\x4d\0\0\0\x05\0\0\0\0\0\0\0\x52\0\0\0\x11\0\0\0\x40\0\0\
\0\x5e\0\0\0\x13\0\0\0\x80\0\0\0\x62\0\0\0\x0b\0\0\0\xc0\0\0\0\x96\0\0\0\0\0\0\
\x0e\x18\0\0\0\x01\0\0\0\0\0\0\0\0\0\0\x02\x1b\0\0\0\0\0\0\0\0\0\0\x03\0\0\0\0\
\x02\0\0\0\x04\0\0\0\x1d\0\0\0\0\0\0\0\0\0\0\x02\x02\0\0\0\0\0\0\0\0\0\0\x02\
\x1e\0\0\0\xa6\0\0\0\x03\0\0\x04\x18\0\0\0\xaf\0\0\0\x0c\0\0\0\0\0\0\0\xb8\0\0\
\0\x0c\0\0\0\x40\0\0\0\xbf\0\0\0\x0c\0\0\0\x80\0\0\0\0\0\0\0\x04\0\0\x04\x20\0\
\0\0\x4d\0\0\0\x1a\0\0\0\0\0\0\0\xcb\0\0\0\x05\0\0\0\x40\0\0\0\x5e\0\0\0\x1c\0\
\0\0\x80\0\0\0\x62\0\0\0\x1d\0\0\0\xc0\0\0\0\xd5\0\0\0\0\0\0\x0e\x1f\0\0\0\x01\
\0\0\0\0\0\0\0\0\0\0\x02\x22\0\0\0\0\0\0\0\0\0\0\x03\0\0\0\0\x02\0\0\0\x04\0\0\
\0\0\x10\0\0\0\0\0\0\0\0\0\x02\x24\0\0\0\0\0\0\0\0\0\0\x02\x25\0\0\0\xe6\0\0\0\
\xf0\0\0\x84\xc0\x25\0\0\xf2\0\0\0\x26\0\0\0\0\0\0\0\xfe\0\0\0\x0a\0\0\0\xc0\0\
\0\0\x06\x01\0\0\x0a\0\0\0\xe0\0\0\0\x12\x01\0\0\x28\0\0\0\0\x01\0\0\x18\x01\0\
\0\x29\0\0\0\x40\x01\0\0\x1e\x01\0\0\x0a\0\0\0\x60\x01\0\0\x24\x01\0\0\x0a\0\0\
\0\x80\x01\0\0\x2b\x01\0\0\x02\0\0\0\xa0\x01\0\0\x32\x01\0\0\x2d\0\0\0\xc0\x01\
\0\0\x3d\x01\0\0\x0a\0\0\0\x40\x02\0\0\x49\x01\0\0\x27\0\0\0\x80\x02\0\0\x5d\
\x01\0\0\x24\0\0\0\xc0\x02\0\0\x68\x01\0\0\x02\0\0\0\0\x03\0\0\x78\x01\0\0\x02\
\0\0\0\x20\x03\0\0\x81\x01\0\0\x02\0\0\0\x40\x03\0\0\x87\x01\0\0\x02\0\0\0\x60\
\x03\0\0\x8c\x01\0\0\x02\0\0\0\x80\x03\0\0\x98\x01\0\0\x02\0\0\0\xa0\x03\0\0\
\xa4\x01\0\0\x0a\0\0\0\xc0\x03\0\0\xb0\x01\0\0\x34\0\0\0\0\x04\0\0\xb3\x01\0\0\
\x41\0\0\0\0\x0c\0\0\xb6\x01\0\0\x43\0\0\0\x80\x0d\0\0\xb9\x01\0\0\x54\0\0\0\
\x40\x15\0\0\xc3\x01\0\0\x58\0\0\0\x80\x15\0\0\xc7\x01\0\0\x62\0\0\0\0\x1c\0\0\
\xd3\x01\0\0\x36\0\0\0\x40\x1c\0\0\xdd\x01\0\0\x27\0\0\0\0\x1d\0\0\xe9\x01\0\0\
\x0a\0\0\0\x40\x1d\0\0\xf9\x01\0\0\x64\0\0\0\x80\x1d\0\0\x0a\x02\0\0\x66\0\0\0\
\xc0\x1d\0\0\x15\x02\0\0\x66\0\0\0\0\x1e\0\0\x1c\x02\0\0\x67\0\0\0\0\x20\0\0\
\x22\x02\0\0\x0a\0\0\0\0\x20\0\0\x2d\x02\0\0\x0a\0\0\0\x20\x20\0\0\x34\x02\0\0\
\x27\0\0\0\x40\x20\0\0\x49\x02\0\0\x02\0\0\0\x80\x20\0\0\x59\x02\0\0\x68\0\0\0\
\xc0\x20\0\0\x62\x02\0\0\x6b\0\0\0\0\x21\0\0\x70\x02\0\0\x6a\0\0\0\x40\x21\0\0\
\x7a\x02\0\0\x28\0\0\0\x40\x41\0\0\x8c\x02\0\0\x33\0\0\0\x80\x41\0\0\x9f\x02\0\
\0\x33\0\0\0\x90\x41\0\0\xaf\x02\0\0\x02\0\0\0\xa0\x41\0\0\xc5\x02\0\0\x6e\0\0\
\0\xc0\x41\0\0\xdd\x02\0\0\x38\0\0\0\0\x42\0\0\xec\x02\0\0\x70\0\0\0\x80\x42\0\
\0\xfd\x02\0\0\x27\0\0\0\xc0\x42\0\0\x0d\x03\0\0\x4c\0\0\0\0\x43\0\0\x1f\x03\0\
\0\x4c\0\0\0\x08\x43\0\0\x2d\x03\0\0\x02\0\0\0\x20\x43\0\0\x40\x03\0\0\x38\0\0\
\0\x40\x43\0\0\x57\x03\0\0\x02\0\0\0\xc0\x43\0\0\x6a\x03\0\0\x38\0\0\0\0\x44\0\
\0\x7e\x03\0\0\x02\0\0\0\x80\x44\0\0\x91\x03\0\0\x02\0\0\0\xa0\x44\0\0\xa0\x03\
\0\0\x6e\0\0\0\xc0\x44\0\0\xb3\x03\0\0\x38\0\0\0\0\x45\0\0\xc4\x03\0\0\x38\0\0\
\0\x80\x45\0\0\xd2\x03\0\0\x02\0\0\0\0\x46\0\0\xdf\x03\0\0\x71\0\0\0\x40\x46\0\
\0\xea\x03\0\0\x38\0\0\0\x40\x47\0\0\xf0\x03\0\0\x72\0\0\0\xc0\x47\0\0\xff\x03\
\0\0\x36\0\0\0\0\x49\0\0\x11\x04\0\0\x73\0\0\0\xc0\x49\0\0\x14\x04\0\0\x73\0\0\
\0\0\x4a\0\0\x1e\x04\0\0\x74\0\0\0\x40\x4a\0\0\x36\x04\0\0\x02\0\0\0\x80\x4a\0\
\0\x41\x04\0\0\x02\0\0\0\xa0\x4a\0\0\x4b\x04\0\0\x02\0\0\0\xc0\x4a\0\0\x57\x04\
\0\0\x02\0\0\0\xe0\x4a\0\0\x65\x04\0\0\x27\0\0\0\0\x4b\0\0\x6c\x04\0\0\x0a\0\0\
\0\x40\x4b\0\0\x78\x04\0\0\x0a\0\0\0\x60\x4b\0\x01\x8c\x04\0\0\x0a\0\0\0\x61\
\x4b\0\x01\xa6\x04\0\0\x0a\0\0\0\x62\x4b\0\x01\xb5\x04\0\0\x0a\0\0\0\x63\x4b\0\
\x01\xc4\x04\0\0\x0a\0\0\0\x80\x4b\0\x01\xd8\x04\0\0\x0a\0\0\0\x81\x4b\0\x01\
\xe7\x04\0\0\x0a\0\0\0\x82\x4b\0\x01\xf1\x04\0\0\x0a\0\0\0\x83\x4b\0\x01\xfb\
\x04\0\0\x0a\0\0\0\x84\x4b\0\x01\x0b\x05\0\0\x0a\0\0\0\x85\x4b\0\x01\x1f\x05\0\
\0\x0a\0\0\0\x86\x4b\0\x01\x26\x05\0\0\x0a\0\0\0\x87\x4b\0\x01\x33\x05\0\0\x0a\
\0\0\0\x88\x4b\0\x01\x3f\x05\0\0\x0a\0\0\0\x89\x4b\0\x01\x4a\x05\0\0\x0a\0\0\0\
\x8a\x4b\0\x01\x5e\x05\0\0\x0a\0\0\0\x8b\x4b\0\x01\x6b\x05\0\0\x27\0\0\0\xc0\
\x4b\0\0\x78\x05\0\0\x75\0\0\0\0\x4c\0\0\x86\x05\0\0\x14\0\0\0\xc0\x4d\0\0\x8a\
\x05\0\0\x14\0\0\0\xe0\x4d\0\0\x8f\x05\0\0\x87\0\0\0\0\x4e\0\0\x9b\x05\0\0\x87\
\0\0\0\x40\x4e\0\0\xa2\x05\0\0\x38\0\0\0\x80\x4e\0\0\xab\x05\0\0\x38\0\0\0\0\
\x4f\0\0\xb3\x05\0\0\x24\0\0\0\x80\x4f\0\0\xc0\x05\0\0\x38\0\0\0\xc0\x4f\0\0\
\xc8\x05\0\0\x38\0\0\0\x40\x50\0\0\xd5\x05\0\0\x88\0\0\0\xc0\x50\0\0\xe0\x05\0\
\0\x8c\0\0\0\0\x51\0\0\xea\x05\0\0\x38\0\0\0\0\x53\0\0\xf6\x05\0\0\x8d\0\0\0\
\x80\x53\0\0\x01\x06\0\0\x8f\0\0\0\xc0\x53\0\0\x0f\x06\0\0\x8f\0\0\0\0\x54\0\0\
\x1f\x06\0\0\x28\0\0\0\x40\x54\0\0\x2e\x06\0\0\x0c\0\0\0\x80\x54\0\0\x34\x06\0\
\0\x0c\0\0\0\xc0\x54\0\0\x3a\x06\0\0\x0c\0\0\0\0\x55\0\0\x40\x06\0\0\x90\0\0\0\
\x40\x55\0\0\x4d\x06\0\0\x98\0\0\0\0\x56\0\0\x53\x06\0\0\x2b\0\0\0\x80\x57\0\0\
\x61\x06\0\0\x27\0\0\0\xc0\x57\0\0\x67\x06\0\0\x27\0\0\0\0\x58\0\0\x6e\x06\0\0\
\x0c\0\0\0\x40\x58\0\0\x79\x06\0\0\x0c\0\0\0\x80\x58\0\0\x88\x06\0\0\x27\0\0\0\
\xc0\x58\0\0\x90\x06\0\0\x27\0\0\0\0\x59\0\0\x98\x06\0\0\x9c\0\0\0\x40\x59\0\0\
\xa8\x06\0\0\xa2\0\0\0\xc0\x5b\0\0\xbd\x06\0\0\xaa\0\0\0\x80\x5d\0\0\xca\x06\0\
\0\xaa\0\0\0\xc0\x5d\0\0\xd4\x06\0\0\xaa\0\0\0\0\x5e\0\0\xd9\x06\0\0\xb7\0\0\0\
\x40\x5e\0\0\xee\x06\0\0\xbe\0\0\0\x80\x5e\0\0\xf3\x06\0\0\xbf\0\0\0\0\x5f\0\0\
\xfd\x06\0\0\xc0\0\0\0\x40\x5f\0\0\x05\x07\0\0\xc2\0\0\0\x80\x5f\0\0\x0d\x07\0\
\0\x27\0\0\0\0\x60\0\0\x1f\x07\0\0\x27\0\0\0\x40\x60\0\0\x30\x07\0\0\xc3\0\0\0\
\x80\x60\0\0\x33\x07\0\0\xc4\0\0\0\xc0\x60\0\0\x39\x07\0\0\xc5\0\0\0\0\x61\0\0\
\x42\x07\0\0\xc6\0\0\0\x40\x61\0\0\x4a\x07\0\0\xc7\0\0\0\x80\x61\0\0\x51\x07\0\
\0\xc8\0\0\0\xc0\x61\0\0\x59\x07\0\0\xc9\0\0\0\0\x62\0\0\x61\x07\0\0\xc9\0\0\0\
\x40\x62\0\0\x6e\x07\0\0\xc9\0\0\0\x80\x62\0\0\x7c\x07\0\0\xcc\0\0\0\xc0\x62\0\
\0\x84\x07\0\0\x27\0\0\0\x80\x63\0\0\x8e\x07\0\0\xcd\0\0\0\xc0\x63\0\0\x9a\x07\
\0\0\x0a\0\0\0\0\x64\0\0\xa7\x07\0\0\xa4\0\0\0\x40\x64\0\0\xb2\x07\0\0\xd0\0\0\
\0\x80\x64\0\0\xba\x07\0\0\xd2\0\0\0\0\x65\0\0\xcb\x07\0\0\x0c\0\0\0\0\x66\0\0\
\xda\x07\0\0\x0c\0\0\0\x40\x66\0\0\xe7\x07\0\0\xd5\0\0\0\x80\x66\0\0\xf2\x07\0\
\0\x91\0\0\0\xa0\x66\0\0\xfa\x07\0\0\xd8\0\0\0\xc0\x66\0\0\x01\x08\0\0\x9f\0\0\
\0\0\x67\0\0\x0c\x08\0\0\x24\0\0\0\x80\x67\0\0\x18\x08\0\0\xda\0\0\0\xc0\x67\0\
\0\x26\x08\0\0\x28\0\0\0\0\x68\0\0\x33\x08\0\0\xdb\0\0\0\x40\x68\0\0\x3c\x08\0\
\0\xdc\0\0\0\x80\x68\0\0\x41\x08\0\0\xdd\0\0\0\xc0\x68\0\0\x4f\x08\0\0\xde\0\0\
\0\0\x69\0\0\x5a\x08\0\0\xdf\0\0\0\x40\x69\0\0\x6a\x08\0\0\x27\0\0\0\x80\x69\0\
\0\x79\x08\0\0\xe0\0\0\0\xc0\x69\0\0\x86\x08\0\0\xe2\0\0\0\0\x6a\0\0\x8b\x08\0\
\0\x0a\0\0\0\xc0\x6b\0\0\x95\x08\0\0\x0c\0\0\0\0\x6c\0\0\xa3\x08\0\0\x0c\0\0\0\
\x40\x6c\0\0\xb0\x08\0\0\x0c\0\0\0\x80\x6c\0\0\xbd\x08\0\0\xe3\0\0\0\xc0\x6c\0\
\0\xca\x08\0\0\xe6\0\0\0\xc0\x70\0\0\xdb\x08\0\0\x02\0\0\0\xe0\x70\0\0\xf3\x08\
\0\0\xe8\0\0\0\0\x71\0\0\xfb\x08\0\0\x38\0\0\0\x40\x71\0\0\x03\x09\0\0\xe9\0\0\
\0\xc0\x71\0\0\x0f\x09\0\0\x38\0\0\0\0\x72\0\0\x1d\x09\0\0\xea\0\0\0\x80\x72\0\
\0\x2c\x09\0\0\xa7\0\0\0\xc0\x72\0\0\x3d\x09\0\0\x0a\0\0\0\xc0\x73\0\0\x49\x09\
\0\0\xeb\0\0\0\xe0\x73\0\0\x58\x09\0\0\xec\0\0\0\0\x74\0\0\x68\x09\0\0\xa7\0\0\
\0\x40\x74\0\0\x79\x09\0\0\x38\0\0\0\x40\x75\0\0\x89\x09\0\0\xed\0\0\0\xc0\x75\
\0\0\x93\x09\0\0\xee\0\0\0\0\x76\0\0\x9b\x09\0\0\x4c\0\0\0\x10\x76\0\0\xa5\x09\
\0\0\xee\0\0\0\x20\x76\0\0\xb4\x09\0\0\xef\0\0\0\x40\x76\0\0\xb9\x09\0\0\x08\0\
\0\0\x80\x76\0\0\xc2\x09\0\0\x08\0\0\0\xa0\x76\0\0\xcb\x09\0\0\x27\0\0\0\xc0\
\x76\0\0\xdb\x09\0\0\x02\0\0\0\0\x77\0\0\xe2\x09\0\0\x02\0\0\0\x20\x77\0\0\xee\
\x09\0\0\x02\0\0\0\x40\x77\0\0\xff\x09\0\0\x02\0\0\0\x60\x77\0\0\x0d\x0a\0\0\
\xa3\0\0\0\x80\x77\0\0\x16\x0a\0\0\xf0\0\0\0\0\x78\0\0\x1e\x0a\0\0\xf2\0\0\0\
\x40\x98\0\0\x2a\x0a\0\0\xf3\0\0\0\x80\x98\0\0\x34\x0a\0\0\xf5\0\0\0\0\x99\0\0\
\x3b\x0a\0\0\x02\0\0\0\x40\x99\0\0\x46\x0a\0\0\x02\0\0\0\x60\x99\0\0\x57\x0a\0\
\0\x27\0\0\0\x80\x99\0\0\x69\x0a\0\0\x0c\0\0\0\xc0\x99\0\0\x78\x0a\0\0\x0c\0\0\
\0\0\x9a\0\0\x8f\x0a\0\0\x0a\0\0\0\x40\x9a\0\0\x9b\x0a\0\0\x02\0\0\0\x60\x9a\0\
\0\xaa\x0a\0\0\x02\0\0\0\x80\x9a\0\0\xb9\x0a\0\0\xf6\0\0\0\xc0\x9a\0\0\xc3\x0a\
\0\0\x0e\0\0\0\0\x9b\0\0\xd4\x0a\0\0\x0e\0\0\0\x40\x9b\0\0\xe5\x0a\0\0\x2b\0\0\
\0\x80\x9b\0\0\xf3\x0a\0\0\x2b\0\0\0\xa0\x9b\0\0\x07\x0b\0\0\x27\0\0\0\xc0\x9b\
\0\0\x17\x0b\0\0\x0a\0\0\0\0\x9c\0\0\x30\x0b\0\0\xf7\0\0\0\x40\x9c\0\0\x3d\x0b\
\0\0\xf8\0\0\0\x80\x9c\0\0\x43\x0b\0\0\xf9\0\0\0\xc0\x9c\0\0\x51\x0b\0\0\xfa\0\
\0\0\0\x9d\0\0\x57\x0b\0\0\xfb\0\0\0\x40\x9d\0\0\x61\x0b\0\0\xa3\0\0\0\x40\x9d\
\0\0\x65\x0b\0\0\x29\0\0\0\xc0\x9d\0\0\x6f\x0b\0\0\x02\0\0\0\xe0\x9d\0\0\x82\
\x0b\0\0\x24\0\0\0\0\x9e\0\0\x92\x0b\0\0\xfc\0\0\0\x40\x9e\0\0\xa3\x0b\0\0\0\
\x01\0\0\x80\x9f\0\0\xb1\x0b\0\0\x29\0\0\0\xc0\x9f\0\0\xc0\x0b\0\0\x01\x01\0\0\
\0\xa0\0\0\xcc\x0b\0\0\x02\x01\0\0\x40\xa0\0\0\xd4\x0b\0\0\x03\x01\0\0\x80\xa0\
\0\0\xe4\x0b\0\0\x05\x01\0\0\xc0\xa0\0\0\xee\x0b\0\0\x0d\0\0\0\0\xa1\0\0\xf9\
\x0b\0\0\x0c\0\0\0\x40\xa1\0\0\x02\x0c\0\0\x0d\0\0\0\x80\xa1\0\x01\x0b\x0c\0\0\
\x0d\0\0\0\x81\xa1\0\x01\x1a\x0c\0\0\x0d\0\0\0\x82\xa1\0\x3e\x29\x0c\0\0\xa3\0\
\0\0\xc0\xa1\0\0\x35\x0c\0\0\x02\0\0\0\x40\xa2\0\0\x3f\x0c\0\0\x06\x01\0\0\x80\
\xa2\0\0\x53\x0c\0\0\x06\x01\0\0\xc0\xa2\0\0\x5c\x0c\0\0\xa3\0\0\0\0\xa3\0\0\
\x6b\x0c\0\0\x07\x01\0\0\0\xa4\0\0\xf2\0\0\0\x04\0\0\x04\x18\0\0\0\x1e\x01\0\0\
\x27\0\0\0\0\0\0\0\x72\x0c\0\0\x27\0\0\0\x40\0\0\0\x7f\x0c\0\0\x08\0\0\0\x80\0\
\0\0\x86\x0c\0\0\x08\0\0\0\xa0\0\0\0\x8a\x0c\0\0\0\0\0\x01\x08\0\0\0\x40\0\0\0\
\0\0\0\0\0\0\0\x02\0\0\0\0\x98\x0c\0\0\0\0\0\x08\x2a\0\0\0\xa3\x0c\0\0\x01\0\0\
\x04\x04\0\0\0\xb3\x0c\0\0\x2b\0\0\0\0\0\0\0\xb8\x0c\0\0\0\0\0\x08\x2c\0\0\0\0\
\0\0\0\x01\0\0\x04\x04\0\0\0\xc1\x0c\0\0\x02\0\0\0\0\0\0\0\xc9\x0c\0\0\x04\0\0\
\x04\x10\0\0\0\xdc\x0c\0\0\x2e\0\0\0\0\0\0\0\0\0\0\0\x30\0\0\0\x40\0\0\0\xe2\
\x0c\0\0\x31\0\0\0\x60\0\0\0\xe6\x0c\0\0\x31\0\0\0\x70\0\0\0\xea\x0c\0\0\x01\0\
\0\x04\x08\0\0\0\xf5\x0c\0\0\x2f\0\0\0\0\0\0\0\0\0\0\0\0\0\0\x02\x2e\0\0\0\0\0\
\0\0\x02\0\0\x05\x04\0\0\0\xfa\x0c\0\0\x0a\0\0\0\0\0\0\0\x02\x0d\0\0\x2b\0\0\0\
\0\0\0\0\x0a\x0d\0\0\0\0\0\x08\x32\0\0\0\x0e\x0d\0\0\0\0\0\x08\x33\0\0\0\x14\
\x0d\0\0\0\0\0\x01\x02\0\0\0\x10\0\0\0\x23\x0d\0\0\x17\0\0\x04\0\x01\0\0\x30\
\x0d\0\0\x35\0\0\0\0\0\0\0\x35\x0d\0\0\x36\0\0\0\x80\0\0\0\x3e\x0d\0\0\x0c\0\0\
\0\x40\x01\0\0\x68\0\0\0\x0c\0\0\0\x80\x01\0\0\x47\x0d\0\0\x0c\0\0\0\xc0\x01\0\
\0\x51\x0d\0\0\x38\0\0\0\0\x02\0\0\x81\x01\0\0\x3a\0\0\0\x80\x02\0\0\x5c\x0d\0\
\0\x3a\0\0\0\x88\x02\0\0\x6a\x0d\0\0\x3a\0\0\0\x90\x02\0\0\x77\x0d\0\0\x3a\0\0\
\0\x98\x02\0\0\x84\x0d\0\0\x0c\0\0\0\xc0\x02\0\0\x8f\x0d\0\0\x0c\0\0\0\0\x03\0\
\0\xa0\x0d\0\0\x0c\0\0\0\x40\x03\0\0\xaf\0\0\0\x0c\0\0\0\x80\x03\0\0\xb6\x0d\0\
\0\x3b\0\0\0\xc0\x03\0\0\xbb\x0d\0\0\x0c\0\0\0\0\x04\0\0\xc1\x0d\0\0\x0c\0\0\0\
\x40\x04\0\0\xcf\x0d\0\0\x02\0\0\0\x80\x04\0\0\x9b\x05\0\0\x3e\0\0\0\xc0\x04\0\
\0\xd5\x0d\0\0\x3f\0\0\0\0\x05\0\0\xdc\x0d\0\0\x3f\0\0\0\x40\x05\0\0\xe1\x0d\0\
\0\x27\0\0\0\x80\x05\0\0\xf1\x0d\0\0\x40\0\0\0\0\x06\0\0\xf5\x0d\0\0\x02\0\0\
\x04\x10\0\0\0\xb8\0\0\0\x27\0\0\0\0\0\0\0\x01\x0e\0\0\x08\0\0\0\x40\0\0\0\x0c\
\x0e\0\0\x03\0\0\x04\x18\0\0\0\x14\x0e\0\0\x27\0\0\0\0\0\0\0\x26\x0e\0\0\x37\0\
\0\0\x40\0\0\0\x2f\x0e\0\0\x37\0\0\0\x80\0\0\0\0\0\0\0\0\0\0\x02\x36\0\0\0\x37\
\x0e\0\0\x02\0\0\x04\x10\0\0\0\xf5\x0c\0\0\x39\0\0\0\0\0\0\0\x41\x0e\0\0\x39\0\
\0\0\x40\0\0\0\0\0\0\0\0\0\0\x02\x38\0\0\0\x46\x0e\0\0\0\0\0\x01\x01\0\0\0\x08\
\0\0\0\x54\x0e\0\0\0\0\0\x08\x3c\0\0\0\x58\x0e\0\0\0\0\0\x08\x3d\0\0\0\x5e\x0e\
\0\0\0\0\0\x01\x08\0\0\0\x40\0\0\x01\0\0\0\0\0\0\0\x02\x34\0\0\0\0\0\0\0\0\0\0\
\x02\x56\x02\0\0\x68\x0e\0\0\x09\0\0\x04\x40\0\0\0\x72\x0e\0\0\x0c\0\0\0\0\0\0\
\0\x83\x0e\0\0\x0c\0\0\0\x40\0\0\0\x8c\x0e\0\0\x0c\0\0\0\x80\0\0\0\x99\x0e\0\0\
\x08\0\0\0\xc0\0\0\0\xa2\x0e\0\0\x08\0\0\0\xe0\0\0\0\xb1\x0e\0\0\x27\0\0\0\0\
\x01\0\0\xba\x0e\0\0\x27\0\0\0\x40\x01\0\0\xc7\x0e\0\0\x27\0\0\0\x80\x01\0\0\
\xd0\x0e\0\0\x0a\0\0\0\xc0\x01\0\0\xd9\x0e\0\0\x07\0\0\x04\x30\0\0\0\xe9\x0e\0\
\0\x38\0\0\0\0\0\0\0\xf2\x0e\0\0\x27\0\0\0\x80\0\0\0\xfa\x0e\0\0\x27\0\0\0\xc0\
\0\0\0\x09\x0f\0\0\x0a\0\0\0\0\x01\0\0\x81\x01\0\0\x33\0\0\0\x20\x01\0\0\x14\
\x0f\0\0\x33\0\0\0\x30\x01\0\0\x1c\x0f\0\0\x42\0\0\0\x40\x01\0\0\0\0\0\0\0\0\0\
\x02\x41\0\0\0\x21\x0f\0\0\x18\0\0\x84\xf8\0\0\0\x0c\x0e\0\0\x36\0\0\0\0\0\0\0\
\x31\x0f\0\0\x0c\0\0\0\xc0\0\0\0\x3c\x0f\0\0\x0c\0\0\0\0\x01\0\0\x48\x0f\0\0\
\x0c\0\0\0\x40\x01\0\0\x52\x0f\0\0\x0c\0\0\0\x80\x01\0\0\x58\x0f\0\0\x0c\0\0\0\
\xc0\x01\0\0\x63\x0f\0\0\x3b\0\0\0\0\x02\0\0\x3e\x0d\0\0\x0c\0\0\0\x40\x02\0\0\
\x1e\x01\0\0\x0a\0\0\0\x80\x02\0\0\x6b\x0f\0\0\x0a\0\0\0\xa0\x02\0\x01\x78\x0f\
\0\0\x0a\0\0\0\xa1\x02\0\x01\x83\x0f\0\0\x0a\0\0\0\xa2\x02\0\x01\x95\x0f\0\0\
\x0a\0\0\0\xa3\x02\0\x01\xb9\x01\0\0\x0a\0\0\0\xa4\x02\0\x01\xa0\x0f\0\0\x0a\0\
\0\0\xa5\x02\0\x01\xb1\x0f\0\0\x0a\0\0\0\xa6\x02\0\x01\xba\x0f\0\0\x0a\0\0\0\
\xa7\x02\0\x01\xc9\x0f\0\0\x0a\0\0\0\xa8\x02\0\x01\xda\x0f\0\0\x44\0\0\0\xc0\
\x02\0\0\xe3\x0f\0\0\x44\0\0\0\xc0\x04\0\0\xf2\x0f\0\0\x4e\0\0\0\xc0\x06\0\0\
\xf5\x0f\0\0\x4f\0\0\0\0\x07\0\0\x06\x10\0\0\x55\0\0\0\x40\x07\0\0\x17\x10\0\0\
\x54\0\0\0\x80\x07\0\0\x1d\x10\0\0\x08\0\0\x04\x40\0\0\0\x25\x10\0\0\x45\0\0\0\
\0\0\0\0\x2a\x10\0\0\x46\0\0\0\0\x01\0\0\x37\x10\0\0\x47\0\0\0\x40\x01\0\0\x40\
\x10\0\0\x4b\0\0\0\x80\x01\0\0\x45\x10\0\0\x4c\0\0\0\xc0\x01\0\0\x4b\x10\0\0\
\x4c\0\0\0\xc8\x01\0\0\x52\x10\0\0\x4c\0\0\0\xd0\x01\0\0\x5a\x10\0\0\x4c\0\0\0\
\xd8\x01\0\0\x62\x10\0\0\x02\0\0\x04\x20\0\0\0\x25\x10\0\0\x36\0\0\0\0\0\0\0\
\x72\x10\0\0\x46\0\0\0\xc0\0\0\0\x7a\x10\0\0\0\0\0\x08\x3b\0\0\0\0\0\0\0\0\0\0\
\x02\x48\0\0\0\0\0\0\0\x01\0\0\x0d\x49\0\0\0\0\0\0\0\x4a\0\0\0\x82\x10\0\0\x02\
\0\0\x06\x04\0\0\0\x92\x10\0\0\0\0\0\0\xa4\x10\0\0\x01\0\0\0\0\0\0\0\0\0\0\x02\
\x44\0\0\0\0\0\0\0\0\0\0\x02\x59\x02\0\0\xb4\x10\0\0\0\0\0\x08\x4d\0\0\0\xb7\
\x10\0\0\0\0\0\x08\x3a\0\0\0\0\0\0\0\0\0\0\x02\x57\x02\0\0\xbc\x10\0\0\0\0\0\
\x08\x50\0\0\0\0\0\0\0\0\0\0\x02\x51\0\0\0\0\0\0\0\x01\0\0\x0d\x52\0\0\0\0\0\0\
\0\x54\0\0\0\xd2\x10\0\0\0\0\0\x08\x53\0\0\0\xd7\x10\0\0\0\0\0\x01\x01\0\0\0\
\x08\0\0\x04\0\0\0\0\0\0\0\x02\x43\0\0\0\xdd\x10\0\0\0\0\0\x08\x56\0\0\0\0\0\0\
\0\0\0\0\x02\x57\0\0\0\0\0\0\0\x01\0\0\x0d\x24\0\0\0\0\0\0\0\x54\0\0\0\xee\x10\
\0\0\x17\0\0\x04\xd0\0\0\0\xff\x10\0\0\x59\0\0\0\0\0\0\0\x03\x11\0\0\x5a\0\0\0\
\x40\0\0\0\x0c\x11\0\0\x36\0\0\0\0\x01\0\0\x15\x11\0\0\x08\0\0\0\xc0\x01\0\0\
\x1d\x11\0\0\x08\0\0\0\xe0\x01\0\0\x1e\x01\0\0\x08\0\0\0\0\x02\0\0\xb8\0\0\0\
\x08\0\0\0\x20\x02\0\0\x27\x11\0\0\x5b\0\0\0\x40\x02\0\0\x32\x11\0\0\x5b\0\0\0\
\x60\x02\0\0\x3e\x11\0\0\x5b\0\0\0\x80\x02\0\0\x4b\x11\0\0\x08\0\0\0\xa0\x02\0\
\0\x53\x11\0\0\x5d\0\0\0\xc0\x02\0\0\x5c\x11\0\0\x5e\0\0\0\x40\x03\0\0\x66\x11\
\0\0\x38\0\0\0\x80\x03\0\0\x74\x11\0\0\x27\0\0\0\0\x04\0\0\x80\x11\0\0\x0c\0\0\
\0\x40\x04\0\0\x8e\x11\0\0\x0c\0\0\0\x80\x04\0\0\x9a\x11\0\0\x0c\0\0\0\xc0\x04\
\0\0\xbb\x0d\0\0\x0c\0\0\0\0\x05\0\0\xa9\x11\0\0\x0c\0\0\0\x40\x05\0\0\xb3\x11\
\0\0\x52\0\0\0\x80\x05\0\0\xbc\x11\0\0\x61\0\0\0\xc0\x05\0\0\xcd\x11\0\0\x38\0\
\0\0\0\x06\0\0\0\0\0\0\0\0\0\x02\x55\x02\0\0\xd8\x11\0\0\x03\0\0\x04\x18\0\0\0\
\x25\x10\0\0\x38\0\0\0\0\0\0\0\x1e\x01\0\0\x08\0\0\0\x80\0\0\0\xea\x11\0\0\x08\
\0\0\0\xa0\0\0\0\xef\x11\0\0\0\0\0\x08\x5c\0\0\0\xf3\x11\0\0\0\0\0\x08\x02\0\0\
\0\0\0\0\0\0\0\0\x03\0\0\0\0\x24\0\0\0\x04\0\0\0\x02\0\0\0\xf9\x11\0\0\0\0\0\
\x08\x5f\0\0\0\x07\x12\0\0\0\0\0\x08\x60\0\0\0\0\0\0\0\x01\0\0\x04\x08\0\0\0\
\xc1\x0c\0\0\x3b\0\0\0\0\0\0\0\0\0\0\0\0\0\0\x02\xdc\x01\0\0\0\0\0\0\0\0\0\x02\
\x63\0\0\0\0\0\0\0\0\0\0\x0a\x8e\x02\0\0\0\0\0\0\0\0\0\x02\x8d\x02\0\0\x12\x12\
\0\0\x04\0\0\x84\x04\0\0\0\x62\0\0\0\x0a\0\0\0\0\0\0\x0b\x1c\x12\0\0\x0a\0\0\0\
\x0b\0\0\x03\x26\x12\0\0\x0a\0\0\0\x0e\0\0\x01\x2d\x12\0\0\x0a\0\0\0\x0f\0\0\
\x01\0\0\0\0\0\0\0\x03\0\0\0\0\x65\0\0\0\x04\0\0\0\x02\0\0\0\x3a\x12\0\0\0\0\0\
\x04\0\0\0\0\0\0\0\0\0\0\0\x02\x69\0\0\0\0\0\0\0\0\0\0\x0a\x6a\0\0\0\x4b\x12\0\
\0\0\0\0\x08\x6c\0\0\0\0\0\0\0\0\0\0\x02\x6a\0\0\0\x55\x12\0\0\x01\0\0\x04\0\
\x04\0\0\x5d\x12\0\0\x6d\0\0\0\0\0\0\0\0\0\0\0\0\0\0\x03\0\0\0\0\x27\0\0\0\x04\
\0\0\0\x80\0\0\0\x62\x12\0\0\x02\0\0\x05\x04\0\0\0\x6e\x12\0\0\x6f\0\0\0\0\0\0\
\0\x70\x12\0\0\x08\0\0\0\0\0\0\0\0\0\0\0\x04\0\0\x04\x04\0\0\0\x59\x07\0\0\x4c\
\0\0\0\0\0\0\0\x72\x12\0\0\x4c\0\0\0\x08\0\0\0\x7a\x12\0\0\x4c\0\0\0\x10\0\0\0\
\x83\x12\0\0\x4c\0\0\0\x18\0\0\0\0\0\0\0\0\0\0\x02\x8f\x02\0\0\xdf\x03\0\0\x04\
\0\0\x04\x20\0\0\0\x8b\x12\0\0\x27\0\0\0\0\0\0\0\x92\x12\0\0\x0e\0\0\0\x40\0\0\
\0\x9c\x12\0\0\x0e\0\0\0\x80\0\0\0\xa9\x12\0\0\x0e\0\0\0\xc0\0\0\0\xb5\x12\0\0\
\x03\0\0\x04\x28\0\0\0\x87\x01\0\0\x02\0\0\0\0\0\0\0\xc0\x12\0\0\x38\0\0\0\x40\
\0\0\0\xca\x12\0\0\x38\0\0\0\xc0\0\0\0\0\0\0\0\0\0\0\x02\x5a\x02\0\0\0\0\0\0\0\
\0\0\x02\x5b\x02\0\0\x78\x05\0\0\x03\0\0\x04\x38\0\0\0\xd4\x12\0\0\x27\0\0\0\0\
\0\0\0\xde\x12\0\0\x76\0\0\0\x40\0\0\0\0\0\0\0\x7a\0\0\0\x80\0\0\0\0\0\0\0\0\0\
\0\x02\x77\0\0\0\0\0\0\0\x01\0\0\x0d\x78\0\0\0\0\0\0\0\x79\0\0\0\xe1\x12\0\0\0\
\0\0\x01\x08\0\0\0\x40\0\0\x01\0\0\0\0\0\0\0\x02\x75\0\0\0\0\0\0\0\x03\0\0\x05\
\x28\0\0\0\xe6\x12\0\0\x7b\0\0\0\0\0\0\0\xec\x12\0\0\x7e\0\0\0\0\0\0\0\xf6\x12\
\0\0\x85\0\0\0\0\0\0\0\0\0\0\0\x06\0\0\x04\x28\0\0\0\xfb\x12\0\0\x7d\0\0\0\0\0\
\0\0\x01\x13\0\0\x08\0\0\0\x40\0\0\0\x1e\x01\0\0\x08\0\0\0\x60\0\0\0\x05\x13\0\
\0\x08\0\0\0\x80\0\0\0\x0c\x13\0\0\x0c\0\0\0\xc0\0\0\0\x11\x13\0\0\x7d\0\0\0\0\
\x01\0\0\x18\x13\0\0\0\0\0\x12\x08\0\0\0\0\0\0\0\0\0\0\x02\x7c\0\0\0\0\0\0\0\
\x04\0\0\x04\x18\0\0\0\x1d\x13\0\0\x7f\0\0\0\0\0\0\0\x4d\0\0\0\x81\0\0\0\x20\0\
\0\0\0\0\0\0\x82\0\0\0\x40\0\0\0\x72\x10\0\0\x0c\0\0\0\x80\0\0\0\x25\x13\0\0\0\
\0\0\x08\x80\0\0\0\x2f\x13\0\0\0\0\0\x08\x02\0\0\0\x42\x13\0\0\x03\0\0\x06\x04\
\0\0\0\x50\x13\0\0\0\0\0\0\x58\x13\0\0\x01\0\0\0\x62\x13\0\0\x02\0\0\0\0\0\0\0\
\x02\0\0\x05\x08\0\0\0\x6c\x13\0\0\x83\0\0\0\0\0\0\0\x71\x13\0\0\x84\0\0\0\0\0\
\0\0\0\0\0\0\0\0\0\x02\x91\x02\0\0\0\0\0\0\0\0\0\x02\x93\x02\0\0\0\0\0\0\x05\0\
\0\x04\x20\0\0\0\x7d\x13\0\0\x86\0\0\0\0\0\0\0\x82\x13\0\0\x02\0\0\0\x40\0\0\0\
\x87\x13\0\0\x02\0\0\0\x60\0\0\0\x93\x13\0\0\x27\0\0\0\x80\0\0\0\x9a\x13\0\0\
\x27\0\0\0\xc0\0\0\0\0\0\0\0\0\0\0\x02\x95\x02\0\0\0\0\0\0\0\0\0\x02\x54\x02\0\
\0\0\0\0\0\0\0\0\x02\x82\x02\0\0\xa2\x13\0\0\x02\0\0\x04\x10\0\0\0\xf5\x0c\0\0\
\x8a\0\0\0\0\0\0\0\xad\x13\0\0\x8b\0\0\0\x40\0\0\0\0\0\0\0\0\0\0\x02\x89\0\0\0\
\0\0\0\0\0\0\0\x02\x8a\0\0\0\0\0\0\0\0\0\0\x03\0\0\0\0\x89\0\0\0\x04\0\0\0\x04\
\0\0\0\0\0\0\0\0\0\0\x02\x5e\x02\0\0\x18\x13\0\0\0\0\0\x12\x02\0\0\0\0\0\0\0\0\
\0\0\x02\x8e\0\0\0\x40\x06\0\0\x03\0\0\x04\x18\0\0\0\x2e\x06\0\0\x0c\0\0\0\0\0\
\0\0\x34\x06\0\0\x0c\0\0\0\x40\0\0\0\xb3\x13\0\0\x91\0\0\0\x80\0\0\0\xb8\x13\0\
\0\0\0\0\x08\x92\0\0\0\xc7\x13\0\0\x01\0\0\x04\x04\0\0\0\xd4\x13\0\0\x93\0\0\0\
\0\0\0\0\xdd\x13\0\0\0\0\0\x08\x94\0\0\0\xed\x13\0\0\x01\0\0\x04\x04\0\0\0\0\0\
\0\0\x95\0\0\0\0\0\0\0\0\0\0\0\x03\0\0\x05\x04\0\0\0\x01\x13\0\0\x2b\0\0\0\0\0\
\0\0\0\0\0\0\x96\0\0\0\0\0\0\0\0\0\0\0\x97\0\0\0\0\0\0\0\0\0\0\0\x02\0\0\x04\
\x02\0\0\0\xf7\x13\0\0\x4c\0\0\0\0\0\0\0\x7c\x07\0\0\x4c\0\0\0\x08\0\0\0\0\0\0\
\0\x02\0\0\x04\x04\0\0\0\xfe\x13\0\0\x31\0\0\0\0\0\0\0\x0d\x14\0\0\x31\0\0\0\
\x10\0\0\0\x4d\x06\0\0\x07\0\0\x04\x30\0\0\0\x12\x14\0\0\x99\0\0\0\0\0\0\0\x1b\
\x14\0\0\x0e\0\0\0\x40\0\0\0\x45\x10\0\0\x9b\0\0\0\x80\0\0\0\x86\x0c\0\0\x0a\0\
\0\0\xa0\0\0\0\x2e\x06\0\0\x0c\0\0\0\xc0\0\0\0\x34\x06\0\0\x0c\0\0\0\0\x01\0\0\
\x3a\x06\0\0\x0c\0\0\0\x40\x01\0\0\x25\x14\0\0\0\0\0\x08\x9a\0\0\0\x12\x14\0\0\
\x01\0\0\x04\x04\0\0\0\x30\x14\0\0\x0a\0\0\0\0\0\0\0\x39\x14\0\0\x05\0\0\x06\
\x04\0\0\0\x45\x14\0\0\0\0\0\0\x54\x14\0\0\x01\0\0\0\x5f\x14\0\0\x02\0\0\0\x69\
\x14\0\0\x03\0\0\0\x74\x14\0\0\x04\0\0\0\x98\x06\0\0\x03\0\0\x04\x50\0\0\0\x80\
\x14\0\0\xa1\0\0\0\0\0\0\0\x86\x14\0\0\x0a\0\0\0\x40\x02\0\0\x94\x14\0\0\x0a\0\
\0\0\x60\x02\0\0\xa2\x14\0\0\x02\0\0\x04\x18\0\0\0\xb6\x14\0\0\x0c\0\0\0\0\0\0\
\0\xbe\x14\0\0\x9e\0\0\0\x40\0\0\0\xc5\x14\0\0\x01\0\0\x04\x10\0\0\0\xd5\x14\0\
\0\x9f\0\0\0\0\0\0\0\xdd\x14\0\0\x02\0\0\x04\x10\0\0\0\xd5\x14\0\0\xa0\0\0\0\0\
\0\0\0\xec\x14\0\0\x37\0\0\0\x40\0\0\0\xd5\x14\0\0\x01\0\0\x04\x08\0\0\0\x0c\
\x0e\0\0\x37\0\0\0\0\0\0\0\0\0\0\0\0\0\0\x03\0\0\0\0\x9d\0\0\0\x04\0\0\0\x03\0\
\0\0\xa8\x06\0\0\x03\0\0\x04\x38\0\0\0\xf8\x14\0\0\xa3\0\0\0\0\0\0\0\xfd\x14\0\
\0\xa7\0\0\0\x80\0\0\0\x03\x15\0\0\x0a\0\0\0\x80\x01\0\0\x0d\x15\0\0\x02\0\0\
\x04\x10\0\0\0\xf5\x0c\0\0\xa4\0\0\0\0\0\0\0\x1b\x15\0\0\xa5\0\0\0\x40\0\0\0\0\
\0\0\0\0\0\0\x02\xa3\0\0\0\0\0\0\0\0\0\0\x02\xa6\0\0\0\0\0\0\0\x01\0\0\x0d\0\0\
\0\0\0\0\0\0\xa4\0\0\0\xfd\x14\0\0\x04\0\0\x04\x20\0\0\0\x20\x15\0\0\x5e\0\0\0\
\0\0\0\0\x26\x15\0\0\x91\0\0\0\x40\0\0\0\x30\x15\0\0\xa8\0\0\0\x60\0\0\0\x34\
\x15\0\0\x38\0\0\0\x80\0\0\0\x3e\x15\0\0\x01\0\0\x04\x04\0\0\0\x0d\x14\0\0\x2b\
\0\0\0\0\0\0\0\x61\x0b\0\0\0\0\0\x12\xab\0\0\0\0\0\0\0\0\0\0\x02\xa9\0\0\0\0\0\
\0\0\0\0\0\x0a\xac\0\0\0\xd4\x06\0\0\x19\0\0\x04\xb0\0\0\0\x18\x01\0\0\x5e\0\0\
\0\0\0\0\0\x54\x15\0\0\xad\0\0\0\x40\0\0\0\x58\x15\0\0\xb1\0\0\0\x60\0\0\0\x5c\
\x15\0\0\xad\0\0\0\x80\0\0\0\x61\x15\0\0\xb1\0\0\0\xa0\0\0\0\x66\x15\0\0\xad\0\
\0\0\xc0\0\0\0\x6b\x15\0\0\xb1\0\0\0\xe0\0\0\0\x70\x15\0\0\xad\0\0\0\0\x01\0\0\
\x76\x15\0\0\xb1\0\0\0\x20\x01\0\0\x7c\x15\0\0\x0a\0\0\0\x40\x01\0\0\x87\x15\0\
\0\xb5\0\0\0\x80\x01\0\0\x97\x15\0\0\xb5\0\0\0\xc0\x01\0\0\xa5\x15\0\0\xb5\0\0\
\0\0\x02\0\0\xb3\x15\0\0\xb5\0\0\0\x40\x02\0\0\xbc\x15\0\0\xb5\0\0\0\x80\x02\0\
\0\xc8\x15\0\0\x3a\0\0\0\xc0\x02\0\0\xd4\x15\0\0\xb7\0\0\0\0\x03\0\0\xe4\x15\0\
\0\xb7\0\0\0\x40\x03\0\0\xf4\x15\0\0\xb7\0\0\0\x80\x03\0\0\x03\x16\0\0\xb7\0\0\
\0\xc0\x03\0\0\x18\x13\0\0\xb8\0\0\0\0\x04\0\0\x14\x16\0\0\xb9\0\0\0\x40\x04\0\
\0\x1c\x16\0\0\xba\0\0\0\x80\x04\0\0\x24\x16\0\0\xbb\0\0\0\xc0\x04\0\0\0\0\0\0\
\xbc\0\0\0\0\x05\0\0\x2f\x16\0\0\0\0\0\x08\xae\0\0\0\0\0\0\0\x01\0\0\x04\x04\0\
\0\0\x01\x13\0\0\xaf\0\0\0\0\0\0\0\x36\x16\0\0\0\0\0\x08\xb0\0\0\0\x3c\x16\0\0\
\0\0\0\x08\x0a\0\0\0\x4d\x16\0\0\0\0\0\x08\xb2\0\0\0\0\0\0\0\x01\0\0\x04\x04\0\
\0\0\x01\x13\0\0\xb3\0\0\0\0\0\0\0\x54\x16\0\0\0\0\0\x08\xb4\0\0\0\x5a\x16\0\0\
\0\0\0\x08\x0a\0\0\0\x6b\x16\0\0\0\0\0\x08\xb6\0\0\0\0\0\0\0\x01\0\0\x04\x08\0\
\0\0\x01\x13\0\0\x0c\0\0\0\0\0\0\0\0\0\0\0\0\0\0\x02\x7a\x02\0\0\0\0\0\0\0\0\0\
\x02\x62\x02\0\0\0\0\0\0\0\0\0\x02\x5f\x02\0\0\0\0\0\0\0\0\0\x02\x61\x02\0\0\0\
\0\0\0\0\0\0\x02\x7b\x02\0\0\0\0\0\0\x02\0\0\x05\x10\0\0\0\x78\x16\0\0\x02\0\0\
\0\0\0\0\0\x61\x0b\0\0\xa3\0\0\0\0\0\0\0\x80\x16\0\0\0\0\0\x01\x01\0\0\0\x08\0\
\0\x01\0\0\0\0\0\0\0\x03\0\0\0\0\xbd\0\0\0\x04\0\0\0\x10\0\0\0\0\0\0\0\0\0\0\
\x02\x96\x02\0\0\x85\x16\0\0\x01\0\0\x04\x08\0\0\0\x8e\x16\0\0\xc1\0\0\0\0\0\0\
\0\0\0\0\0\0\0\0\x02\x97\x02\0\0\x98\x16\0\0\x01\0\0\x04\x10\0\0\0\xa1\x16\0\0\
\x38\0\0\0\0\0\0\0\0\0\0\0\0\0\0\x02\x79\x02\0\0\0\0\0\0\0\0\0\x02\x98\x02\0\0\
\0\0\0\0\0\0\0\x02\x99\x02\0\0\0\0\0\0\0\0\0\x02\x60\x02\0\0\0\0\0\0\0\0\0\x02\
\x9b\x02\0\0\0\0\0\0\0\0\0\x02\x9d\x02\0\0\xab\x16\0\0\0\0\0\x08\xca\0\0\0\0\0\
\0\0\x01\0\0\x04\x08\0\0\0\xb4\x16\0\0\xcb\0\0\0\0\0\0\0\0\0\0\0\0\0\0\x03\0\0\
\0\0\x27\0\0\0\x04\0\0\0\x01\0\0\0\xb8\x16\0\0\x02\0\0\x04\x18\0\0\0\xc3\x16\0\
\0\x38\0\0\0\0\0\0\0\x4a\x07\0\0\xc9\0\0\0\x80\0\0\0\xc8\x16\0\0\0\0\0\x08\xce\
\0\0\0\xcf\x16\0\0\0\0\0\x08\xcf\0\0\0\xdf\x16\0\0\0\0\0\x08\x27\0\0\0\xb2\x07\
\0\0\x03\0\0\x04\x10\0\0\0\xf0\x16\0\0\x02\0\0\0\0\0\0\0\xf5\x16\0\0\x2b\0\0\0\
\x20\0\0\0\x02\x17\0\0\xd1\0\0\0\x40\0\0\0\0\0\0\0\0\0\0\x02\x9e\x02\0\0\x09\
\x17\0\0\x04\0\0\x04\x20\0\0\0\x1f\x17\0\0\xd4\0\0\0\0\0\0\0\x28\x17\0\0\x27\0\
\0\0\x40\0\0\0\x2f\x17\0\0\x27\0\0\0\x80\0\0\0\x33\x17\0\0\x52\0\0\0\xc0\0\0\0\
\x18\x13\0\0\0\0\0\x12\xbd\0\0\0\0\0\0\0\0\0\0\x02\xd3\0\0\0\x3f\x17\0\0\0\0\0\
\x08\xd6\0\0\0\x4a\x17\0\0\x01\0\0\x04\x04\0\0\0\0\0\0\0\xd7\0\0\0\0\0\0\0\0\0\
\0\0\x01\0\0\x05\x04\0\0\0\x53\x17\0\0\x92\0\0\0\0\0\0\0\x59\x17\0\0\x01\0\0\
\x04\x08\0\0\0\xf5\x0c\0\0\xd9\0\0\0\0\0\0\0\0\0\0\0\0\0\0\x02\xd8\0\0\0\0\0\0\
\0\0\0\0\x02\x9f\x02\0\0\0\0\0\0\0\0\0\x02\x53\x02\0\0\0\0\0\0\0\0\0\x02\x9a\
\x02\0\0\0\0\0\0\0\0\0\x02\xa0\x02\0\0\0\0\0\0\0\0\0\x02\x83\x02\0\0\0\0\0\0\0\
\0\0\x02\xa1\x02\0\0\0\0\0\0\0\0\0\x02\xe1\0\0\0\x65\x17\0\0\0\0\0\x08\x8c\x02\
\0\0\x76\x17\0\0\x07\0\0\x04\x38\0\0\0\x89\x17\0\0\x0c\0\0\0\0\0\0\0\x8f\x17\0\
\0\x0c\0\0\0\x40\0\0\0\x95\x17\0\0\x0c\0\0\0\x80\0\0\0\x9b\x17\0\0\x0c\0\0\0\
\xc0\0\0\0\xa1\x17\0\0\x0c\0\0\0\0\x01\0\0\xac\x17\0\0\x0c\0\0\0\x40\x01\0\0\
\xb8\x17\0\0\x0c\0\0\0\x80\x01\0\0\xce\x17\0\0\0\0\0\x08\xe4\0\0\0\0\0\0\0\x01\
\0\0\x04\x80\0\0\0\x5d\x12\0\0\xe5\0\0\0\0\0\0\0\0\0\0\0\0\0\0\x03\0\0\0\0\x27\
\0\0\0\x04\0\0\0\x10\0\0\0\xd9\x17\0\0\0\0\0\x08\xe7\0\0\0\xed\x17\0\0\x01\0\0\
\x04\x04\0\0\0\x12\x14\0\0\x99\0\0\0\0\0\0\0\0\0\0\0\0\0\0\x02\x65\x02\0\0\0\0\
\0\0\0\0\0\x02\xa3\x02\0\0\0\0\0\0\0\0\0\x02\xa4\x02\0\0\0\0\0\0\0\0\0\x03\0\0\
\0\0\x4c\0\0\0\x04\0\0\0\x04\0\0\0\0\0\0\0\0\0\0\x02\x7d\x02\0\0\0\0\0\0\0\0\0\
\x02\x5d\x02\0\0\xff\x17\0\0\0\0\0\x01\x02\0\0\0\x10\0\0\x01\0\0\0\0\0\0\0\x02\
\xa6\x02\0\0\x05\x18\0\0\x03\0\0\x04\x08\x04\0\0\x1a\x18\0\0\xf1\0\0\0\0\0\0\0\
\x1f\x18\0\0\x52\0\0\0\0\x20\0\0\x2e\x18\0\0\x52\0\0\0\x08\x20\0\0\x37\x18\0\0\
\x01\0\0\x04\0\x04\0\0\x55\x12\0\0\x6c\0\0\0\0\0\0\0\0\0\0\0\0\0\0\x02\x80\x02\
\0\0\x51\x18\0\0\x03\0\0\x04\x10\0\0\0\x5b\x18\0\0\xf4\0\0\0\0\0\0\0\x28\x17\0\
\0\x09\0\0\0\x40\0\0\0\x60\x18\0\0\x09\0\0\0\x60\0\0\0\0\0\0\0\0\0\0\x02\x5c\
\x02\0\0\0\0\0\0\0\0\0\x02\xa7\x02\0\0\0\0\0\0\0\0\0\x02\x27\0\0\0\0\0\0\0\0\0\
\0\x02\x70\x02\0\0\0\0\0\0\0\0\0\x02\x6e\x02\0\0\0\0\0\0\0\0\0\x02\x52\x02\0\0\
\0\0\0\0\0\0\0\x02\xa8\x02\0\0\x57\x0b\0\0\0\0\0\x04\0\0\0\0\x65\x18\0\0\x04\0\
\0\x04\x28\0\0\0\x70\x18\0\0\x89\0\0\0\0\0\0\0\x72\x10\0\0\x27\0\0\0\x80\0\0\0\
\x37\x10\0\0\xfd\0\0\0\xc0\0\0\0\x1e\x01\0\0\x08\0\0\0\0\x01\0\0\0\0\0\0\0\0\0\
\x02\xfe\0\0\0\0\0\0\0\x01\0\0\x0d\0\0\0\0\0\0\0\0\xff\0\0\0\0\0\0\0\0\0\0\x02\
\xfc\0\0\0\0\0\0\0\0\0\0\x02\x76\x02\0\0\0\0\0\0\0\0\0\x02\x72\x02\0\0\0\0\0\0\
\0\0\0\x02\xa9\x02\0\0\0\0\0\0\0\0\0\x02\xaa\x02\0\0\x18\x13\0\0\0\0\0\x12\0\0\
\0\0\0\0\0\0\0\0\0\x02\x04\x01\0\0\x76\x18\0\0\x01\0\0\x04\x08\0\0\0\x81\x18\0\
\0\x2f\0\0\0\0\0\0\0\x87\x18\0\0\x13\0\0\x84\x40\x11\0\0\x95\x18\0\0\x09\x01\0\
\0\0\0\0\0\x9f\x18\0\0\x27\0\0\0\xc0\0\0\0\xa2\x18\0\0\x33\0\0\0\0\x01\0\0\xa5\
\x18\0\0\x33\0\0\0\x10\x01\0\0\xa8\x18\0\0\x33\0\0\0\x20\x01\0\0\xb0\x18\0\0\
\x33\0\0\0\x30\x01\0\0\xb8\x18\0\0\x27\0\0\0\x40\x01\0\0\xbf\x18\0\0\x27\0\0\0\
\x80\x01\0\0\xc6\x18\0\0\x64\x01\0\0\xc0\x01\0\0\xd1\x18\0\0\x27\0\0\0\xc0\x02\
\0\0\xdd\x18\0\0\x27\0\0\0\0\x03\0\0\xe8\x18\0\0\x27\0\0\0\x40\x03\0\0\xec\x18\
\0\0\x27\0\0\0\x80\x03\0\0\xf4\x18\0\0\x27\0\0\0\xc0\x03\0\0\xff\x18\0\0\x65\
\x01\0\0\0\x04\0\0\x09\x19\0\0\x27\0\0\0\x40\x04\0\0\x13\x19\0\0\x0a\0\0\0\x80\
\x04\0\x01\x1d\x19\0\0\x08\0\0\0\xa0\x04\0\0\x22\x19\0\0\x66\x01\0\0\0\x06\0\0\
\x26\x19\0\0\x0d\0\0\x84\x08\0\0\0\x32\x19\0\0\x31\0\0\0\0\0\0\0\x39\x19\0\0\
\x31\0\0\0\x10\0\0\0\x3f\x19\0\0\x31\0\0\0\x20\0\0\x08\x4d\0\0\0\x31\0\0\0\x28\
\0\0\x04\x70\x12\0\0\x31\0\0\0\x2c\0\0\x01\x45\x19\0\0\x31\0\0\0\x2d\0\0\x02\
\x49\x19\0\0\x31\0\0\0\x2f\0\0\x01\x4b\x19\0\0\x31\0\0\0\x30\0\0\x04\x52\x19\0\
\0\x31\0\0\0\x34\0\0\x01\x56\x19\0\0\x31\0\0\0\x35\0\0\x01\x58\x19\0\0\x31\0\0\
\0\x36\0\0\x01\x5a\x19\0\0\x31\0\0\0\x37\0\0\x01\x5c\x19\0\0\x31\0\0\0\x38\0\0\
\x08\0\0\0\0\0\0\0\x03\0\0\0\0\x08\x01\0\0\x04\0\0\0\x03\0\0\0\0\0\0\0\0\0\0\
\x02\x0b\x01\0\0\x62\x19\0\0\x4d\0\0\x04\x28\x05\0\0\x6d\x19\0\0\x38\0\0\0\0\0\
\0\0\x79\x19\0\0\x38\0\0\0\x80\0\0\0\x86\x19\0\0\x38\0\0\0\0\x01\0\0\x51\x0d\0\
\0\x36\0\0\0\x80\x01\0\0\x92\x19\0\0\x0c\0\0\0\x40\x02\0\0\x9e\x19\0\0\x38\0\0\
\0\x80\x02\0\0\xac\x19\0\0\x89\0\0\0\0\x03\0\0\xb8\x19\0\0\x38\0\0\0\x80\x03\0\
\0\xc5\x19\0\0\x02\0\0\0\0\x04\0\0\xd1\x19\0\0\x02\0\0\0\x20\x04\0\0\xdc\x19\0\
\0\x02\0\0\0\x40\x04\0\0\xe7\x19\0\0\x0a\0\0\0\x60\x04\0\0\xb3\x05\0\0\x0a\x01\
\0\0\x80\x04\0\0\xf8\x19\0\0\x0c\x01\0\0\xc0\x04\0\0\xfc\x19\0\0\x28\0\0\0\0\
\x05\0\0\x45\x10\0\0\x0d\x01\0\0\x40\x05\0\0\x08\x1a\0\0\x0a\0\0\0\x60\x05\0\0\
\x15\x1a\0\0\x0e\x01\0\0\x80\x05\0\0\x1b\x1a\0\0\x5f\0\0\0\xc0\x05\0\0\x27\x1a\
\0\0\x0c\0\0\0\0\x06\0\0\x3a\x1a\0\0\x0c\0\0\0\x40\x06\0\0\x4d\x1a\0\0\x0c\0\0\
\0\x80\x06\0\0\x54\x1a\0\0\x12\x01\0\0\xc0\x06\0\0\x59\x1a\0\0\x31\0\0\0\0\x0b\
\0\0\x65\x1a\0\0\x31\0\0\0\x10\x0b\0\0\x74\x1a\0\0\x31\0\0\0\x20\x0b\0\0\x7e\
\x1a\0\0\x19\x01\0\0\x40\x0b\0\0\x81\x1a\0\0\xec\0\0\0\x40\x11\0\0\x85\x1a\0\0\
\x2b\x01\0\0\x80\x11\0\0\x8d\x1a\0\0\x5e\0\0\0\xc0\x11\0\0\x96\x1a\0\0\x5f\0\0\
\0\0\x12\0\0\xaf\x1a\0\0\x5f\0\0\0\x40\x12\0\0\xc8\x1a\0\0\xa7\0\0\0\x80\x12\0\
\0\xd4\x1a\0\0\x38\0\0\0\x80\x13\0\0\x9b\x05\0\0\x0a\x01\0\0\0\x14\0\0\xdf\x1a\
\0\0\x02\0\0\0\x40\x14\0\0\x86\x0c\0\0\x02\0\0\0\x60\x14\0\0\xe5\x1a\0\0\x38\0\
\0\0\x80\x14\0\0\x20\x15\0\0\x24\0\0\0\0\x15\0\0\xf1\x1a\0\0\xa7\0\0\0\x40\x15\
\0\0\xfc\x1a\0\0\x2b\0\0\0\x40\x16\0\0\x07\x1b\0\0\x2c\x01\0\0\x80\x16\0\0\x0a\
\x1b\0\0\x38\0\0\0\xc0\x16\0\0\x13\x1b\0\0\x27\0\0\0\x40\x17\0\0\x1f\x1b\0\0\
\x02\0\0\0\x80\x17\0\0\x2b\x1b\0\0\x2d\x01\0\0\xc0\x17\0\0\x31\x1b\0\0\x2f\x01\
\0\0\x80\x18\0\0\x38\x1b\0\0\x0a\0\0\0\xc0\x18\0\0\x47\x1b\0\0\x0a\0\0\0\xe0\
\x18\0\0\x54\x1b\0\0\x0a\0\0\0\0\x19\0\0\x64\x1b\0\0\x27\0\0\0\x40\x19\0\0\x71\
\x1b\0\0\x30\x01\0\0\x80\x19\0\0\x7d\x1b\0\0\x30\x01\0\0\x80\x1a\0\0\x91\x1b\0\
\0\xa3\0\0\0\x80\x1b\0\0\x9e\x1b\0\0\x0a\0\0\0\0\x1c\0\0\xab\x1b\0\0\x34\x01\0\
\0\x40\x1c\0\0\xbd\x1b\0\0\x2b\0\0\0\x80\x1c\0\0\xc9\x1b\0\0\x35\x01\0\0\xc0\
\x1c\0\0\xd6\x1b\0\0\x36\x01\0\0\x80\x1d\0\0\xe9\x1b\0\0\x27\0\0\0\xc0\x1d\0\0\
\xfa\x1b\0\0\x0a\x01\0\0\0\x1e\0\0\x04\x1c\0\0\x37\x01\0\0\x40\x1e\0\0\x0d\x15\
\0\0\xa3\0\0\0\x80\x1e\0\0\x0c\x1c\0\0\x39\x01\0\0\0\x1f\0\0\x0f\x1c\0\0\x0c\0\
\0\0\x40\x1f\0\0\x12\x1c\0\0\x5f\0\0\0\x80\x1f\0\0\x1f\x1c\0\0\x3a\x01\0\0\xc0\
\x1f\0\0\x25\x1c\0\0\x3c\x01\0\0\0\x20\0\0\x36\x1c\0\0\x28\0\0\0\x40\x20\0\0\
\x4f\x1c\0\0\x51\x01\0\0\x80\x20\0\0\x54\x1c\0\0\x0c\0\0\0\xc0\x20\0\0\x5f\x1c\
\0\0\x52\x01\0\0\0\x21\0\0\x02\x17\0\0\x53\x01\0\0\x40\x21\0\0\x68\x1c\0\0\x54\
\x01\0\0\x80\x21\0\0\x73\x1c\0\0\x63\x01\0\0\x40\x28\0\0\x78\x1c\0\0\x38\0\0\0\
\x80\x28\0\0\x80\x1c\0\0\x09\0\0\0\0\x29\0\0\0\0\0\0\0\0\0\x02\x7f\x02\0\0\x8a\
\x1c\0\0\x06\0\0\x86\x04\0\0\0\x9b\x1c\0\0\xfc\xff\xff\xff\xb1\x1c\0\0\xfd\xff\
\xff\xff\xc7\x1c\0\0\xfe\xff\xff\xff\xde\x1c\0\0\xff\xff\xff\xff\xf3\x1c\0\0\0\
\0\0\0\x0d\x1d\0\0\x01\0\0\0\x25\x1d\0\0\0\0\0\x08\x0f\x01\0\0\0\0\0\0\x01\0\0\
\x04\x08\0\0\0\x2f\x1d\0\0\x10\x01\0\0\0\0\0\0\x31\x1d\0\0\0\0\0\x08\x11\x01\0\
\0\0\0\0\0\x01\0\0\x04\x08\0\0\0\x2f\x1d\0\0\x5e\0\0\0\0\0\0\0\x39\x1d\0\0\x3c\
\0\0\x84\x88\0\0\0\x4d\0\0\0\x09\0\0\0\0\0\0\0\x60\x18\0\0\x09\0\0\0\x20\0\0\0\
\x49\x1d\0\0\x0d\0\0\0\x40\0\0\0\0\0\0\0\x13\x01\0\0\x80\0\0\0\x50\x1d\0\0\x0d\
\0\0\0\xc0\0\0\0\x5c\x1d\0\0\x0d\0\0\0\0\x01\0\0\x68\x1d\0\0\x0d\0\0\0\x40\x01\
\0\x01\x71\x1d\0\0\x0d\0\0\0\x41\x01\0\x01\x79\x1d\0\0\x0d\0\0\0\x42\x01\0\x01\
\x80\x1d\0\0\x0d\0\0\0\x43\x01\0\x01\x8a\x1d\0\0\x0d\0\0\0\x44\x01\0\x01\x97\
\x1d\0\0\x0d\0\0\0\x45\x01\0\x01\xa6\x1d\0\0\x0d\0\0\0\x46\x01\0\x01\xb1\x1d\0\
\0\x0d\0\0\0\x47\x01\0\x01\xbe\x1d\0\0\x0d\0\0\0\x48\x01\0\x01\xee\x06\0\0\x0d\
\0\0\0\x49\x01\0\x01\xc3\x1d\0\0\x0d\0\0\0\x4a\x01\0\x01\xc8\x1d\0\0\x0d\0\0\0\
\x4b\x01\0\x01\xd5\x1d\0\0\x0d\0\0\0\x4c\x01\0\x01\xe4\x1d\0\0\x0d\0\0\0\x4d\
\x01\0\x01\xe9\x1d\0\0\x0d\0\0\0\x4e\x01\0\x01\xf3\x1d\0\0\x0d\0\0\0\x4f\x01\0\
\x02\xfe\x1d\0\0\x0d\0\0\0\x51\x01\0\x01\x08\x1e\0\0\x0d\0\0\0\x52\x01\0\x01\
\x16\x1e\0\0\x0d\0\0\0\x53\x01\0\x01\x23\x1e\0\0\x0d\0\0\0\x54\x01\0\x01\x31\
\x1e\0\0\x0d\0\0\0\x55\x01\0\x01\x4a\x1e\0\0\x0d\0\0\0\x56\x01\0\x01\x61\x1e\0\
\0\x0d\0\0\0\x57\x01\0\x01\x67\x1e\0\0\x0d\0\0\0\x58\x01\0\x01\x71\x1e\0\0\x0d\
\0\0\0\x59\x01\0\x01\x7d\x1e\0\0\x0d\0\0\0\x5a\x01\0\x01\x8c\x1e\0\0\x0d\0\0\0\
\x5b\x01\0\x01\x9b\x1e\0\0\x0d\0\0\0\x5c\x01\0\x01\xa6\x1e\0\0\x0d\0\0\0\x5d\
\x01\0\x01\xae\x1e\0\0\x0d\0\0\0\x5e\x01\0\x01\xb8\x1e\0\0\x0d\0\0\0\x5f\x01\0\
\x01\xc3\x1e\0\0\x0d\0\0\0\x60\x01\0\x01\xca\x1e\0\0\x0d\0\0\0\x61\x01\0\x01\
\xd4\x1e\0\0\x0d\0\0\0\x62\x01\0\x01\xdd\x1e\0\0\x0d\0\0\0\x63\x01\0\x01\xec\
\x1e\0\0\x0d\0\0\0\x64\x01\0\x01\xfb\x1e\0\0\x0d\0\0\0\x65\x01\0\x01\x03\x1f\0\
\0\x0d\0\0\0\x66\x01\0\x1a\0\0\0\0\x14\x01\0\0\x80\x01\0\0\x10\x1f\0\0\x09\0\0\
\0\xa0\x01\0\0\0\0\0\0\x15\x01\0\0\xc0\x01\0\0\0\0\0\0\x16\x01\0\0\0\x02\0\0\
\x18\x1f\0\0\x0d\0\0\0\x40\x02\0\0\x2b\x1f\0\0\x0d\0\0\0\x80\x02\0\0\x3c\x1f\0\
\0\x09\0\0\0\xc0\x02\0\0\x1d\x13\0\0\x5c\0\0\0\xe0\x02\0\0\x4e\x1f\0\0\x0d\0\0\
\0\0\x03\0\0\x5f\x1f\0\0\x09\0\0\0\x40\x03\0\0\x6d\x1f\0\0\x32\0\0\0\x60\x03\0\
\0\x7e\x1f\0\0\x32\0\0\0\x70\x03\0\0\x8b\x1f\0\0\x09\0\0\0\x80\x03\0\0\0\0\0\0\
\x17\x01\0\0\xa0\x03\0\0\x9b\x1f\0\0\x0d\0\0\0\xc0\x03\0\0\xa4\x1f\0\0\x0d\0\0\
\0\0\x04\0\0\0\0\0\0\x02\0\0\x05\x08\0\0\0\xac\x1f\0\0\x0d\0\0\0\0\0\0\0\xba\
\x1f\0\0\x0d\0\0\0\0\0\0\0\0\0\0\0\x02\0\0\x05\x04\0\0\0\xc6\x1f\0\0\x09\0\0\0\
\0\0\0\0\xd4\x1f\0\0\x09\0\0\0\0\0\0\0\0\0\0\0\x04\0\0\x05\x08\0\0\0\xe5\x1f\0\
\0\x0d\0\0\0\0\0\0\0\xed\x1f\0\0\x0d\0\0\0\0\0\0\0\xf9\x1f\0\0\x0d\0\0\0\0\0\0\
\0\x05\x20\0\0\x0d\0\0\0\0\0\0\0\0\0\0\0\x04\0\0\x05\x08\0\0\0\x0d\x20\0\0\x0d\
\0\0\0\0\0\0\0\x14\x20\0\0\x0d\0\0\0\0\0\0\0\x20\x20\0\0\x0d\0\0\0\0\0\0\0\x2d\
\x20\0\0\x0d\0\0\0\0\0\0\0\0\0\0\0\x02\0\0\x05\x04\0\0\0\x35\x20\0\0\x09\0\0\0\
\0\0\0\0\0\0\0\0\x18\x01\0\0\0\0\0\0\0\0\0\0\x04\0\0\x84\x04\0\0\0\x40\x20\0\0\
\x09\0\0\0\0\0\0\x01\x51\x20\0\0\x09\0\0\0\x01\0\0\x01\x5b\x20\0\0\x09\0\0\0\
\x02\0\0\x01\x66\x20\0\0\x09\0\0\0\x03\0\0\x1d\x73\x20\0\0\x0c\0\0\x04\xc0\0\0\
\0\0\0\0\0\x1a\x01\0\0\0\0\0\0\x81\x20\0\0\x24\0\0\0\0\x03\0\0\xc9\x1b\0\0\x28\
\0\0\0\x40\x03\0\0\xe9\x1b\0\0\x27\0\0\0\x80\x03\0\0\x45\x10\0\0\x02\0\0\0\xc0\
\x03\0\0\x88\x20\0\0\x0e\x01\0\0\0\x04\0\0\xac\x1f\0\0\x0c\0\0\0\x40\x04\0\0\0\
\0\0\0\x28\x01\0\0\x80\x04\0\0\x93\x20\0\0\x0c\0\0\0\0\x05\0\0\xa2\x20\0\0\x0c\
\0\0\0\x40\x05\0\0\xad\x20\0\0\x0c\0\0\0\x80\x05\0\0\xbd\x20\0\0\x0c\0\0\0\xc0\
\x05\0\0\0\0\0\0\x07\0\0\x05\x60\0\0\0\0\0\0\0\x1b\x01\0\0\0\0\0\0\0\0\0\0\x1d\
\x01\0\0\0\0\0\0\0\0\0\0\x1e\x01\0\0\0\0\0\0\0\0\0\0\x1f\x01\0\0\0\0\0\0\0\0\0\
\0\x20\x01\0\0\0\0\0\0\0\0\0\0\x21\x01\0\0\0\0\0\0\0\0\0\0\x27\x01\0\0\0\0\0\0\
\0\0\0\0\x0a\0\0\x04\x60\0\0\0\x49\x1d\0\0\x0c\0\0\0\0\0\0\0\xce\x20\0\0\x0c\0\
\0\0\x40\0\0\0\xd7\x20\0\0\x27\0\0\0\x80\0\0\0\xe3\x20\0\0\x27\0\0\0\xc0\0\0\0\
\xee\x20\0\0\x02\0\0\0\0\x01\0\0\xff\x20\0\0\x02\0\0\0\x20\x01\0\0\x03\x21\0\0\
\x02\0\0\0\x40\x01\0\0\x1e\x01\0\0\x02\0\0\0\x60\x01\0\0\x0c\x21\0\0\x1c\x01\0\
\0\x80\x01\0\0\x16\x21\0\0\x1c\x01\0\0\x40\x02\0\0\x21\x21\0\0\x04\0\0\x04\x18\
\0\0\0\x49\x1d\0\0\x0c\0\0\0\0\0\0\0\x35\x21\0\0\x0a\0\0\0\x40\0\0\0\x39\x21\0\
\0\x02\0\0\0\x60\0\0\0\xff\x20\0\0\x02\0\0\0\x80\0\0\0\0\0\0\0\x02\0\0\x04\x10\
\0\0\0\x3f\x21\0\0\x0c\0\0\0\0\0\0\0\x4a\x21\0\0\x0a\0\0\0\x40\0\0\0\0\0\0\0\
\x01\0\0\x04\x40\0\0\0\x1d\x10\0\0\x44\0\0\0\0\0\0\0\0\0\0\0\x01\0\0\x04\x10\0\
\0\0\x55\x21\0\0\x38\0\0\0\0\0\0\0\0\0\0\0\x02\0\0\x04\x10\0\0\0\x5d\x21\0\0\
\x0c\0\0\0\0\0\0\0\x65\x21\0\0\x0c\0\0\0\x40\0\0\0\0\0\0\0\x02\0\0\x04\x28\0\0\
\0\x6a\x21\0\0\x22\x01\0\0\0\0\0\0\x6f\x21\0\0\x23\x01\0\0\xc0\0\0\0\x77\x21\0\
\0\x04\0\0\x04\x18\0\0\0\x8a\x21\0\0\x27\0\0\0\0\0\0\0\x92\x21\0\0\x27\0\0\0\
\x40\0\0\0\x2f\x17\0\0\x4c\0\0\0\x80\0\0\0\x4d\0\0\0\x4c\0\0\0\x88\0\0\0\x97\
\x21\0\0\x02\0\0\x04\x10\0\0\0\xa3\x21\0\0\x24\x01\0\0\0\0\0\0\xf5\x0c\0\0\x26\
\x01\0\0\x40\0\0\0\xa9\x21\0\0\x01\0\0\x04\x08\0\0\0\xf5\x0c\0\0\x25\x01\0\0\0\
\0\0\0\0\0\0\0\0\0\0\x02\x58\x02\0\0\0\0\0\0\0\0\0\x02\x86\x02\0\0\0\0\0\0\x05\
\0\0\x04\x18\0\0\0\xb4\x21\0\0\x4c\0\0\0\0\0\0\0\xbf\x21\0\0\x4c\0\0\0\x08\0\0\
\0\xca\x21\0\0\x31\0\0\0\x10\0\0\0\xd2\x21\0\0\x0c\0\0\0\x40\0\0\0\xd7\x21\0\0\
\x0c\0\0\0\x80\0\0\0\0\0\0\0\x02\0\0\x05\x10\0\0\0\0\0\0\0\x29\x01\0\0\0\0\0\0\
\0\0\0\0\x2a\x01\0\0\0\0\0\0\0\0\0\0\x02\0\0\x04\x10\0\0\0\xdd\x21\0\0\x0c\0\0\
\0\0\0\0\0\xe9\x21\0\0\x0e\x01\0\0\x40\0\0\0\0\0\0\0\x02\0\0\x04\x10\0\0\0\xf5\
\x21\0\0\x0c\0\0\0\0\0\0\0\x02\x22\0\0\x0c\0\0\0\x40\0\0\0\0\0\0\0\0\0\0\x02\
\x7c\x02\0\0\0\0\0\0\0\0\0\x02\x7e\x02\0\0\x0e\x22\0\0\0\0\0\x08\x2e\x01\0\0\
\x20\x22\0\0\x02\0\0\x04\x18\0\0\0\xb3\x13\0\0\xd5\0\0\0\0\0\0\0\x30\x22\0\0\
\x38\0\0\0\x40\0\0\0\0\0\0\0\0\0\0\x02\x81\x02\0\0\x35\x22\0\0\x03\0\0\x04\x20\
\0\0\0\x25\x10\0\0\x2d\0\0\0\0\0\0\0\x1b\x15\0\0\x31\x01\0\0\x80\0\0\0\x3e\x22\
\0\0\x34\x01\0\0\xc0\0\0\0\0\0\0\0\0\0\0\x02\x32\x01\0\0\0\0\0\0\x01\0\0\x0d\0\
\0\0\0\0\0\0\0\x33\x01\0\0\0\0\0\0\0\0\0\x02\x30\x01\0\0\x46\x22\0\0\x01\0\0\
\x04\x08\0\0\0\xe4\x1d\0\0\x87\0\0\0\0\0\0\0\x4e\x22\0\0\x03\0\0\x04\x18\0\0\0\
\xc3\x16\0\0\x38\0\0\0\0\0\0\0\xb3\x13\0\0\x91\0\0\0\x80\0\0\0\x65\x22\0\0\x0a\
\0\0\0\xa0\0\0\0\0\0\0\0\0\0\0\x02\x87\x02\0\0\0\0\0\0\0\0\0\x02\x38\x01\0\0\0\
\0\0\0\x01\0\0\x0d\0\0\0\0\0\0\0\0\x0a\x01\0\0\0\0\0\0\0\0\0\x02\x63\x02\0\0\0\
\0\0\0\0\0\0\x02\x3b\x01\0\0\0\0\0\0\0\0\0\x0d\x0c\0\0\0\x75\x22\0\0\0\0\0\x08\
\x3d\x01\0\0\0\0\0\0\0\0\0\x02\x3e\x01\0\0\0\0\0\0\x03\0\0\x0d\0\0\0\0\0\0\0\0\
\x0a\x01\0\0\0\0\0\0\x3f\x01\0\0\0\0\0\0\x4b\x01\0\0\0\0\0\0\0\0\0\x02\x40\x01\
\0\0\x8d\x22\0\0\x1a\0\0\x04\0\x01\0\0\x9e\x22\0\0\x0c\0\0\0\0\0\0\0\xab\x22\0\
\0\x0c\0\0\0\x40\0\0\0\xb2\x22\0\0\x0c\0\0\0\x80\0\0\0\x4d\0\0\0\x0c\0\0\0\xc0\
\0\0\0\xbb\x22\0\0\x41\x01\0\0\0\x01\0\0\x0c\x13\0\0\x0c\0\0\0\x40\x01\0\0\x0f\
\x1c\0\0\x0c\0\0\0\x80\x01\0\0\xc5\x22\0\0\x42\x01\0\0\xc0\x01\0\0\xcf\x22\0\0\
\x0c\0\0\0\0\x02\0\0\xd2\x22\0\0\x43\x01\0\0\x40\x02\0\0\xdc\x22\0\0\x44\x01\0\
\0\x80\x02\0\0\xe0\x22\0\0\x45\x01\0\0\xc0\x02\0\0\xe9\x22\0\0\x0b\0\0\0\0\x03\
\0\0\xb8\0\0\0\x46\x01\0\0\x40\x03\0\0\xf7\x22\0\0\x48\x01\0\0\x80\x03\0\0\0\
\x23\0\0\x0c\0\0\0\xc0\x03\0\0\x04\x23\0\0\x4a\x01\0\0\0\x04\0\0\x0e\x23\0\0\
\x4a\x01\0\0\x80\x04\0\0\x18\x23\0\0\x0c\0\0\0\0\x05\0\0\x28\x23\0\0\x0c\0\0\0\
\x40\x05\0\0\xc3\x1e\0\0\x0c\0\0\0\x80\x05\0\0\x32\x23\0\0\x0c\0\0\0\xc0\x05\0\
\0\x37\x23\0\0\x0c\0\0\0\0\x06\0\0\x41\x23\0\0\x0c\0\0\0\x40\x06\0\0\x50\x23\0\
\0\x0c\0\0\0\x80\x06\0\0\x5f\x23\0\0\x0c\0\0\0\xc0\x06\0\0\0\0\0\0\x02\0\0\x04\
\x08\0\0\0\x86\x05\0\0\x08\0\0\0\0\0\0\0\x68\x23\0\0\x08\0\0\0\x20\0\0\0\0\0\0\
\0\x02\0\0\x04\x08\0\0\0\x86\x0c\0\0\x08\0\0\0\0\0\0\0\x6c\x23\0\0\x08\0\0\0\
\x20\0\0\0\0\0\0\0\0\0\0\x02\x88\x02\0\0\0\0\0\0\0\0\0\x02\x89\x02\0\0\0\0\0\0\
\0\0\0\x02\x8a\x02\0\0\x75\x23\0\0\x02\0\0\x05\x08\0\0\0\x88\x23\0\0\x0d\0\0\0\
\0\0\0\0\0\0\0\0\x47\x01\0\0\0\0\0\0\0\0\0\0\x03\0\0\x04\x08\0\0\0\x8d\x23\0\0\
\x09\0\0\0\0\0\0\0\x95\x23\0\0\x32\0\0\0\x20\0\0\0\x9c\x23\0\0\x32\0\0\0\x30\0\
\0\0\xa3\x23\0\0\x02\0\0\x05\x08\0\0\0\x01\x13\0\0\x0d\0\0\0\0\0\0\0\0\0\0\0\
\x49\x01\0\0\0\0\0\0\0\0\0\0\x0b\0\0\x84\x08\0\0\0\xb5\x23\0\0\x0d\0\0\0\0\0\0\
\x05\xbc\x23\0\0\x0d\0\0\0\x05\0\0\x0e\xc4\x23\0\0\x0d\0\0\0\x13\0\0\x05\xce\
\x23\0\0\x0d\0\0\0\x18\0\0\x02\xd7\x23\0\0\x0d\0\0\0\x1a\0\0\x07\xe0\x23\0\0\
\x0d\0\0\0\x21\0\0\x04\xec\x23\0\0\x0d\0\0\0\x25\0\0\x01\xf7\x23\0\0\x0d\0\0\0\
\x26\0\0\x02\x02\x24\0\0\x0d\0\0\0\x28\0\0\x03\x0a\x24\0\0\x0d\0\0\0\x2b\0\0\
\x03\x13\x24\0\0\x0d\0\0\0\x2e\0\0\x12\x1c\x24\0\0\x02\0\0\x04\x10\0\0\0\x26\
\x24\0\0\x0d\0\0\0\0\0\0\0\x2a\x24\0\0\x4b\x01\0\0\x40\0\0\0\0\0\0\0\0\0\0\x02\
\x4c\x01\0\0\x2f\x24\0\0\x15\0\0\x04\xa8\0\0\0\x37\x24\0\0\x27\0\0\0\0\0\0\0\
\x3b\x24\0\0\x27\0\0\0\x40\0\0\0\x3f\x24\0\0\x27\0\0\0\x80\0\0\0\x43\x24\0\0\
\x27\0\0\0\xc0\0\0\0\x47\x24\0\0\x27\0\0\0\0\x01\0\0\x4a\x24\0\0\x27\0\0\0\x40\
\x01\0\0\x4d\x24\0\0\x27\0\0\0\x80\x01\0\0\x51\x24\0\0\x27\0\0\0\xc0\x01\0\0\
\x55\x24\0\0\x27\0\0\0\0\x02\0\0\x58\x24\0\0\x27\0\0\0\x40\x02\0\0\x5b\x24\0\0\
\x27\0\0\0\x80\x02\0\0\x5e\x24\0\0\x27\0\0\0\xc0\x02\0\0\x61\x24\0\0\x27\0\0\0\
\0\x03\0\0\x64\x24\0\0\x27\0\0\0\x40\x03\0\0\x67\x24\0\0\x27\0\0\0\x80\x03\0\0\
\x6a\x24\0\0\x27\0\0\0\xc0\x03\0\0\xcf\x22\0\0\x27\0\0\0\0\x04\0\0\0\0\0\0\x4d\
\x01\0\0\x40\x04\0\0\x1e\x01\0\0\x27\0\0\0\x80\x04\0\0\x9f\x18\0\0\x27\0\0\0\
\xc0\x04\0\0\0\0\0\0\x4f\x01\0\0\0\x05\0\0\0\0\0\0\x03\0\0\x05\x08\0\0\0\x72\
\x24\0\0\x31\0\0\0\0\0\0\0\x75\x24\0\0\x0c\0\0\0\0\0\0\0\x79\x24\0\0\x4e\x01\0\
\0\0\0\0\0\x79\x24\0\0\x03\0\0\x84\x08\0\0\0\x72\x24\0\0\x0c\0\0\0\0\0\0\x10\
\x81\x24\0\0\x0c\0\0\0\x10\0\0\x02\x84\x24\0\0\x0c\0\0\0\x12\0\0\x01\0\0\0\0\
\x03\0\0\x05\x08\0\0\0\x88\x24\0\0\x31\0\0\0\0\0\0\0\x8b\x24\0\0\x0c\0\0\0\0\0\
\0\0\x8f\x24\0\0\x50\x01\0\0\0\0\0\0\x8f\x24\0\0\x0a\0\0\x84\x08\0\0\0\x88\x24\
\0\0\x0c\0\0\0\0\0\0\x10\x97\x24\0\0\x0c\0\0\0\x10\0\0\x01\x9b\x24\0\0\x0c\0\0\
\0\x11\0\0\x01\xa3\x24\0\0\x0c\0\0\0\x12\0\0\x01\xa7\x24\0\0\x0c\0\0\0\x20\0\0\
\x08\x4d\0\0\0\x0c\0\0\0\x30\0\0\x04\xae\x24\0\0\x0c\0\0\0\x38\0\0\x01\xb6\x24\
\0\0\x0c\0\0\0\x39\0\0\x01\xb9\x24\0\0\x0c\0\0\0\x3a\0\0\x01\xc0\x24\0\0\x0c\0\
\0\0\x3c\0\0\x04\0\0\0\0\0\0\0\x02\x6d\x02\0\0\0\0\0\0\0\0\0\x02\x84\x02\0\0\0\
\0\0\0\0\0\0\x02\x85\x02\0\0\x68\x1c\0\0\x0f\0\0\x04\xd8\0\0\0\x1b\x15\0\0\x55\
\x01\0\0\0\0\0\0\xf5\x0c\0\0\x5b\x01\0\0\x40\0\0\0\x1e\x01\0\0\x27\0\0\0\x80\0\
\0\0\xc8\x24\0\0\x28\0\0\0\xc0\0\0\0\xd0\x24\0\0\x55\x01\0\0\0\x01\0\0\xdb\x24\
\0\0\x5c\x01\0\0\x40\x01\0\0\xe6\x24\0\0\x5e\x01\0\0\xc0\x02\0\0\xf0\x24\0\0\
\x5c\x01\0\0\0\x03\0\0\xf9\x24\0\0\x27\0\0\0\x80\x04\0\0\x04\x25\0\0\x27\0\0\0\
\xc0\x04\0\0\xc3\x16\0\0\x38\0\0\0\0\x05\0\0\x14\x25\0\0\x38\0\0\0\x80\x05\0\0\
\x1f\x25\0\0\x5f\x01\0\0\0\x06\0\0\x28\x25\0\0\x58\x01\0\0\x40\x06\0\0\x30\x25\
\0\0\x27\0\0\0\x80\x06\0\0\x3c\x25\0\0\0\0\0\x08\x56\x01\0\0\0\0\0\0\0\0\0\x02\
\x57\x01\0\0\0\0\0\0\x04\0\0\x0d\0\0\0\0\0\0\0\0\x27\0\0\0\0\0\0\0\x27\0\0\0\0\
\0\0\0\x58\x01\0\0\0\0\0\0\x59\x01\0\0\0\0\0\0\0\0\0\x02\x54\x01\0\0\0\0\0\0\0\
\0\0\x02\x5a\x01\0\0\x4a\x25\0\0\0\0\0\x04\0\0\0\0\0\0\0\0\0\0\0\x02\x73\x02\0\
\0\x56\x25\0\0\x03\0\0\x04\x30\0\0\0\x66\x25\0\0\x5d\x01\0\0\0\0\0\0\x73\x25\0\
\0\x5d\x01\0\0\x40\0\0\0\x7f\x25\0\0\xa7\0\0\0\x80\0\0\0\0\0\0\0\0\0\0\x02\x75\
\x02\0\0\0\0\0\0\0\0\0\x02\x5c\x01\0\0\x8a\x25\0\0\0\0\0\x08\x60\x01\0\0\0\0\0\
\0\0\0\0\x02\x61\x01\0\0\0\0\0\0\x02\0\0\x0d\x02\0\0\0\0\0\0\0\x58\x01\0\0\0\0\
\0\0\x62\x01\0\0\x9c\x25\0\0\x03\0\0\x06\x04\0\0\0\xab\x25\0\0\0\0\0\0\xd5\x25\
\0\0\x01\0\0\0\xff\x25\0\0\x02\0\0\0\0\0\0\0\0\0\0\x02\x8b\x02\0\0\0\0\0\0\0\0\
\0\x03\0\0\0\0\x0a\x01\0\0\x04\0\0\0\x04\0\0\0\0\0\0\0\0\0\0\x02\xab\x02\0\0\
\x22\x19\0\0\x07\0\0\x04\x80\x10\0\0\x03\x21\0\0\x0a\0\0\0\0\0\0\0\x2a\x26\0\0\
\x27\0\0\0\x40\0\0\0\x3b\x26\0\0\x67\x01\0\0\x80\0\0\0\x43\x26\0\0\x67\x01\0\0\
\xc0\0\0\0\x52\x26\0\0\x68\x01\0\0\0\x01\0\0\x57\x26\0\0\x68\x01\0\0\x80\x01\0\
\0\x62\x26\0\0\x69\x01\0\0\0\x02\0\0\0\0\0\0\0\0\0\x02\x69\x01\0\0\x6c\x26\0\0\
\x03\0\0\x04\x10\0\0\0\x7b\x26\0\0\x0c\0\0\0\0\0\0\0\x88\x26\0\0\x0a\0\0\0\x40\
\0\0\0\x95\x26\0\0\x0a\0\0\0\x60\0\0\0\x3b\x26\0\0\x0a\0\0\x84\x40\x10\0\0\x60\
\x18\0\0\x0a\0\0\0\0\0\0\0\xa7\x26\0\0\x0a\0\0\0\x20\0\0\0\xb1\x26\0\0\x0c\0\0\
\0\x40\0\0\0\xbb\x26\0\0\x0c\0\0\0\x80\0\0\0\xca\x26\0\0\x0c\0\0\0\xc0\0\0\0\
\xce\x26\0\0\x0a\0\0\0\0\x01\0\x01\xd8\x26\0\0\x0a\0\0\0\x01\x01\0\x01\xe1\x26\
\0\0\x0a\0\0\0\x02\x01\0\x01\xf1\x26\0\0\x0a\0\0\0\x03\x01\0\x01\x2a\x24\0\0\
\x6a\x01\0\0\0\x02\0\0\xf8\x26\0\0\x05\0\0\x05\0\x10\0\0\x05\x27\0\0\x6b\x01\0\
\0\0\0\0\0\x0b\x27\0\0\x6d\x01\0\0\0\0\0\0\x12\x27\0\0\x75\x01\0\0\0\0\0\0\x17\
\x27\0\0\x77\x01\0\0\0\0\0\0\x1d\x27\0\0\x7b\x01\0\0\0\0\0\0\x27\x27\0\0\x09\0\
\0\x04\x70\0\0\0\x33\x27\0\0\x08\0\0\0\0\0\0\0\x37\x27\0\0\x08\0\0\0\x20\0\0\0\
\x3b\x27\0\0\x08\0\0\0\x40\0\0\0\x3f\x27\0\0\x08\0\0\0\x60\0\0\0\x43\x27\0\0\
\x08\0\0\0\x80\0\0\0\x47\x27\0\0\x08\0\0\0\xa0\0\0\0\x4b\x27\0\0\x08\0\0\0\xc0\
\0\0\0\x4f\x27\0\0\x6c\x01\0\0\xe0\0\0\0\x7f\x0c\0\0\x08\0\0\0\x60\x03\0\0\0\0\
\0\0\0\0\0\x03\0\0\0\0\x08\0\0\0\x04\0\0\0\x14\0\0\0\x58\x27\0\0\x0b\0\0\x04\0\
\x02\0\0\x33\x27\0\0\x31\0\0\0\0\0\0\0\x37\x27\0\0\x31\0\0\0\x10\0\0\0\x3b\x27\
\0\0\x31\0\0\0\x20\0\0\0\x65\x27\0\0\x31\0\0\0\x30\0\0\0\0\0\0\0\x6e\x01\0\0\
\x40\0\0\0\x69\x27\0\0\x08\0\0\0\xc0\0\0\0\x6f\x27\0\0\x08\0\0\0\xe0\0\0\0\x4f\
\x27\0\0\x71\x01\0\0\0\x01\0\0\x7a\x27\0\0\x72\x01\0\0\0\x05\0\0\xca\x21\0\0\
\x73\x01\0\0\0\x0d\0\0\0\0\0\0\x74\x01\0\0\x80\x0e\0\0\0\0\0\0\x02\0\0\x05\x10\
\0\0\0\0\0\0\0\x6f\x01\0\0\0\0\0\0\0\0\0\0\x70\x01\0\0\0\0\0\0\0\0\0\0\x02\0\0\
\x04\x10\0\0\0\x84\x27\0\0\x0c\0\0\0\0\0\0\0\x88\x27\0\0\x0c\0\0\0\x40\0\0\0\0\
\0\0\0\x04\0\0\x04\x10\0\0\0\x3f\x27\0\0\x08\0\0\0\0\0\0\0\x43\x27\0\0\x08\0\0\
\0\x20\0\0\0\x47\x27\0\0\x08\0\0\0\x40\0\0\0\x4b\x27\0\0\x08\0\0\0\x60\0\0\0\0\
\0\0\0\0\0\0\x03\0\0\0\0\x08\0\0\0\x04\0\0\0\x20\0\0\0\0\0\0\0\0\0\0\x03\0\0\0\
\0\x08\0\0\0\x04\0\0\0\x40\0\0\0\0\0\0\0\0\0\0\x03\0\0\0\0\x08\0\0\0\x04\0\0\0\
\x0c\0\0\0\0\0\0\0\x02\0\0\x05\x30\0\0\0\x8c\x27\0\0\x73\x01\0\0\0\0\0\0\x95\
\x27\0\0\x73\x01\0\0\0\0\0\0\xa1\x27\0\0\x10\0\0\x04\x88\0\0\0\x33\x27\0\0\x08\
\0\0\0\0\0\0\0\x37\x27\0\0\x08\0\0\0\x20\0\0\0\x3b\x27\0\0\x08\0\0\0\x40\0\0\0\
\x3f\x27\0\0\x08\0\0\0\x60\0\0\0\x43\x27\0\0\x08\0\0\0\x80\0\0\0\x47\x27\0\0\
\x08\0\0\0\xa0\0\0\0\x4b\x27\0\0\x08\0\0\0\xc0\0\0\0\x4f\x27\0\0\x6c\x01\0\0\
\xe0\0\0\0\xae\x27\0\0\x4c\0\0\0\x60\x03\0\0\xb3\x27\0\0\x4c\0\0\0\x68\x03\0\0\
\xbb\x27\0\0\x4c\0\0\0\x70\x03\0\0\xc5\x27\0\0\x4c\0\0\0\x78\x03\0\0\xcf\x27\0\
\0\x4c\0\0\0\x80\x03\0\0\xd2\x27\0\0\x4c\0\0\0\x88\x03\0\0\x6a\x21\0\0\x76\x01\
\0\0\xc0\x03\0\0\xd9\x27\0\0\x08\0\0\0\0\x04\0\0\0\0\0\0\0\0\0\x02\xac\x02\0\0\
\xe3\x27\0\0\x03\0\0\x04\x40\x02\0\0\xef\x27\0\0\x6d\x01\0\0\0\0\0\0\xf4\x27\0\
\0\x78\x01\0\0\0\x10\0\0\xfb\x27\0\0\x7a\x01\0\0\0\x12\0\0\x0f\x28\0\0\x03\0\0\
\x04\x40\0\0\0\xb1\x26\0\0\x0c\0\0\0\0\0\0\0\x1d\x28\0\0\x0c\0\0\0\x40\0\0\0\
\x6c\x23\0\0\x79\x01\0\0\x80\0\0\0\0\0\0\0\0\0\0\x03\0\0\0\0\x0c\0\0\0\x04\0\0\
\0\x06\0\0\0\0\0\0\0\0\0\0\x03\0\0\0\0\x4c\0\0\0\x04\0\0\0\0\0\0\0\0\0\0\0\0\0\
\0\x03\0\0\0\0\x4c\0\0\0\x04\0\0\0\0\x10\0\0\0\0\0\0\x04\0\0\x04\x20\0\0\0\x4d\
\0\0\0\x01\0\0\0\0\0\0\0\x52\0\0\0\x21\0\0\0\x40\0\0\0\x5e\0\0\0\x07\0\0\0\x80\
\0\0\0\x62\0\0\0\x23\0\0\0\xc0\0\0\0\x26\x28\0\0\0\0\0\x0e\x7c\x01\0\0\x01\0\0\
\0\0\0\0\0\0\0\0\x02\x7f\x01\0\0\0\0\0\0\x02\0\0\x04\x08\0\0\0\x30\x22\0\0\x08\
\0\0\0\0\0\0\0\x0d\x14\0\0\x08\0\0\0\x20\0\0\0\0\0\0\0\x04\0\0\x04\x20\0\0\0\
\x4d\0\0\0\x01\0\0\0\0\0\0\0\x52\0\0\0\x05\0\0\0\x40\0\0\0\x5e\0\0\0\x07\0\0\0\
\x80\0\0\0\x62\0\0\0\x7e\x01\0\0\xc0\0\0\0\x31\x28\0\0\0\0\0\x0e\x80\x01\0\0\
\x01\0\0\0\0\0\0\0\0\0\0\x02\x83\x01\0\0\0\0\0\0\0\0\0\x03\0\0\0\0\x02\0\0\0\
\x04\0\0\0\x06\0\0\0\0\0\0\0\0\0\0\x02\x85\x01\0\0\0\0\0\0\x03\0\0\x04\x18\0\0\
\0\x3d\x28\0\0\x0c\0\0\0\0\0\0\0\x48\x28\0\0\x0c\0\0\0\x40\0\0\0\x57\x28\0\0\
\x0c\0\0\0\x80\0\0\0\0\0\0\0\x04\0\0\x04\x20\0\0\0\x4d\0\0\0\x82\x01\0\0\0\0\0\
\0\x52\0\0\0\x05\0\0\0\x40\0\0\0\x5e\0\0\0\x07\0\0\0\x80\0\0\0\x62\0\0\0\x84\
\x01\0\0\xc0\0\0\0\x1c\x02\0\0\0\0\0\x0e\x86\x01\0\0\x01\0\0\0\0\0\0\0\x04\0\0\
\x04\x20\0\0\0\x4d\0\0\0\x05\0\0\0\0\0\0\0\x52\0\0\0\x11\0\0\0\x40\0\0\0\x5e\0\
\0\0\x13\0\0\0\x80\0\0\0\x62\0\0\0\x0b\0\0\0\xc0\0\0\0\x6a\x28\0\0\0\0\0\x0e\
\x88\x01\0\0\x01\0\0\0\0\0\0\0\0\0\0\x02\x0e\0\0\0\0\0\0\0\x01\0\0\x0d\x5b\0\0\
\0\x81\x1a\0\0\x8a\x01\0\0\x7f\x28\0\0\x01\0\0\x0c\x8b\x01\0\0\0\0\0\0\x01\0\0\
\x0d\x5b\0\0\0\x81\x1a\0\0\x8a\x01\0\0\x72\x29\0\0\x01\0\0\x0c\x8d\x01\0\0\0\0\
\0\0\x01\0\0\x0d\x5b\0\0\0\x81\x1a\0\0\x8a\x01\0\0\xbe\x29\0\0\x01\0\0\x0c\x8f\
\x01\0\0\0\0\0\0\0\0\0\x0d\x0c\0\0\0\x4f\x2b\0\0\x02\0\0\x0c\x91\x01\0\0\0\0\0\
\0\x01\0\0\x0d\x5b\0\0\0\x81\x1a\0\0\x8a\x01\0\0\x5b\x2b\0\0\x01\0\0\x0c\x93\
\x01\0\0\0\0\0\0\x04\0\0\x0d\0\0\0\0\0\0\0\0\x24\0\0\0\0\0\0\0\x0c\0\0\0\0\0\0\
\0\x0c\0\0\0\0\0\0\0\x0c\0\0\0\x55\x30\0\0\x02\0\0\x0c\x95\x01\0\0\0\0\0\0\x04\
\0\0\x0d\0\0\0\0\0\0\0\0\x24\0\0\0\0\0\0\0\x0c\0\0\0\0\0\0\0\x0c\0\0\0\0\0\0\0\
\x0c\0\0\0\x68\x30\0\0\x02\0\0\x0c\x97\x01\0\0\0\0\0\0\x01\0\0\x0d\x5b\0\0\0\
\x81\x1a\0\0\x8a\x01\0\0\x6b\x34\0\0\x01\0\0\x0c\x99\x01\0\0\0\0\0\0\0\0\0\x03\
\0\0\0\0\xbd\0\0\0\x04\0\0\0\x04\0\0\0\xe6\x34\0\0\0\0\0\x0e\x9b\x01\0\0\x01\0\
\0\0\0\0\0\0\0\0\0\x0a\x9e\x01\0\0\0\0\0\0\0\0\0\x09\x52\0\0\0\xee\x34\0\0\0\0\
\0\x0e\x9d\x01\0\0\x01\0\0\0\xf6\x34\0\0\0\0\0\x0e\x9d\x01\0\0\x01\0\0\0\0\0\0\
\0\0\0\0\x0a\xa2\x01\0\0\0\0\0\0\0\0\0\x09\x0c\0\0\0\xfe\x34\0\0\0\0\0\x0e\xa1\
\x01\0\0\x01\0\0\0\x07\x35\0\0\0\0\0\x0e\xa1\x01\0\0\x01\0\0\0\x14\x35\0\0\0\0\
\0\x0e\xa1\x01\0\0\x01\0\0\0\0\0\0\0\0\0\0\x0a\xa7\x01\0\0\0\0\0\0\0\0\0\x09\
\x08\0\0\0\x2b\x35\0\0\0\0\0\x0e\xa6\x01\0\0\x01\0\0\0\x33\x35\0\0\x27\0\0\x04\
\xa8\x01\0\0\x41\x35\0\0\xaa\x01\0\0\0\0\0\0\x4c\x35\0\0\xac\x01\0\0\x40\0\0\0\
\x54\x35\0\0\xac\x01\0\0\x80\0\0\0\x5c\x35\0\0\xae\x01\0\0\xc0\0\0\0\x65\x35\0\
\0\xb0\x01\0\0\0\x01\0\0\x6a\x35\0\0\xac\x01\0\0\x40\x01\0\0\x73\x35\0\0\xb0\
\x01\0\0\x80\x01\0\0\x7b\x35\0\0\xb2\x01\0\0\xc0\x01\0\0\x84\x35\0\0\xac\x01\0\
\0\0\x02\0\0\x8e\x35\0\0\xb4\x01\0\0\x40\x02\0\0\x94\x35\0\0\xb4\x01\0\0\x80\
\x02\0\0\xa6\x35\0\0\xb6\x01\0\0\xc0\x02\0\0\xb1\x35\0\0\xb8\x01\0\0\0\x03\0\0\
\xbd\x35\0\0\xbc\x01\0\0\x40\x03\0\0\xc9\x35\0\0\xbe\x01\0\0\x80\x03\0\0\xd5\
\x35\0\0\xc2\x01\0\0\xc0\x03\0\0\xe1\x35\0\0\xc7\x01\0\0\0\x04\0\0\xeb\x35\0\0\
\xcb\x01\0\0\x40\x04\0\0\xf5\x35\0\0\xb0\x01\0\0\x80\x04\0\0\xfc\x35\0\0\xb0\
\x01\0\0\xc0\x04\0\0\x04\x36\0\0\xcf\x01\0\0\0\x05\0\0\x09\x36\0\0\xd6\x01\0\0\
\x40\x05\0\0\x12\x36\0\0\xd8\x01\0\0\x80\x05\0\0\x1c\x36\0\0\xda\x01\0\0\xc0\
\x05\0\0\x28\x36\0\0\x11\x02\0\0\0\x06\0\0\x34\x36\0\0\x13\x02\0\0\x40\x06\0\0\
\x45\x36\0\0\x15\x02\0\0\x80\x06\0\0\x51\x36\0\0\x15\x02\0\0\xc0\x06\0\0\x64\
\x36\0\0\x17\x02\0\0\0\x07\0\0\x76\x36\0\0\x19\x02\0\0\x40\x07\0\0\x81\x36\0\0\
\x19\x02\0\0\x80\x07\0\0\x8d\x36\0\0\x1b\x02\0\0\xc0\x07\0\0\x92\x36\0\0\x1d\
\x02\0\0\0\x08\0\0\x97\x36\0\0\x08\0\0\0\x40\x08\0\0\x1e\x01\0\0\x0c\0\0\0\x80\
\x08\0\0\xaa\x36\0\0\x08\0\0\0\xc0\x08\0\0\xb5\x36\0\0\x08\0\0\0\xe0\x08\0\0\
\xc3\x36\0\0\x0c\0\0\0\0\x09\0\0\xcf\x36\0\0\x22\x02\0\0\x40\x09\0\0\0\0\0\0\0\
\0\0\x02\xab\x01\0\0\0\0\0\0\x03\0\0\x0d\x5b\0\0\0\0\0\0\0\x24\0\0\0\0\0\0\0\
\x5b\0\0\0\0\0\0\0\x0c\0\0\0\0\0\0\0\0\0\0\x02\xad\x01\0\0\0\0\0\0\x02\0\0\x0d\
\0\0\0\0\0\0\0\0\x24\0\0\0\0\0\0\0\x0c\0\0\0\0\0\0\0\0\0\0\x02\xaf\x01\0\0\0\0\
\0\0\x02\0\0\x0d\0\0\0\0\0\0\0\0\x5b\0\0\0\0\0\0\0\x24\0\0\0\0\0\0\0\0\0\0\x02\
\xb1\x01\0\0\0\0\0\0\x01\0\0\x0d\0\0\0\0\0\0\0\0\x24\0\0\0\0\0\0\0\0\0\0\x02\
\xb3\x01\0\0\0\0\0\0\x02\0\0\x0d\0\0\0\0\0\0\0\0\x24\0\0\0\0\0\0\0\x52\0\0\0\0\
\0\0\0\0\0\0\x02\xb5\x01\0\0\0\0\0\0\x02\0\0\x0d\x52\0\0\0\0\0\0\0\x24\0\0\0\0\
\0\0\0\x24\0\0\0\0\0\0\0\0\0\0\x02\xb7\x01\0\0\0\0\0\0\x02\0\0\x0d\0\0\0\0\0\0\
\0\0\x24\0\0\0\0\0\0\0\x08\0\0\0\0\0\0\0\0\0\0\x02\xb9\x01\0\0\0\0\0\0\x02\0\0\
\x0d\0\0\0\0\0\0\0\0\x24\0\0\0\0\0\0\0\xba\x01\0\0\0\0\0\0\0\0\0\x02\xbb\x01\0\
\0\0\0\0\0\0\0\0\x0a\x6c\0\0\0\0\0\0\0\0\0\0\x02\xbd\x01\0\0\0\0\0\0\x02\0\0\
\x0d\0\0\0\0\0\0\0\0\x5b\0\0\0\0\0\0\0\x52\0\0\0\0\0\0\0\0\0\0\x02\xbf\x01\0\0\
\0\0\0\0\x02\0\0\x0d\0\0\0\0\0\0\0\0\x5b\0\0\0\0\0\0\0\xc0\x01\0\0\0\0\0\0\0\0\
\0\x02\xc1\x01\0\0\xd4\x36\0\0\0\0\0\x04\0\0\0\0\0\0\0\0\0\0\0\x02\xc3\x01\0\0\
\0\0\0\0\x02\0\0\x0d\0\0\0\0\0\0\0\0\x5b\0\0\0\0\0\0\0\xc4\x01\0\0\0\0\0\0\0\0\
\0\x02\xc5\x01\0\0\xe9\x36\0\0\x02\0\0\x04\x10\0\0\0\xfe\x36\0\0\xc6\x01\0\0\0\
\0\0\0\xe4\x1d\0\0\x24\0\0\0\x40\0\0\0\x05\x37\0\0\x04\0\0\x06\x04\0\0\0\x1c\
\x37\0\0\0\0\0\0\x2f\x37\0\0\x01\0\0\0\x42\x37\0\0\x02\0\0\0\x57\x37\0\0\x03\0\
\0\0\0\0\0\0\0\0\0\x02\xc8\x01\0\0\0\0\0\0\x02\0\0\x0d\x5b\0\0\0\0\0\0\0\x24\0\
\0\0\0\0\0\0\xc9\x01\0\0\0\0\0\0\0\0\0\x02\xca\x01\0\0\x6f\x37\0\0\x02\0\0\x04\
\x10\0\0\0\x82\x37\0\0\x52\0\0\0\0\0\0\0\xc3\x1e\0\0\x61\0\0\0\x40\0\0\0\0\0\0\
\0\0\0\0\x02\xcc\x01\0\0\0\0\0\0\x02\0\0\x0d\0\0\0\0\0\0\0\0\x24\0\0\0\0\0\0\0\
\xcd\x01\0\0\0\0\0\0\0\0\0\x02\xce\x01\0\0\x87\x37\0\0\x01\0\0\x04\x01\0\0\0\
\x9a\x37\0\0\x52\0\0\0\0\0\0\0\0\0\0\0\0\0\0\x02\xd0\x01\0\0\0\0\0\0\x01\0\0\
\x0d\0\0\0\0\0\0\0\0\xd1\x01\0\0\0\0\0\0\0\0\0\x02\xd2\x01\0\0\xa4\x37\0\0\x05\
\0\0\x04\x28\0\0\0\xb1\x37\0\0\xd3\x01\0\0\0\0\0\0\x41\x04\0\0\x3b\0\0\0\x40\0\
\0\0\xfe\x36\0\0\xd4\x01\0\0\x80\0\0\0\xb6\x37\0\0\x0c\0\0\0\xc0\0\0\0\xbc\x37\
\0\0\x0c\0\0\0\0\x01\0\0\xc7\x37\0\0\x09\0\0\x06\x04\0\0\0\xd5\x37\0\0\0\0\0\0\
\xe3\x37\0\0\x01\0\0\0\xf1\x37\0\0\x40\0\0\0\0\x38\0\0\x41\0\0\0\x13\x38\0\0\
\x42\0\0\0\x27\x38\0\0\x43\0\0\0\x36\x38\0\0\0\x04\0\0\x45\x38\0\0\x01\x04\0\0\
\x58\x38\0\0\x02\x04\0\0\0\0\0\0\0\0\0\x02\xd5\x01\0\0\0\0\0\0\0\0\0\x0a\xbd\0\
\0\0\0\0\0\0\0\0\0\x02\xd7\x01\0\0\0\0\0\0\x03\0\0\x0d\0\0\0\0\0\0\0\0\xd1\x01\
\0\0\0\0\0\0\x5b\0\0\0\0\0\0\0\x52\0\0\0\0\0\0\0\0\0\0\x02\xd9\x01\0\0\0\0\0\0\
\x02\0\0\x0d\0\0\0\0\0\0\0\0\xd1\x01\0\0\0\0\0\0\x24\0\0\0\0\0\0\0\0\0\0\x02\
\xdb\x01\0\0\0\0\0\0\x02\0\0\x0d\x5b\0\0\0\0\0\0\0\x61\0\0\0\0\0\0\0\x0f\x02\0\
\0\xc3\x1e\0\0\x2a\0\0\x04\x40\x07\0\0\x6d\x38\0\0\xdd\x01\0\0\0\0\0\0\x1e\x01\
\0\0\x27\0\0\0\x80\x06\0\0\x72\x38\0\0\x02\0\0\0\xc0\x06\0\0\x78\x38\0\0\x02\0\
\0\0\xe0\x06\0\0\x82\x38\0\0\x02\0\0\0\0\x07\0\0\x91\x38\0\0\x02\0\0\0\x20\x07\
\0\0\xa6\x38\0\0\x02\0\0\0\x40\x07\0\0\xb6\x38\0\0\x02\0\0\0\x60\x07\0\0\xc9\
\x38\0\0\x02\0\0\0\x80\x07\0\0\xe6\x38\0\0\x02\0\0\0\xa0\x07\0\0\x05\x39\0\0\
\x02\0\0\0\xc0\x07\0\0\x1a\x39\0\0\xe9\x01\0\0\0\x08\0\0\x1d\x39\0\0\xea\x01\0\
\0\x40\x08\0\0\x28\x39\0\0\xea\x01\0\0\0\x0a\0\0\x34\x39\0\0\xeb\x01\0\0\xc0\
\x0b\0\0\x3e\x39\0\0\x31\0\0\0\0\x11\0\0\x4e\x39\0\0\x31\0\0\0\x10\x11\0\0\x5e\
\x39\0\0\x31\0\0\0\x20\x11\0\0\x72\x39\0\0\x31\0\0\0\x30\x11\0\0\x86\x39\0\0\
\xee\x01\0\0\x40\x11\0\0\x8d\x39\0\0\xef\x01\0\0\x80\x14\0\0\x9d\x39\0\0\xf0\
\x01\0\0\x40\x16\0\0\xa2\x39\0\0\x38\0\0\0\x80\x16\0\0\xad\x39\0\0\xf1\x01\0\0\
\0\x17\0\0\xb5\x39\0\0\x61\0\0\0\x80\x1d\0\0\xbe\x39\0\0\x61\0\0\0\xc0\x1d\0\0\
\xcb\x39\0\0\xf2\x01\0\0\0\x1e\0\0\xd5\x39\0\0\x38\0\0\0\x40\x1e\0\0\xe4\x39\0\
\0\xf3\x01\0\0\0\x20\0\0\xea\x39\0\0\x61\0\0\0\0\x20\0\0\xfb\x39\0\0\xf5\x01\0\
\0\x40\x20\0\0\x06\x3a\0\0\xf5\x01\0\0\x80\x21\0\0\x40\x06\0\0\x90\0\0\0\xc0\
\x22\0\0\x0c\x3a\0\0\x38\0\0\0\x80\x23\0\0\x15\x3a\0\0\xa7\0\0\0\0\x24\0\0\x23\
\x3a\0\0\x2d\x01\0\0\0\x25\0\0\x31\x3a\0\0\xe1\x01\0\0\xc0\x25\0\0\x44\x3a\0\0\
\xf7\x01\0\0\xc0\x26\0\0\x48\x3a\0\0\xf8\x01\0\0\0\x27\0\0\x4c\x3a\0\0\x0d\x02\
\0\0\x40\x38\0\0\x54\x3a\0\0\x01\x01\0\0\xc0\x38\0\0\x65\x3a\0\0\x0e\x02\0\0\0\
\x39\0\0\x6f\x3a\0\0\x0e\0\0\x04\xd0\0\0\0\xc3\x1e\0\0\x61\0\0\0\0\0\0\0\x88\
\x24\0\0\xde\x01\0\0\x40\0\0\0\x83\x3a\0\0\xdf\x01\0\0\x80\0\0\0\xab\x05\0\0\
\x38\0\0\0\0\x01\0\0\xa2\x05\0\0\x38\0\0\0\x80\x01\0\0\x8a\x3a\0\0\x38\0\0\0\0\
\x02\0\0\x0f\x1c\0\0\x02\0\0\0\x80\x02\0\0\x1e\x01\0\0\x0a\0\0\0\xa0\x02\0\0\
\x99\x3a\0\0\x0c\0\0\0\xc0\x02\0\0\xa3\x3a\0\0\x2b\0\0\0\0\x03\0\0\xae\x3a\0\0\
\xe1\x01\0\0\x40\x03\0\0\xbb\x3a\0\0\xe6\x01\0\0\x40\x04\0\0\x9b\x05\0\0\xe8\
\x01\0\0\0\x06\0\0\x82\x38\0\0\x02\0\0\0\x40\x06\0\0\0\0\0\0\0\0\0\x02\x6a\x02\
\0\0\xc9\x3a\0\0\x02\0\0\x04\x10\0\0\0\xd4\x3a\0\0\x27\0\0\0\0\0\0\0\xe5\x3a\0\
\0\xe0\x01\0\0\x40\0\0\0\0\0\0\0\0\0\0\x02\x6f\x02\0\0\xea\x3a\0\0\x03\0\0\x04\
\x20\0\0\0\xe5\x3a\0\0\x5e\0\0\0\0\0\0\0\x70\x18\0\0\x38\0\0\0\x40\0\0\0\x1b\
\x15\0\0\xe2\x01\0\0\xc0\0\0\0\xf6\x3a\0\0\0\0\0\x08\xe3\x01\0\0\0\0\0\0\0\0\0\
\x02\xe4\x01\0\0\0\0\0\0\x01\0\0\x0d\0\0\0\0\0\0\0\0\xe5\x01\0\0\0\0\0\0\0\0\0\
\x02\xe1\x01\0\0\x02\x3b\0\0\x03\0\0\x04\x38\0\0\0\xf8\x14\0\0\xe1\x01\0\0\0\0\
\0\0\x61\x0b\0\0\xa3\0\0\0\0\x01\0\0\x0b\x3b\0\0\xe7\x01\0\0\x80\x01\0\0\0\0\0\
\0\0\0\0\x02\x6c\x02\0\0\0\0\0\0\0\0\0\x02\xdd\x01\0\0\0\0\0\0\0\0\0\x02\x66\
\x02\0\0\x0e\x3b\0\0\x03\0\0\x04\x38\0\0\0\x1a\x39\0\0\xe9\x01\0\0\0\0\0\0\x1a\
\x3b\0\0\x27\0\0\0\x40\0\0\0\x26\x3b\0\0\xfc\0\0\0\x80\0\0\0\0\0\0\0\0\0\0\x03\
\0\0\0\0\xea\x01\0\0\x04\0\0\0\x03\0\0\0\x61\x0b\0\0\0\0\0\x12\xdd\x01\0\0\0\0\
\0\0\0\0\0\x02\xec\x01\0\0\0\0\0\0\0\0\0\x03\0\0\0\0\xed\x01\0\0\x04\0\0\0\x0d\
\0\0\0\0\0\0\0\0\0\0\x03\0\0\0\0\x02\0\0\0\x04\0\0\0\x0d\0\0\0\0\0\0\0\0\0\0\
\x02\x67\x02\0\0\0\0\0\0\0\0\0\x03\0\0\0\0\x38\0\0\0\x04\0\0\0\x0d\0\0\0\0\0\0\
\0\0\0\0\x02\x69\x02\0\0\x33\x3b\0\0\x01\0\0\x04\0\0\0\0\x45\x3b\0\0\xf4\x01\0\
\0\0\0\0\0\0\0\0\0\0\0\0\x03\0\0\0\0\xbd\0\0\0\x04\0\0\0\0\0\0\0\x47\x3b\0\0\
\x03\0\0\x04\x28\0\0\0\x58\x3b\0\0\xf6\x01\0\0\0\0\0\0\x60\x3b\0\0\x0c\0\0\0\
\xc0\0\0\0\x6e\x3b\0\0\x0c\0\0\0\0\x01\0\0\x74\x3b\0\0\x03\0\0\x04\x18\0\0\0\
\x34\x06\0\0\x0c\0\0\0\0\0\0\0\x2e\x06\0\0\x0c\0\0\0\x40\0\0\0\x8f\x0d\0\0\x0e\
\0\0\0\x80\0\0\0\0\0\0\0\0\0\0\x02\x6b\x02\0\0\x81\x3b\0\0\x07\0\0\x04\x28\x02\
\0\0\x8c\x3b\0\0\x08\x02\0\0\0\0\0\0\x96\x3b\0\0\x0a\x02\0\0\0\x07\0\0\x1e\x01\
\0\0\x0b\x02\0\0\0\x0e\0\0\x9c\x3b\0\0\x38\0\0\0\0\x0f\0\0\xa5\x3b\0\0\x0c\x02\
\0\0\x80\x0f\0\0\x83\x3a\0\0\xdf\x01\0\0\xc0\x0f\0\0\xae\x3b\0\0\xe1\x01\0\0\
\x40\x10\0\0\x61\x0b\0\0\0\0\0\x12\xfb\x01\0\0\0\0\0\0\0\0\0\x02\xf9\x01\0\0\
\xbb\x3b\0\0\x02\0\0\x04\x10\0\0\0\x61\x0b\0\0\xa3\0\0\0\0\0\0\0\xca\x3b\0\0\
\x07\x02\0\0\x80\0\0\0\xd0\x3b\0\0\x02\0\0\x04\x18\0\0\0\x4f\x1c\0\0\x51\x01\0\
\0\0\0\0\0\0\0\0\0\xfd\x01\0\0\x40\0\0\0\0\0\0\0\x02\0\0\x05\x10\0\0\0\xe4\x3b\
\0\0\x06\x02\0\0\0\0\0\0\x54\x1c\0\0\x0c\0\0\0\0\0\0\0\0\0\0\0\0\0\0\x02\xff\
\x01\0\0\xf3\x3b\0\0\x07\0\0\x04\x68\0\0\0\0\0\0\0\0\x02\0\0\0\0\0\0\x06\x3c\0\
\0\x04\x02\0\0\x40\0\0\0\x5e\0\0\0\x05\x02\0\0\x80\0\0\0\x0a\x3c\0\0\x38\0\0\0\
\0\x01\0\0\x13\x3c\0\0\x38\0\0\0\x80\x01\0\0\x25\x10\0\0\x36\0\0\0\0\x02\0\0\
\x61\x0b\0\0\xa3\0\0\0\xc0\x02\0\0\0\0\0\0\x02\0\0\x05\x08\0\0\0\x1b\x3c\0\0\
\x01\x02\0\0\0\0\0\0\x1f\x3c\0\0\x03\x02\0\0\0\0\0\0\0\0\0\0\0\0\0\x02\x77\x02\
\0\0\x2a\x3c\0\0\0\0\0\x12\0\0\0\0\0\0\0\0\0\0\0\x02\x02\x02\0\0\0\0\0\0\0\0\0\
\x02\x78\x02\0\0\x31\x3c\0\0\x02\0\0\x04\x10\0\0\0\x48\x3c\0\0\x0d\0\0\0\0\0\0\
\0\x58\x3c\0\0\x09\0\0\0\x40\0\0\0\0\0\0\0\0\0\0\x03\0\0\0\0\xfe\x01\0\0\x04\0\
\0\0\x02\0\0\0\0\0\0\0\0\0\0\x03\0\0\0\0\xfc\x01\0\0\x04\0\0\0\0\0\0\0\0\0\0\0\
\0\0\0\x03\0\0\0\0\xfa\x01\0\0\x04\0\0\0\x1c\0\0\0\x64\x3c\0\0\x01\0\0\x04\x08\
\0\0\0\x81\x18\0\0\x8a\0\0\0\0\0\0\0\0\0\0\0\0\0\0\x03\0\0\0\0\x09\x02\0\0\x04\
\0\0\0\x1c\0\0\0\0\0\0\0\0\0\0\x03\0\0\0\0\x4c\0\0\0\x04\0\0\0\x1c\0\0\0\0\0\0\
\0\0\0\0\x02\xfb\x01\0\0\x6f\x3c\0\0\x04\0\0\x04\x0c\0\0\0\x84\x3c\0\0\x52\0\0\
\0\0\0\0\0\x8b\x3c\0\0\x52\0\0\0\x08\0\0\0\x94\x3c\0\0\x02\0\0\0\x20\0\0\0\xaa\
\x3c\0\0\x02\0\0\0\x40\0\0\0\0\0\0\0\0\0\0\x03\0\0\0\0\x61\0\0\0\x04\0\0\0\0\0\
\0\0\0\0\0\0\0\0\0\x02\x10\x02\0\0\xba\x3c\0\0\x01\0\0\x04\x04\0\0\0\xb8\0\0\0\
\x08\0\0\0\0\0\0\0\0\0\0\0\0\0\0\x02\x12\x02\0\0\0\0\0\0\x01\0\0\x0d\0\0\0\0\0\
\0\0\0\x61\0\0\0\0\0\0\0\0\0\0\x02\x14\x02\0\0\0\0\0\0\x03\0\0\x0d\x5b\0\0\0\0\
\0\0\0\x24\0\0\0\0\0\0\0\x61\0\0\0\0\0\0\0\x61\0\0\0\0\0\0\0\0\0\0\x02\x16\x02\
\0\0\0\0\0\0\x03\0\0\x0d\0\0\0\0\0\0\0\0\x24\0\0\0\0\0\0\0\x61\0\0\0\0\0\0\0\
\x61\0\0\0\0\0\0\0\0\0\0\x02\x18\x02\0\0\0\0\0\0\x02\0\0\x0d\0\0\0\0\0\0\0\0\
\x61\0\0\0\0\0\0\0\x08\0\0\0\0\0\0\0\0\0\0\x02\x1a\x02\0\0\0\0\0\0\x01\0\0\x0d\
\0\0\0\0\0\0\0\0\x5b\0\0\0\0\0\0\0\0\0\0\x02\x1c\x02\0\0\0\0\0\0\0\0\0\x0d\x5b\
\0\0\0\0\0\0\0\0\0\0\x02\x1e\x02\0\0\0\0\0\0\x01\0\0\x0d\0\0\0\0\0\0\0\0\x1f\
\x02\0\0\0\0\0\0\0\0\0\x02\x20\x02\0\0\xcf\x3c\0\0\x07\0\0\x04\x38\0\0\0\xb1\
\x37\0\0\xd3\x01\0\0\0\0\0\0\x41\x04\0\0\x3b\0\0\0\x40\0\0\0\xfe\x36\0\0\xd4\
\x01\0\0\x80\0\0\0\xdd\x3c\0\0\xf6\0\0\0\xc0\0\0\0\xe0\x3c\0\0\x08\0\0\0\0\x01\
\0\0\xe7\x3c\0\0\x21\x02\0\0\x40\x01\0\0\x04\x36\0\0\x21\x02\0\0\x80\x01\0\0\0\
\0\0\0\0\0\0\x02\xbd\0\0\0\0\0\0\0\0\0\0\x03\0\0\0\0\xbd\0\0\0\x04\0\0\0\x80\0\
\0\0\xeb\x3c\0\0\0\0\0\x0e\xa9\x01\0\0\x01\0\0\0\xf9\x3c\0\0\0\0\0\x0e\xa1\x01\
\0\0\x01\0\0\0\x0c\x3d\0\0\0\0\0\x0e\xa1\x01\0\0\x01\0\0\0\x1c\x3d\0\0\0\0\0\
\x0e\xa1\x01\0\0\x01\0\0\0\x2c\x3d\0\0\0\0\0\x0e\xa1\x01\0\0\x01\0\0\0\x3c\x3d\
\0\0\0\0\0\x0e\xa1\x01\0\0\x01\0\0\0\x53\x3d\0\0\0\0\0\x0e\xa1\x01\0\0\x01\0\0\
\0\x68\x3d\0\0\0\0\0\x0e\xa1\x01\0\0\x01\0\0\0\x7a\x3d\0\0\0\0\0\x0e\xa1\x01\0\
\0\x01\0\0\0\x8d\x3d\0\0\0\0\0\x0e\xa1\x01\0\0\x01\0\0\0\xa0\x3d\0\0\0\0\0\x0e\
\xa1\x01\0\0\x01\0\0\0\xb3\x3d\0\0\0\0\0\x0e\xa1\x01\0\0\x01\0\0\0\xc7\x3d\0\0\
\0\0\0\x0e\xa1\x01\0\0\x01\0\0\0\xde\x3d\0\0\0\0\0\x0e\xa1\x01\0\0\x01\0\0\0\
\xf6\x3d\0\0\0\0\0\x0e\xa1\x01\0\0\x01\0\0\0\x08\x3e\0\0\0\0\0\x0e\xa1\x01\0\0\
\x01\0\0\0\x19\x3e\0\0\0\0\0\x0e\xa1\x01\0\0\x01\0\0\0\x29\x3e\0\0\0\0\0\x0e\
\xa1\x01\0\0\x01\0\0\0\x3c\x3e\0\0\0\0\0\x0e\xa1\x01\0\0\x01\0\0\0\x55\x3e\0\0\
\0\0\0\x0e\xa1\x01\0\0\x01\0\0\0\x67\x3e\0\0\0\0\0\x0e\xa1\x01\0\0\x01\0\0\0\
\x84\x3e\0\0\0\0\0\x0e\xa1\x01\0\0\x01\0\0\0\x9e\x3e\0\0\0\0\0\x0e\xa1\x01\0\0\
\x01\0\0\0\xb5\x3e\0\0\0\0\0\x0e\xa1\x01\0\0\x01\0\0\0\xcb\x3e\0\0\0\0\0\x0e\
\xa1\x01\0\0\x01\0\0\0\xe1\x3e\0\0\0\0\0\x0e\xa1\x01\0\0\x01\0\0\0\xf3\x3e\0\0\
\0\0\0\x0e\xa1\x01\0\0\x01\0\0\0\x03\x3f\0\0\0\0\0\x0e\xa1\x01\0\0\x01\0\0\0\
\x13\x3f\0\0\0\0\0\x0e\xa1\x01\0\0\x01\0\0\0\x24\x3f\0\0\0\0\0\x0e\xa1\x01\0\0\
\x01\0\0\0\x37\x3f\0\0\0\0\0\x0e\xa1\x01\0\0\x01\0\0\0\x4c\x3f\0\0\0\0\0\x0e\
\xa1\x01\0\0\x01\0\0\0\x63\x3f\0\0\0\0\0\x0e\xa1\x01\0\0\x01\0\0\0\x73\x3f\0\0\
\0\0\0\x0e\xa1\x01\0\0\x01\0\0\0\x86\x3f\0\0\0\0\0\x0e\xa1\x01\0\0\x01\0\0\0\
\x96\x3f\0\0\0\0\0\x0e\xa1\x01\0\0\x01\0\0\0\xa7\x3f\0\0\0\0\0\x0e\xa1\x01\0\0\
\x01\0\0\0\xb6\x3f\0\0\0\0\0\x0e\xa1\x01\0\0\x01\0\0\0\xc8\x3f\0\0\0\0\0\x0e\
\xa1\x01\0\0\x01\0\0\0\xd8\x3f\0\0\0\0\0\x0e\xa1\x01\0\0\x01\0\0\0\xe7\x3f\0\0\
\0\0\0\x0e\xa1\x01\0\0\x01\0\0\0\xfc\x3f\0\0\0\0\0\x0e\xa1\x01\0\0\x01\0\0\0\
\x0f\x40\0\0\x03\0\0\x0f\0\0\0\0\x92\x01\0\0\0\0\0\0\0\0\0\0\x96\x01\0\0\0\0\0\
\0\0\0\0\0\x98\x01\0\0\0\0\0\0\0\0\0\0\x16\x40\0\0\x08\0\0\x0f\0\0\0\0\x10\0\0\
\0\0\0\0\0\x20\0\0\0\x17\0\0\0\0\0\0\0\x20\0\0\0\x19\0\0\0\0\0\0\0\x20\0\0\0\
\x20\0\0\0\0\0\0\0\x20\0\0\0\x7d\x01\0\0\0\0\0\0\x20\0\0\0\x81\x01\0\0\0\0\0\0\
\x20\0\0\0\x87\x01\0\0\0\0\0\0\x20\0\0\0\x89\x01\0\0\0\0\0\0\x20\0\0\0\x1c\x40\
\0\0\x2f\0\0\x0f\0\0\0\0\x9f\x01\0\0\0\0\0\0\x01\0\0\0\xa0\x01\0\0\0\0\0\0\x01\
\0\0\0\xa3\x01\0\0\0\0\0\0\x08\0\0\0\xa4\x01\0\0\0\0\0\0\x08\0\0\0\xa5\x01\0\0\
\0\0\0\0\x08\0\0\0\xa8\x01\0\0\0\0\0\0\x04\0\0\0\x24\x02\0\0\0\0\0\0\x08\0\0\0\
\x25\x02\0\0\0\0\0\0\x08\0\0\0\x26\x02\0\0\0\0\0\0\x08\0\0\0\x27\x02\0\0\0\0\0\
\0\x08\0\0\0\x28\x02\0\0\0\0\0\0\x08\0\0\0\x29\x02\0\0\0\0\0\0\x08\0\0\0\x2a\
\x02\0\0\0\0\0\0\x08\0\0\0\x2b\x02\0\0\0\0\0\0\x08\0\0\0\x2c\x02\0\0\0\0\0\0\
\x08\0\0\0\x2d\x02\0\0\0\0\0\0\x08\0\0\0\x2e\x02\0\0\0\0\0\0\x08\0\0\0\x2f\x02\
\0\0\0\0\0\0\x08\0\0\0\x30\x02\0\0\0\0\0\0\x08\0\0\0\x31\x02\0\0\0\0\0\0\x08\0\
\0\0\x32\x02\0\0\0\0\0\0\x08\0\0\0\x33\x02\0\0\0\0\0\0\x08\0\0\0\x34\x02\0\0\0\
\0\0\0\x08\0\0\0\x35\x02\0\0\0\0\0\0\x08\0\0\0\x36\x02\0\0\0\0\0\0\x08\0\0\0\
\x37\x02\0\0\0\0\0\0\x08\0\0\0\x38\x02\0\0\0\0\0\0\x08\0\0\0\x39\x02\0\0\0\0\0\
\0\x08\0\0\0\x3a\x02\0\0\0\0\0\0\x08\0\0\0\x3b\x02\0\0\0\0\0\0\x08\0\0\0\x3c\
\x02\0\0\0\0\0\0\x08\0\0\0\x3d\x02\0\0\0\0\0\0\x08\0\0\0\x3e\x02\0\0\0\0\0\0\
\x08\0\0\0\x3f\x02\0\0\0\0\0\0\x08\0\0\0\x40\x02\0\0\0\0\0\0\x08\0\0\0\x41\x02\
\0\0\0\0\0\0\x08\0\0\0\x42\x02\0\0\0\0\0\0\x08\0\0\0\x43\x02\0\0\0\0\0\0\x08\0\
\0\0\x44\x02\0\0\0\0\0\0\x08\0\0\0\x45\x02\0\0\0\0\0\0\x08\0\0\0\x46\x02\0\0\0\
\0\0\0\x08\0\0\0\x47\x02\0\0\0\0\0\0\x08\0\0\0\x48\x02\0\0\0\0\0\0\x08\0\0\0\
\x49\x02\0\0\0\0\0\0\x08\0\0\0\x4a\x02\0\0\0\0\0\0\x08\0\0\0\x4b\x02\0\0\0\0\0\
\0\x08\0\0\0\x4c\x02\0\0\0\0\0\0\x08\0\0\0\x24\x40\0\0\x01\0\0\x0f\0\0\0\0\x23\
\x02\0\0\0\0\0\0\xa8\x01\0\0\x35\x40\0\0\x01\0\0\x0f\0\0\0\0\x9c\x01\0\0\0\0\0\
\0\x04\0\0\0\x3d\x40\0\0\0\0\0\x07\0\0\0\0\x33\x08\0\0\0\0\0\x07\0\0\0\0\x61\
\x0b\0\0\0\0\0\x12\x25\0\0\0\x45\x40\0\0\0\0\0\x07\0\0\0\0\xd5\x0d\0\0\0\0\0\
\x07\0\0\0\0\xf2\x0f\0\0\0\0\0\x07\0\0\0\0\x61\x0b\0\0\0\0\0\x12\x24\x01\0\0\
\x54\x40\0\0\0\0\0\x07\0\0\0\0\x67\x40\0\0\0\0\0\x07\0\0\0\0\x71\x40\0\0\0\0\0\
\x07\0\0\0\0\x5b\x18\0\0\0\0\0\x07\0\0\0\0\x89\x09\0\0\0\0\0\x07\0\0\0\0\x7f\
\x40\0\0\0\0\0\x07\0\0\0\0\x8a\x40\0\0\0\0\0\x07\0\0\0\0\x42\x07\0\0\0\0\0\x07\
\0\0\0\0\x1c\x16\0\0\0\0\0\x07\0\0\0\0\x99\x40\0\0\0\0\0\x07\0\0\0\0\xa5\x40\0\
\0\0\0\0\x07\0\0\0\0\xb3\x40\0\0\0\0\0\x07\0\0\0\0\x61\x0b\0\0\0\0\0\x12\x64\
\x02\0\0\xbb\x40\0\0\0\0\0\x07\0\0\0\0\xc7\x40\0\0\0\0\0\x07\0\0\0\0\xd3\x40\0\
\0\0\0\0\x07\0\0\0\0\x2a\x3c\0\0\0\0\0\x12\x68\x02\0\0\xe4\x40\0\0\0\0\0\x07\0\
\0\0\0\xf2\x40\0\0\0\0\0\x07\0\0\0\0\xfc\x40\0\0\0\0\0\x07\0\0\0\0\x0d\x41\0\0\
\0\0\0\x07\0\0\0\0\x16\x41\0\0\0\0\0\x07\0\0\0\0\x21\x41\0\0\0\0\0\x07\0\0\0\0\
\x31\x41\0\0\0\0\0\x07\0\0\0\0\x3c\x41\0\0\0\0\0\x07\0\0\0\0\x61\x0b\0\0\0\0\0\
\x12\x71\x02\0\0\x61\x0b\0\0\0\0\0\x12\x54\x01\0\0\x4e\x41\0\0\0\0\0\x07\0\0\0\
\0\x61\x0b\0\0\0\0\0\x12\x74\x02\0\0\x5a\x41\0\0\0\0\0\x07\0\0\0\0\x64\x41\0\0\
\0\0\0\x07\0\0\0\0\x77\x41\0\0\0\0\0\x07\0\0\0\0\x8e\x41\0\0\0\0\0\x07\0\0\0\0\
\x5e\0\0\0\0\0\0\x07\0\0\0\0\x24\x16\0\0\0\0\0\x07\0\0\0\0\x98\x41\0\0\0\0\0\
\x07\0\0\0\0\xaf\x41\0\0\0\0\0\x07\0\0\0\0\xc2\x41\0\0\0\0\0\x07\0\0\0\0\xf8\
\x19\0\0\0\0\0\x07\0\0\0\0\xce\x41\0\0\0\0\0\x07\0\0\0\0\xde\x41\0\0\0\0\0\x07\
\0\0\0\0\x86\x05\0\0\0\0\0\x07\0\0\0\0\x4f\x08\0\0\0\0\0\x07\0\0\0\0\xec\x41\0\
\0\0\0\0\x07\0\0\0\0\xfd\x41\0\0\0\0\0\x07\0\0\0\0\x61\x0b\0\0\0\0\0\x12\x23\
\x01\0\0\x0a\x42\0\0\0\0\0\x07\0\0\0\0\x21\x42\0\0\0\0\0\x07\0\0\0\0\x36\x42\0\
\0\0\0\0\x07\0\0\0\0\x46\x42\0\0\0\0\0\x07\0\0\0\0\x58\x42\0\0\0\0\0\x07\0\0\0\
\0\x64\x42\0\0\0\0\0\x07\0\0\0\0\x73\x42\0\0\0\0\0\x07\0\0\0\0\xc7\x01\0\0\0\0\
\0\x07\0\0\0\0\x7e\x42\0\0\0\0\0\x07\0\0\0\0\x87\x42\0\0\0\0\0\x07\0\0\0\0\x18\
\x13\0\0\0\0\0\x12\x90\x02\0\0\x99\x42\0\0\0\0\0\x07\0\0\0\0\x18\x13\0\0\0\0\0\
\x12\x92\x02\0\0\xa8\x42\0\0\0\0\0\x07\0\0\0\0\x18\x13\0\0\0\0\0\x12\x94\x02\0\
\0\xf3\x06\0\0\0\0\0\x07\0\0\0\0\xaf\x42\0\0\0\0\0\x07\0\0\0\0\xbd\x42\0\0\0\0\
\0\x07\0\0\0\0\xca\x42\0\0\0\0\0\x07\0\0\0\0\xd8\x42\0\0\0\0\0\x07\0\0\0\0\xe1\
\x42\0\0\0\0\0\x07\0\0\0\0\xef\x42\0\0\0\0\0\x07\0\0\0\0\x61\x0b\0\0\0\0\0\x12\
\x9c\x02\0\0\xfe\x42\0\0\0\0\0\x07\0\0\0\0\x0d\x43\0\0\0\0\0\x07\0\0\0\0\x41\
\x08\0\0\0\0\0\x07\0\0\0\0\x5a\x08\0\0\0\0\0\x07\0\0\0\0\x1d\x43\0\0\0\0\0\x07\
\0\0\0\0\x18\x13\0\0\0\0\0\x12\xa2\x02\0\0\x2e\x43\0\0\0\0\0\x07\0\0\0\0\xb4\
\x09\0\0\0\0\0\x07\0\0\0\0\x18\x13\0\0\0\0\0\x12\xa5\x02\0\0\x3d\x43\0\0\0\0\0\
\x07\0\0\0\0\x4d\x43\0\0\0\0\0\x07\0\0\0\0\x59\x43\0\0\0\0\0\x07\0\0\0\0\xd4\
\x0b\0\0\0\0\0\x07\0\0\0\0\xff\x18\0\0\0\0\0\x07\0\0\0\0\x65\x43\0\0\0\0\0\x07\
\0\0\0\0\0\x69\x6e\x74\0\x5f\x5f\x41\x52\x52\x41\x59\x5f\x53\x49\x5a\x45\x5f\
\x54\x59\x50\x45\x5f\x5f\0\x75\x33\x32\0\x5f\x5f\x75\x33\x32\0\x75\x6e\x73\x69\
\x67\x6e\x65\x64\x20\x69\x6e\x74\0\x75\x36\x34\0\x5f\x5f\x75\x36\x34\0\x75\x6e\
\x73\x69\x67\x6e\x65\x64\x20\x6c\x6f\x6e\x67\x20\x6c\x6f\x6e\x67\0\x74\x79\x70\
\x65\0\x6d\x61\x78\x5f\x65\x6e\x74\x72\x69\x65\x73\0\x6b\x65\x79\0\x76\x61\x6c\
\x75\x65\0\x6d\x69\x6e\x5f\x76\x72\x75\x6e\x74\x69\x6d\x65\0\x70\x69\x64\x5f\
\x74\0\x5f\x5f\x6b\x65\x72\x6e\x65\x6c\x5f\x70\x69\x64\x5f\x74\0\x61\x66\x6c\
\x5f\x77\x65\x69\x67\x68\x74\x73\0\x61\x66\x6c\x5f\x62\x6f\x6f\x73\x74\x5f\x75\
\x6e\x74\x69\x6c\0\x74\x61\x73\x6b\x5f\x63\x74\x78\0\x76\x72\x75\x6e\x74\x69\
\x6d\x65\0\x77\x65\x69\x67\x68\x74\0\x65\x6e\x71\x75\x65\x75\x65\x64\x5f\x61\
\x74\0\x6d\x61\x70\x5f\x66\x6c\x61\x67\x73\0\x74\x61\x73\x6b\x5f\x63\x74\x78\
\x5f\x73\x74\x6f\x72\x61\x67\x65\0\x74\x61\x73\x6b\x5f\x73\x74\x72\x75\x63\x74\
\0\x74\x68\x72\x65\x61\x64\x5f\x69\x6e\x66\x6f\0\x5f\x5f\x73\x74\x61\x74\x65\0\
\x73\x61\x76\x65\x64\x5f\x73\x74\x61\x74\x65\0\x73\x74\x61\x63\x6b\0\x75\x73\
\x61\x67\x65\0\x66\x6c\x61\x67\x73\0\x70\x74\x72\x61\x63\x65\0\x6f\x6e\x5f\x63\
\x70\x75\0\x77\x61\x6b\x65\x5f\x65\x6e\x74\x72\x79\0\x77\x61\x6b\x65\x65\x5f\
\x66\x6c\x69\x70\x73\0\x77\x61\x6b\x65\x65\x5f\x66\x6c\x69\x70\x5f\x64\x65\x63\
\x61\x79\x5f\x74\x73\0\x6c\x61\x73\x74\x5f\x77\x61\x6b\x65\x65\0\x72\x65\x63\
\x65\x6e\x74\x5f\x75\x73\x65\x64\x5f\x63\x70\x75\0\x77\x61\x6b\x65\x5f\x63\x70\
\x75\0\x6f\x6e\x5f\x72\x71\0\x70\x72\x69\x6f\0\x73\x74\x61\x74\x69\x63\x5f\x70\
\x72\x69\x6f\0\x6e\x6f\x72\x6d\x61\x6c\x5f\x70\x72\x69\x6f\0\x72\x74\x5f\x70\
\x72\x69\x6f\x72\x69\x74\x79\0\x73\x65\0\x72\x74\0\x64\x6c\0\x64\x6c\x5f\x73\
\x65\x72\x76\x65\x72\0\x73\x63\x78\0\x73\x63\x68\x65\x64\x5f\x63\x6c\x61\x73\
\x73\0\x63\x6f\x72\x65\x5f\x6e\x6f\x64\x65\0\x63\x6f\x72\x65\x5f\x63\x6f\x6f\
\x6b\x69\x65\0\x63\x6f\x72\x65\x5f\x6f\x63\x63\x75\x70\x61\x74\x69\x6f\x6e\0\
\x73\x63\x68\x65\x64\x5f\x74\x61\x73\x6b\x5f\x67\x72\x6f\x75\x70\0\x75\x63\x6c\
\x61\x6d\x70\x5f\x72\x65\x71\0\x75\x63\x6c\x61\x6d\x70\0\x73\x74\x61\x74\x73\0\
\x62\x74\x72\x61\x63\x65\x5f\x73\x65\x71\0\x70\x6f\x6c\x69\x63\x79\0\x6d\x61\
\x78\x5f\x61\x6c\x6c\x6f\x77\x65\x64\x5f\x63\x61\x70\x61\x63\x69\x74\x79\0\x6e\
\x72\x5f\x63\x70\x75\x73\x5f\x61\x6c\x6c\x6f\x77\x65\x64\0\x63\x70\x75\x73\x5f\
\x70\x74\x72\0\x75\x73\x65\x72\x5f\x63\x70\x75\x73\x5f\x70\x74\x72\0\x63\x70\
\x75\x73\x5f\x6d\x61\x73\x6b\0\x6d\x69\x67\x72\x61\x74\x69\x6f\x6e\x5f\x70\x65\
\x6e\x64\x69\x6e\x67\0\x6d\x69\x67\x72\x61\x74\x69\x6f\x6e\x5f\x64\x69\x73\x61\
\x62\x6c\x65\x64\0\x6d\x69\x67\x72\x61\x74\x69\x6f\x6e\x5f\x66\x6c\x61\x67\x73\
\0\x72\x63\x75\x5f\x72\x65\x61\x64\x5f\x6c\x6f\x63\x6b\x5f\x6e\x65\x73\x74\x69\
\x6e\x67\0\x72\x63\x75\x5f\x72\x65\x61\x64\x5f\x75\x6e\x6c\x6f\x63\x6b\x5f\x73\
\x70\x65\x63\x69\x61\x6c\0\x72\x63\x75\x5f\x6e\x6f\x64\x65\x5f\x65\x6e\x74\x72\
\x79\0\x72\x63\x75\x5f\x62\x6c\x6f\x63\x6b\x65\x64\x5f\x6e\x6f\x64\x65\0\x72\
\x63\x75\x5f\x74\x61\x73\x6b\x73\x5f\x6e\x76\x63\x73\x77\0\x72\x63\x75\x5f\x74\
\x61\x73\x6b\x73\x5f\x68\x6f\x6c\x64\x6f\x75\x74\0\x72\x63\x75\x5f\x74\x61\x73\
\x6b\x73\x5f\x69\x64\x78\0\x72\x63\x75\x5f\x74\x61\x73\x6b\x73\x5f\x69\x64\x6c\
\x65\x5f\x63\x70\x75\0\x72\x63\x75\x5f\x74\x61\x73\x6b\x73\x5f\x68\x6f\x6c\x64\
\x6f\x75\x74\x5f\x6c\x69\x73\x74\0\x72\x63\x75\x5f\x74\x61\x73\x6b\x73\x5f\x65\
\x78\x69\x74\x5f\x63\x70\x75\0\x72\x63\x75\x5f\x74\x61\x73\x6b\x73\x5f\x65\x78\
\x69\x74\x5f\x6c\x69\x73\x74\0\x74\x72\x63\x5f\x72\x65\x61\x64\x65\x72\x5f\x6e\
\x65\x73\x74\x69\x6e\x67\0\x74\x72\x63\x5f\x69\x70\x69\x5f\x74\x6f\x5f\x63\x70\
\x75\0\x74\x72\x63\x5f\x72\x65\x61\x64\x65\x72\x5f\x73\x70\x65\x63\x69\x61\x6c\
\0\x74\x72\x63\x5f\x68\x6f\x6c\x64\x6f\x75\x74\x5f\x6c\x69\x73\x74\0\x74\x72\
\x63\x5f\x62\x6c\x6b\x64\x5f\x6e\x6f\x64\x65\0\x74\x72\x63\x5f\x62\x6c\x6b\x64\
\x5f\x63\x70\x75\0\x73\x63\x68\x65\x64\x5f\x69\x6e\x66\x6f\0\x74\x61\x73\x6b\
\x73\0\x70\x75\x73\x68\x61\x62\x6c\x65\x5f\x74\x61\x73\x6b\x73\0\x70\x75\x73\
\x68\x61\x62\x6c\x65\x5f\x64\x6c\x5f\x74\x61\x73\x6b\x73\0\x6d\x6d\0\x61\x63\
\x74\x69\x76\x65\x5f\x6d\x6d\0\x66\x61\x75\x6c\x74\x73\x5f\x64\x69\x73\x61\x62\
\x6c\x65\x64\x5f\x6d\x61\x70\x70\x69\x6e\x67\0\x65\x78\x69\x74\x5f\x73\x74\x61\
\x74\x65\0\x65\x78\x69\x74\x5f\x63\x6f\x64\x65\0\x65\x78\x69\x74\x5f\x73\x69\
\x67\x6e\x61\x6c\0\x70\x64\x65\x61\x74\x68\x5f\x73\x69\x67\x6e\x61\x6c\0\x6a\
\x6f\x62\x63\x74\x6c\0\x70\x65\x72\x73\x6f\x6e\x61\x6c\x69\x74\x79\0\x73\x63\
\x68\x65\x64\x5f\x72\x65\x73\x65\x74\x5f\x6f\x6e\x5f\x66\x6f\x72\x6b\0\x73\x63\
\x68\x65\x64\x5f\x63\x6f\x6e\x74\x72\x69\x62\x75\x74\x65\x73\x5f\x74\x6f\x5f\
\x6c\x6f\x61\x64\0\x73\x63\x68\x65\x64\x5f\x6d\x69\x67\x72\x61\x74\x65\x64\0\
\x73\x63\x68\x65\x64\x5f\x74\x61\x73\x6b\x5f\x68\x6f\x74\0\x73\x63\x68\x65\x64\
\x5f\x72\x65\x6d\x6f\x74\x65\x5f\x77\x61\x6b\x65\x75\x70\0\x73\x63\x68\x65\x64\
\x5f\x72\x74\x5f\x6d\x75\x74\x65\x78\0\x69\x6e\x5f\x65\x78\x65\x63\x76\x65\0\
\x69\x6e\x5f\x69\x6f\x77\x61\x69\x74\0\x72\x65\x73\x74\x6f\x72\x65\x5f\x73\x69\
\x67\x6d\x61\x73\x6b\0\x6e\x6f\x5f\x63\x67\x72\x6f\x75\x70\x5f\x6d\x69\x67\x72\
\x61\x74\x69\x6f\x6e\0\x66\x72\x6f\x7a\x65\x6e\0\x75\x73\x65\x5f\x6d\x65\x6d\
\x64\x65\x6c\x61\x79\0\x69\x6e\x5f\x6d\x65\x6d\x73\x74\x61\x6c\x6c\0\x69\x6e\
\x5f\x65\x76\x65\x6e\x74\x66\x64\0\x72\x65\x70\x6f\x72\x74\x65\x64\x5f\x73\x70\
\x6c\x69\x74\x5f\x6c\x6f\x63\x6b\0\x69\x6e\x5f\x74\x68\x72\x61\x73\x68\x69\x6e\
\x67\0\x61\x74\x6f\x6d\x69\x63\x5f\x66\x6c\x61\x67\x73\0\x72\x65\x73\x74\x61\
\x72\x74\x5f\x62\x6c\x6f\x63\x6b\0\x70\x69\x64\0\x74\x67\x69\x64\0\x72\x65\x61\
\x6c\x5f\x70\x61\x72\x65\x6e\x74\0\x70\x61\x72\x65\x6e\x74\0\x63\x68\x69\x6c\
\x64\x72\x65\x6e\0\x73\x69\x62\x6c\x69\x6e\x67\0\x67\x72\x6f\x75\x70\x5f\x6c\
\x65\x61\x64\x65\x72\0\x70\x74\x72\x61\x63\x65\x64\0\x70\x74\x72\x61\x63\x65\
\x5f\x65\x6e\x74\x72\x79\0\x74\x68\x72\x65\x61\x64\x5f\x70\x69\x64\0\x70\x69\
\x64\x5f\x6c\x69\x6e\x6b\x73\0\x74\x68\x72\x65\x61\x64\x5f\x6e\x6f\x64\x65\0\
\x76\x66\x6f\x72\x6b\x5f\x64\x6f\x6e\x65\0\x73\x65\x74\x5f\x63\x68\x69\x6c\x64\
\x5f\x74\x69\x64\0\x63\x6c\x65\x61\x72\x5f\x63\x68\x69\x6c\x64\x5f\x74\x69\x64\
\0\x77\x6f\x72\x6b\x65\x72\x5f\x70\x72\x69\x76\x61\x74\x65\0\x75\x74\x69\x6d\
\x65\0\x73\x74\x69\x6d\x65\0\x67\x74\x69\x6d\x65\0\x70\x72\x65\x76\x5f\x63\x70\
\x75\x74\x69\x6d\x65\0\x76\x74\x69\x6d\x65\0\x74\x69\x63\x6b\x5f\x64\x65\x70\
\x5f\x6d\x61\x73\x6b\0\x6e\x76\x63\x73\x77\0\x6e\x69\x76\x63\x73\x77\0\x73\x74\
\x61\x72\x74\x5f\x74\x69\x6d\x65\0\x73\x74\x61\x72\x74\x5f\x62\x6f\x6f\x74\x74\
\x69\x6d\x65\0\x6d\x69\x6e\x5f\x66\x6c\x74\0\x6d\x61\x6a\x5f\x66\x6c\x74\0\x70\
\x6f\x73\x69\x78\x5f\x63\x70\x75\x74\x69\x6d\x65\x72\x73\0\x70\x6f\x73\x69\x78\
\x5f\x63\x70\x75\x74\x69\x6d\x65\x72\x73\x5f\x77\x6f\x72\x6b\0\x70\x74\x72\x61\
\x63\x65\x72\x5f\x63\x72\x65\x64\0\x72\x65\x61\x6c\x5f\x63\x72\x65\x64\0\x63\
\x72\x65\x64\0\x63\x61\x63\x68\x65\x64\x5f\x72\x65\x71\x75\x65\x73\x74\x65\x64\
\x5f\x6b\x65\x79\0\x63\x6f\x6d\x6d\0\x6e\x61\x6d\x65\x69\x64\x61\x74\x61\0\x73\
\x79\x73\x76\x73\x65\x6d\0\x73\x79\x73\x76\x73\x68\x6d\0\x6c\x61\x73\x74\x5f\
\x73\x77\x69\x74\x63\x68\x5f\x63\x6f\x75\x6e\x74\0\x6c\x61\x73\x74\x5f\x73\x77\
\x69\x74\x63\x68\x5f\x74\x69\x6d\x65\0\x66\x73\0\x66\x69\x6c\x65\x73\0\x69\x6f\
\x5f\x75\x72\x69\x6e\x67\0\x6e\x73\x70\x72\x6f\x78\x79\0\x73\x69\x67\x6e\x61\
\x6c\0\x73\x69\x67\x68\x61\x6e\x64\0\x62\x6c\x6f\x63\x6b\x65\x64\0\x72\x65\x61\
\x6c\x5f\x62\x6c\x6f\x63\x6b\x65\x64\0\x73\x61\x76\x65\x64\x5f\x73\x69\x67\x6d\
\x61\x73\x6b\0\x70\x65\x6e\x64\x69\x6e\x67\0\x73\x61\x73\x5f\x73\x73\x5f\x73\
\x70\0\x73\x61\x73\x5f\x73\x73\x5f\x73\x69\x7a\x65\0\x73\x61\x73\x5f\x73\x73\
\x5f\x66\x6c\x61\x67\x73\0\x74\x61\x73\x6b\x5f\x77\x6f\x72\x6b\x73\0\x73\x65\
\x63\x63\x6f\x6d\x70\0\x73\x79\x73\x63\x61\x6c\x6c\x5f\x64\x69\x73\x70\x61\x74\
\x63\x68\0\x70\x61\x72\x65\x6e\x74\x5f\x65\x78\x65\x63\x5f\x69\x64\0\x73\x65\
\x6c\x66\x5f\x65\x78\x65\x63\x5f\x69\x64\0\x61\x6c\x6c\x6f\x63\x5f\x6c\x6f\x63\
\x6b\0\x70\x69\x5f\x6c\x6f\x63\x6b\0\x77\x61\x6b\x65\x5f\x71\0\x70\x69\x5f\x77\
\x61\x69\x74\x65\x72\x73\0\x70\x69\x5f\x74\x6f\x70\x5f\x74\x61\x73\x6b\0\x70\
\x69\x5f\x62\x6c\x6f\x63\x6b\x65\x64\x5f\x6f\x6e\0\x6a\x6f\x75\x72\x6e\x61\x6c\
\x5f\x69\x6e\x66\x6f\0\x62\x69\x6f\x5f\x6c\x69\x73\x74\0\x70\x6c\x75\x67\0\x72\
\x65\x63\x6c\x61\x69\x6d\x5f\x73\x74\x61\x74\x65\0\x69\x6f\x5f\x63\x6f\x6e\x74\
\x65\x78\x74\0\x63\x61\x70\x74\x75\x72\x65\x5f\x63\x6f\x6e\x74\x72\x6f\x6c\0\
\x70\x74\x72\x61\x63\x65\x5f\x6d\x65\x73\x73\x61\x67\x65\0\x6c\x61\x73\x74\x5f\
\x73\x69\x67\x69\x6e\x66\x6f\0\x69\x6f\x61\x63\0\x70\x73\x69\x5f\x66\x6c\x61\
\x67\x73\0\x61\x63\x63\x74\x5f\x72\x73\x73\x5f\x6d\x65\x6d\x31\0\x61\x63\x63\
\x74\x5f\x76\x6d\x5f\x6d\x65\x6d\x31\0\x61\x63\x63\x74\x5f\x74\x69\x6d\x65\x78\
\x70\x64\0\x6d\x65\x6d\x73\x5f\x61\x6c\x6c\x6f\x77\x65\x64\0\x6d\x65\x6d\x73\
\x5f\x61\x6c\x6c\x6f\x77\x65\x64\x5f\x73\x65\x71\0\x63\x70\x75\x73\x65\x74\x5f\
\x6d\x65\x6d\x5f\x73\x70\x72\x65\x61\x64\x5f\x72\x6f\x74\x6f\x72\0\x63\x67\x72\
\x6f\x75\x70\x73\0\x63\x67\x5f\x6c\x69\x73\x74\0\x72\x6f\x62\x75\x73\x74\x5f\
\x6c\x69\x73\x74\0\x70\x69\x5f\x73\x74\x61\x74\x65\x5f\x6c\x69\x73\x74\0\x70\
\x69\x5f\x73\x74\x61\x74\x65\x5f\x63\x61\x63\x68\x65\0\x66\x75\x74\x65\x78\x5f\
\x65\x78\x69\x74\x5f\x6d\x75\x74\x65\x78\0\x66\x75\x74\x65\x78\x5f\x73\x74\x61\
\x74\x65\0\x70\x65\x72\x66\x5f\x72\x65\x63\x75\x72\x73\x69\x6f\x6e\0\x70\x65\
\x72\x66\x5f\x65\x76\x65\x6e\x74\x5f\x63\x74\x78\x70\0\x70\x65\x72\x66\x5f\x65\
\x76\x65\x6e\x74\x5f\x6d\x75\x74\x65\x78\0\x70\x65\x72\x66\x5f\x65\x76\x65\x6e\
\x74\x5f\x6c\x69\x73\x74\0\x6d\x65\x6d\x70\x6f\x6c\x69\x63\x79\0\x69\x6c\x5f\
\x70\x72\x65\x76\0\x69\x6c\x5f\x77\x65\x69\x67\x68\x74\0\x70\x72\x65\x66\x5f\
\x6e\x6f\x64\x65\x5f\x66\x6f\x72\x6b\0\x72\x73\x65\x71\0\x72\x73\x65\x71\x5f\
\x6c\x65\x6e\0\x72\x73\x65\x71\x5f\x73\x69\x67\0\x72\x73\x65\x71\x5f\x65\x76\
\x65\x6e\x74\x5f\x6d\x61\x73\x6b\0\x6d\x6d\x5f\x63\x69\x64\0\x6c\x61\x73\x74\
\x5f\x6d\x6d\x5f\x63\x69\x64\0\x6d\x69\x67\x72\x61\x74\x65\x5f\x66\x72\x6f\x6d\
\x5f\x63\x70\x75\0\x6d\x6d\x5f\x63\x69\x64\x5f\x61\x63\x74\x69\x76\x65\0\x63\
\x69\x64\x5f\x77\x6f\x72\x6b\0\x74\x6c\x62\x5f\x75\x62\x63\0\x73\x70\x6c\x69\
\x63\x65\x5f\x70\x69\x70\x65\0\x74\x61\x73\x6b\x5f\x66\x72\x61\x67\0\x64\x65\
\x6c\x61\x79\x73\0\x6e\x72\x5f\x64\x69\x72\x74\x69\x65\x64\0\x6e\x72\x5f\x64\
\x69\x72\x74\x69\x65\x64\x5f\x70\x61\x75\x73\x65\0\x64\x69\x72\x74\x79\x5f\x70\
\x61\x75\x73\x65\x64\x5f\x77\x68\x65\x6e\0\x74\x69\x6d\x65\x72\x5f\x73\x6c\x61\
\x63\x6b\x5f\x6e\x73\0\x64\x65\x66\x61\x75\x6c\x74\x5f\x74\x69\x6d\x65\x72\x5f\
\x73\x6c\x61\x63\x6b\x5f\x6e\x73\0\x6b\x61\x73\x61\x6e\x5f\x64\x65\x70\x74\x68\
\0\x63\x75\x72\x72\x5f\x72\x65\x74\x5f\x73\x74\x61\x63\x6b\0\x63\x75\x72\x72\
\x5f\x72\x65\x74\x5f\x64\x65\x70\x74\x68\0\x72\x65\x74\x5f\x73\x74\x61\x63\x6b\
\0\x66\x74\x72\x61\x63\x65\x5f\x74\x69\x6d\x65\x73\x74\x61\x6d\x70\0\x66\x74\
\x72\x61\x63\x65\x5f\x73\x6c\x65\x65\x70\x74\x69\x6d\x65\0\x74\x72\x61\x63\x65\
\x5f\x6f\x76\x65\x72\x72\x75\x6e\0\x74\x72\x61\x63\x69\x6e\x67\x5f\x67\x72\x61\
\x70\x68\x5f\x70\x61\x75\x73\x65\0\x74\x72\x61\x63\x65\x5f\x72\x65\x63\x75\x72\
\x73\x69\x6f\x6e\0\x6d\x65\x6d\x63\x67\x5f\x6e\x72\x5f\x70\x61\x67\x65\x73\x5f\
\x6f\x76\x65\x72\x5f\x68\x69\x67\x68\0\x61\x63\x74\x69\x76\x65\x5f\x6d\x65\x6d\
\x63\x67\0\x6f\x62\x6a\x63\x67\0\x74\x68\x72\x6f\x74\x74\x6c\x65\x5f\x64\x69\
\x73\x6b\0\x75\x74\x61\x73\x6b\0\x6b\x6d\x61\x70\x5f\x63\x74\x72\x6c\0\x72\x63\
\x75\0\x72\x63\x75\x5f\x75\x73\x65\x72\x73\0\x70\x61\x67\x65\x66\x61\x75\x6c\
\x74\x5f\x64\x69\x73\x61\x62\x6c\x65\x64\0\x6f\x6f\x6d\x5f\x72\x65\x61\x70\x65\
\x72\x5f\x6c\x69\x73\x74\0\x6f\x6f\x6d\x5f\x72\x65\x61\x70\x65\x72\x5f\x74\x69\
\x6d\x65\x72\0\x73\x74\x61\x63\x6b\x5f\x76\x6d\x5f\x61\x72\x65\x61\0\x73\x74\
\x61\x63\x6b\x5f\x72\x65\x66\x63\x6f\x75\x6e\x74\0\x62\x70\x66\x5f\x73\x74\x6f\
\x72\x61\x67\x65\0\x62\x70\x66\x5f\x63\x74\x78\0\x62\x70\x66\x5f\x6e\x65\x74\
\x5f\x63\x6f\x6e\x74\x65\x78\x74\0\x6d\x63\x65\x5f\x76\x61\x64\x64\x72\0\x6d\
\x63\x65\x5f\x6b\x66\x6c\x61\x67\x73\0\x6d\x63\x65\x5f\x61\x64\x64\x72\0\x6d\
\x63\x65\x5f\x72\x69\x70\x76\0\x6d\x63\x65\x5f\x77\x68\x6f\x6c\x65\x5f\x70\x61\
\x67\x65\0\x5f\x5f\x6d\x63\x65\x5f\x72\x65\x73\x65\x72\x76\x65\x64\0\x6d\x63\
\x65\x5f\x6b\x69\x6c\x6c\x5f\x6d\x65\0\x6d\x63\x65\x5f\x63\x6f\x75\x6e\x74\0\
\x6b\x72\x65\x74\x70\x72\x6f\x62\x65\x5f\x69\x6e\x73\x74\x61\x6e\x63\x65\x73\0\
\x72\x65\x74\x68\x6f\x6f\x6b\x73\0\x6c\x31\x64\x5f\x66\x6c\x75\x73\x68\x5f\x6b\
\x69\x6c\x6c\0\x74\x68\x72\x65\x61\x64\0\x73\x79\x73\x63\x61\x6c\x6c\x5f\x77\
\x6f\x72\x6b\0\x73\x74\x61\x74\x75\x73\0\x63\x70\x75\0\x75\x6e\x73\x69\x67\x6e\
\x65\x64\x20\x6c\x6f\x6e\x67\0\x72\x65\x66\x63\x6f\x75\x6e\x74\x5f\x74\0\x72\
\x65\x66\x63\x6f\x75\x6e\x74\x5f\x73\x74\x72\x75\x63\x74\0\x72\x65\x66\x73\0\
\x61\x74\x6f\x6d\x69\x63\x5f\x74\0\x63\x6f\x75\x6e\x74\x65\x72\0\x5f\x5f\x63\
\x61\x6c\x6c\x5f\x73\x69\x6e\x67\x6c\x65\x5f\x6e\x6f\x64\x65\0\x6c\x6c\x69\x73\
\x74\0\x73\x72\x63\0\x64\x73\x74\0\x6c\x6c\x69\x73\x74\x5f\x6e\x6f\x64\x65\0\
\x6e\x65\x78\x74\0\x75\x5f\x66\x6c\x61\x67\x73\0\x61\x5f\x66\x6c\x61\x67\x73\0\
\x75\x31\x36\0\x5f\x5f\x75\x31\x36\0\x75\x6e\x73\x69\x67\x6e\x65\x64\x20\x73\
\x68\x6f\x72\x74\0\x73\x63\x68\x65\x64\x5f\x65\x6e\x74\x69\x74\x79\0\x6c\x6f\
\x61\x64\0\x72\x75\x6e\x5f\x6e\x6f\x64\x65\0\x64\x65\x61\x64\x6c\x69\x6e\x65\0\
\x6d\x69\x6e\x5f\x73\x6c\x69\x63\x65\0\x67\x72\x6f\x75\x70\x5f\x6e\x6f\x64\x65\
\0\x73\x63\x68\x65\x64\x5f\x64\x65\x6c\x61\x79\x65\x64\0\x72\x65\x6c\x5f\x64\
\x65\x61\x64\x6c\x69\x6e\x65\0\x63\x75\x73\x74\x6f\x6d\x5f\x73\x6c\x69\x63\x65\
\0\x65\x78\x65\x63\x5f\x73\x74\x61\x72\x74\0\x73\x75\x6d\x5f\x65\x78\x65\x63\
\x5f\x72\x75\x6e\x74\x69\x6d\x65\0\x70\x72\x65\x76\x5f\x73\x75\x6d\x5f\x65\x78\
\x65\x63\x5f\x72\x75\x6e\x74\x69\x6d\x65\0\x76\x6c\x61\x67\0\x73\x6c\x69\x63\
\x65\0\x6e\x72\x5f\x6d\x69\x67\x72\x61\x74\x69\x6f\x6e\x73\0\x64\x65\x70\x74\
\x68\0\x63\x66\x73\x5f\x72\x71\0\x6d\x79\x5f\x71\0\x72\x75\x6e\x6e\x61\x62\x6c\
\x65\x5f\x77\x65\x69\x67\x68\x74\0\x61\x76\x67\0\x6c\x6f\x61\x64\x5f\x77\x65\
\x69\x67\x68\x74\0\x69\x6e\x76\x5f\x77\x65\x69\x67\x68\x74\0\x72\x62\x5f\x6e\
\x6f\x64\x65\0\x5f\x5f\x72\x62\x5f\x70\x61\x72\x65\x6e\x74\x5f\x63\x6f\x6c\x6f\
\x72\0\x72\x62\x5f\x72\x69\x67\x68\x74\0\x72\x62\x5f\x6c\x65\x66\x74\0\x6c\x69\
\x73\x74\x5f\x68\x65\x61\x64\0\x70\x72\x65\x76\0\x75\x6e\x73\x69\x67\x6e\x65\
\x64\x20\x63\x68\x61\x72\0\x73\x36\x34\0\x5f\x5f\x73\x36\x34\0\x6c\x6f\x6e\x67\
\x20\x6c\x6f\x6e\x67\0\x73\x63\x68\x65\x64\x5f\x61\x76\x67\0\x6c\x61\x73\x74\
\x5f\x75\x70\x64\x61\x74\x65\x5f\x74\x69\x6d\x65\0\x6c\x6f\x61\x64\x5f\x73\x75\
\x6d\0\x72\x75\x6e\x6e\x61\x62\x6c\x65\x5f\x73\x75\x6d\0\x75\x74\x69\x6c\x5f\
\x73\x75\x6d\0\x70\x65\x72\x69\x6f\x64\x5f\x63\x6f\x6e\x74\x72\x69\x62\0\x6c\
\x6f\x61\x64\x5f\x61\x76\x67\0\x72\x75\x6e\x6e\x61\x62\x6c\x65\x5f\x61\x76\x67\
\0\x75\x74\x69\x6c\x5f\x61\x76\x67\0\x75\x74\x69\x6c\x5f\x65\x73\x74\0\x73\x63\
\x68\x65\x64\x5f\x72\x74\x5f\x65\x6e\x74\x69\x74\x79\0\x72\x75\x6e\x5f\x6c\x69\
\x73\x74\0\x74\x69\x6d\x65\x6f\x75\x74\0\x77\x61\x74\x63\x68\x64\x6f\x67\x5f\
\x73\x74\x61\x6d\x70\0\x74\x69\x6d\x65\x5f\x73\x6c\x69\x63\x65\0\x6f\x6e\x5f\
\x6c\x69\x73\x74\0\x62\x61\x63\x6b\0\x73\x63\x68\x65\x64\x5f\x64\x6c\x5f\x65\
\x6e\x74\x69\x74\x79\0\x64\x6c\x5f\x72\x75\x6e\x74\x69\x6d\x65\0\x64\x6c\x5f\
\x64\x65\x61\x64\x6c\x69\x6e\x65\0\x64\x6c\x5f\x70\x65\x72\x69\x6f\x64\0\x64\
\x6c\x5f\x62\x77\0\x64\x6c\x5f\x64\x65\x6e\x73\x69\x74\x79\0\x72\x75\x6e\x74\
\x69\x6d\x65\0\x64\x6c\x5f\x74\x68\x72\x6f\x74\x74\x6c\x65\x64\0\x64\x6c\x5f\
\x79\x69\x65\x6c\x64\x65\x64\0\x64\x6c\x5f\x6e\x6f\x6e\x5f\x63\x6f\x6e\x74\x65\
\x6e\x64\x69\x6e\x67\0\x64\x6c\x5f\x6f\x76\x65\x72\x72\x75\x6e\0\x64\x6c\x5f\
\x73\x65\x72\x76\x65\x72\x5f\x61\x63\x74\x69\x76\x65\0\x64\x6c\x5f\x64\x65\x66\
\x65\x72\0\x64\x6c\x5f\x64\x65\x66\x65\x72\x5f\x61\x72\x6d\x65\x64\0\x64\x6c\
\x5f\x64\x65\x66\x65\x72\x5f\x72\x75\x6e\x6e\x69\x6e\x67\0\x64\x6c\x5f\x74\x69\
\x6d\x65\x72\0\x69\x6e\x61\x63\x74\x69\x76\x65\x5f\x74\x69\x6d\x65\x72\0\x72\
\x71\0\x73\x65\x72\x76\x65\x72\x5f\x68\x61\x73\x5f\x74\x61\x73\x6b\x73\0\x73\
\x65\x72\x76\x65\x72\x5f\x70\x69\x63\x6b\x5f\x74\x61\x73\x6b\0\x70\x69\x5f\x73\
\x65\0\x68\x72\x74\x69\x6d\x65\x72\0\x6e\x6f\x64\x65\0\x5f\x73\x6f\x66\x74\x65\
\x78\x70\x69\x72\x65\x73\0\x66\x75\x6e\x63\x74\x69\x6f\x6e\0\x62\x61\x73\x65\0\
\x73\x74\x61\x74\x65\0\x69\x73\x5f\x72\x65\x6c\0\x69\x73\x5f\x73\x6f\x66\x74\0\
\x69\x73\x5f\x68\x61\x72\x64\0\x74\x69\x6d\x65\x72\x71\x75\x65\x75\x65\x5f\x6e\
\x6f\x64\x65\0\x65\x78\x70\x69\x72\x65\x73\0\x6b\x74\x69\x6d\x65\x5f\x74\0\x68\
\x72\x74\x69\x6d\x65\x72\x5f\x72\x65\x73\x74\x61\x72\x74\0\x48\x52\x54\x49\x4d\
\x45\x52\x5f\x4e\x4f\x52\x45\x53\x54\x41\x52\x54\0\x48\x52\x54\x49\x4d\x45\x52\
\x5f\x52\x45\x53\x54\x41\x52\x54\0\x75\x38\0\x5f\x5f\x75\x38\0\x64\x6c\x5f\x73\
\x65\x72\x76\x65\x72\x5f\x68\x61\x73\x5f\x74\x61\x73\x6b\x73\x5f\x66\0\x62\x6f\
\x6f\x6c\0\x5f\x42\x6f\x6f\x6c\0\x64\x6c\x5f\x73\x65\x72\x76\x65\x72\x5f\x70\
\x69\x63\x6b\x5f\x66\0\x73\x63\x68\x65\x64\x5f\x65\x78\x74\x5f\x65\x6e\x74\x69\
\x74\x79\0\x64\x73\x71\0\x64\x73\x71\x5f\x6c\x69\x73\x74\0\x64\x73\x71\x5f\x70\
\x72\x69\x71\0\x64\x73\x71\x5f\x73\x65\x71\0\x64\x73\x71\x5f\x66\x6c\x61\x67\
\x73\0\x73\x74\x69\x63\x6b\x79\x5f\x63\x70\x75\0\x68\x6f\x6c\x64\x69\x6e\x67\
\x5f\x63\x70\x75\0\x73\x65\x6c\x65\x63\x74\x65\x64\x5f\x63\x70\x75\0\x6b\x66\
\x5f\x6d\x61\x73\x6b\0\x6b\x66\x5f\x74\x61\x73\x6b\x73\0\x6f\x70\x73\x5f\x73\
\x74\x61\x74\x65\0\x72\x75\x6e\x6e\x61\x62\x6c\x65\x5f\x6e\x6f\x64\x65\0\x72\
\x75\x6e\x6e\x61\x62\x6c\x65\x5f\x61\x74\0\x63\x6f\x72\x65\x5f\x73\x63\x68\x65\
\x64\x5f\x61\x74\0\x64\x64\x73\x70\x5f\x64\x73\x71\x5f\x69\x64\0\x64\x64\x73\
\x70\x5f\x65\x6e\x71\x5f\x66\x6c\x61\x67\x73\0\x64\x73\x71\x5f\x76\x74\x69\x6d\
\x65\0\x64\x69\x73\x61\x6c\x6c\x6f\x77\0\x63\x67\x72\x70\x5f\x6d\x6f\x76\x69\
\x6e\x67\x5f\x66\x72\x6f\x6d\0\x74\x61\x73\x6b\x73\x5f\x6e\x6f\x64\x65\0\x73\
\x63\x78\x5f\x64\x73\x71\x5f\x6c\x69\x73\x74\x5f\x6e\x6f\x64\x65\0\x70\x72\x69\
\x76\0\x73\x33\x32\0\x5f\x5f\x73\x33\x32\0\x61\x74\x6f\x6d\x69\x63\x5f\x6c\x6f\
\x6e\x67\x5f\x74\0\x61\x74\x6f\x6d\x69\x63\x36\x34\x5f\x74\0\x75\x63\x6c\x61\
\x6d\x70\x5f\x73\x65\0\x62\x75\x63\x6b\x65\x74\x5f\x69\x64\0\x61\x63\x74\x69\
\x76\x65\0\x75\x73\x65\x72\x5f\x64\x65\x66\x69\x6e\x65\x64\0\x73\x63\x68\x65\
\x64\x5f\x73\x74\x61\x74\x69\x73\x74\x69\x63\x73\0\x63\x70\x75\x6d\x61\x73\x6b\
\x5f\x74\0\x63\x70\x75\x6d\x61\x73\x6b\0\x62\x69\x74\x73\0\x72\x63\x75\x5f\x73\
\x70\x65\x63\x69\x61\x6c\0\x62\0\x73\0\x6e\x65\x65\x64\x5f\x71\x73\0\x65\x78\
\x70\x5f\x68\x69\x6e\x74\0\x6e\x65\x65\x64\x5f\x6d\x62\0\x70\x63\x6f\x75\x6e\
\x74\0\x72\x75\x6e\x5f\x64\x65\x6c\x61\x79\0\x6c\x61\x73\x74\x5f\x61\x72\x72\
\x69\x76\x61\x6c\0\x6c\x61\x73\x74\x5f\x71\x75\x65\x75\x65\x64\0\x70\x6c\x69\
\x73\x74\x5f\x6e\x6f\x64\x65\0\x70\x72\x69\x6f\x5f\x6c\x69\x73\x74\0\x6e\x6f\
\x64\x65\x5f\x6c\x69\x73\x74\0\x61\x72\x63\x68\x5f\x64\x61\x74\x61\0\x66\x6e\0\
\x6c\x6f\x6e\x67\0\x66\x75\x74\x65\x78\0\x6e\x61\x6e\x6f\x73\x6c\x65\x65\x70\0\
\x70\x6f\x6c\x6c\0\x75\x61\x64\x64\x72\0\x76\x61\x6c\0\x62\x69\x74\x73\x65\x74\
\0\x74\x69\x6d\x65\0\x75\x61\x64\x64\x72\x32\0\x75\x73\x65\x72\0\x63\x6c\x6f\
\x63\x6b\x69\x64\0\x63\x6c\x6f\x63\x6b\x69\x64\x5f\x74\0\x5f\x5f\x6b\x65\x72\
\x6e\x65\x6c\x5f\x63\x6c\x6f\x63\x6b\x69\x64\x5f\x74\0\x74\x69\x6d\x65\x73\x70\
\x65\x63\x5f\x74\x79\x70\x65\0\x54\x54\x5f\x4e\x4f\x4e\x45\0\x54\x54\x5f\x4e\
\x41\x54\x49\x56\x45\0\x54\x54\x5f\x43\x4f\x4d\x50\x41\x54\0\x72\x6d\x74\x70\0\
\x63\x6f\x6d\x70\x61\x74\x5f\x72\x6d\x74\x70\0\x75\x66\x64\x73\0\x6e\x66\x64\
\x73\0\x68\x61\x73\x5f\x74\x69\x6d\x65\x6f\x75\x74\0\x74\x76\x5f\x73\x65\x63\0\
\x74\x76\x5f\x6e\x73\x65\x63\0\x68\x6c\x69\x73\x74\x5f\x6e\x6f\x64\x65\0\x70\
\x70\x72\x65\x76\0\x6c\x6f\x63\x6b\0\x72\x61\x77\x5f\x73\x70\x69\x6e\x6c\x6f\
\x63\x6b\x5f\x74\0\x72\x61\x77\x5f\x73\x70\x69\x6e\x6c\x6f\x63\x6b\0\x72\x61\
\x77\x5f\x6c\x6f\x63\x6b\0\x61\x72\x63\x68\x5f\x73\x70\x69\x6e\x6c\x6f\x63\x6b\
\x5f\x74\0\x71\x73\x70\x69\x6e\x6c\x6f\x63\x6b\0\x6c\x6f\x63\x6b\x65\x64\0\x6c\
\x6f\x63\x6b\x65\x64\x5f\x70\x65\x6e\x64\x69\x6e\x67\0\x74\x61\x69\x6c\0\x73\
\x65\x71\x63\x6f\x75\x6e\x74\0\x73\x74\x61\x72\x74\x74\x69\x6d\x65\0\x73\x65\
\x71\x63\x6f\x75\x6e\x74\x5f\x74\0\x73\x65\x71\x75\x65\x6e\x63\x65\0\x76\x74\
\x69\x6d\x65\x5f\x73\x74\x61\x74\x65\0\x56\x54\x49\x4d\x45\x5f\x49\x4e\x41\x43\
\x54\x49\x56\x45\0\x56\x54\x49\x4d\x45\x5f\x49\x44\x4c\x45\0\x56\x54\x49\x4d\
\x45\x5f\x53\x59\x53\0\x56\x54\x49\x4d\x45\x5f\x55\x53\x45\x52\0\x56\x54\x49\
\x4d\x45\x5f\x47\x55\x45\x53\x54\0\x62\x61\x73\x65\x73\0\x74\x69\x6d\x65\x72\
\x73\x5f\x61\x63\x74\x69\x76\x65\0\x65\x78\x70\x69\x72\x79\x5f\x61\x63\x74\x69\
\x76\x65\0\x70\x6f\x73\x69\x78\x5f\x63\x70\x75\x74\x69\x6d\x65\x72\x5f\x62\x61\
\x73\x65\0\x6e\x65\x78\x74\x65\x76\x74\0\x74\x71\x68\x65\x61\x64\0\x74\x69\x6d\
\x65\x72\x71\x75\x65\x75\x65\x5f\x68\x65\x61\x64\0\x72\x62\x5f\x72\x6f\x6f\x74\
\0\x72\x62\x5f\x72\x6f\x6f\x74\x5f\x63\x61\x63\x68\x65\x64\0\x72\x62\x5f\x6c\
\x65\x66\x74\x6d\x6f\x73\x74\0\x77\x6f\x72\x6b\0\x6d\x75\x74\x65\x78\0\x73\x63\
\x68\x65\x64\x75\x6c\x65\x64\0\x63\x61\x6c\x6c\x62\x61\x63\x6b\x5f\x68\x65\x61\
\x64\0\x66\x75\x6e\x63\0\x6f\x77\x6e\x65\x72\0\x77\x61\x69\x74\x5f\x6c\x6f\x63\
\x6b\0\x6f\x73\x71\0\x77\x61\x69\x74\x5f\x6c\x69\x73\x74\0\x6f\x70\x74\x69\x6d\
\x69\x73\x74\x69\x63\x5f\x73\x70\x69\x6e\x5f\x71\x75\x65\x75\x65\0\x75\x69\x64\
\0\x67\x69\x64\0\x73\x75\x69\x64\0\x73\x67\x69\x64\0\x65\x75\x69\x64\0\x65\x67\
\x69\x64\0\x66\x73\x75\x69\x64\0\x66\x73\x67\x69\x64\0\x73\x65\x63\x75\x72\x65\
\x62\x69\x74\x73\0\x63\x61\x70\x5f\x69\x6e\x68\x65\x72\x69\x74\x61\x62\x6c\x65\
\0\x63\x61\x70\x5f\x70\x65\x72\x6d\x69\x74\x74\x65\x64\0\x63\x61\x70\x5f\x65\
\x66\x66\x65\x63\x74\x69\x76\x65\0\x63\x61\x70\x5f\x62\x73\x65\x74\0\x63\x61\
\x70\x5f\x61\x6d\x62\x69\x65\x6e\x74\0\x6a\x69\x74\x5f\x6b\x65\x79\x72\x69\x6e\
\x67\0\x73\x65\x73\x73\x69\x6f\x6e\x5f\x6b\x65\x79\x72\x69\x6e\x67\0\x70\x72\
\x6f\x63\x65\x73\x73\x5f\x6b\x65\x79\x72\x69\x6e\x67\0\x74\x68\x72\x65\x61\x64\
\x5f\x6b\x65\x79\x72\x69\x6e\x67\0\x72\x65\x71\x75\x65\x73\x74\x5f\x6b\x65\x79\
\x5f\x61\x75\x74\x68\0\x75\x73\x65\x72\x5f\x6e\x73\0\x75\x63\x6f\x75\x6e\x74\
\x73\0\x67\x72\x6f\x75\x70\x5f\x69\x6e\x66\x6f\0\x6b\x75\x69\x64\x5f\x74\0\x75\
\x69\x64\x5f\x74\0\x5f\x5f\x6b\x65\x72\x6e\x65\x6c\x5f\x75\x69\x64\x33\x32\x5f\
\x74\0\x6b\x67\x69\x64\x5f\x74\0\x67\x69\x64\x5f\x74\0\x5f\x5f\x6b\x65\x72\x6e\
\x65\x6c\x5f\x67\x69\x64\x33\x32\x5f\x74\0\x6b\x65\x72\x6e\x65\x6c\x5f\x63\x61\
\x70\x5f\x74\0\x6e\x6f\x6e\x5f\x72\x63\x75\0\x63\x68\x61\x72\0\x73\x79\x73\x76\
\x5f\x73\x65\x6d\0\x75\x6e\x64\x6f\x5f\x6c\x69\x73\x74\0\x73\x79\x73\x76\x5f\
\x73\x68\x6d\0\x73\x68\x6d\x5f\x63\x6c\x69\x73\x74\0\x73\x69\x67\x73\x65\x74\
\x5f\x74\0\x73\x69\x67\0\x73\x69\x67\x70\x65\x6e\x64\x69\x6e\x67\0\x6c\x69\x73\
\x74\0\x73\x69\x7a\x65\x5f\x74\0\x5f\x5f\x6b\x65\x72\x6e\x65\x6c\x5f\x73\x69\
\x7a\x65\x5f\x74\0\x5f\x5f\x6b\x65\x72\x6e\x65\x6c\x5f\x75\x6c\x6f\x6e\x67\x5f\
\x74\0\x6d\x6f\x64\x65\0\x66\x69\x6c\x74\x65\x72\x5f\x63\x6f\x75\x6e\x74\0\x66\
\x69\x6c\x74\x65\x72\0\x73\x79\x73\x63\x61\x6c\x6c\x5f\x75\x73\x65\x72\x5f\x64\
\x69\x73\x70\x61\x74\x63\x68\0\x73\x65\x6c\x65\x63\x74\x6f\x72\0\x6f\x66\x66\
\x73\x65\x74\0\x6c\x65\x6e\0\x6f\x6e\x5f\x64\x69\x73\x70\x61\x74\x63\x68\0\x73\
\x70\x69\x6e\x6c\x6f\x63\x6b\x5f\x74\0\x73\x70\x69\x6e\x6c\x6f\x63\x6b\0\x72\
\x6c\x6f\x63\x6b\0\x77\x61\x6b\x65\x5f\x71\x5f\x6e\x6f\x64\x65\0\x6b\x65\x72\
\x6e\x65\x6c\x5f\x73\x69\x67\x69\x6e\x66\x6f\x5f\x74\0\x74\x61\x73\x6b\x5f\x69\
\x6f\x5f\x61\x63\x63\x6f\x75\x6e\x74\x69\x6e\x67\0\x72\x63\x68\x61\x72\0\x77\
\x63\x68\x61\x72\0\x73\x79\x73\x63\x72\0\x73\x79\x73\x63\x77\0\x72\x65\x61\x64\
\x5f\x62\x79\x74\x65\x73\0\x77\x72\x69\x74\x65\x5f\x62\x79\x74\x65\x73\0\x63\
\x61\x6e\x63\x65\x6c\x6c\x65\x64\x5f\x77\x72\x69\x74\x65\x5f\x62\x79\x74\x65\
\x73\0\x6e\x6f\x64\x65\x6d\x61\x73\x6b\x5f\x74\0\x73\x65\x71\x63\x6f\x75\x6e\
\x74\x5f\x73\x70\x69\x6e\x6c\x6f\x63\x6b\x5f\x74\0\x73\x65\x71\x63\x6f\x75\x6e\
\x74\x5f\x73\x70\x69\x6e\x6c\x6f\x63\x6b\0\x73\x68\x6f\x72\x74\0\x74\x6c\x62\
\x66\x6c\x75\x73\x68\x5f\x75\x6e\x6d\x61\x70\x5f\x62\x61\x74\x63\x68\0\x61\x72\
\x63\x68\0\x66\x6c\x75\x73\x68\x5f\x72\x65\x71\x75\x69\x72\x65\x64\0\x77\x72\
\x69\x74\x61\x62\x6c\x65\0\x61\x72\x63\x68\x5f\x74\x6c\x62\x66\x6c\x75\x73\x68\
\x5f\x75\x6e\x6d\x61\x70\x5f\x62\x61\x74\x63\x68\0\x70\x61\x67\x65\x5f\x66\x72\
\x61\x67\0\x70\x61\x67\x65\0\x73\x69\x7a\x65\0\x74\x69\x6d\x65\x72\x5f\x6c\x69\
\x73\x74\0\x65\x6e\x74\x72\x79\0\x6c\x6c\x69\x73\x74\x5f\x68\x65\x61\x64\0\x66\
\x69\x72\x73\x74\0\x74\x68\x72\x65\x61\x64\x5f\x73\x74\x72\x75\x63\x74\0\x74\
\x6c\x73\x5f\x61\x72\x72\x61\x79\0\x73\x70\0\x65\x73\0\x64\x73\0\x66\x73\x69\
\x6e\x64\x65\x78\0\x67\x73\x69\x6e\x64\x65\x78\0\x66\x73\x62\x61\x73\x65\0\x67\
\x73\x62\x61\x73\x65\0\x70\x74\x72\x61\x63\x65\x5f\x62\x70\x73\0\x76\x69\x72\
\x74\x75\x61\x6c\x5f\x64\x72\x36\0\x70\x74\x72\x61\x63\x65\x5f\x64\x72\x37\0\
\x63\x72\x32\0\x74\x72\x61\x70\x5f\x6e\x72\0\x65\x72\x72\x6f\x72\x5f\x63\x6f\
\x64\x65\0\x69\x6f\x5f\x62\x69\x74\x6d\x61\x70\0\x69\x6f\x70\x6c\x5f\x65\x6d\
\x75\x6c\0\x69\x6f\x70\x6c\x5f\x77\x61\x72\x6e\0\x70\x6b\x72\x75\0\x66\x70\x75\
\0\x64\x65\x73\x63\x5f\x73\x74\x72\x75\x63\x74\0\x6c\x69\x6d\x69\x74\x30\0\x62\
\x61\x73\x65\x30\0\x62\x61\x73\x65\x31\0\x64\x70\x6c\0\x70\0\x6c\x69\x6d\x69\
\x74\x31\0\x61\x76\x6c\0\x6c\0\x64\0\x67\0\x62\x61\x73\x65\x32\0\x70\x65\x72\
\x66\x5f\x65\x76\x65\x6e\x74\0\x65\x76\x65\x6e\x74\x5f\x65\x6e\x74\x72\x79\0\
\x73\x69\x62\x6c\x69\x6e\x67\x5f\x6c\x69\x73\x74\0\x61\x63\x74\x69\x76\x65\x5f\
\x6c\x69\x73\x74\0\x67\x72\x6f\x75\x70\x5f\x69\x6e\x64\x65\x78\0\x6d\x69\x67\
\x72\x61\x74\x65\x5f\x65\x6e\x74\x72\x79\0\x68\x6c\x69\x73\x74\x5f\x65\x6e\x74\
\x72\x79\0\x61\x63\x74\x69\x76\x65\x5f\x65\x6e\x74\x72\x79\0\x6e\x72\x5f\x73\
\x69\x62\x6c\x69\x6e\x67\x73\0\x65\x76\x65\x6e\x74\x5f\x63\x61\x70\x73\0\x67\
\x72\x6f\x75\x70\x5f\x63\x61\x70\x73\0\x67\x72\x6f\x75\x70\x5f\x67\x65\x6e\x65\
\x72\x61\x74\x69\x6f\x6e\0\x70\x6d\x75\0\x70\x6d\x75\x5f\x70\x72\x69\x76\x61\
\x74\x65\0\x61\x74\x74\x61\x63\x68\x5f\x73\x74\x61\x74\x65\0\x63\x6f\x75\x6e\
\x74\0\x63\x68\x69\x6c\x64\x5f\x63\x6f\x75\x6e\x74\0\x74\x6f\x74\x61\x6c\x5f\
\x74\x69\x6d\x65\x5f\x65\x6e\x61\x62\x6c\x65\x64\0\x74\x6f\x74\x61\x6c\x5f\x74\
\x69\x6d\x65\x5f\x72\x75\x6e\x6e\x69\x6e\x67\0\x74\x73\x74\x61\x6d\x70\0\x61\
\x74\x74\x72\0\x68\x65\x61\x64\x65\x72\x5f\x73\x69\x7a\x65\0\x69\x64\x5f\x68\
\x65\x61\x64\x65\x72\x5f\x73\x69\x7a\x65\0\x72\x65\x61\x64\x5f\x73\x69\x7a\x65\
\0\x68\x77\0\x63\x74\x78\0\x70\x6d\x75\x5f\x63\x74\x78\0\x72\x65\x66\x63\x6f\
\x75\x6e\x74\0\x63\x68\x69\x6c\x64\x5f\x74\x6f\x74\x61\x6c\x5f\x74\x69\x6d\x65\
\x5f\x65\x6e\x61\x62\x6c\x65\x64\0\x63\x68\x69\x6c\x64\x5f\x74\x6f\x74\x61\x6c\
\x5f\x74\x69\x6d\x65\x5f\x72\x75\x6e\x6e\x69\x6e\x67\0\x63\x68\x69\x6c\x64\x5f\
\x6d\x75\x74\x65\x78\0\x63\x68\x69\x6c\x64\x5f\x6c\x69\x73\x74\0\x6f\x6e\x63\
\x70\x75\0\x6f\x77\x6e\x65\x72\x5f\x65\x6e\x74\x72\x79\0\x6d\x6d\x61\x70\x5f\
\x6d\x75\x74\x65\x78\0\x6d\x6d\x61\x70\x5f\x63\x6f\x75\x6e\x74\0\x72\x62\0\x72\
\x62\x5f\x65\x6e\x74\x72\x79\0\x72\x63\x75\x5f\x62\x61\x74\x63\x68\x65\x73\0\
\x72\x63\x75\x5f\x70\x65\x6e\x64\x69\x6e\x67\0\x77\x61\x69\x74\x71\0\x66\x61\
\x73\x79\x6e\x63\0\x70\x65\x6e\x64\x69\x6e\x67\x5f\x77\x61\x6b\x65\x75\x70\0\
\x70\x65\x6e\x64\x69\x6e\x67\x5f\x6b\x69\x6c\x6c\0\x70\x65\x6e\x64\x69\x6e\x67\
\x5f\x64\x69\x73\x61\x62\x6c\x65\0\x70\x65\x6e\x64\x69\x6e\x67\x5f\x61\x64\x64\
\x72\0\x70\x65\x6e\x64\x69\x6e\x67\x5f\x69\x72\x71\0\x70\x65\x6e\x64\x69\x6e\
\x67\x5f\x64\x69\x73\x61\x62\x6c\x65\x5f\x69\x72\x71\0\x70\x65\x6e\x64\x69\x6e\
\x67\x5f\x74\x61\x73\x6b\0\x70\x65\x6e\x64\x69\x6e\x67\x5f\x77\x6f\x72\x6b\0\
\x70\x65\x6e\x64\x69\x6e\x67\x5f\x77\x6f\x72\x6b\x5f\x77\x61\x69\x74\0\x65\x76\
\x65\x6e\x74\x5f\x6c\x69\x6d\x69\x74\0\x61\x64\x64\x72\x5f\x66\x69\x6c\x74\x65\
\x72\x73\0\x61\x64\x64\x72\x5f\x66\x69\x6c\x74\x65\x72\x5f\x72\x61\x6e\x67\x65\
\x73\0\x61\x64\x64\x72\x5f\x66\x69\x6c\x74\x65\x72\x73\x5f\x67\x65\x6e\0\x61\
\x75\x78\x5f\x65\x76\x65\x6e\x74\0\x64\x65\x73\x74\x72\x6f\x79\0\x6e\x73\0\x69\
\x64\0\x6c\x6f\x73\x74\x5f\x73\x61\x6d\x70\x6c\x65\x73\0\x63\x6c\x6f\x63\x6b\0\
\x6f\x76\x65\x72\x66\x6c\x6f\x77\x5f\x68\x61\x6e\x64\x6c\x65\x72\0\x6f\x76\x65\
\x72\x66\x6c\x6f\x77\x5f\x68\x61\x6e\x64\x6c\x65\x72\x5f\x63\x6f\x6e\x74\x65\
\x78\x74\0\x70\x72\x6f\x67\0\x62\x70\x66\x5f\x63\x6f\x6f\x6b\x69\x65\0\x74\x70\
\x5f\x65\x76\x65\x6e\x74\0\x66\x74\x72\x61\x63\x65\x5f\x6f\x70\x73\0\x63\x67\
\x72\x70\0\x73\x62\x5f\x6c\x69\x73\x74\0\x6f\x72\x69\x67\x5f\x74\x79\x70\x65\0\
\x70\x65\x72\x66\x5f\x65\x76\x65\x6e\x74\x5f\x73\x74\x61\x74\x65\0\x50\x45\x52\
\x46\x5f\x45\x56\x45\x4e\x54\x5f\x53\x54\x41\x54\x45\x5f\x44\x45\x41\x44\0\x50\
\x45\x52\x46\x5f\x45\x56\x45\x4e\x54\x5f\x53\x54\x41\x54\x45\x5f\x45\x58\x49\
\x54\0\x50\x45\x52\x46\x5f\x45\x56\x45\x4e\x54\x5f\x53\x54\x41\x54\x45\x5f\x45\
\x52\x52\x4f\x52\0\x50\x45\x52\x46\x5f\x45\x56\x45\x4e\x54\x5f\x53\x54\x41\x54\
\x45\x5f\x4f\x46\x46\0\x50\x45\x52\x46\x5f\x45\x56\x45\x4e\x54\x5f\x53\x54\x41\
\x54\x45\x5f\x49\x4e\x41\x43\x54\x49\x56\x45\0\x50\x45\x52\x46\x5f\x45\x56\x45\
\x4e\x54\x5f\x53\x54\x41\x54\x45\x5f\x41\x43\x54\x49\x56\x45\0\x6c\x6f\x63\x61\
\x6c\x36\x34\x5f\x74\0\x61\0\x6c\x6f\x63\x61\x6c\x5f\x74\0\x70\x65\x72\x66\x5f\
\x65\x76\x65\x6e\x74\x5f\x61\x74\x74\x72\0\x63\x6f\x6e\x66\x69\x67\0\x73\x61\
\x6d\x70\x6c\x65\x5f\x74\x79\x70\x65\0\x72\x65\x61\x64\x5f\x66\x6f\x72\x6d\x61\
\x74\0\x64\x69\x73\x61\x62\x6c\x65\x64\0\x69\x6e\x68\x65\x72\x69\x74\0\x70\x69\
\x6e\x6e\x65\x64\0\x65\x78\x63\x6c\x75\x73\x69\x76\x65\0\x65\x78\x63\x6c\x75\
\x64\x65\x5f\x75\x73\x65\x72\0\x65\x78\x63\x6c\x75\x64\x65\x5f\x6b\x65\x72\x6e\
\x65\x6c\0\x65\x78\x63\x6c\x75\x64\x65\x5f\x68\x76\0\x65\x78\x63\x6c\x75\x64\
\x65\x5f\x69\x64\x6c\x65\0\x6d\x6d\x61\x70\0\x66\x72\x65\x71\0\x69\x6e\x68\x65\
\x72\x69\x74\x5f\x73\x74\x61\x74\0\x65\x6e\x61\x62\x6c\x65\x5f\x6f\x6e\x5f\x65\
\x78\x65\x63\0\x74\x61\x73\x6b\0\x77\x61\x74\x65\x72\x6d\x61\x72\x6b\0\x70\x72\
\x65\x63\x69\x73\x65\x5f\x69\x70\0\x6d\x6d\x61\x70\x5f\x64\x61\x74\x61\0\x73\
\x61\x6d\x70\x6c\x65\x5f\x69\x64\x5f\x61\x6c\x6c\0\x65\x78\x63\x6c\x75\x64\x65\
\x5f\x68\x6f\x73\x74\0\x65\x78\x63\x6c\x75\x64\x65\x5f\x67\x75\x65\x73\x74\0\
\x65\x78\x63\x6c\x75\x64\x65\x5f\x63\x61\x6c\x6c\x63\x68\x61\x69\x6e\x5f\x6b\
\x65\x72\x6e\x65\x6c\0\x65\x78\x63\x6c\x75\x64\x65\x5f\x63\x61\x6c\x6c\x63\x68\
\x61\x69\x6e\x5f\x75\x73\x65\x72\0\x6d\x6d\x61\x70\x32\0\x63\x6f\x6d\x6d\x5f\
\x65\x78\x65\x63\0\x75\x73\x65\x5f\x63\x6c\x6f\x63\x6b\x69\x64\0\x63\x6f\x6e\
\x74\x65\x78\x74\x5f\x73\x77\x69\x74\x63\x68\0\x77\x72\x69\x74\x65\x5f\x62\x61\
\x63\x6b\x77\x61\x72\x64\0\x6e\x61\x6d\x65\x73\x70\x61\x63\x65\x73\0\x6b\x73\
\x79\x6d\x62\x6f\x6c\0\x62\x70\x66\x5f\x65\x76\x65\x6e\x74\0\x61\x75\x78\x5f\
\x6f\x75\x74\x70\x75\x74\0\x63\x67\x72\x6f\x75\x70\0\x74\x65\x78\x74\x5f\x70\
\x6f\x6b\x65\0\x62\x75\x69\x6c\x64\x5f\x69\x64\0\x69\x6e\x68\x65\x72\x69\x74\
\x5f\x74\x68\x72\x65\x61\x64\0\x72\x65\x6d\x6f\x76\x65\x5f\x6f\x6e\x5f\x65\x78\
\x65\x63\0\x73\x69\x67\x74\x72\x61\x70\0\x5f\x5f\x72\x65\x73\x65\x72\x76\x65\
\x64\x5f\x31\0\x62\x70\x5f\x74\x79\x70\x65\0\x62\x72\x61\x6e\x63\x68\x5f\x73\
\x61\x6d\x70\x6c\x65\x5f\x74\x79\x70\x65\0\x73\x61\x6d\x70\x6c\x65\x5f\x72\x65\
\x67\x73\x5f\x75\x73\x65\x72\0\x73\x61\x6d\x70\x6c\x65\x5f\x73\x74\x61\x63\x6b\
\x5f\x75\x73\x65\x72\0\x73\x61\x6d\x70\x6c\x65\x5f\x72\x65\x67\x73\x5f\x69\x6e\
\x74\x72\0\x61\x75\x78\x5f\x77\x61\x74\x65\x72\x6d\x61\x72\x6b\0\x73\x61\x6d\
\x70\x6c\x65\x5f\x6d\x61\x78\x5f\x73\x74\x61\x63\x6b\0\x5f\x5f\x72\x65\x73\x65\
\x72\x76\x65\x64\x5f\x32\0\x61\x75\x78\x5f\x73\x61\x6d\x70\x6c\x65\x5f\x73\x69\
\x7a\x65\0\x73\x69\x67\x5f\x64\x61\x74\x61\0\x63\x6f\x6e\x66\x69\x67\x33\0\x73\
\x61\x6d\x70\x6c\x65\x5f\x70\x65\x72\x69\x6f\x64\0\x73\x61\x6d\x70\x6c\x65\x5f\
\x66\x72\x65\x71\0\x77\x61\x6b\x65\x75\x70\x5f\x65\x76\x65\x6e\x74\x73\0\x77\
\x61\x6b\x65\x75\x70\x5f\x77\x61\x74\x65\x72\x6d\x61\x72\x6b\0\x62\x70\x5f\x61\
\x64\x64\x72\0\x6b\x70\x72\x6f\x62\x65\x5f\x66\x75\x6e\x63\0\x75\x70\x72\x6f\
\x62\x65\x5f\x70\x61\x74\x68\0\x63\x6f\x6e\x66\x69\x67\x31\0\x62\x70\x5f\x6c\
\x65\x6e\0\x6b\x70\x72\x6f\x62\x65\x5f\x61\x64\x64\x72\0\x70\x72\x6f\x62\x65\
\x5f\x6f\x66\x66\x73\x65\x74\0\x63\x6f\x6e\x66\x69\x67\x32\0\x61\x75\x78\x5f\
\x61\x63\x74\x69\x6f\x6e\0\x61\x75\x78\x5f\x73\x74\x61\x72\x74\x5f\x70\x61\x75\
\x73\x65\x64\0\x61\x75\x78\x5f\x70\x61\x75\x73\x65\0\x61\x75\x78\x5f\x72\x65\
\x73\x75\x6d\x65\0\x5f\x5f\x72\x65\x73\x65\x72\x76\x65\x64\x5f\x33\0\x68\x77\
\x5f\x70\x65\x72\x66\x5f\x65\x76\x65\x6e\x74\0\x74\x61\x72\x67\x65\x74\0\x70\
\x72\x65\x76\x5f\x63\x6f\x75\x6e\x74\0\x69\x6e\x74\x65\x72\x72\x75\x70\x74\x73\
\x5f\x73\x65\x71\0\x69\x6e\x74\x65\x72\x72\x75\x70\x74\x73\0\x66\x72\x65\x71\
\x5f\x74\x69\x6d\x65\x5f\x73\x74\x61\x6d\x70\0\x66\x72\x65\x71\x5f\x63\x6f\x75\
\x6e\x74\x5f\x73\x74\x61\x6d\x70\0\x6c\x61\x73\x74\x5f\x74\x61\x67\0\x63\x6f\
\x6e\x66\x69\x67\x5f\x62\x61\x73\x65\0\x65\x76\x65\x6e\x74\x5f\x62\x61\x73\x65\
\0\x65\x76\x65\x6e\x74\x5f\x62\x61\x73\x65\x5f\x72\x64\x70\x6d\x63\0\x69\x64\
\x78\0\x6c\x61\x73\x74\x5f\x63\x70\x75\0\x65\x78\x74\x72\x61\x5f\x72\x65\x67\0\
\x62\x72\x61\x6e\x63\x68\x5f\x72\x65\x67\0\x68\x77\x5f\x70\x65\x72\x66\x5f\x65\
\x76\x65\x6e\x74\x5f\x65\x78\x74\x72\x61\0\x72\x65\x67\0\x61\x6c\x6c\x6f\x63\0\
\x61\x75\x78\x5f\x63\x6f\x6e\x66\x69\x67\0\x61\x75\x78\x5f\x70\x61\x75\x73\x65\
\x64\0\x74\x70\x5f\x6c\x69\x73\x74\0\x70\x77\x72\x5f\x61\x63\x63\0\x70\x74\x73\
\x63\0\x69\x6e\x66\x6f\0\x62\x70\x5f\x6c\x69\x73\x74\0\x61\x72\x63\x68\x5f\x68\
\x77\x5f\x62\x72\x65\x61\x6b\x70\x6f\x69\x6e\x74\0\x61\x64\x64\x72\x65\x73\x73\
\0\x6d\x61\x73\x6b\0\x72\x68\x6c\x69\x73\x74\x5f\x68\x65\x61\x64\0\x72\x68\x65\
\x61\x64\0\x72\x68\x61\x73\x68\x5f\x68\x65\x61\x64\0\x69\x6f\x6d\x6d\x75\x5f\
\x62\x61\x6e\x6b\0\x69\x6f\x6d\x6d\x75\x5f\x63\x6e\x74\x72\0\x70\x61\x64\x64\
\x69\x6e\x67\0\x63\x6f\x6e\x66\0\x63\x6f\x6e\x66\x31\0\x6c\x61\x73\x74\x5f\x70\
\x65\x72\x69\x6f\x64\0\x70\x65\x72\x69\x6f\x64\x5f\x6c\x65\x66\x74\0\x73\x61\
\x76\x65\x64\x5f\x6d\x65\x74\x72\x69\x63\0\x73\x61\x76\x65\x64\x5f\x73\x6c\x6f\
\x74\x73\0\x77\x61\x69\x74\x5f\x71\x75\x65\x75\x65\x5f\x68\x65\x61\x64\x5f\x74\
\0\x77\x61\x69\x74\x5f\x71\x75\x65\x75\x65\x5f\x68\x65\x61\x64\0\x68\x65\x61\
\x64\0\x69\x72\x71\x5f\x77\x6f\x72\x6b\0\x69\x72\x71\x77\x61\x69\x74\0\x72\x63\
\x75\x77\x61\x69\x74\0\x70\x65\x72\x66\x5f\x61\x64\x64\x72\x5f\x66\x69\x6c\x74\
\x65\x72\x73\x5f\x68\x65\x61\x64\0\x6e\x72\x5f\x66\x69\x6c\x65\x5f\x66\x69\x6c\
\x74\x65\x72\x73\0\x70\x65\x72\x66\x5f\x6f\x76\x65\x72\x66\x6c\x6f\x77\x5f\x68\
\x61\x6e\x64\x6c\x65\x72\x5f\x74\0\x70\x65\x72\x66\x5f\x73\x61\x6d\x70\x6c\x65\
\x5f\x64\x61\x74\x61\0\x73\x61\x6d\x70\x6c\x65\x5f\x66\x6c\x61\x67\x73\0\x70\
\x65\x72\x69\x6f\x64\0\x64\x79\x6e\x5f\x73\x69\x7a\x65\0\x74\x69\x64\x5f\x65\
\x6e\x74\x72\x79\0\x63\x70\x75\x5f\x65\x6e\x74\x72\x79\0\x69\x70\0\x63\x61\x6c\
\x6c\x63\x68\x61\x69\x6e\0\x72\x61\x77\0\x62\x72\x5f\x73\x74\x61\x63\x6b\0\x62\
\x72\x5f\x73\x74\x61\x63\x6b\x5f\x63\x6e\x74\x72\0\x64\x61\x74\x61\x5f\x73\x72\
\x63\0\x74\x78\x6e\0\x72\x65\x67\x73\x5f\x75\x73\x65\x72\0\x72\x65\x67\x73\x5f\
\x69\x6e\x74\x72\0\x73\x74\x61\x63\x6b\x5f\x75\x73\x65\x72\x5f\x73\x69\x7a\x65\
\0\x73\x74\x72\x65\x61\x6d\x5f\x69\x64\0\x61\x64\x64\x72\0\x70\x68\x79\x73\x5f\
\x61\x64\x64\x72\0\x64\x61\x74\x61\x5f\x70\x61\x67\x65\x5f\x73\x69\x7a\x65\0\
\x63\x6f\x64\x65\x5f\x70\x61\x67\x65\x5f\x73\x69\x7a\x65\0\x61\x75\x78\x5f\x73\
\x69\x7a\x65\0\x74\x69\x64\0\x72\x65\x73\x65\x72\x76\x65\x64\0\x70\x65\x72\x66\
\x5f\x73\x61\x6d\x70\x6c\x65\x5f\x77\x65\x69\x67\x68\x74\0\x66\x75\x6c\x6c\0\
\x76\x61\x72\x31\x5f\x64\x77\0\x76\x61\x72\x32\x5f\x77\0\x76\x61\x72\x33\x5f\
\x77\0\x70\x65\x72\x66\x5f\x6d\x65\x6d\x5f\x64\x61\x74\x61\x5f\x73\x72\x63\0\
\x6d\x65\x6d\x5f\x6f\x70\0\x6d\x65\x6d\x5f\x6c\x76\x6c\0\x6d\x65\x6d\x5f\x73\
\x6e\x6f\x6f\x70\0\x6d\x65\x6d\x5f\x6c\x6f\x63\x6b\0\x6d\x65\x6d\x5f\x64\x74\
\x6c\x62\0\x6d\x65\x6d\x5f\x6c\x76\x6c\x5f\x6e\x75\x6d\0\x6d\x65\x6d\x5f\x72\
\x65\x6d\x6f\x74\x65\0\x6d\x65\x6d\x5f\x73\x6e\x6f\x6f\x70\x78\0\x6d\x65\x6d\
\x5f\x62\x6c\x6b\0\x6d\x65\x6d\x5f\x68\x6f\x70\x73\0\x6d\x65\x6d\x5f\x72\x73\
\x76\x64\0\x70\x65\x72\x66\x5f\x72\x65\x67\x73\0\x61\x62\x69\0\x72\x65\x67\x73\
\0\x70\x74\x5f\x72\x65\x67\x73\0\x72\x31\x35\0\x72\x31\x34\0\x72\x31\x33\0\x72\
\x31\x32\0\x62\x70\0\x62\x78\0\x72\x31\x31\0\x72\x31\x30\0\x72\x39\0\x72\x38\0\
\x61\x78\0\x63\x78\0\x64\x78\0\x73\x69\0\x64\x69\0\x6f\x72\x69\x67\x5f\x61\x78\
\0\x63\x73\0\x63\x73\x78\0\x66\x72\x65\x64\x5f\x63\x73\0\x73\x6c\0\x77\x66\x65\
\0\x73\x73\0\x73\x73\x78\0\x66\x72\x65\x64\x5f\x73\x73\0\x73\x74\x69\0\x73\x77\
\x65\x76\x65\x6e\x74\0\x6e\x6d\x69\0\x76\x65\x63\x74\x6f\x72\0\x65\x6e\x63\x6c\
\x61\x76\x65\0\x6c\x6d\0\x6e\x65\x73\x74\x65\x64\0\x69\x6e\x73\x6e\x6c\x65\x6e\
\0\x70\x72\x69\x76\x61\x74\x65\0\x73\x61\x76\x65\x64\x5f\x66\x75\x6e\x63\0\x6c\
\x6f\x63\x61\x6c\x5f\x68\x61\x73\x68\0\x66\x75\x6e\x63\x5f\x68\x61\x73\x68\0\
\x6f\x6c\x64\x5f\x68\x61\x73\x68\0\x74\x72\x61\x6d\x70\x6f\x6c\x69\x6e\x65\0\
\x74\x72\x61\x6d\x70\x6f\x6c\x69\x6e\x65\x5f\x73\x69\x7a\x65\0\x73\x75\x62\x6f\
\x70\x5f\x6c\x69\x73\x74\0\x6f\x70\x73\x5f\x66\x75\x6e\x63\0\x6d\x61\x6e\x61\
\x67\x65\x64\0\x64\x69\x72\x65\x63\x74\x5f\x63\x61\x6c\x6c\0\x66\x74\x72\x61\
\x63\x65\x5f\x66\x75\x6e\x63\x5f\x74\0\x66\x74\x72\x61\x63\x65\x5f\x72\x65\x67\
\x73\0\x66\x74\x72\x61\x63\x65\x5f\x6f\x70\x73\x5f\x68\x61\x73\x68\0\x6e\x6f\
\x74\x72\x61\x63\x65\x5f\x68\x61\x73\x68\0\x66\x69\x6c\x74\x65\x72\x5f\x68\x61\
\x73\x68\0\x72\x65\x67\x65\x78\x5f\x6c\x6f\x63\x6b\0\x66\x74\x72\x61\x63\x65\
\x5f\x6f\x70\x73\x5f\x66\x75\x6e\x63\x5f\x74\0\x66\x74\x72\x61\x63\x65\x5f\x6f\
\x70\x73\x5f\x63\x6d\x64\0\x46\x54\x52\x41\x43\x45\x5f\x4f\x50\x53\x5f\x43\x4d\
\x44\x5f\x45\x4e\x41\x42\x4c\x45\x5f\x53\x48\x41\x52\x45\x5f\x49\x50\x4d\x4f\
\x44\x49\x46\x59\x5f\x53\x45\x4c\x46\0\x46\x54\x52\x41\x43\x45\x5f\x4f\x50\x53\
\x5f\x43\x4d\x44\x5f\x45\x4e\x41\x42\x4c\x45\x5f\x53\x48\x41\x52\x45\x5f\x49\
\x50\x4d\x4f\x44\x49\x46\x59\x5f\x50\x45\x45\x52\0\x46\x54\x52\x41\x43\x45\x5f\
\x4f\x50\x53\x5f\x43\x4d\x44\x5f\x44\x49\x53\x41\x42\x4c\x45\x5f\x53\x48\x41\
\x52\x45\x5f\x49\x50\x4d\x4f\x44\x49\x46\x59\x5f\x50\x45\x45\x52\0\x61\x76\x78\
\x35\x31\x32\x5f\x74\x69\x6d\x65\x73\x74\x61\x6d\x70\0\x66\x70\x73\x74\x61\x74\
\x65\0\x5f\x5f\x74\x61\x73\x6b\x5f\x66\x70\x73\x74\x61\x74\x65\0\x70\x65\x72\
\x6d\0\x67\x75\x65\x73\x74\x5f\x70\x65\x72\x6d\0\x5f\x5f\x66\x70\x73\x74\x61\
\x74\x65\0\x66\x70\x75\x5f\x73\x74\x61\x74\x65\x5f\x70\x65\x72\x6d\0\x5f\x5f\
\x73\x74\x61\x74\x65\x5f\x70\x65\x72\x6d\0\x5f\x5f\x73\x74\x61\x74\x65\x5f\x73\
\x69\x7a\x65\0\x5f\x5f\x75\x73\x65\x72\x5f\x73\x74\x61\x74\x65\x5f\x73\x69\x7a\
\x65\0\x75\x73\x65\x72\x5f\x73\x69\x7a\x65\0\x78\x66\x65\x61\x74\x75\x72\x65\
\x73\0\x75\x73\x65\x72\x5f\x78\x66\x65\x61\x74\x75\x72\x65\x73\0\x78\x66\x64\0\
\x69\x73\x5f\x76\x61\x6c\x6c\x6f\x63\0\x69\x73\x5f\x67\x75\x65\x73\x74\0\x69\
\x73\x5f\x63\x6f\x6e\x66\x69\x64\x65\x6e\x74\x69\x61\x6c\0\x69\x6e\x5f\x75\x73\
\x65\0\x66\x70\x72\x65\x67\x73\x5f\x73\x74\x61\x74\x65\0\x66\x73\x61\x76\x65\0\
\x66\x78\x73\x61\x76\x65\0\x73\x6f\x66\x74\0\x78\x73\x61\x76\x65\0\x5f\x5f\x70\
\x61\x64\x64\x69\x6e\x67\0\x66\x72\x65\x67\x73\x5f\x73\x74\x61\x74\x65\0\x63\
\x77\x64\0\x73\x77\x64\0\x74\x77\x64\0\x66\x69\x70\0\x66\x63\x73\0\x66\x6f\x6f\
\0\x66\x6f\x73\0\x73\x74\x5f\x73\x70\x61\x63\x65\0\x66\x78\x72\x65\x67\x73\x5f\
\x73\x74\x61\x74\x65\0\x66\x6f\x70\0\x6d\x78\x63\x73\x72\0\x6d\x78\x63\x73\x72\
\x5f\x6d\x61\x73\x6b\0\x78\x6d\x6d\x5f\x73\x70\x61\x63\x65\0\x72\x69\x70\0\x72\
\x64\x70\0\x70\x61\x64\x64\x69\x6e\x67\x31\0\x73\x77\x5f\x72\x65\x73\x65\x72\
\x76\x65\x64\0\x73\x77\x72\x65\x67\x73\x5f\x73\x74\x61\x74\x65\0\x66\x74\x6f\
\x70\0\x63\x68\x61\x6e\x67\x65\x64\0\x6c\x6f\x6f\x6b\x61\x68\x65\x61\x64\0\x6e\
\x6f\x5f\x75\x70\x64\x61\x74\x65\0\x72\x6d\0\x61\x6c\x69\x6d\x69\x74\0\x65\x6e\
\x74\x72\x79\x5f\x65\x69\x70\0\x78\x72\x65\x67\x73\x5f\x73\x74\x61\x74\x65\0\
\x69\x33\x38\x37\0\x68\x65\x61\x64\x65\x72\0\x65\x78\x74\x65\x6e\x64\x65\x64\
\x5f\x73\x74\x61\x74\x65\x5f\x61\x72\x65\x61\0\x78\x73\x74\x61\x74\x65\x5f\x68\
\x65\x61\x64\x65\x72\0\x78\x63\x6f\x6d\x70\x5f\x62\x76\0\x64\x69\x73\x70\x61\
\x74\x63\x68\x5f\x71\0\x71\x75\x65\x75\x65\x5f\x73\x74\x61\x74\x65\0\x64\x69\
\x73\x70\x61\x74\x63\x68\x65\x73\0\x61\x66\x6c\x5f\x64\x69\x73\x70\x61\x74\x63\
\x68\x65\x73\0\x62\x6f\x6f\x73\x74\x65\x64\x5f\x64\x69\x73\x70\x61\x74\x63\x68\
\x65\x73\0\x61\x66\x6c\x5f\x74\x6f\x74\x61\x6c\x5f\x62\x6f\x6f\x73\x74\x5f\x74\
\x69\x6d\x65\0\x61\x66\x6c\x5f\x73\x63\x68\x65\x64\x5f\x69\x6e\x69\x74\0\x73\
\x74\x72\x75\x63\x74\x5f\x6f\x70\x73\x2f\x61\x66\x6c\x5f\x73\x63\x68\x65\x64\
\x5f\x69\x6e\x69\x74\0\x2f\x68\x6f\x6d\x65\x2f\x65\x72\x6e\x65\x73\x74\x6f\x2f\
\x44\x6f\x63\x75\x6d\x65\x6e\x74\x73\x2f\x41\x46\x4c\x70\x6c\x75\x73\x70\x6c\
\x75\x73\x2f\x61\x66\x6c\x5f\x73\x63\x68\x65\x64\x75\x6c\x65\x72\x2f\x62\x70\
\x66\x2f\x61\x66\x6c\x5f\x73\x63\x68\x65\x64\x2e\x62\x70\x66\x2e\x63\0\x73\x33\
\x32\x20\x42\x50\x46\x5f\x53\x54\x52\x55\x43\x54\x5f\x4f\x50\x53\x28\x61\x66\
\x6c\x5f\x73\x63\x68\x65\x64\x5f\x69\x6e\x69\x74\x29\0\x20\x20\x20\x20\x75\x33\
\x32\x20\x6b\x65\x79\x20\x3d\x20\x30\x3b\0\x20\x20\x20\x20\x75\x36\x34\x20\x7a\
\x65\x72\x6f\x20\x3d\x20\x30\x3b\0\x20\x20\x20\x20\x62\x70\x66\x5f\x6d\x61\x70\
\x5f\x75\x70\x64\x61\x74\x65\x5f\x65\x6c\x65\x6d\x28\x26\x6d\x69\x6e\x5f\x76\
\x72\x75\x6e\x74\x69\x6d\x65\x2c\x20\x26\x6b\x65\x79\x2c\x20\x26\x7a\x65\x72\
\x6f\x2c\x20\x42\x50\x46\x5f\x41\x4e\x59\x29\x3b\0\x61\x66\x6c\x5f\x73\x63\x68\
\x65\x64\x5f\x65\x78\x69\x74\0\x73\x74\x72\x75\x63\x74\x5f\x6f\x70\x73\x2f\x61\
\x66\x6c\x5f\x73\x63\x68\x65\x64\x5f\x65\x78\x69\x74\0\x73\x33\x32\x20\x42\x50\
\x46\x5f\x53\x54\x52\x55\x43\x54\x5f\x4f\x50\x53\x28\x61\x66\x6c\x5f\x73\x63\
\x68\x65\x64\x5f\x65\x78\x69\x74\x29\0\x61\x66\x6c\x5f\x73\x63\x68\x65\x64\x5f\
\x74\x69\x63\x6b\0\x73\x74\x72\x75\x63\x74\x5f\x6f\x70\x73\x2f\x61\x66\x6c\x5f\
\x73\x63\x68\x65\x64\x5f\x74\x69\x63\x6b\0\x73\x33\x32\x20\x42\x50\x46\x5f\x53\
\x54\x52\x55\x43\x54\x5f\x4f\x50\x53\x28\x61\x66\x6c\x5f\x73\x63\x68\x65\x64\
\x5f\x74\x69\x63\x6b\x2c\x20\x73\x74\x72\x75\x63\x74\x20\x74\x61\x73\x6b\x5f\
\x73\x74\x72\x75\x63\x74\x20\x2a\x70\x29\0\x20\x20\x20\x20\x69\x66\x20\x28\x21\
\x70\x29\x20\x7b\0\x20\x20\x20\x20\x74\x61\x73\x6b\x5f\x63\x6f\x6e\x74\x65\x78\
\x74\x20\x3d\x20\x62\x70\x66\x5f\x74\x61\x73\x6b\x5f\x73\x74\x6f\x72\x61\x67\
\x65\x5f\x67\x65\x74\x28\x26\x74\x61\x73\x6b\x5f\x63\x74\x78\x5f\x73\x74\x6f\
\x72\x61\x67\x65\x2c\x20\x70\x2c\x20\x30\x2c\x20\x30\x29\x3b\0\x20\x20\x20\x20\
\x69\x66\x20\x28\x21\x74\x61\x73\x6b\x5f\x63\x6f\x6e\x74\x65\x78\x74\x29\x20\
\x7b\0\x20\x20\x20\x20\x6e\x6f\x77\x20\x3d\x20\x73\x63\x78\x5f\x62\x70\x66\x5f\
\x6e\x6f\x77\x28\x29\x3b\0\x20\x20\x20\x20\x64\x65\x6c\x74\x61\x20\x3d\x20\x6e\
\x6f\x77\x20\x2d\x20\x74\x61\x73\x6b\x5f\x63\x6f\x6e\x74\x65\x78\x74\x2d\x3e\
\x65\x6e\x71\x75\x65\x75\x65\x64\x5f\x61\x74\x3b\0\x20\x20\x20\x20\x74\x61\x73\
\x6b\x5f\x63\x6f\x6e\x74\x65\x78\x74\x2d\x3e\x65\x6e\x71\x75\x65\x75\x65\x64\
\x5f\x61\x74\x20\x3d\x20\x6e\x6f\x77\x3b\0\x20\x20\x20\x20\x74\x61\x73\x6b\x5f\
\x63\x6f\x6e\x74\x65\x78\x74\x2d\x3e\x76\x72\x75\x6e\x74\x69\x6d\x65\x20\x2b\
\x3d\x20\x64\x65\x6c\x74\x61\x20\x2a\x20\x31\x30\x30\x20\x2f\x20\x77\x65\x69\
\x67\x68\x74\x3b\0\x20\x20\x20\x20\x77\x65\x69\x67\x68\x74\x20\x3d\x20\x74\x61\
\x73\x6b\x5f\x63\x6f\x6e\x74\x65\x78\x74\x2d\x3e\x77\x65\x69\x67\x68\x74\x3b\0\
\x73\x63\x78\x5f\x62\x70\x66\x5f\x6e\x6f\x77\0\x61\x66\x6c\x5f\x73\x63\x68\x65\
\x64\x5f\x65\x6e\x71\x75\x65\x75\x65\0\x73\x74\x72\x75\x63\x74\x5f\x6f\x70\x73\
\x2f\x61\x66\x6c\x5f\x73\x63\x68\x65\x64\x5f\x65\x6e\x71\x75\x65\x75\x65\0\x73\
\x33\x32\x20\x42\x50\x46\x5f\x53\x54\x52\x55\x43\x54\x5f\x4f\x50\x53\x28\x61\
\x66\x6c\x5f\x73\x63\x68\x65\x64\x5f\x65\x6e\x71\x75\x65\x75\x65\x2c\x20\x73\
\x74\x72\x75\x63\x74\x20\x74\x61\x73\x6b\x5f\x73\x74\x72\x75\x63\x74\x20\x2a\
\x70\x2c\x20\x75\x36\x34\x20\x65\x6e\x71\x5f\x66\x6c\x61\x67\x73\x29\0\x20\x20\
\x20\x20\x63\x74\x78\x20\x3d\x20\x62\x70\x66\x5f\x74\x61\x73\x6b\x5f\x73\x74\
\x6f\x72\x61\x67\x65\x5f\x67\x65\x74\x28\x26\x74\x61\x73\x6b\x5f\x63\x74\x78\
\x5f\x73\x74\x6f\x72\x61\x67\x65\x2c\x20\x70\x2c\x20\x30\x2c\x20\x30\x29\x3b\0\
\x20\x20\x20\x20\x20\x20\x20\x20\x73\x74\x72\x75\x63\x74\x20\x74\x61\x73\x6b\
\x5f\x63\x74\x78\x20\x6e\x65\x77\x5f\x63\x74\x78\x20\x3d\x20\x7b\x7d\x3b\0\x20\
\x20\x20\x20\x6d\x69\x6e\x5f\x76\x72\x75\x6e\x74\x69\x6d\x65\x5f\x70\x20\x3d\
\x20\x62\x70\x66\x5f\x6d\x61\x70\x5f\x6c\x6f\x6f\x6b\x75\x70\x5f\x65\x6c\x65\
\x6d\x28\x26\x6d\x69\x6e\x5f\x76\x72\x75\x6e\x74\x69\x6d\x65\x2c\x20\x26\x6b\
\x65\x79\x29\x3b\0\x20\x20\x20\x20\x69\x66\x20\x28\x21\x6d\x69\x6e\x5f\x76\x72\
\x75\x6e\x74\x69\x6d\x65\x5f\x70\x29\x20\x7b\0\x20\x20\x20\x20\x72\x65\x74\x75\
\x72\x6e\x20\x2a\x6d\x69\x6e\x5f\x76\x72\x75\x6e\x74\x69\x6d\x65\x5f\x70\x3b\0\
\x20\x20\x20\x20\x20\x20\x20\x20\x6e\x65\x77\x5f\x63\x74\x78\x2e\x76\x72\x75\
\x6e\x74\x69\x6d\x65\x20\x3d\x20\x67\x65\x74\x5f\x6d\x69\x6e\x5f\x76\x72\x75\
\x6e\x74\x69\x6d\x65\x28\x29\x3b\0\x20\x20\x20\x20\x75\x36\x34\x20\x6e\x6f\x77\
\x20\x3d\x20\x73\x63\x78\x5f\x62\x70\x66\x5f\x6e\x6f\x77\x28\x29\x3b\0\x20\x20\
\x20\x20\x20\x20\x20\x20\x74\x61\x73\x6b\x5f\x63\x6f\x6e\x74\x65\x78\x74\x2d\
\x3e\x65\x6e\x71\x75\x65\x75\x65\x64\x5f\x61\x74\x20\x3d\x20\x73\x63\x78\x5f\
\x62\x70\x66\x5f\x6e\x6f\x77\x28\x29\x3b\0\x30\x3a\x31\x32\x34\0\x20\x20\x20\
\x20\x69\x66\x20\x28\x62\x70\x66\x5f\x70\x72\x6f\x62\x65\x5f\x72\x65\x61\x64\
\x5f\x6b\x65\x72\x6e\x65\x6c\x28\x63\x6f\x6d\x6d\x2c\x20\x73\x69\x7a\x65\x6f\
\x66\x28\x63\x6f\x6d\x6d\x29\x2c\x20\x26\x70\x2d\x3e\x63\x6f\x6d\x6d\x29\x29\0\
\x20\x20\x20\x20\x69\x66\x20\x28\x63\x6f\x6d\x6d\x5b\x30\x5d\x20\x3d\x3d\x20\
\x27\x61\x27\x20\x26\x26\x20\x63\x6f\x6d\x6d\x5b\x31\x5d\x20\x3d\x3d\x20\x27\
\x66\x27\x20\x26\x26\x20\x63\x6f\x6d\x6d\x5b\x32\x5d\x20\x3d\x3d\x20\x27\x6c\
\x27\x20\x26\x26\x20\0\x20\x20\x20\x20\x20\x20\x20\x20\x6e\x65\x77\x5f\x63\x74\
\x78\x2e\x77\x65\x69\x67\x68\x74\x20\x3d\x20\x77\x65\x69\x67\x68\x74\x3b\0\x20\
\x20\x20\x20\x20\x20\x20\x20\x6e\x65\x77\x5f\x63\x74\x78\x2e\x65\x6e\x71\x75\
\x65\x75\x65\x64\x5f\x61\x74\x20\x3d\x20\x73\x63\x78\x5f\x62\x70\x66\x5f\x6e\
\x6f\x77\x28\x29\x3b\0\x20\x20\x20\x20\x20\x20\x20\x20\x62\x70\x66\x5f\x74\x61\
\x73\x6b\x5f\x73\x74\x6f\x72\x61\x67\x65\x5f\x67\x65\x74\x28\x26\x74\x61\x73\
\x6b\x5f\x63\x74\x78\x5f\x73\x74\x6f\x72\x61\x67\x65\x2c\x20\x70\x2c\x20\x26\
\x6e\x65\x77\x5f\x63\x74\x78\x2c\x20\x42\x50\x46\x5f\x4e\x4f\x45\x58\x49\x53\
\x54\x29\x3b\0\x30\x3a\x39\x30\0\x20\x20\x20\x20\x20\x20\x20\x20\x69\x66\x20\
\x28\x62\x70\x66\x5f\x70\x72\x6f\x62\x65\x5f\x72\x65\x61\x64\x5f\x6b\x65\x72\
\x6e\x65\x6c\x28\x26\x70\x69\x64\x2c\x20\x73\x69\x7a\x65\x6f\x66\x28\x70\x69\
\x64\x29\x2c\x20\x26\x70\x2d\x3e\x70\x69\x64\x29\x29\x20\x7b\0\x20\x20\x20\x20\
\x20\x20\x20\x20\x20\x20\x20\x20\x73\x6c\x69\x63\x65\x20\x3d\x20\x73\x6c\x69\
\x63\x65\x5f\x75\x73\x3b\0\x20\x20\x20\x20\x20\x20\x20\x20\x20\x20\x20\x20\x20\
\x20\x20\x20\x7d\0\x20\x20\x20\x20\x20\x20\x20\x20\x73\x6c\x69\x63\x65\x20\x3d\
\x20\x73\x6c\x69\x63\x65\x5f\x75\x73\x3b\0\x20\x20\x20\x20\x69\x66\x20\x28\x74\
\x61\x73\x6b\x5f\x63\x6f\x6e\x74\x65\x78\x74\x2d\x3e\x76\x72\x75\x6e\x74\x69\
\x6d\x65\x20\x3c\x20\x6d\x69\x6e\x5f\x76\x72\x75\x6e\x74\x69\x6d\x65\x5f\x76\
\x61\x6c\x29\x20\x7b\0\x20\x20\x20\x20\x62\x70\x66\x5f\x6d\x61\x70\x5f\x75\x70\
\x64\x61\x74\x65\x5f\x65\x6c\x65\x6d\x28\x26\x6d\x69\x6e\x5f\x76\x72\x75\x6e\
\x74\x69\x6d\x65\x2c\x20\x26\x6b\x65\x79\x2c\x20\x26\x76\x72\x75\x6e\x74\x69\
\x6d\x65\x2c\x20\x42\x50\x46\x5f\x41\x4e\x59\x29\x3b\0\x20\x20\x20\x20\x73\x63\
\x78\x5f\x62\x70\x66\x5f\x64\x73\x71\x5f\x69\x6e\x73\x65\x72\x74\x28\x70\x2c\
\x20\x53\x43\x58\x5f\x44\x53\x51\x5f\x4c\x4f\x43\x41\x4c\x2c\x20\x73\x6c\x69\
\x63\x65\x2c\x20\x30\x29\x3b\0\x20\x20\x20\x20\x73\x74\x61\x74\x73\x5f\x70\x20\
\x3d\x20\x62\x70\x66\x5f\x6d\x61\x70\x5f\x6c\x6f\x6f\x6b\x75\x70\x5f\x65\x6c\
\x65\x6d\x28\x26\x73\x74\x61\x74\x73\x2c\x20\x26\x6b\x65\x79\x29\x3b\0\x20\x20\
\x20\x20\x69\x66\x20\x28\x21\x73\x74\x61\x74\x73\x5f\x70\x29\x20\x7b\0\x20\x20\
\x20\x20\x73\x74\x61\x74\x73\x5f\x70\x2d\x3e\x64\x69\x73\x70\x61\x74\x63\x68\
\x65\x73\x20\x2b\x3d\x20\x64\x69\x73\x70\x61\x74\x63\x68\x65\x73\x3b\0\x20\x20\
\x20\x20\x73\x74\x61\x74\x73\x5f\x70\x2d\x3e\x61\x66\x6c\x5f\x64\x69\x73\x70\
\x61\x74\x63\x68\x65\x73\x20\x2b\x3d\x20\x61\x66\x6c\x5f\x64\x69\x73\x70\x61\
\x74\x63\x68\x65\x73\x3b\0\x20\x20\x20\x20\x73\x74\x61\x74\x73\x5f\x70\x2d\x3e\
\x62\x6f\x6f\x73\x74\x65\x64\x5f\x64\x69\x73\x70\x61\x74\x63\x68\x65\x73\x20\
\x2b\x3d\x20\x62\x6f\x6f\x73\x74\x65\x64\x5f\x64\x69\x73\x70\x61\x74\x63\x68\
\x65\x73\x3b\0\x73\x63\x78\x5f\x62\x70\x66\x5f\x64\x73\x71\x5f\x69\x6e\x73\x65\
\x72\x74\0\x73\x63\x78\x5f\x62\x70\x66\x5f\x64\x69\x73\x70\x61\x74\x63\x68\x5f\
\x5f\x5f\x63\x6f\x6d\x70\x61\x74\0\x20\x20\x20\x20\x20\x20\x20\x20\x69\x66\x20\
\x28\x62\x70\x66\x5f\x70\x72\x6f\x62\x65\x5f\x72\x65\x61\x64\x5f\x6b\x65\x72\
\x6e\x65\x6c\x28\x26\x70\x69\x64\x2c\x20\x73\x69\x7a\x65\x6f\x66\x28\x70\x69\
\x64\x29\x2c\x20\x26\x70\x2d\x3e\x70\x69\x64\x29\x29\0\x20\x20\x20\x20\x20\x20\
\x20\x20\x62\x6f\x6f\x73\x74\x5f\x75\x6e\x74\x69\x6c\x20\x3d\x20\x62\x70\x66\
\x5f\x6d\x61\x70\x5f\x6c\x6f\x6f\x6b\x75\x70\x5f\x65\x6c\x65\x6d\x28\x26\x61\
\x66\x6c\x5f\x62\x6f\x6f\x73\x74\x5f\x75\x6e\x74\x69\x6c\x2c\x20\x26\x70\x69\
\x64\x29\x3b\0\x20\x20\x20\x20\x20\x20\x20\x20\x69\x66\x20\x28\x62\x6f\x6f\x73\
\x74\x5f\x75\x6e\x74\x69\x6c\x20\x26\x26\x20\x2a\x62\x6f\x6f\x73\x74\x5f\x75\
\x6e\x74\x69\x6c\x20\x3e\x20\x6e\x6f\x77\x29\x20\x7b\0\x20\x20\x20\x20\x20\x20\
\x20\x20\x77\x65\x69\x67\x68\x74\x20\x3d\x20\x62\x70\x66\x5f\x6d\x61\x70\x5f\
\x6c\x6f\x6f\x6b\x75\x70\x5f\x65\x6c\x65\x6d\x28\x26\x61\x66\x6c\x5f\x77\x65\
\x69\x67\x68\x74\x73\x2c\x20\x26\x70\x69\x64\x29\x3b\0\x20\x20\x20\x20\x20\x20\
\x20\x20\x69\x66\x20\x28\x77\x65\x69\x67\x68\x74\x29\x20\x7b\0\x20\x20\x20\x20\
\x20\x20\x20\x20\x20\x20\x20\x20\x72\x65\x74\x75\x72\x6e\x20\x28\x75\x36\x34\
\x29\x2a\x77\x65\x69\x67\x68\x74\x3b\0\x20\x20\x20\x20\x20\x20\x20\x20\x20\x20\
\x20\x20\x75\x36\x34\x20\x2a\x62\x6f\x6f\x73\x74\x5f\x75\x6e\x74\x69\x6c\x20\
\x3d\x20\x62\x70\x66\x5f\x6d\x61\x70\x5f\x6c\x6f\x6f\x6b\x75\x70\x5f\x65\x6c\
\x65\x6d\x28\x26\x61\x66\x6c\x5f\x62\x6f\x6f\x73\x74\x5f\x75\x6e\x74\x69\x6c\
\x2c\x20\x26\x70\x69\x64\x29\x3b\0\x20\x20\x20\x20\x20\x20\x20\x20\x20\x20\x20\
\x20\x75\x36\x34\x20\x6e\x6f\x77\x20\x3d\x20\x73\x63\x78\x5f\x62\x70\x66\x5f\
\x6e\x6f\x77\x28\x29\x3b\0\x20\x20\x20\x20\x20\x20\x20\x20\x20\x20\x20\x20\x69\
\x66\x20\x28\x62\x6f\x6f\x73\x74\x5f\x75\x6e\x74\x69\x6c\x20\x26\x26\x20\x2a\
\x62\x6f\x6f\x73\x74\x5f\x75\x6e\x74\x69\x6c\x20\x3e\x20\x6e\x6f\x77\x29\x20\
\x7b\0\x20\x20\x20\x20\x20\x20\x20\x20\x20\x20\x20\x20\x20\x20\x20\x20\x73\x6c\
\x69\x63\x65\x20\x3d\x20\x73\x6c\x69\x63\x65\x5f\x75\x73\x20\x2a\x20\x74\x61\
\x73\x6b\x5f\x63\x6f\x6e\x74\x65\x78\x74\x2d\x3e\x77\x65\x69\x67\x68\x74\x20\
\x2f\x20\x31\x30\x30\x3b\0\x20\x20\x20\x20\x20\x20\x20\x20\x20\x20\x20\x20\x20\
\x20\x20\x20\x69\x66\x20\x28\x73\x6c\x69\x63\x65\x20\x3c\x20\x73\x6c\x69\x63\
\x65\x5f\x75\x73\x5f\x6d\x69\x6e\x29\x20\x7b\0\x20\x20\x20\x20\x20\x20\x20\x20\
\x20\x20\x20\x20\x20\x20\x20\x20\x20\x20\x20\x20\x73\x6c\x69\x63\x65\x20\x3d\
\x20\x73\x6c\x69\x63\x65\x5f\x75\x73\x5f\x6d\x69\x6e\x3b\0\x20\x20\x20\x20\x20\
\x20\x20\x20\x20\x20\x20\x20\x20\x20\x20\x20\x75\x36\x34\x20\x62\x6f\x6f\x73\
\x74\x5f\x64\x75\x72\x61\x74\x69\x6f\x6e\x20\x3d\x20\x2a\x62\x6f\x6f\x73\x74\
\x5f\x75\x6e\x74\x69\x6c\x20\x2d\x20\x6e\x6f\x77\x3b\0\x20\x20\x20\x20\x20\x20\
\x20\x20\x20\x20\x20\x20\x20\x20\x20\x20\x73\x6c\x69\x63\x65\x20\x3d\x20\x73\
\x6c\x69\x63\x65\x5f\x75\x73\x20\x2a\x20\x32\x3b\0\x20\x20\x20\x20\x20\x20\x20\
\x20\x20\x20\x20\x20\x20\x20\x20\x20\x75\x36\x34\x20\x2a\x74\x6f\x74\x61\x6c\
\x5f\x62\x6f\x6f\x73\x74\x20\x3d\x20\x62\x70\x66\x5f\x6d\x61\x70\x5f\x6c\x6f\
\x6f\x6b\x75\x70\x5f\x65\x6c\x65\x6d\x28\x26\x61\x66\x6c\x5f\x74\x6f\x74\x61\
\x6c\x5f\x62\x6f\x6f\x73\x74\x5f\x74\x69\x6d\x65\x2c\x20\x26\x70\x69\x64\x29\
\x3b\0\x20\x20\x20\x20\x20\x20\x20\x20\x20\x20\x20\x20\x20\x20\x20\x20\x69\x66\
\x20\x28\x74\x6f\x74\x61\x6c\x5f\x62\x6f\x6f\x73\x74\x29\x20\x7b\0\x20\x20\x20\
\x20\x20\x20\x20\x20\x20\x20\x20\x20\x20\x20\x20\x20\x20\x20\x20\x20\x75\x36\
\x34\x20\x6e\x65\x77\x5f\x74\x6f\x74\x61\x6c\x20\x3d\x20\x2a\x74\x6f\x74\x61\
\x6c\x5f\x62\x6f\x6f\x73\x74\x20\x2b\x20\x62\x6f\x6f\x73\x74\x5f\x64\x75\x72\
\x61\x74\x69\x6f\x6e\x3b\0\x20\x20\x20\x20\x20\x20\x20\x20\x20\x20\x20\x20\x20\
\x20\x20\x20\x20\x20\x20\x20\x62\x70\x66\x5f\x6d\x61\x70\x5f\x75\x70\x64\x61\
\x74\x65\x5f\x65\x6c\x65\x6d\x28\x26\x61\x66\x6c\x5f\x74\x6f\x74\x61\x6c\x5f\
\x62\x6f\x6f\x73\x74\x5f\x74\x69\x6d\x65\x2c\x20\x26\x70\x69\x64\x2c\x20\x26\
\x6e\x65\x77\x5f\x74\x6f\x74\x61\x6c\x2c\x20\x42\x50\x46\x5f\x41\x4e\x59\x29\
\x3b\0\x20\x20\x20\x20\x20\x20\x20\x20\x20\x20\x20\x20\x7d\x20\x65\x6c\x73\x65\
\x20\x7b\0\x61\x66\x6c\x5f\x73\x63\x68\x65\x64\x5f\x64\x69\x73\x70\x61\x74\x63\
\x68\0\x73\x74\x72\x75\x63\x74\x5f\x6f\x70\x73\x2f\x61\x66\x6c\x5f\x73\x63\x68\
\x65\x64\x5f\x64\x69\x73\x70\x61\x74\x63\x68\0\x73\x33\x32\x20\x42\x50\x46\x5f\
\x53\x54\x52\x55\x43\x54\x5f\x4f\x50\x53\x28\x61\x66\x6c\x5f\x73\x63\x68\x65\
\x64\x5f\x64\x69\x73\x70\x61\x74\x63\x68\x2c\x20\x73\x33\x32\x20\x63\x70\x75\
\x2c\x20\x73\x74\x72\x75\x63\x74\x20\x74\x61\x73\x6b\x5f\x73\x74\x72\x75\x63\
\x74\x20\x2a\x70\x72\x65\x76\x29\0\x4c\x49\x43\x45\x4e\x53\x45\0\x70\x61\x72\
\x74\x69\x61\x6c\0\x76\x65\x72\x62\x6f\x73\x65\0\x73\x6c\x69\x63\x65\x5f\x75\
\x73\0\x73\x6c\x69\x63\x65\x5f\x75\x73\x5f\x6d\x69\x6e\0\x70\x72\x69\x6f\x5f\
\x62\x6f\x6f\x73\x74\x5f\x64\x75\x72\x61\x74\x69\x6f\x6e\x5f\x75\x73\0\x73\x68\
\x6d\x5f\x6b\x65\x79\0\x73\x63\x68\x65\x64\x5f\x65\x78\x74\x5f\x6f\x70\x73\0\
\x73\x65\x6c\x65\x63\x74\x5f\x63\x70\x75\0\x65\x6e\x71\x75\x65\x75\x65\0\x64\
\x65\x71\x75\x65\x75\x65\0\x64\x69\x73\x70\x61\x74\x63\x68\0\x74\x69\x63\x6b\0\
\x72\x75\x6e\x6e\x61\x62\x6c\x65\0\x72\x75\x6e\x6e\x69\x6e\x67\0\x73\x74\x6f\
\x70\x70\x69\x6e\x67\0\x71\x75\x69\x65\x73\x63\x65\x6e\x74\0\x79\x69\x65\x6c\
\x64\0\x63\x6f\x72\x65\x5f\x73\x63\x68\x65\x64\x5f\x62\x65\x66\x6f\x72\x65\0\
\x73\x65\x74\x5f\x77\x65\x69\x67\x68\x74\0\x73\x65\x74\x5f\x63\x70\x75\x6d\x61\
\x73\x6b\0\x75\x70\x64\x61\x74\x65\x5f\x69\x64\x6c\x65\0\x63\x70\x75\x5f\x61\
\x63\x71\x75\x69\x72\x65\0\x63\x70\x75\x5f\x72\x65\x6c\x65\x61\x73\x65\0\x69\
\x6e\x69\x74\x5f\x74\x61\x73\x6b\0\x65\x78\x69\x74\x5f\x74\x61\x73\x6b\0\x65\
\x6e\x61\x62\x6c\x65\0\x64\x69\x73\x61\x62\x6c\x65\0\x64\x75\x6d\x70\0\x64\x75\
\x6d\x70\x5f\x63\x70\x75\0\x64\x75\x6d\x70\x5f\x74\x61\x73\x6b\0\x63\x67\x72\
\x6f\x75\x70\x5f\x69\x6e\x69\x74\0\x63\x67\x72\x6f\x75\x70\x5f\x65\x78\x69\x74\
\0\x63\x67\x72\x6f\x75\x70\x5f\x70\x72\x65\x70\x5f\x6d\x6f\x76\x65\0\x63\x67\
\x72\x6f\x75\x70\x5f\x6d\x6f\x76\x65\0\x63\x67\x72\x6f\x75\x70\x5f\x63\x61\x6e\
\x63\x65\x6c\x5f\x6d\x6f\x76\x65\0\x63\x67\x72\x6f\x75\x70\x5f\x73\x65\x74\x5f\
\x77\x65\x69\x67\x68\x74\0\x63\x70\x75\x5f\x6f\x6e\x6c\x69\x6e\x65\0\x63\x70\
\x75\x5f\x6f\x66\x66\x6c\x69\x6e\x65\0\x69\x6e\x69\x74\0\x65\x78\x69\x74\0\x64\
\x69\x73\x70\x61\x74\x63\x68\x5f\x6d\x61\x78\x5f\x62\x61\x74\x63\x68\0\x74\x69\
\x6d\x65\x6f\x75\x74\x5f\x6d\x73\0\x65\x78\x69\x74\x5f\x64\x75\x6d\x70\x5f\x6c\
\x65\x6e\0\x68\x6f\x74\x70\x6c\x75\x67\x5f\x73\x65\x71\0\x6e\x61\x6d\x65\0\x73\
\x63\x78\x5f\x63\x70\x75\x5f\x61\x63\x71\x75\x69\x72\x65\x5f\x61\x72\x67\x73\0\
\x73\x63\x78\x5f\x63\x70\x75\x5f\x72\x65\x6c\x65\x61\x73\x65\x5f\x61\x72\x67\
\x73\0\x72\x65\x61\x73\x6f\x6e\0\x73\x63\x78\x5f\x63\x70\x75\x5f\x70\x72\x65\
\x65\x6d\x70\x74\x5f\x72\x65\x61\x73\x6f\x6e\0\x53\x43\x58\x5f\x43\x50\x55\x5f\
\x50\x52\x45\x45\x4d\x50\x54\x5f\x52\x54\0\x53\x43\x58\x5f\x43\x50\x55\x5f\x50\
\x52\x45\x45\x4d\x50\x54\x5f\x44\x4c\0\x53\x43\x58\x5f\x43\x50\x55\x5f\x50\x52\
\x45\x45\x4d\x50\x54\x5f\x53\x54\x4f\x50\0\x53\x43\x58\x5f\x43\x50\x55\x5f\x50\
\x52\x45\x45\x4d\x50\x54\x5f\x55\x4e\x4b\x4e\x4f\x57\x4e\0\x73\x63\x78\x5f\x69\
\x6e\x69\x74\x5f\x74\x61\x73\x6b\x5f\x61\x72\x67\x73\0\x66\x6f\x72\x6b\0\x73\
\x63\x78\x5f\x65\x78\x69\x74\x5f\x74\x61\x73\x6b\x5f\x61\x72\x67\x73\0\x63\x61\
\x6e\x63\x65\x6c\x6c\x65\x64\0\x73\x63\x78\x5f\x64\x75\x6d\x70\x5f\x63\x74\x78\
\0\x6b\x69\x6e\x64\0\x61\x74\x5f\x6e\x73\0\x61\x74\x5f\x6a\x69\x66\x66\x69\x65\
\x73\0\x73\x63\x78\x5f\x65\x78\x69\x74\x5f\x6b\x69\x6e\x64\0\x53\x43\x58\x5f\
\x45\x58\x49\x54\x5f\x4e\x4f\x4e\x45\0\x53\x43\x58\x5f\x45\x58\x49\x54\x5f\x44\
\x4f\x4e\x45\0\x53\x43\x58\x5f\x45\x58\x49\x54\x5f\x55\x4e\x52\x45\x47\0\x53\
\x43\x58\x5f\x45\x58\x49\x54\x5f\x55\x4e\x52\x45\x47\x5f\x42\x50\x46\0\x53\x43\
\x58\x5f\x45\x58\x49\x54\x5f\x55\x4e\x52\x45\x47\x5f\x4b\x45\x52\x4e\0\x53\x43\
\x58\x5f\x45\x58\x49\x54\x5f\x53\x59\x53\x52\x51\0\x53\x43\x58\x5f\x45\x58\x49\
\x54\x5f\x45\x52\x52\x4f\x52\0\x53\x43\x58\x5f\x45\x58\x49\x54\x5f\x45\x52\x52\
\x4f\x52\x5f\x42\x50\x46\0\x53\x43\x58\x5f\x45\x58\x49\x54\x5f\x45\x52\x52\x4f\
\x52\x5f\x53\x54\x41\x4c\x4c\0\x73\x65\x6c\x66\0\x6c\x65\x76\x65\x6c\0\x6d\x61\
\x78\x5f\x64\x65\x70\x74\x68\0\x6e\x72\x5f\x64\x65\x73\x63\x65\x6e\x64\x61\x6e\
\x74\x73\0\x6e\x72\x5f\x64\x79\x69\x6e\x67\x5f\x64\x65\x73\x63\x65\x6e\x64\x61\
\x6e\x74\x73\0\x6d\x61\x78\x5f\x64\x65\x73\x63\x65\x6e\x64\x61\x6e\x74\x73\0\
\x6e\x72\x5f\x70\x6f\x70\x75\x6c\x61\x74\x65\x64\x5f\x63\x73\x65\x74\x73\0\x6e\
\x72\x5f\x70\x6f\x70\x75\x6c\x61\x74\x65\x64\x5f\x64\x6f\x6d\x61\x69\x6e\x5f\
\x63\x68\x69\x6c\x64\x72\x65\x6e\0\x6e\x72\x5f\x70\x6f\x70\x75\x6c\x61\x74\x65\
\x64\x5f\x74\x68\x72\x65\x61\x64\x65\x64\x5f\x63\x68\x69\x6c\x64\x72\x65\x6e\0\
\x6e\x72\x5f\x74\x68\x72\x65\x61\x64\x65\x64\x5f\x63\x68\x69\x6c\x64\x72\x65\
\x6e\0\x6b\x6e\0\x70\x72\x6f\x63\x73\x5f\x66\x69\x6c\x65\0\x65\x76\x65\x6e\x74\
\x73\x5f\x66\x69\x6c\x65\0\x70\x73\x69\x5f\x66\x69\x6c\x65\x73\0\x73\x75\x62\
\x74\x72\x65\x65\x5f\x63\x6f\x6e\x74\x72\x6f\x6c\0\x73\x75\x62\x74\x72\x65\x65\
\x5f\x73\x73\x5f\x6d\x61\x73\x6b\0\x6f\x6c\x64\x5f\x73\x75\x62\x74\x72\x65\x65\
\x5f\x63\x6f\x6e\x74\x72\x6f\x6c\0\x6f\x6c\x64\x5f\x73\x75\x62\x74\x72\x65\x65\
\x5f\x73\x73\x5f\x6d\x61\x73\x6b\0\x73\x75\x62\x73\x79\x73\0\x6e\x72\x5f\x64\
\x79\x69\x6e\x67\x5f\x73\x75\x62\x73\x79\x73\0\x72\x6f\x6f\x74\0\x63\x73\x65\
\x74\x5f\x6c\x69\x6e\x6b\x73\0\x65\x5f\x63\x73\x65\x74\x73\0\x64\x6f\x6d\x5f\
\x63\x67\x72\x70\0\x6f\x6c\x64\x5f\x64\x6f\x6d\x5f\x63\x67\x72\x70\0\x72\x73\
\x74\x61\x74\x5f\x63\x70\x75\0\x72\x73\x74\x61\x74\x5f\x63\x73\x73\x5f\x6c\x69\
\x73\x74\0\x5f\x70\x61\x64\x5f\0\x72\x73\x74\x61\x74\x5f\x66\x6c\x75\x73\x68\
\x5f\x6e\x65\x78\x74\0\x6c\x61\x73\x74\x5f\x62\x73\x74\x61\x74\0\x62\x73\x74\
\x61\x74\0\x70\x69\x64\x6c\x69\x73\x74\x73\0\x70\x69\x64\x6c\x69\x73\x74\x5f\
\x6d\x75\x74\x65\x78\0\x6f\x66\x66\x6c\x69\x6e\x65\x5f\x77\x61\x69\x74\x71\0\
\x72\x65\x6c\x65\x61\x73\x65\x5f\x61\x67\x65\x6e\x74\x5f\x77\x6f\x72\x6b\0\x70\
\x73\x69\0\x62\x70\x66\0\x66\x72\x65\x65\x7a\x65\x72\0\x62\x70\x66\x5f\x63\x67\
\x72\x70\x5f\x73\x74\x6f\x72\x61\x67\x65\0\x61\x6e\x63\x65\x73\x74\x6f\x72\x73\
\0\x63\x67\x72\x6f\x75\x70\x5f\x73\x75\x62\x73\x79\x73\x5f\x73\x74\x61\x74\x65\
\0\x72\x65\x66\x63\x6e\x74\0\x72\x73\x74\x61\x74\x5f\x63\x73\x73\x5f\x6e\x6f\
\x64\x65\0\x73\x65\x72\x69\x61\x6c\x5f\x6e\x72\0\x6f\x6e\x6c\x69\x6e\x65\x5f\
\x63\x6e\x74\0\x64\x65\x73\x74\x72\x6f\x79\x5f\x77\x6f\x72\x6b\0\x64\x65\x73\
\x74\x72\x6f\x79\x5f\x72\x77\x6f\x72\x6b\0\x70\x65\x72\x63\x70\x75\x5f\x72\x65\
\x66\0\x70\x65\x72\x63\x70\x75\x5f\x63\x6f\x75\x6e\x74\x5f\x70\x74\x72\0\x64\
\x61\x74\x61\0\x77\x6f\x72\x6b\x5f\x73\x74\x72\x75\x63\x74\0\x77\x6f\x72\x6b\
\x5f\x66\x75\x6e\x63\x5f\x74\0\x72\x63\x75\x5f\x77\x6f\x72\x6b\0\x77\x71\0\x63\
\x67\x72\x6f\x75\x70\x5f\x66\x69\x6c\x65\0\x6e\x6f\x74\x69\x66\x69\x65\x64\x5f\
\x61\x74\0\x6e\x6f\x74\x69\x66\x79\x5f\x74\x69\x6d\x65\x72\0\x63\x61\x63\x68\
\x65\x6c\x69\x6e\x65\x5f\x70\x61\x64\x64\x69\x6e\x67\0\x78\0\x63\x67\x72\x6f\
\x75\x70\x5f\x62\x61\x73\x65\x5f\x73\x74\x61\x74\0\x63\x70\x75\x74\x69\x6d\x65\
\0\x66\x6f\x72\x63\x65\x69\x64\x6c\x65\x5f\x73\x75\x6d\0\x6e\x74\x69\x6d\x65\0\
\x74\x61\x73\x6b\x5f\x63\x70\x75\x74\x69\x6d\x65\0\x63\x67\x72\x6f\x75\x70\x5f\
\x62\x70\x66\0\x65\x66\x66\x65\x63\x74\x69\x76\x65\0\x70\x72\x6f\x67\x73\0\x73\
\x74\x6f\x72\x61\x67\x65\x73\0\x69\x6e\x61\x63\x74\x69\x76\x65\0\x72\x65\x6c\
\x65\x61\x73\x65\x5f\x77\x6f\x72\x6b\0\x62\x70\x66\x5f\x70\x72\x6f\x67\x5f\x61\
\x72\x72\x61\x79\0\x69\x74\x65\x6d\x73\0\x62\x70\x66\x5f\x70\x72\x6f\x67\x5f\
\x61\x72\x72\x61\x79\x5f\x69\x74\x65\x6d\0\x63\x67\x72\x6f\x75\x70\x5f\x73\x74\
\x6f\x72\x61\x67\x65\0\x62\x70\x66\x5f\x63\x67\x72\x6f\x75\x70\x5f\x73\x74\x6f\
\x72\x61\x67\x65\0\x6d\x61\x70\0\x6c\x69\x73\x74\x5f\x6d\x61\x70\0\x6c\x69\x73\
\x74\x5f\x63\x67\0\x62\x75\x66\0\x70\x65\x72\x63\x70\x75\x5f\x62\x75\x66\0\x70\
\x65\x72\x63\x70\x75\0\x62\x70\x66\x5f\x63\x67\x72\x6f\x75\x70\x5f\x73\x74\x6f\
\x72\x61\x67\x65\x5f\x6b\x65\x79\0\x63\x67\x72\x6f\x75\x70\x5f\x69\x6e\x6f\x64\
\x65\x5f\x69\x64\0\x61\x74\x74\x61\x63\x68\x5f\x74\x79\x70\x65\0\x68\x6c\x69\
\x73\x74\x5f\x68\x65\x61\x64\0\x63\x67\x72\x6f\x75\x70\x5f\x66\x72\x65\x65\x7a\
\x65\x72\x5f\x73\x74\x61\x74\x65\0\x66\x72\x65\x65\x7a\x65\0\x65\x5f\x66\x72\
\x65\x65\x7a\x65\0\x6e\x72\x5f\x66\x72\x6f\x7a\x65\x6e\x5f\x64\x65\x73\x63\x65\
\x6e\x64\x61\x6e\x74\x73\0\x6e\x72\x5f\x66\x72\x6f\x7a\x65\x6e\x5f\x74\x61\x73\
\x6b\x73\0\x73\x63\x78\x5f\x63\x67\x72\x6f\x75\x70\x5f\x69\x6e\x69\x74\x5f\x61\
\x72\x67\x73\0\x73\x63\x78\x5f\x65\x78\x69\x74\x5f\x69\x6e\x66\x6f\0\x62\x74\0\
\x62\x74\x5f\x6c\x65\x6e\0\x6d\x73\x67\0\x61\x66\x6c\x5f\x73\x63\x68\x65\x64\
\x5f\x6f\x70\x73\0\x5f\x5f\x53\x43\x58\x5f\x4f\x50\x53\x5f\x4e\x41\x4d\x45\x5f\
\x4c\x45\x4e\0\x5f\x5f\x53\x43\x58\x5f\x53\x4c\x49\x43\x45\x5f\x44\x46\x4c\0\
\x5f\x5f\x53\x43\x58\x5f\x53\x4c\x49\x43\x45\x5f\x49\x4e\x46\0\x5f\x5f\x53\x43\
\x58\x5f\x52\x51\x5f\x4f\x4e\x4c\x49\x4e\x45\0\x5f\x5f\x53\x43\x58\x5f\x52\x51\
\x5f\x43\x41\x4e\x5f\x53\x54\x4f\x50\x5f\x54\x49\x43\x4b\0\x5f\x5f\x53\x43\x58\
\x5f\x52\x51\x5f\x42\x41\x4c\x5f\x50\x45\x4e\x44\x49\x4e\x47\0\x5f\x5f\x53\x43\
\x58\x5f\x52\x51\x5f\x42\x41\x4c\x5f\x4b\x45\x45\x50\0\x5f\x5f\x53\x43\x58\x5f\
\x52\x51\x5f\x42\x59\x50\x41\x53\x53\x49\x4e\x47\0\x5f\x5f\x53\x43\x58\x5f\x52\
\x51\x5f\x43\x4c\x4b\x5f\x56\x41\x4c\x49\x44\0\x5f\x5f\x53\x43\x58\x5f\x52\x51\
\x5f\x49\x4e\x5f\x57\x41\x4b\x45\x55\x50\0\x5f\x5f\x53\x43\x58\x5f\x52\x51\x5f\
\x49\x4e\x5f\x42\x41\x4c\x41\x4e\x43\x45\0\x5f\x5f\x53\x43\x58\x5f\x44\x53\x51\
\x5f\x46\x4c\x41\x47\x5f\x42\x55\x49\x4c\x54\x49\x4e\0\x5f\x5f\x53\x43\x58\x5f\
\x44\x53\x51\x5f\x46\x4c\x41\x47\x5f\x4c\x4f\x43\x41\x4c\x5f\x4f\x4e\0\x5f\x5f\
\x53\x43\x58\x5f\x44\x53\x51\x5f\x49\x4e\x56\x41\x4c\x49\x44\0\x5f\x5f\x53\x43\
\x58\x5f\x44\x53\x51\x5f\x47\x4c\x4f\x42\x41\x4c\0\x5f\x5f\x53\x43\x58\x5f\x44\
\x53\x51\x5f\x4c\x4f\x43\x41\x4c\0\x5f\x5f\x53\x43\x58\x5f\x44\x53\x51\x5f\x4c\
\x4f\x43\x41\x4c\x5f\x4f\x4e\0\x5f\x5f\x53\x43\x58\x5f\x44\x53\x51\x5f\x4c\x4f\
\x43\x41\x4c\x5f\x43\x50\x55\x5f\x4d\x41\x53\x4b\0\x5f\x5f\x53\x43\x58\x5f\x54\
\x41\x53\x4b\x5f\x51\x55\x45\x55\x45\x44\0\x5f\x5f\x53\x43\x58\x5f\x54\x41\x53\
\x4b\x5f\x52\x45\x53\x45\x54\x5f\x52\x55\x4e\x4e\x41\x42\x4c\x45\x5f\x41\x54\0\
\x5f\x5f\x53\x43\x58\x5f\x54\x41\x53\x4b\x5f\x44\x45\x51\x44\x5f\x46\x4f\x52\
\x5f\x53\x4c\x45\x45\x50\0\x5f\x5f\x53\x43\x58\x5f\x54\x41\x53\x4b\x5f\x53\x54\
\x41\x54\x45\x5f\x53\x48\x49\x46\x54\0\x5f\x5f\x53\x43\x58\x5f\x54\x41\x53\x4b\
\x5f\x53\x54\x41\x54\x45\x5f\x42\x49\x54\x53\0\x5f\x5f\x53\x43\x58\x5f\x54\x41\
\x53\x4b\x5f\x53\x54\x41\x54\x45\x5f\x4d\x41\x53\x4b\0\x5f\x5f\x53\x43\x58\x5f\
\x54\x41\x53\x4b\x5f\x43\x55\x52\x53\x4f\x52\0\x5f\x5f\x53\x43\x58\x5f\x54\x41\
\x53\x4b\x5f\x4e\x4f\x4e\x45\0\x5f\x5f\x53\x43\x58\x5f\x54\x41\x53\x4b\x5f\x49\
\x4e\x49\x54\0\x5f\x5f\x53\x43\x58\x5f\x54\x41\x53\x4b\x5f\x52\x45\x41\x44\x59\
\0\x5f\x5f\x53\x43\x58\x5f\x54\x41\x53\x4b\x5f\x45\x4e\x41\x42\x4c\x45\x44\0\
\x5f\x5f\x53\x43\x58\x5f\x54\x41\x53\x4b\x5f\x4e\x52\x5f\x53\x54\x41\x54\x45\
\x53\0\x5f\x5f\x53\x43\x58\x5f\x54\x41\x53\x4b\x5f\x44\x53\x51\x5f\x4f\x4e\x5f\
\x50\x52\x49\x51\0\x5f\x5f\x53\x43\x58\x5f\x4b\x49\x43\x4b\x5f\x49\x44\x4c\x45\
\0\x5f\x5f\x53\x43\x58\x5f\x4b\x49\x43\x4b\x5f\x50\x52\x45\x45\x4d\x50\x54\0\
\x5f\x5f\x53\x43\x58\x5f\x4b\x49\x43\x4b\x5f\x57\x41\x49\x54\0\x5f\x5f\x53\x43\
\x58\x5f\x45\x4e\x51\x5f\x57\x41\x4b\x45\x55\x50\0\x5f\x5f\x53\x43\x58\x5f\x45\
\x4e\x51\x5f\x48\x45\x41\x44\0\x5f\x5f\x53\x43\x58\x5f\x45\x4e\x51\x5f\x50\x52\
\x45\x45\x4d\x50\x54\0\x5f\x5f\x53\x43\x58\x5f\x45\x4e\x51\x5f\x52\x45\x45\x4e\
\x51\0\x5f\x5f\x53\x43\x58\x5f\x45\x4e\x51\x5f\x4c\x41\x53\x54\0\x5f\x5f\x53\
\x43\x58\x5f\x45\x4e\x51\x5f\x43\x4c\x45\x41\x52\x5f\x4f\x50\x53\x53\0\x5f\x5f\
\x53\x43\x58\x5f\x45\x4e\x51\x5f\x44\x53\x51\x5f\x50\x52\x49\x51\0\x2e\x6b\x73\
\x79\x6d\x73\0\x2e\x6d\x61\x70\x73\0\x2e\x72\x6f\x64\x61\x74\x61\0\x2e\x73\x74\
\x72\x75\x63\x74\x5f\x6f\x70\x73\x2e\x6c\x69\x6e\x6b\0\x6c\x69\x63\x65\x6e\x73\
\x65\0\x67\x65\x6e\x64\x69\x73\x6b\0\x73\x63\x78\x5f\x64\x69\x73\x70\x61\x74\
\x63\x68\x5f\x71\0\x68\x72\x74\x69\x6d\x65\x72\x5f\x63\x6c\x6f\x63\x6b\x5f\x62\
\x61\x73\x65\0\x6d\x6d\x5f\x73\x74\x72\x75\x63\x74\0\x61\x64\x64\x72\x65\x73\
\x73\x5f\x73\x70\x61\x63\x65\0\x63\x6f\x6d\x70\x6c\x65\x74\x69\x6f\x6e\0\x75\
\x73\x65\x72\x5f\x6e\x61\x6d\x65\x73\x70\x61\x63\x65\0\x75\x73\x65\x72\x5f\x73\
\x74\x72\x75\x63\x74\0\x70\x69\x64\x5f\x6e\x61\x6d\x65\x73\x70\x61\x63\x65\0\
\x63\x73\x73\x5f\x73\x65\x74\0\x6b\x65\x72\x6e\x66\x73\x5f\x6e\x6f\x64\x65\0\
\x63\x67\x72\x6f\x75\x70\x5f\x72\x6f\x6f\x74\0\x63\x67\x72\x6f\x75\x70\x5f\x72\
\x73\x74\x61\x74\x5f\x63\x70\x75\0\x63\x67\x72\x6f\x75\x70\x5f\x73\x75\x62\x73\
\x79\x73\0\x70\x73\x69\x5f\x67\x72\x6f\x75\x70\0\x77\x6f\x72\x6b\x71\x75\x65\
\x75\x65\x5f\x73\x74\x72\x75\x63\x74\0\x62\x70\x66\x5f\x70\x72\x6f\x67\0\x6f\
\x62\x6a\x5f\x63\x67\x72\x6f\x75\x70\0\x70\x65\x72\x63\x70\x75\x5f\x72\x65\x66\
\x5f\x64\x61\x74\x61\0\x6d\x65\x6d\x5f\x63\x67\x72\x6f\x75\x70\0\x62\x70\x66\
\x5f\x6c\x6f\x63\x61\x6c\x5f\x73\x74\x6f\x72\x61\x67\x65\0\x66\x74\x72\x61\x63\
\x65\x5f\x68\x61\x73\x68\0\x76\x6d\x5f\x73\x74\x72\x75\x63\x74\0\x62\x70\x66\
\x5f\x73\x74\x6f\x72\x61\x67\x65\x5f\x62\x75\x66\x66\x65\x72\0\x62\x70\x66\x5f\
\x63\x67\x72\x6f\x75\x70\x5f\x73\x74\x6f\x72\x61\x67\x65\x5f\x6d\x61\x70\0\x66\
\x73\x5f\x73\x74\x72\x75\x63\x74\0\x70\x65\x72\x66\x5f\x65\x76\x65\x6e\x74\x5f\
\x70\x6d\x75\x5f\x63\x6f\x6e\x74\x65\x78\x74\0\x70\x65\x72\x66\x5f\x65\x76\x65\
\x6e\x74\x5f\x63\x6f\x6e\x74\x65\x78\x74\0\x70\x65\x72\x66\x5f\x62\x75\x66\x66\
\x65\x72\0\x70\x69\x70\x65\x5f\x69\x6e\x6f\x64\x65\x5f\x69\x6e\x66\x6f\0\x66\
\x61\x73\x79\x6e\x63\x5f\x73\x74\x72\x75\x63\x74\0\x74\x72\x61\x63\x65\x5f\x65\
\x76\x65\x6e\x74\x5f\x63\x61\x6c\x6c\0\x65\x76\x65\x6e\x74\x5f\x66\x69\x6c\x74\
\x65\x72\0\x70\x65\x72\x66\x5f\x61\x64\x64\x72\x5f\x66\x69\x6c\x74\x65\x72\x5f\
\x72\x61\x6e\x67\x65\0\x70\x65\x72\x66\x5f\x63\x61\x6c\x6c\x63\x68\x61\x69\x6e\
\x5f\x65\x6e\x74\x72\x79\0\x70\x65\x72\x66\x5f\x72\x61\x77\x5f\x72\x65\x63\x6f\
\x72\x64\0\x70\x65\x72\x66\x5f\x62\x72\x61\x6e\x63\x68\x5f\x73\x74\x61\x63\x6b\
\0\x70\x65\x72\x66\x5f\x63\x67\x72\x6f\x75\x70\0\x6b\x65\x72\x6e\x65\x6c\x5f\
\x73\x69\x67\x69\x6e\x66\x6f\0\x74\x61\x73\x6b\x5f\x67\x72\x6f\x75\x70\0\x72\
\x63\x75\x5f\x6e\x6f\x64\x65\0\x5f\x5f\x6b\x65\x72\x6e\x65\x6c\x5f\x74\x69\x6d\
\x65\x73\x70\x65\x63\0\x6f\x6c\x64\x5f\x74\x69\x6d\x65\x73\x70\x65\x63\x33\x32\
\0\x70\x6f\x6c\x6c\x66\x64\0\x73\x65\x6d\x5f\x75\x6e\x64\x6f\x5f\x6c\x69\x73\
\x74\0\x66\x69\x6c\x65\x73\x5f\x73\x74\x72\x75\x63\x74\0\x69\x6f\x5f\x75\x72\
\x69\x6e\x67\x5f\x74\x61\x73\x6b\0\x62\x6c\x6b\x5f\x70\x6c\x75\x67\0\x73\x69\
\x67\x6e\x61\x6c\x5f\x73\x74\x72\x75\x63\x74\0\x73\x69\x67\x68\x61\x6e\x64\x5f\
\x73\x74\x72\x75\x63\x74\0\x73\x65\x63\x63\x6f\x6d\x70\x5f\x66\x69\x6c\x74\x65\
\x72\0\x72\x74\x5f\x6d\x75\x74\x65\x78\x5f\x77\x61\x69\x74\x65\x72\0\x72\x6f\
\x62\x75\x73\x74\x5f\x6c\x69\x73\x74\x5f\x68\x65\x61\x64\0\x66\x75\x74\x65\x78\
\x5f\x70\x69\x5f\x73\x74\x61\x74\x65\0\x74\x61\x73\x6b\x5f\x64\x65\x6c\x61\x79\
\x5f\x69\x6e\x66\x6f\0\x75\x70\x72\x6f\x62\x65\x5f\x74\x61\x73\x6b\0\x62\x70\
\x66\x5f\x72\x75\x6e\x5f\x63\x74\x78\0\x6d\x61\x74\x68\x5f\x65\x6d\x75\x5f\x69\
\x6e\x66\x6f\0\0\x9f\xeb\x01\0\x20\0\0\0\0\0\0\0\x54\0\0\0\x54\0\0\0\xec\x06\0\
\0\x40\x07\0\0\x4c\0\0\0\x08\0\0\0\x8e\x28\0\0\x01\0\0\0\0\0\0\0\x8c\x01\0\0\
\x81\x29\0\0\x01\0\0\0\0\0\0\0\x8e\x01\0\0\xcd\x29\0\0\x01\0\0\0\0\0\0\0\x90\
\x01\0\0\x6d\x2b\0\0\x01\0\0\0\0\0\0\0\x94\x01\0\0\x7e\x34\0\0\x01\0\0\0\0\0\0\
\0\x9a\x01\0\0\x10\0\0\0\x8e\x28\0\0\x05\0\0\0\0\0\0\0\xa8\x28\0\0\xee\x28\0\0\
\0\x30\x04\0\x08\0\0\0\xa8\x28\0\0\x11\x29\0\0\x09\x38\x04\0\x18\0\0\0\xa8\x28\
\0\0\x22\x29\0\0\x09\x3c\x04\0\x40\0\0\0\xa8\x28\0\0\x34\x29\0\0\x05\x44\x04\0\
\x60\0\0\0\xa8\x28\0\0\xee\x28\0\0\x05\x30\x04\0\x81\x29\0\0\x01\0\0\0\0\0\0\0\
\xa8\x28\0\0\x9b\x29\0\0\x05\x58\x04\0\xcd\x29\0\0\x0e\0\0\0\0\0\0\0\xa8\x28\0\
\0\xe7\x29\0\0\x05\x70\x04\0\x08\0\0\0\xa8\x28\0\0\x21\x2a\0\0\x09\x88\x04\0\
\x10\0\0\0\xa8\x28\0\0\x2f\x2a\0\0\x14\x9c\x04\0\x40\0\0\0\xa8\x28\0\0\x74\x2a\
\0\0\x09\xa0\x04\0\x48\0\0\0\xa8\x28\0\0\x8d\x2a\0\0\x0b\xb4\x04\0\x58\0\0\0\
\xa8\x28\0\0\x8d\x2a\0\0\x0b\xb4\x04\0\x78\0\0\0\xa8\x28\0\0\xa6\x2a\0\0\x21\
\xb8\x04\0\x80\0\0\0\xa8\x28\0\0\xd3\x2a\0\0\x1f\xe0\x04\0\x88\0\0\0\xa8\x28\0\
\0\xa6\x2a\0\0\x11\xb8\x04\0\x90\0\0\0\xa8\x28\0\0\xf8\x2a\0\0\x25\xd4\x04\0\
\x98\0\0\0\xa8\x28\0\0\x2c\x2b\0\0\x1c\xc4\x04\0\xa0\0\0\0\xa8\x28\0\0\xf8\x2a\
\0\0\x2b\xd4\x04\0\xa8\0\0\0\xa8\x28\0\0\xf8\x2a\0\0\x1c\xd4\x04\0\xc0\0\0\0\
\xa8\x28\0\0\xe7\x29\0\0\x05\x70\x04\0\x6d\x2b\0\0\x57\0\0\0\0\0\0\0\xa8\x28\0\
\0\x8a\x2b\0\0\0\xf0\x04\0\x08\0\0\0\xa8\x28\0\0\x8a\x2b\0\0\x05\xf0\x04\0\x10\
\0\0\0\xa8\x28\0\0\x21\x2a\0\0\x09\x14\x05\0\x20\0\0\0\xa8\x28\0\0\xd6\x2b\0\0\
\x0b\xa4\x02\0\x58\0\0\0\xa8\x28\0\0\x74\x2a\0\0\x09\x2c\x05\0\x60\0\0\0\xa8\
\x28\0\0\x12\x2c\0\0\x19\x34\x05\0\x78\0\0\0\xa8\x28\0\0\x11\x29\0\0\x09\xcc\
\x02\0\x90\0\0\0\xa8\x28\0\0\x38\x2c\0\0\x16\xd8\x02\0\xa8\0\0\0\xa8\x28\0\0\
\x77\x2c\0\0\x09\xdc\x02\0\xb0\0\0\0\xa8\x28\0\0\x92\x2c\0\0\x0c\xec\x02\0\xb8\
\0\0\0\xa8\x28\0\0\xae\x2c\0\0\x1a\x40\x05\0\xc0\0\0\0\xa8\x28\0\0\xdd\x2c\0\0\
\x0f\x10\x02\0\xd0\0\0\0\xa8\x28\0\0\xdd\x2c\0\0\x0f\x10\x02\0\xe8\0\0\0\xa8\
\x28\0\0\xfa\x2c\0\0\x25\x90\x05\0\xf8\0\0\0\xa8\x28\0\0\xfa\x2c\0\0\x25\x90\
\x05\0\x18\x01\0\0\xa8\x28\0\0\xfa\x2c\0\0\x23\x90\x05\0\x28\x01\0\0\xa8\x28\0\
\0\xdd\x2c\0\0\x0f\x10\x02\0\x60\x01\0\0\xa8\x28\0\0\x33\x2d\0\0\x09\xc8\x01\0\
\x78\x01\0\0\xa8\x28\0\0\x70\x2d\0\0\x09\xd8\x01\0\x80\x01\0\0\xa8\x28\0\0\x70\
\x2d\0\0\x18\xd8\x01\0\0\x02\0\0\xa8\x28\0\0\xaf\x2d\0\0\x18\x50\x05\0\x08\x02\
\0\0\xa8\x28\0\0\xdd\x2c\0\0\x0f\x10\x02\0\x18\x02\0\0\xa8\x28\0\0\xd0\x2d\0\0\
\x1f\x5c\x05\0\x38\x02\0\0\xa8\x28\0\0\xd0\x2d\0\0\x1d\x5c\x05\0\x50\x02\0\0\
\xa8\x28\0\0\xfd\x2d\0\0\x09\x68\x05\0\x78\x02\0\0\xa8\x28\0\0\xd6\x2b\0\0\x0b\
\xa4\x02\0\xe8\x02\0\0\xa8\x28\0\0\x33\x2d\0\0\x09\xc8\x01\0\0\x03\0\0\xa8\x28\
\0\0\x70\x2d\0\0\x09\xd8\x01\0\x08\x03\0\0\xa8\x28\0\0\x70\x2d\0\0\x18\xd8\x01\
\0\xa8\x03\0\0\xa8\x28\0\0\x4d\x2e\0\0\x0d\xb4\x05\0\xd0\x03\0\0\xa8\x28\0\0\
\x8e\x2e\0\0\x15\xbc\x05\0\xf0\x03\0\0\xa8\x28\0\0\xac\x2e\0\0\x11\x1c\x06\0\0\
\x04\0\0\xa8\x28\0\0\xbe\x2e\0\0\x11\x30\x06\0\x30\x04\0\0\xa8\x28\0\0\x11\x29\
\0\0\x09\xcc\x02\0\x48\x04\0\0\xa8\x28\0\0\x38\x2c\0\0\x16\xd8\x02\0\x60\x04\0\
\0\xa8\x28\0\0\x77\x2c\0\0\x09\xdc\x02\0\x68\x04\0\0\xa8\x28\0\0\xd8\x2e\0\0\
\x20\x44\x06\0\x70\x04\0\0\xa8\x28\0\0\x92\x2c\0\0\x0c\xec\x02\0\x78\x04\0\0\
\xa8\x28\0\0\xd8\x2e\0\0\x17\x44\x06\0\x80\x04\0\0\xa8\x28\0\0\xd8\x2e\0\0\x20\
\x44\x06\0\x98\x04\0\0\xa8\x28\0\0\x11\x29\0\0\x09\0\x03\0\xc0\x04\0\0\xa8\x28\
\0\0\x0d\x2f\0\0\x05\x08\x03\0\xe0\x04\0\0\xa8\x28\0\0\x4f\x2f\0\0\x05\x58\x06\
\0\xf8\x04\0\0\xa8\x28\0\0\x4f\x2f\0\0\x05\x58\x06\0\x08\x05\0\0\xa8\x28\0\0\
\x4f\x2f\0\0\x05\x58\x06\0\x60\x05\0\0\xa8\x28\0\0\x11\x29\0\0\x09\x1c\x03\0\
\x78\x05\0\0\xa8\x28\0\0\x83\x2f\0\0\x0f\x38\x03\0\x90\x05\0\0\xa8\x28\0\0\xb4\
\x2f\0\0\x09\x3c\x03\0\x98\x05\0\0\xa8\x28\0\0\xc8\x2f\0\0\x19\x4c\x03\0\xb0\
\x05\0\0\xa8\x28\0\0\xef\x2f\0\0\x1d\x50\x03\0\xd0\x05\0\0\xa8\x28\0\0\x1e\x30\
\0\0\x21\x54\x03\0\xe8\x05\0\0\xa8\x28\0\0\x8a\x2b\0\0\x05\xf0\x04\0\x20\x06\0\
\0\xa8\x28\0\0\x82\x30\0\0\x0d\x28\x02\0\x50\x06\0\0\xa8\x28\0\0\xc1\x30\0\0\
\x17\x38\x02\0\x68\x06\0\0\xa8\x28\0\0\x04\x31\0\0\x19\x3c\x02\0\x78\x06\0\0\
\xa8\x28\0\0\x04\x31\0\0\x1c\x3c\x02\0\x80\x06\0\0\xa8\x28\0\0\x04\x31\0\0\x19\
\x3c\x02\0\x98\x06\0\0\xa8\x28\0\0\x35\x31\0\0\x12\x54\x02\0\xb8\x06\0\0\xa8\
\x28\0\0\x6f\x31\0\0\x0d\x58\x02\0\xc0\x06\0\0\xa8\x28\0\0\x85\x31\0\0\x19\x5c\
\x02\0\xe0\x06\0\0\xa8\x28\0\0\xa6\x31\0\0\x20\xc4\x05\0\0\x07\0\0\xa8\x28\0\0\
\xf2\x31\0\0\x17\xc8\x05\0\x10\x07\0\0\xa8\x28\0\0\xf2\x31\0\0\x17\xc8\x05\0\
\x20\x07\0\0\xa8\x28\0\0\x17\x32\0\0\x1d\xd0\x05\0\x30\x07\0\0\xa8\x28\0\0\x4c\
\x32\0\0\x19\x10\x06\0\x48\x07\0\0\xa8\x28\0\0\x4c\x32\0\0\x32\x10\x06\0\x50\
\x07\0\0\xa8\x28\0\0\x4c\x32\0\0\x22\x10\x06\0\x68\x07\0\0\xa8\x28\0\0\x4c\x32\
\0\0\x39\x10\x06\0\x78\x07\0\0\xa8\x28\0\0\x8b\x32\0\0\x1d\x14\x06\0\x90\x07\0\
\0\xa8\x28\0\0\x8b\x32\0\0\x1b\x14\x06\0\x98\x07\0\0\xa8\x28\0\0\xb7\x32\0\0\
\x1d\x18\x06\0\xa0\x07\0\0\xa8\x28\0\0\xac\x2e\0\0\x11\x1c\x06\0\xa8\x07\0\0\
\xa8\x28\0\0\xf2\x31\0\0\x17\xc8\x05\0\xb0\x07\0\0\xa8\x28\0\0\x17\x32\0\0\x1d\
\xd0\x05\0\xb8\x07\0\0\xa8\x28\0\0\x17\x32\0\0\x20\xd0\x05\0\xc0\x07\0\0\xa8\
\x28\0\0\x17\x32\0\0\x1d\xd0\x05\0\xc8\x07\0\0\xa8\x28\0\0\xe1\x32\0\0\x33\xe8\
\x05\0\xd0\x07\0\0\xa8\x28\0\0\x1a\x33\0\0\x19\xd8\x05\0\xe8\x07\0\0\xa8\x28\0\
\0\xe1\x32\0\0\x15\xe8\x05\0\0\x08\0\0\xa8\x28\0\0\x40\x33\0\0\x24\xec\x05\0\
\x18\x08\0\0\xa8\x28\0\0\x1a\x33\0\0\x22\xd8\x05\0\x20\x08\0\0\xa8\x28\0\0\x95\
\x33\0\0\x15\xf0\x05\0\x28\x08\0\0\xa8\x28\0\0\xb8\x33\0\0\x25\xf4\x05\0\x30\
\x08\0\0\xa8\x28\0\0\xb8\x33\0\0\x32\xf4\x05\0\x38\x08\0\0\xa8\x28\0\0\xb8\x33\
\0\0\x19\xf4\x05\0\x60\x08\0\0\xa8\x28\0\0\xfb\x33\0\0\x15\xf8\x05\0\xc0\x08\0\
\0\xa8\x28\0\0\x56\x34\0\0\x0d\x08\x06\0\x7e\x34\0\0\x01\0\0\0\0\0\0\0\xa8\x28\
\0\0\x9c\x34\0\0\x05\x78\x06\0\x10\0\0\0\x6d\x2b\0\0\x04\0\0\0\x38\x01\0\0\x25\
\0\0\0\x2d\x2d\0\0\0\0\0\0\xc0\x02\0\0\x25\0\0\0\x2d\x2d\0\0\0\0\0\0\x80\x03\0\
\0\x25\0\0\0\x48\x2e\0\0\0\0\0\0\xf8\x05\0\0\x25\0\0\0\x48\x2e\0\0\0\0\0\0\0\0\
\0\0\0\0\0\0\0\0\0\0\0\0\0\0\0\0\0\0\0\0\0\0\0\0\0\0\x03\0\x03\0\0\0\0\0\0\0\0\
\0\0\0\0\0\0\0\0\0\0\0\0\0\x03\0\x05\0\0\0\0\0\0\0\0\0\0\0\0\0\0\0\0\0\0\0\0\0\
\x03\0\x06\0\0\0\0\0\0\0\0\0\0\0\0\0\0\0\0\0\0\0\0\0\x03\0\x08\0\0\0\0\0\0\0\0\
\0\0\0\0\0\0\0\0\0\0\0\0\0\x03\0\x0a\0\0\0\0\0\0\0\0\0\0\0\0\0\0\0\0\0\x64\0\0\
\0\x12\0\x03\0\0\0\0\0\0\0\0\0\x70\0\0\0\0\0\0\0\x9f\x01\0\0\x11\0\x0f\0\0\0\0\
\0\0\0\0\0\x20\0\0\0\0\0\0\0\x46\0\0\0\x12\0\x05\0\0\0\0\0\0\0\0\0\x10\0\0\0\0\
\0\0\0\x27\x01\0\0\x12\0\x06\0\0\0\0\0\0\0\0\0\xd0\0\0\0\0\0\0\0\xc1\x01\0\0\
\x11\0\x0f\0\x60\0\0\0\0\0\0\0\x20\0\0\0\0\0\0\0\x09\0\0\0\x20\0\0\0\0\0\0\0\0\
\0\0\0\0\0\0\0\0\0\0\0\x71\x01\0\0\x12\0\x08\0\0\0\0\0\0\0\0\0\xc8\x08\0\0\0\0\
\0\0\xa4\0\0\0\x11\0\x0c\0\x08\0\0\0\0\0\0\0\x08\0\0\0\0\0\0\0\xc4\x03\0\0\x21\
\0\x0c\0\xa0\0\0\0\0\0\0\0\x08\0\0\0\0\0\0\0\x28\0\0\0\x20\0\0\0\0\0\0\0\0\0\0\
\0\0\0\0\0\0\0\0\0\x73\0\0\0\x20\0\0\0\0\0\0\0\0\0\0\0\0\0\0\0\0\0\0\0\xb9\0\0\
\0\x11\0\x0f\0\xc0\0\0\0\0\0\0\0\x20\0\0\0\0\0\0\0\xeb\0\0\0\x11\0\x0f\0\x40\0\
\0\0\0\0\0\0\x20\0\0\0\0\0\0\0\xad\0\0\0\x11\0\x0f\0\x20\0\0\0\0\0\0\0\x20\0\0\
\0\0\0\0\0\xde\0\0\0\x11\0\x0c\0\x10\0\0\0\0\0\0\0\x08\0\0\0\0\0\0\0\xac\x01\0\
\0\x11\0\x0f\0\xe0\0\0\0\0\0\0\0\x20\0\0\0\0\0\0\0\x41\x01\0\0\x12\0\x0a\0\0\0\
\0\0\0\0\0\0\x10\0\0\0\0\0\0\0\x6c\x04\0\0\x11\0\x0b\0\0\0\0\0\0\0\0\0\x04\0\0\
\0\0\0\0\0\xfb\0\0\0\x11\0\x0c\0\0\0\0\0\0\0\0\0\x01\0\0\0\0\0\0\0\x8f\x01\0\0\
\x11\0\x0c\0\x01\0\0\0\0\0\0\0\x01\0\0\0\0\0\0\0\x8d\0\0\0\x11\0\x0c\0\x18\0\0\
\0\0\0\0\0\x08\0\0\0\0\0\0\0\x01\0\0\0\x11\0\x0c\0\x20\0\0\0\0\0\0\0\x04\0\0\0\
\0\0\0\0\xbf\0\0\0\x11\0\x0d\0\0\0\0\0\0\0\0\0\xa8\x01\0\0\0\0\0\0\xa1\x03\0\0\
\x21\0\x0c\0\x28\0\0\0\0\0\0\0\x08\0\0\0\0\0\0\0\xb4\x03\0\0\x21\0\x0c\0\x30\0\
\0\0\0\0\0\0\x08\0\0\0\0\0\0\0\x5c\x04\0\0\x21\0\x0c\0\x38\0\0\0\0\0\0\0\x08\0\
\0\0\0\0\0\0\x84\x04\0\0\x21\0\x0c\0\x40\0\0\0\0\0\0\0\x08\0\0\0\0\0\0\0\x14\
\x04\0\0\x21\0\x0c\0\x48\0\0\0\0\0\0\0\x08\0\0\0\0\0\0\0\x3e\x04\0\0\x21\0\x0c\
\0\x50\0\0\0\0\0\0\0\x08\0\0\0\0\0\0\0\x4d\x03\0\0\x21\0\x0c\0\x58\0\0\0\0\0\0\
\0\x08\0\0\0\0\0\0\0\x2b\x04\0\0\x21\0\x0c\0\x60\0\0\0\0\0\0\0\x08\0\0\0\0\0\0\
\0\xb8\x04\0\0\x21\0\x0c\0\x68\0\0\0\0\0\0\0\x08\0\0\0\0\0\0\0\x20\x03\0\0\x21\
\0\x0c\0\x70\0\0\0\0\0\0\0\x08\0\0\0\0\0\0\0\xa4\x04\0\0\x21\0\x0c\0\x78\0\0\0\
\0\0\0\0\x08\0\0\0\0\0\0\0\x8a\x03\0\0\x21\0\x0c\0\x80\0\0\0\0\0\0\0\x08\0\0\0\
\0\0\0\0\x72\x03\0\0\x21\0\x0c\0\x88\0\0\0\0\0\0\0\x08\0\0\0\0\0\0\0\xcb\x04\0\
\0\x21\0\x0c\0\x90\0\0\0\0\0\0\0\x08\0\0\0\0\0\0\0\xd4\x03\0\0\x21\0\x0c\0\x98\
\0\0\0\0\0\0\0\x08\0\0\0\0\0\0\0\x5f\x03\0\0\x21\0\x0c\0\xa8\0\0\0\0\0\0\0\x08\
\0\0\0\0\0\0\0\xe5\x03\0\0\x21\0\x0c\0\xb0\0\0\0\0\0\0\0\x08\0\0\0\0\0\0\0\xdd\
\x04\0\0\x21\0\x0c\0\xb8\0\0\0\0\0\0\0\x08\0\0\0\0\0\0\0\x66\x02\0\0\x21\0\x0c\
\0\xc0\0\0\0\0\0\0\0\x08\0\0\0\0\0\0\0\x33\x03\0\0\x21\0\x0c\0\xc8\0\0\0\0\0\0\
\0\x08\0\0\0\0\0\0\0\x4f\x02\0\0\x21\0\x0c\0\xd0\0\0\0\0\0\0\0\x08\0\0\0\0\0\0\
\0\x83\x02\0\0\x21\0\x0c\0\xd8\0\0\0\0\0\0\0\x08\0\0\0\0\0\0\0\xfe\x03\0\0\x21\
\0\x0c\0\xe0\0\0\0\0\0\0\0\x08\0\0\0\0\0\0\0\xc3\x02\0\0\x21\0\x0c\0\xe8\0\0\0\
\0\0\0\0\x08\0\0\0\0\0\0\0\x74\x04\0\0\x21\0\x0c\0\xf0\0\0\0\0\0\0\0\x08\0\0\0\
\0\0\0\0\x2f\x02\0\0\x21\0\x0c\0\xf8\0\0\0\0\0\0\0\x08\0\0\0\0\0\0\0\xea\x01\0\
\0\x21\0\x0c\0\0\x01\0\0\0\0\0\0\x08\0\0\0\0\0\0\0\xef\x04\0\0\x21\0\x0c\0\x08\
\x01\0\0\0\0\0\0\x08\0\0\0\0\0\0\0\xae\x02\0\0\x21\0\x0c\0\x10\x01\0\0\0\0\0\0\
\x08\0\0\0\0\0\0\0\xf8\x02\0\0\x21\0\x0c\0\x18\x01\0\0\0\0\0\0\x08\0\0\0\0\0\0\
\0\x94\x04\0\0\x21\0\x0c\0\x20\x01\0\0\0\0\0\0\x08\0\0\0\0\0\0\0\x1c\x02\0\0\
\x21\0\x0c\0\x28\x01\0\0\0\0\0\0\x08\0\0\0\0\0\0\0\x3f\x02\0\0\x21\0\x0c\0\x30\
\x01\0\0\0\0\0\0\x08\0\0\0\0\0\0\0\x0f\x03\0\0\x21\0\x0c\0\x38\x01\0\0\0\0\0\0\
\x08\0\0\0\0\0\0\0\x02\x05\0\0\x21\0\x0c\0\x40\x01\0\0\0\0\0\0\x08\0\0\0\0\0\0\
\0\x0a\x02\0\0\x21\0\x0c\0\x48\x01\0\0\0\0\0\0\x08\0\0\0\0\0\0\0\xd5\x02\0\0\
\x21\0\x0c\0\x50\x01\0\0\0\0\0\0\x08\0\0\0\0\0\0\0\xfb\x01\0\0\x21\0\x0c\0\x58\
\x01\0\0\0\0\0\0\x08\0\0\0\0\0\0\0\x99\x02\0\0\x21\0\x0c\0\x60\x01\0\0\0\0\0\0\
\x08\0\0\0\0\0\0\0\xe5\x02\0\0\x21\0\x0c\0\x68\x01\0\0\0\0\0\0\x08\0\0\0\0\0\0\
\0\xd3\0\0\0\x11\0\x0f\0\x80\0\0\0\0\0\0\0\x20\0\0\0\0\0\0\0\x83\x01\0\0\x11\0\
\x0f\0\xa0\0\0\0\0\0\0\0\x20\0\0\0\0\0\0\0\x40\0\0\0\0\0\0\0\x01\0\0\0\x07\0\0\
\0\x10\0\0\0\0\0\0\0\x01\0\0\0\x0a\0\0\0\x48\0\0\0\0\0\0\0\x01\0\0\0\x0b\0\0\0\
\x60\0\0\0\0\0\0\0\x0a\0\0\0\x0b\0\0\0\x20\0\0\0\0\0\0\0\x01\0\0\0\x0a\0\0\0\
\x90\0\0\0\0\0\0\0\x01\0\0\0\x07\0\0\0\xc0\0\0\0\0\0\0\0\x01\0\0\0\x0b\0\0\0\
\xd8\0\0\0\0\0\0\0\x0a\0\0\0\x0b\0\0\0\xe8\0\0\0\0\0\0\0\x01\0\0\0\x0b\0\0\0\0\
\x01\0\0\0\0\0\0\x0a\0\0\0\x0b\0\0\0\x08\x02\0\0\0\0\0\0\x01\0\0\0\x0b\0\0\0\
\x20\x02\0\0\0\0\0\0\x0a\0\0\0\x0b\0\0\0\x50\x02\0\0\0\0\0\0\x01\0\0\0\x0a\0\0\
\0\x78\x02\0\0\0\0\0\0\x01\0\0\0\x0a\0\0\0\xd8\x03\0\0\0\0\0\0\x01\0\0\0\x0d\0\
\0\0\x08\x04\0\0\0\0\0\0\x01\0\0\0\x0d\0\0\0\x48\x04\0\0\0\0\0\0\x01\0\0\0\x07\
\0\0\0\xc0\x04\0\0\0\0\0\0\x01\0\0\0\x07\0\0\0\xe0\x04\0\0\0\0\0\0\x01\0\0\0\
\x0e\0\0\0\xf8\x04\0\0\0\0\0\0\x01\0\0\0\x0f\0\0\0\x28\x05\0\0\0\0\0\0\x0a\0\0\
\0\x0f\0\0\0\x50\x05\0\0\0\0\0\0\x0a\0\0\0\x10\0\0\0\x78\x05\0\0\0\0\0\0\x01\0\
\0\0\x11\0\0\0\x50\x06\0\0\0\0\0\0\x01\0\0\0\x12\0\0\0\x98\x06\0\0\0\0\0\0\x01\
\0\0\0\x13\0\0\0\xe0\x06\0\0\0\0\0\0\x01\0\0\0\x12\0\0\0\0\x07\0\0\0\0\0\0\x01\
\0\0\0\x0b\0\0\0\x18\x07\0\0\0\0\0\0\x0a\0\0\0\x0b\0\0\0\x30\x07\0\0\0\0\0\0\
\x01\0\0\0\x0d\0\0\0\x78\x07\0\0\0\0\0\0\x01\0\0\0\x14\0\0\0\xd0\x07\0\0\0\0\0\
\0\x01\0\0\0\x0d\0\0\0\0\x08\0\0\0\0\0\0\x01\0\0\0\x15\0\0\0\x88\x08\0\0\0\0\0\
\0\x01\0\0\0\x15\0\0\0\x08\0\0\0\0\0\0\0\x02\0\0\0\x0c\0\0\0\x18\0\0\0\0\0\0\0\
\x02\0\0\0\x16\0\0\0\x20\0\0\0\0\0\0\0\x02\0\0\0\x09\0\0\0\xf8\0\0\0\0\0\0\0\
\x02\0\0\0\x06\0\0\0\0\x01\0\0\0\0\0\0\x02\0\0\0\x08\0\0\0\xd0\x57\0\0\0\0\0\0\
\x03\0\0\0\x0b\0\0\0\xdc\x57\0\0\0\0\0\0\x03\0\0\0\x0f\0\0\0\xe8\x57\0\0\0\0\0\
\0\x03\0\0\0\x10\0\0\0\0\x58\0\0\0\0\0\0\x04\0\0\0\x07\0\0\0\x0c\x58\0\0\0\0\0\
\0\x04\0\0\0\x13\0\0\0\x18\x58\0\0\0\0\0\0\x04\0\0\0\x12\0\0\0\x24\x58\0\0\0\0\
\0\0\x04\0\0\0\x0a\0\0\0\x30\x58\0\0\0\0\0\0\x04\0\0\0\x45\0\0\0\x3c\x58\0\0\0\
\0\0\0\x04\0\0\0\x46\0\0\0\x48\x58\0\0\0\0\0\0\x04\0\0\0\x11\0\0\0\x54\x58\0\0\
\0\0\0\0\x04\0\0\0\x15\0\0\0\x6c\x58\0\0\0\0\0\0\x03\0\0\0\x18\0\0\0\x78\x58\0\
\0\0\0\0\0\x03\0\0\0\x19\0\0\0\x84\x58\0\0\0\0\0\0\x03\0\0\0\x0d\0\0\0\x90\x58\
\0\0\0\0\0\0\x03\0\0\0\x14\0\0\0\x9c\x58\0\0\0\0\0\0\x03\0\0\0\x1a\0\0\0\xa8\
\x58\0\0\0\0\0\0\x03\0\0\0\x1b\0\0\0\xb4\x58\0\0\0\0\0\0\x03\0\0\0\x1d\0\0\0\
\xc0\x58\0\0\0\0\0\0\x03\0\0\0\x1e\0\0\0\xcc\x58\0\0\0\0\0\0\x03\0\0\0\x1f\0\0\
\0\xd8\x58\0\0\0\0\0\0\x03\0\0\0\x20\0\0\0\xe4\x58\0\0\0\0\0\0\x03\0\0\0\x21\0\
\0\0\xf0\x58\0\0\0\0\0\0\x03\0\0\0\x22\0\0\0\xfc\x58\0\0\0\0\0\0\x03\0\0\0\x23\
\0\0\0\x08\x59\0\0\0\0\0\0\x03\0\0\0\x24\0\0\0\x14\x59\0\0\0\0\0\0\x03\0\0\0\
\x25\0\0\0\x20\x59\0\0\0\0\0\0\x03\0\0\0\x26\0\0\0\x2c\x59\0\0\0\0\0\0\x03\0\0\
\0\x27\0\0\0\x38\x59\0\0\0\0\0\0\x03\0\0\0\x28\0\0\0\x44\x59\0\0\0\0\0\0\x03\0\
\0\0\x29\0\0\0\x50\x59\0\0\0\0\0\0\x03\0\0\0\x2a\0\0\0\x5c\x59\0\0\0\0\0\0\x03\
\0\0\0\x2b\0\0\0\x68\x59\0\0\0\0\0\0\x03\0\0\0\x0e\0\0\0\x74\x59\0\0\0\0\0\0\
\x03\0\0\0\x2c\0\0\0\x80\x59\0\0\0\0\0\0\x03\0\0\0\x2d\0\0\0\x8c\x59\0\0\0\0\0\
\0\x03\0\0\0\x2e\0\0\0\x98\x59\0\0\0\0\0\0\x03\0\0\0\x2f\0\0\0\xa4\x59\0\0\0\0\
\0\0\x03\0\0\0\x30\0\0\0\xb0\x59\0\0\0\0\0\0\x03\0\0\0\x31\0\0\0\xbc\x59\0\0\0\
\0\0\0\x03\0\0\0\x32\0\0\0\xc8\x59\0\0\0\0\0\0\x03\0\0\0\x33\0\0\0\xd4\x59\0\0\
\0\0\0\0\x03\0\0\0\x34\0\0\0\xe0\x59\0\0\0\0\0\0\x03\0\0\0\x35\0\0\0\xec\x59\0\
\0\0\0\0\0\x03\0\0\0\x36\0\0\0\xf8\x59\0\0\0\0\0\0\x03\0\0\0\x37\0\0\0\x04\x5a\
\0\0\0\0\0\0\x03\0\0\0\x38\0\0\0\x10\x5a\0\0\0\0\0\0\x03\0\0\0\x39\0\0\0\x1c\
\x5a\0\0\0\0\0\0\x03\0\0\0\x3a\0\0\0\x28\x5a\0\0\0\0\0\0\x03\0\0\0\x3b\0\0\0\
\x34\x5a\0\0\0\0\0\0\x03\0\0\0\x3c\0\0\0\x40\x5a\0\0\0\0\0\0\x03\0\0\0\x3d\0\0\
\0\x4c\x5a\0\0\0\0\0\0\x03\0\0\0\x3e\0\0\0\x58\x5a\0\0\0\0\0\0\x03\0\0\0\x3f\0\
\0\0\x64\x5a\0\0\0\0\0\0\x03\0\0\0\x40\0\0\0\x70\x5a\0\0\0\0\0\0\x03\0\0\0\x41\
\0\0\0\x7c\x5a\0\0\0\0\0\0\x03\0\0\0\x42\0\0\0\x88\x5a\0\0\0\0\0\0\x03\0\0\0\
\x43\0\0\0\x94\x5a\0\0\0\0\0\0\x03\0\0\0\x44\0\0\0\xac\x5a\0\0\0\0\0\0\x04\0\0\
\0\x1c\0\0\0\xc4\x5a\0\0\0\0\0\0\x04\0\0\0\x17\0\0\0\x2c\0\0\0\0\0\0\0\x04\0\0\
\0\x01\0\0\0\x3c\0\0\0\0\0\0\0\x04\0\0\0\x02\0\0\0\x4c\0\0\0\0\0\0\0\x04\0\0\0\
\x03\0\0\0\x5c\0\0\0\0\0\0\0\x04\0\0\0\x04\0\0\0\x6c\0\0\0\0\0\0\0\x04\0\0\0\
\x05\0\0\0\x80\0\0\0\0\0\0\0\x04\0\0\0\x01\0\0\0\x90\0\0\0\0\0\0\0\x04\0\0\0\
\x01\0\0\0\xa0\0\0\0\0\0\0\0\x04\0\0\0\x01\0\0\0\xb0\0\0\0\0\0\0\0\x04\0\0\0\
\x01\0\0\0\xc0\0\0\0\0\0\0\0\x04\0\0\0\x01\0\0\0\xd8\0\0\0\0\0\0\0\x04\0\0\0\
\x02\0\0\0\xf0\0\0\0\0\0\0\0\x04\0\0\0\x03\0\0\0\0\x01\0\0\0\0\0\0\x04\0\0\0\
\x03\0\0\0\x10\x01\0\0\0\0\0\0\x04\0\0\0\x03\0\0\0\x20\x01\0\0\0\0\0\0\x04\0\0\
\0\x03\0\0\0\x30\x01\0\0\0\0\0\0\x04\0\0\0\x03\0\0\0\x40\x01\0\0\0\0\0\0\x04\0\
\0\0\x03\0\0\0\x50\x01\0\0\0\0\0\0\x04\0\0\0\x03\0\0\0\x60\x01\0\0\0\0\0\0\x04\
\0\0\0\x03\0\0\0\x70\x01\0\0\0\0\0\0\x04\0\0\0\x03\0\0\0\x80\x01\0\0\0\0\0\0\
\x04\0\0\0\x03\0\0\0\x90\x01\0\0\0\0\0\0\x04\0\0\0\x03\0\0\0\xa0\x01\0\0\0\0\0\
\0\x04\0\0\0\x03\0\0\0\xb0\x01\0\0\0\0\0\0\x04\0\0\0\x03\0\0\0\xc0\x01\0\0\0\0\
\0\0\x04\0\0\0\x03\0\0\0\xd8\x01\0\0\0\0\0\0\x04\0\0\0\x04\0\0\0\xe8\x01\0\0\0\
\0\0\0\x04\0\0\0\x04\0\0\0\xf8\x01\0\0\0\0\0\0\x04\0\0\0\x04\0\0\0\x08\x02\0\0\
\0\0\0\0\x04\0\0\0\x04\0\0\0\x18\x02\0\0\0\0\0\0\x04\0\0\0\x04\0\0\0\x28\x02\0\
\0\0\0\0\0\x04\0\0\0\x04\0\0\0\x38\x02\0\0\0\0\0\0\x04\0\0\0\x04\0\0\0\x48\x02\
\0\0\0\0\0\0\x04\0\0\0\x04\0\0\0\x58\x02\0\0\0\0\0\0\x04\0\0\0\x04\0\0\0\x68\
\x02\0\0\0\0\0\0\x04\0\0\0\x04\0\0\0\x78\x02\0\0\0\0\0\0\x04\0\0\0\x04\0\0\0\
\x88\x02\0\0\0\0\0\0\x04\0\0\0\x04\0\0\0\x98\x02\0\0\0\0\0\0\x04\0\0\0\x04\0\0\
\0\xa8\x02\0\0\0\0\0\0\x04\0\0\0\x04\0\0\0\xb8\x02\0\0\0\0\0\0\x04\0\0\0\x04\0\
\0\0\xc8\x02\0\0\0\0\0\0\x04\0\0\0\x04\0\0\0\xd8\x02\0\0\0\0\0\0\x04\0\0\0\x04\
\0\0\0\xe8\x02\0\0\0\0\0\0\x04\0\0\0\x04\0\0\0\xf8\x02\0\0\0\0\0\0\x04\0\0\0\
\x04\0\0\0\x08\x03\0\0\0\0\0\0\x04\0\0\0\x04\0\0\0\x18\x03\0\0\0\0\0\0\x04\0\0\
\0\x04\0\0\0\x28\x03\0\0\0\0\0\0\x04\0\0\0\x04\0\0\0\x38\x03\0\0\0\0\0\0\x04\0\
\0\0\x04\0\0\0\x48\x03\0\0\0\0\0\0\x04\0\0\0\x04\0\0\0\x58\x03\0\0\0\0\0\0\x04\
\0\0\0\x04\0\0\0\x68\x03\0\0\0\0\0\0\x04\0\0\0\x04\0\0\0\x78\x03\0\0\0\0\0\0\
\x04\0\0\0\x04\0\0\0\x88\x03\0\0\0\0\0\0\x04\0\0\0\x04\0\0\0\x98\x03\0\0\0\0\0\
\0\x04\0\0\0\x04\0\0\0\xa8\x03\0\0\0\0\0\0\x04\0\0\0\x04\0\0\0\xb8\x03\0\0\0\0\
\0\0\x04\0\0\0\x04\0\0\0\xc8\x03\0\0\0\0\0\0\x04\0\0\0\x04\0\0\0\xd8\x03\0\0\0\
\0\0\0\x04\0\0\0\x04\0\0\0\xe8\x03\0\0\0\0\0\0\x04\0\0\0\x04\0\0\0\xf8\x03\0\0\
\0\0\0\0\x04\0\0\0\x04\0\0\0\x08\x04\0\0\0\0\0\0\x04\0\0\0\x04\0\0\0\x18\x04\0\
\0\0\0\0\0\x04\0\0\0\x04\0\0\0\x28\x04\0\0\0\0\0\0\x04\0\0\0\x04\0\0\0\x38\x04\
\0\0\0\0\0\0\x04\0\0\0\x04\0\0\0\x48\x04\0\0\0\0\0\0\x04\0\0\0\x04\0\0\0\x58\
\x04\0\0\0\0\0\0\x04\0\0\0\x04\0\0\0\x68\x04\0\0\0\0\0\0\x04\0\0\0\x04\0\0\0\
\x78\x04\0\0\0\0\0\0\x04\0\0\0\x04\0\0\0\x88\x04\0\0\0\0\0\0\x04\0\0\0\x04\0\0\
\0\x98\x04\0\0\0\0\0\0\x04\0\0\0\x04\0\0\0\xa8\x04\0\0\0\0\0\0\x04\0\0\0\x04\0\
\0\0\xb8\x04\0\0\0\0\0\0\x04\0\0\0\x04\0\0\0\xc8\x04\0\0\0\0\0\0\x04\0\0\0\x04\
\0\0\0\xd8\x04\0\0\0\0\0\0\x04\0\0\0\x04\0\0\0\xe8\x04\0\0\0\0\0\0\x04\0\0\0\
\x04\0\0\0\xf8\x04\0\0\0\0\0\0\x04\0\0\0\x04\0\0\0\x08\x05\0\0\0\0\0\0\x04\0\0\
\0\x04\0\0\0\x18\x05\0\0\0\0\0\0\x04\0\0\0\x04\0\0\0\x28\x05\0\0\0\0\0\0\x04\0\
\0\0\x04\0\0\0\x38\x05\0\0\0\0\0\0\x04\0\0\0\x04\0\0\0\x48\x05\0\0\0\0\0\0\x04\
\0\0\0\x04\0\0\0\x58\x05\0\0\0\0\0\0\x04\0\0\0\x04\0\0\0\x68\x05\0\0\0\0\0\0\
\x04\0\0\0\x04\0\0\0\x78\x05\0\0\0\0\0\0\x04\0\0\0\x04\0\0\0\x88\x05\0\0\0\0\0\
\0\x04\0\0\0\x04\0\0\0\x98\x05\0\0\0\0\0\0\x04\0\0\0\x04\0\0\0\xa8\x05\0\0\0\0\
\0\0\x04\0\0\0\x04\0\0\0\xb8\x05\0\0\0\0\0\0\x04\0\0\0\x04\0\0\0\xc8\x05\0\0\0\
\0\0\0\x04\0\0\0\x04\0\0\0\xd8\x05\0\0\0\0\0\0\x04\0\0\0\x04\0\0\0\xe8\x05\0\0\
\0\0\0\0\x04\0\0\0\x04\0\0\0\xf8\x05\0\0\0\0\0\0\x04\0\0\0\x04\0\0\0\x08\x06\0\
\0\0\0\0\0\x04\0\0\0\x04\0\0\0\x18\x06\0\0\0\0\0\0\x04\0\0\0\x04\0\0\0\x28\x06\
\0\0\0\0\0\0\x04\0\0\0\x04\0\0\0\x38\x06\0\0\0\0\0\0\x04\0\0\0\x04\0\0\0\x48\
\x06\0\0\0\0\0\0\x04\0\0\0\x04\0\0\0\x58\x06\0\0\0\0\0\0\x04\0\0\0\x04\0\0\0\
\x68\x06\0\0\0\0\0\0\x04\0\0\0\x04\0\0\0\x78\x06\0\0\0\0\0\0\x04\0\0\0\x04\0\0\
\0\x88\x06\0\0\0\0\0\0\x04\0\0\0\x04\0\0\0\x98\x06\0\0\0\0\0\0\x04\0\0\0\x04\0\
\0\0\xa8\x06\0\0\0\0\0\0\x04\0\0\0\x04\0\0\0\xb8\x06\0\0\0\0\0\0\x04\0\0\0\x04\
\0\0\0\xc8\x06\0\0\0\0\0\0\x04\0\0\0\x04\0\0\0\xd8\x06\0\0\0\0\0\0\x04\0\0\0\
\x04\0\0\0\xe8\x06\0\0\0\0\0\0\x04\0\0\0\x04\0\0\0\xf8\x06\0\0\0\0\0\0\x04\0\0\
\0\x04\0\0\0\x08\x07\0\0\0\0\0\0\x04\0\0\0\x04\0\0\0\x18\x07\0\0\0\0\0\0\x04\0\
\0\0\x04\0\0\0\x28\x07\0\0\0\0\0\0\x04\0\0\0\x04\0\0\0\x38\x07\0\0\0\0\0\0\x04\
\0\0\0\x04\0\0\0\x50\x07\0\0\0\0\0\0\x04\0\0\0\x05\0\0\0\x6c\x07\0\0\0\0\0\0\
\x04\0\0\0\x04\0\0\0\x7c\x07\0\0\0\0\0\0\x04\0\0\0\x04\0\0\0\x8c\x07\0\0\0\0\0\
\0\x04\0\0\0\x04\0\0\0\x9c\x07\0\0\0\0\0\0\x04\0\0\0\x04\0\0\0\x10\x12\x13\x16\
\x20\x19\x15\x21\x17\x1e\x26\x18\x11\x1d\x1c\x14\x4f\x50\x1b\x1f\0\x73\x68\x6d\
\x5f\x6b\x65\x79\0\x73\x63\x78\x5f\x62\x70\x66\x5f\x6e\x6f\x77\0\x2e\x74\x65\
\x78\x74\0\x2e\x72\x65\x6c\x2e\x42\x54\x46\x2e\x65\x78\x74\0\x73\x63\x78\x5f\
\x62\x70\x66\x5f\x64\x73\x71\x5f\x69\x6e\x73\x65\x72\x74\0\x73\x74\x72\x75\x63\
\x74\x5f\x6f\x70\x73\x2f\x61\x66\x6c\x5f\x73\x63\x68\x65\x64\x5f\x65\x78\x69\
\x74\0\x2e\x72\x65\x6c\x73\x74\x72\x75\x63\x74\x5f\x6f\x70\x73\x2f\x61\x66\x6c\
\x5f\x73\x63\x68\x65\x64\x5f\x69\x6e\x69\x74\0\x73\x63\x78\x5f\x62\x70\x66\x5f\
\x64\x69\x73\x70\x61\x74\x63\x68\x5f\x5f\x5f\x63\x6f\x6d\x70\x61\x74\0\x70\x72\
\x69\x6f\x5f\x62\x6f\x6f\x73\x74\x5f\x64\x75\x72\x61\x74\x69\x6f\x6e\x5f\x75\
\x73\0\x73\x6c\x69\x63\x65\x5f\x75\x73\0\x61\x66\x6c\x5f\x77\x65\x69\x67\x68\
\x74\x73\0\x73\x74\x61\x74\x73\0\x61\x66\x6c\x5f\x73\x63\x68\x65\x64\x5f\x6f\
\x70\x73\0\x2e\x6d\x61\x70\x73\0\x64\x69\x73\x70\x61\x74\x63\x68\x5f\x71\0\x73\
\x6c\x69\x63\x65\x5f\x75\x73\x5f\x6d\x69\x6e\0\x61\x66\x6c\x5f\x62\x6f\x6f\x73\
\x74\x5f\x75\x6e\x74\x69\x6c\0\x70\x61\x72\x74\x69\x61\x6c\0\x2e\x72\x65\x6c\
\x2e\x73\x74\x72\x75\x63\x74\x5f\x6f\x70\x73\x2e\x6c\x69\x6e\x6b\0\x2e\x72\x65\
\x6c\x73\x74\x72\x75\x63\x74\x5f\x6f\x70\x73\x2f\x61\x66\x6c\x5f\x73\x63\x68\
\x65\x64\x5f\x74\x69\x63\x6b\0\x73\x74\x72\x75\x63\x74\x5f\x6f\x70\x73\x2f\x61\
\x66\x6c\x5f\x73\x63\x68\x65\x64\x5f\x64\x69\x73\x70\x61\x74\x63\x68\0\x2e\x6c\
\x6c\x76\x6d\x5f\x61\x64\x64\x72\x73\x69\x67\0\x2e\x72\x65\x6c\x73\x74\x72\x75\
\x63\x74\x5f\x6f\x70\x73\x2f\x61\x66\x6c\x5f\x73\x63\x68\x65\x64\x5f\x65\x6e\
\x71\x75\x65\x75\x65\0\x71\x75\x65\x75\x65\x5f\x73\x74\x61\x74\x65\0\x76\x65\
\x72\x62\x6f\x73\x65\0\x6c\x69\x63\x65\x6e\x73\x65\0\x6d\x69\x6e\x5f\x76\x72\
\x75\x6e\x74\x69\x6d\x65\0\x61\x66\x6c\x5f\x74\x6f\x74\x61\x6c\x5f\x62\x6f\x6f\
\x73\x74\x5f\x74\x69\x6d\x65\0\x74\x61\x73\x6b\x5f\x63\x74\x78\x5f\x73\x74\x6f\
\x72\x61\x67\x65\0\x2e\x73\x74\x72\x74\x61\x62\0\x2e\x73\x79\x6d\x74\x61\x62\0\
\x2e\x72\x6f\x64\x61\x74\x61\0\x5f\x5f\x53\x43\x58\x5f\x54\x41\x53\x4b\x5f\x52\
\x45\x41\x44\x59\0\x5f\x5f\x53\x43\x58\x5f\x45\x4e\x51\x5f\x4c\x41\x53\x54\0\
\x5f\x5f\x53\x43\x58\x5f\x45\x4e\x51\x5f\x50\x52\x45\x45\x4d\x50\x54\0\x5f\x5f\
\x53\x43\x58\x5f\x4b\x49\x43\x4b\x5f\x50\x52\x45\x45\x4d\x50\x54\0\x5f\x5f\x53\
\x43\x58\x5f\x54\x41\x53\x4b\x5f\x49\x4e\x49\x54\0\x5f\x5f\x53\x43\x58\x5f\x4b\
\x49\x43\x4b\x5f\x57\x41\x49\x54\0\x5f\x5f\x53\x43\x58\x5f\x54\x41\x53\x4b\x5f\
\x53\x54\x41\x54\x45\x5f\x53\x48\x49\x46\x54\0\x5f\x5f\x53\x43\x58\x5f\x54\x41\
\x53\x4b\x5f\x52\x45\x53\x45\x54\x5f\x52\x55\x4e\x4e\x41\x42\x4c\x45\x5f\x41\
\x54\0\x5f\x5f\x53\x43\x58\x5f\x54\x41\x53\x4b\x5f\x53\x54\x41\x54\x45\x5f\x42\
\x49\x54\x53\0\x5f\x5f\x53\x43\x58\x5f\x45\x4e\x51\x5f\x43\x4c\x45\x41\x52\x5f\
\x4f\x50\x53\x53\0\x5f\x5f\x53\x43\x58\x5f\x54\x41\x53\x4b\x5f\x4e\x52\x5f\x53\
\x54\x41\x54\x45\x53\0\x5f\x5f\x53\x43\x58\x5f\x54\x41\x53\x4b\x5f\x43\x55\x52\
\x53\x4f\x52\0\x5f\x5f\x53\x43\x58\x5f\x45\x4e\x51\x5f\x52\x45\x45\x4e\x51\0\
\x5f\x5f\x53\x43\x58\x5f\x45\x4e\x51\x5f\x44\x53\x51\x5f\x50\x52\x49\x51\0\x5f\
\x5f\x53\x43\x58\x5f\x54\x41\x53\x4b\x5f\x44\x53\x51\x5f\x4f\x4e\x5f\x50\x52\
\x49\x51\0\x5f\x5f\x53\x43\x58\x5f\x45\x4e\x51\x5f\x57\x41\x4b\x45\x55\x50\0\
\x5f\x5f\x53\x43\x58\x5f\x52\x51\x5f\x49\x4e\x5f\x57\x41\x4b\x45\x55\x50\0\x5f\
\x5f\x53\x43\x58\x5f\x54\x41\x53\x4b\x5f\x44\x45\x51\x44\x5f\x46\x4f\x52\x5f\
\x53\x4c\x45\x45\x50\0\x5f\x5f\x53\x43\x58\x5f\x52\x51\x5f\x42\x41\x4c\x5f\x4b\
\x45\x45\x50\0\x5f\x5f\x53\x43\x58\x5f\x44\x53\x51\x5f\x4c\x4f\x43\x41\x4c\x5f\
\x4f\x4e\0\x5f\x5f\x53\x43\x58\x5f\x44\x53\x51\x5f\x46\x4c\x41\x47\x5f\x4c\x4f\
\x43\x41\x4c\x5f\x4f\x4e\0\x5f\x5f\x53\x43\x58\x5f\x44\x53\x51\x5f\x46\x4c\x41\
\x47\x5f\x42\x55\x49\x4c\x54\x49\x4e\0\x5f\x5f\x53\x43\x58\x5f\x4f\x50\x53\x5f\
\x4e\x41\x4d\x45\x5f\x4c\x45\x4e\0\x5f\x5f\x53\x43\x58\x5f\x53\x4c\x49\x43\x45\
\x5f\x44\x46\x4c\0\x5f\x5f\x53\x43\x58\x5f\x44\x53\x51\x5f\x4c\x4f\x43\x41\x4c\
\0\x5f\x5f\x53\x43\x58\x5f\x44\x53\x51\x5f\x47\x4c\x4f\x42\x41\x4c\0\x5f\x5f\
\x53\x43\x58\x5f\x44\x53\x51\x5f\x4c\x4f\x43\x41\x4c\x5f\x43\x50\x55\x5f\x4d\
\x41\x53\x4b\0\x5f\x5f\x53\x43\x58\x5f\x54\x41\x53\x4b\x5f\x53\x54\x41\x54\x45\
\x5f\x4d\x41\x53\x4b\0\x5f\x5f\x53\x43\x58\x5f\x52\x51\x5f\x43\x41\x4e\x5f\x53\
\x54\x4f\x50\x5f\x54\x49\x43\x4b\0\x5f\x5f\x53\x43\x58\x5f\x52\x51\x5f\x42\x59\
\x50\x41\x53\x53\x49\x4e\x47\0\x5f\x5f\x53\x43\x58\x5f\x52\x51\x5f\x42\x41\x4c\
\x5f\x50\x45\x4e\x44\x49\x4e\x47\0\x2e\x72\x65\x6c\x2e\x42\x54\x46\0\x5f\x5f\
\x53\x43\x58\x5f\x53\x4c\x49\x43\x45\x5f\x49\x4e\x46\0\x4c\x49\x43\x45\x4e\x53\
\x45\0\x5f\x5f\x53\x43\x58\x5f\x54\x41\x53\x4b\x5f\x4e\x4f\x4e\x45\0\x5f\x5f\
\x53\x43\x58\x5f\x52\x51\x5f\x4f\x4e\x4c\x49\x4e\x45\0\x5f\x5f\x53\x43\x58\x5f\
\x4b\x49\x43\x4b\x5f\x49\x44\x4c\x45\0\x5f\x5f\x53\x43\x58\x5f\x52\x51\x5f\x49\
\x4e\x5f\x42\x41\x4c\x41\x4e\x43\x45\0\x5f\x5f\x53\x43\x58\x5f\x52\x51\x5f\x43\
\x4c\x4b\x5f\x56\x41\x4c\x49\x44\0\x5f\x5f\x53\x43\x58\x5f\x44\x53\x51\x5f\x49\
\x4e\x56\x41\x4c\x49\x44\0\x5f\x5f\x53\x43\x58\x5f\x54\x41\x53\x4b\x5f\x51\x55\
\x45\x55\x45\x44\0\x5f\x5f\x53\x43\x58\x5f\x54\x41\x53\x4b\x5f\x45\x4e\x41\x42\
\x4c\x45\x44\0\x5f\x5f\x53\x43\x58\x5f\x45\x4e\x51\x5f\x48\x45\x41\x44\0\0\0\0\
\0\0\0\0\0\0\0\0\0\0\0\0\0\0\0\0\0\0\0\0\0\0\0\0\0\0\0\0\0\0\0\0\0\0\0\0\0\0\0\
\0\0\0\0\0\0\0\0\0\0\0\0\0\0\0\0\0\0\0\0\0\0\0\0\0\xd2\x01\0\0\x03\0\0\0\0\0\0\
\0\0\0\0\0\0\0\0\0\0\0\0\0\xe4\xcc\0\0\0\0\0\0\x11\x05\0\0\0\0\0\0\0\0\0\0\0\0\
\0\0\x01\0\0\0\0\0\0\0\0\0\0\0\0\0\0\0\x15\0\0\0\x01\0\0\0\x06\0\0\0\0\0\0\0\0\
\0\0\0\0\0\0\0\x40\0\0\0\0\0\0\0\0\0\0\0\0\0\0\0\0\0\0\0\0\0\0\0\x04\0\0\0\0\0\
\0\0\0\0\0\0\0\0\0\0\x59\0\0\0\x01\0\0\0\x06\0\0\0\0\0\0\0\0\0\0\0\0\0\0\0\x40\
\0\0\0\0\0\0\0\x70\0\0\0\0\0\0\0\0\0\0\0\0\0\0\0\x08\0\0\0\0\0\0\0\0\0\0\0\0\0\
\0\0\x55\0\0\0\x09\0\0\0\x40\0\0\0\0\0\0\0\0\0\0\0\0\0\0\0\x60\xbf\0\0\0\0\0\0\
\x10\0\0\0\0\0\0\0\x15\0\0\0\x03\0\0\0\x08\0\0\0\0\0\0\0\x10\0\0\0\0\0\0\0\x3b\
\0\0\0\x01\0\0\0\x06\0\0\0\0\0\0\0\0\0\0\0\0\0\0\0\xb0\0\0\0\0\0\0\0\x10\0\0\0\
\0\0\0\0\0\0\0\0\0\0\0\0\x08\0\0\0\0\0\0\0\0\0\0\0\0\0\0\0\x1c\x01\0\0\x01\0\0\
\0\x06\0\0\0\0\0\0\0\0\0\0\0\0\0\0\0\xc0\0\0\0\0\0\0\0\xd0\0\0\0\0\0\0\0\0\0\0\
\0\0\0\0\0\x08\0\0\0\0\0\0\0\0\0\0\0\0\0\0\0\x18\x01\0\0\x09\0\0\0\x40\0\0\0\0\
\0\0\0\0\0\0\0\0\0\0\0\x70\xbf\0\0\0\0\0\0\x30\0\0\0\0\0\0\0\x15\0\0\0\x06\0\0\
\0\x08\0\0\0\0\0\0\0\x10\0\0\0\0\0\0\0\x66\x01\0\0\x01\0\0\0\x06\0\0\0\0\0\0\0\
\0\0\0\0\0\0\0\0\x90\x01\0\0\0\0\0\0\xc8\x08\0\0\0\0\0\0\0\0\0\0\0\0\0\0\x08\0\
\0\0\0\0\0\0\0\0\0\0\0\0\0\0\x62\x01\0\0\x09\0\0\0\x40\0\0\0\0\0\0\0\0\0\0\0\0\
\0\0\0\xa0\xbf\0\0\0\0\0\0\xd0\x01\0\0\0\0\0\0\x15\0\0\0\x08\0\0\0\x08\0\0\0\0\
\0\0\0\x10\0\0\0\0\0\0\0\x36\x01\0\0\x01\0\0\0\x06\0\0\0\0\0\0\0\0\0\0\0\0\0\0\
\0\x58\x0a\0\0\0\0\0\0\x10\0\0\0\0\0\0\0\0\0\0\0\0\0\0\0\x08\0\0\0\0\0\0\0\0\0\
\0\0\0\0\0\0\x97\x01\0\0\x01\0\0\0\x03\0\0\0\0\0\0\0\0\0\0\0\0\0\0\0\x68\x0a\0\
\0\0\0\0\0\x04\0\0\0\0\0\0\0\0\0\0\0\0\0\0\0\x01\0\0\0\0\0\0\0\0\0\0\0\0\0\0\0\
\xe2\x01\0\0\x01\0\0\0\x02\0\0\0\0\0\0\0\0\0\0\0\0\0\0\0\x70\x0a\0\0\0\0\0\0\
\x70\x01\0\0\0\0\0\0\0\0\0\0\0\0\0\0\x08\0\0\0\0\0\0\0\0\0\0\0\0\0\0\0\x07\x01\
\0\0\x01\0\0\0\x03\0\0\0\0\0\0\0\0\0\0\0\0\0\0\0\xe0\x0b\0\0\0\0\0\0\xa8\x01\0\
\0\0\0\0\0\0\0\0\0\0\0\0\0\x08\0\0\0\0\0\0\0\0\0\0\0\0\0\0\0\x03\x01\0\0\x09\0\
\0\0\x40\0\0\0\0\0\0\0\0\0\0\0\0\0\0\0\x70\xc1\0\0\0\0\0\0\x50\0\0\0\0\0\0\0\
\x15\0\0\0\x0d\0\0\0\x08\0\0\0\0\0\0\0\x10\0\0\0\0\0\0\0\xcd\0\0\0\x01\0\0\0\
\x03\0\0\0\0\0\0\0\0\0\0\0\0\0\0\0\x88\x0d\0\0\0\0\0\0\0\x01\0\0\0\0\0\0\0\0\0\
\0\0\0\0\0\x08\0\0\0\0\0\0\0\0\0\0\0\0\0\0\0\x57\x04\0\0\x01\0\0\0\0\0\0\0\0\0\
\0\0\0\0\0\0\0\0\0\0\x88\x0e\0\0\0\0\0\0\x83\xa2\0\0\0\0\0\0\0\0\0\0\0\0\0\0\
\x04\0\0\0\0\0\0\0\0\0\0\0\0\0\0\0\x53\x04\0\0\x09\0\0\0\x40\0\0\0\0\0\0\0\0\0\
\0\0\0\0\0\0\xc0\xc1\0\0\0\0\0\0\xc0\x03\0\0\0\0\0\0\x15\0\0\0\x10\0\0\0\x08\0\
\0\0\0\0\0\0\x10\0\0\0\0\0\0\0\x1f\0\0\0\x01\0\0\0\0\0\0\0\0\0\0\0\0\0\0\0\0\0\
\0\0\x0c\xb1\0\0\0\0\0\0\xac\x07\0\0\0\0\0\0\0\0\0\0\0\0\0\0\x04\0\0\0\0\0\0\0\
\0\0\0\0\0\0\0\0\x1b\0\0\0\x09\0\0\0\x40\0\0\0\0\0\0\0\0\0\0\0\0\0\0\0\x80\xc5\
\0\0\0\0\0\0\x50\x07\0\0\0\0\0\0\x15\0\0\0\x12\0\0\0\x08\0\0\0\0\0\0\0\x10\0\0\
\0\0\0\0\0\x54\x01\0\0\x03\x4c\xff\x6f\0\0\0\x80\0\0\0\0\0\0\0\0\0\0\0\0\xd0\
\xcc\0\0\0\0\0\0\x14\0\0\0\0\0\0\0\0\0\0\0\0\0\0\0\x01\0\0\0\0\0\0\0\0\0\0\0\0\
\0\0\0\xda\x01\0\0\x02\0\0\0\0\0\0\0\0\0\0\0\0\0\0\0\0\0\0\0\xb8\xb8\0\0\0\0\0\
\0\xa8\x06\0\0\0\0\0\0\x01\0\0\0\x06\0\0\0\x08\0\0\0\0\0\0\0\x18\0\0\0\0\0\0\0";

	*sz = sizeof(data) - 1;
	return (const void *)data;
}

#ifdef __cplusplus
struct afl_sched_bpf *afl_sched_bpf::open(const struct bpf_object_open_opts *opts) { return afl_sched_bpf__open_opts(opts); }
struct afl_sched_bpf *afl_sched_bpf::open_and_load() { return afl_sched_bpf__open_and_load(); }
int afl_sched_bpf::load(struct afl_sched_bpf *skel) { return afl_sched_bpf__load(skel); }
int afl_sched_bpf::attach(struct afl_sched_bpf *skel) { return afl_sched_bpf__attach(skel); }
void afl_sched_bpf::detach(struct afl_sched_bpf *skel) { afl_sched_bpf__detach(skel); }
void afl_sched_bpf::destroy(struct afl_sched_bpf *skel) { afl_sched_bpf__destroy(skel); }
const void *afl_sched_bpf::elf_bytes(size_t *sz) { return afl_sched_bpf__elf_bytes(sz); }
#endif /* __cplusplus */

__attribute__((unused)) static void
afl_sched_bpf__assert(struct afl_sched_bpf *s __attribute__((unused)))
{
#ifdef __cplusplus
#define _Static_assert static_assert
#endif
	_Static_assert(sizeof(s->rodata->partial) == 1, "unexpected size of 'partial'");
	_Static_assert(sizeof(s->rodata->verbose) == 1, "unexpected size of 'verbose'");
	_Static_assert(sizeof(s->rodata->slice_us) == 8, "unexpected size of 'slice_us'");
	_Static_assert(sizeof(s->rodata->slice_us_min) == 8, "unexpected size of 'slice_us_min'");
	_Static_assert(sizeof(s->rodata->prio_boost_duration_us) == 8, "unexpected size of 'prio_boost_duration_us'");
	_Static_assert(sizeof(s->rodata->shm_key) == 4, "unexpected size of 'shm_key'");
	_Static_assert(sizeof(s->rodata->__SCX_OPS_NAME_LEN) == 8, "unexpected size of '__SCX_OPS_NAME_LEN'");
	_Static_assert(sizeof(s->rodata->__SCX_SLICE_DFL) == 8, "unexpected size of '__SCX_SLICE_DFL'");
	_Static_assert(sizeof(s->rodata->__SCX_SLICE_INF) == 8, "unexpected size of '__SCX_SLICE_INF'");
	_Static_assert(sizeof(s->rodata->__SCX_RQ_ONLINE) == 8, "unexpected size of '__SCX_RQ_ONLINE'");
	_Static_assert(sizeof(s->rodata->__SCX_RQ_CAN_STOP_TICK) == 8, "unexpected size of '__SCX_RQ_CAN_STOP_TICK'");
	_Static_assert(sizeof(s->rodata->__SCX_RQ_BAL_PENDING) == 8, "unexpected size of '__SCX_RQ_BAL_PENDING'");
	_Static_assert(sizeof(s->rodata->__SCX_RQ_BAL_KEEP) == 8, "unexpected size of '__SCX_RQ_BAL_KEEP'");
	_Static_assert(sizeof(s->rodata->__SCX_RQ_BYPASSING) == 8, "unexpected size of '__SCX_RQ_BYPASSING'");
	_Static_assert(sizeof(s->rodata->__SCX_RQ_CLK_VALID) == 8, "unexpected size of '__SCX_RQ_CLK_VALID'");
	_Static_assert(sizeof(s->rodata->__SCX_RQ_IN_WAKEUP) == 8, "unexpected size of '__SCX_RQ_IN_WAKEUP'");
	_Static_assert(sizeof(s->rodata->__SCX_RQ_IN_BALANCE) == 8, "unexpected size of '__SCX_RQ_IN_BALANCE'");
	_Static_assert(sizeof(s->rodata->__SCX_DSQ_FLAG_BUILTIN) == 8, "unexpected size of '__SCX_DSQ_FLAG_BUILTIN'");
	_Static_assert(sizeof(s->rodata->__SCX_DSQ_FLAG_LOCAL_ON) == 8, "unexpected size of '__SCX_DSQ_FLAG_LOCAL_ON'");
	_Static_assert(sizeof(s->rodata->__SCX_DSQ_INVALID) == 8, "unexpected size of '__SCX_DSQ_INVALID'");
	_Static_assert(sizeof(s->rodata->__SCX_DSQ_GLOBAL) == 8, "unexpected size of '__SCX_DSQ_GLOBAL'");
	_Static_assert(sizeof(s->rodata->__SCX_DSQ_LOCAL) == 8, "unexpected size of '__SCX_DSQ_LOCAL'");
	_Static_assert(sizeof(s->rodata->__SCX_DSQ_LOCAL_ON) == 8, "unexpected size of '__SCX_DSQ_LOCAL_ON'");
	_Static_assert(sizeof(s->rodata->__SCX_DSQ_LOCAL_CPU_MASK) == 8, "unexpected size of '__SCX_DSQ_LOCAL_CPU_MASK'");
	_Static_assert(sizeof(s->rodata->__SCX_TASK_QUEUED) == 8, "unexpected size of '__SCX_TASK_QUEUED'");
	_Static_assert(sizeof(s->rodata->__SCX_TASK_RESET_RUNNABLE_AT) == 8, "unexpected size of '__SCX_TASK_RESET_RUNNABLE_AT'");
	_Static_assert(sizeof(s->rodata->__SCX_TASK_DEQD_FOR_SLEEP) == 8, "unexpected size of '__SCX_TASK_DEQD_FOR_SLEEP'");
	_Static_assert(sizeof(s->rodata->__SCX_TASK_STATE_SHIFT) == 8, "unexpected size of '__SCX_TASK_STATE_SHIFT'");
	_Static_assert(sizeof(s->rodata->__SCX_TASK_STATE_BITS) == 8, "unexpected size of '__SCX_TASK_STATE_BITS'");
	_Static_assert(sizeof(s->rodata->__SCX_TASK_STATE_MASK) == 8, "unexpected size of '__SCX_TASK_STATE_MASK'");
	_Static_assert(sizeof(s->rodata->__SCX_TASK_CURSOR) == 8, "unexpected size of '__SCX_TASK_CURSOR'");
	_Static_assert(sizeof(s->rodata->__SCX_TASK_NONE) == 8, "unexpected size of '__SCX_TASK_NONE'");
	_Static_assert(sizeof(s->rodata->__SCX_TASK_INIT) == 8, "unexpected size of '__SCX_TASK_INIT'");
	_Static_assert(sizeof(s->rodata->__SCX_TASK_READY) == 8, "unexpected size of '__SCX_TASK_READY'");
	_Static_assert(sizeof(s->rodata->__SCX_TASK_ENABLED) == 8, "unexpected size of '__SCX_TASK_ENABLED'");
	_Static_assert(sizeof(s->rodata->__SCX_TASK_NR_STATES) == 8, "unexpected size of '__SCX_TASK_NR_STATES'");
	_Static_assert(sizeof(s->rodata->__SCX_TASK_DSQ_ON_PRIQ) == 8, "unexpected size of '__SCX_TASK_DSQ_ON_PRIQ'");
	_Static_assert(sizeof(s->rodata->__SCX_KICK_IDLE) == 8, "unexpected size of '__SCX_KICK_IDLE'");
	_Static_assert(sizeof(s->rodata->__SCX_KICK_PREEMPT) == 8, "unexpected size of '__SCX_KICK_PREEMPT'");
	_Static_assert(sizeof(s->rodata->__SCX_KICK_WAIT) == 8, "unexpected size of '__SCX_KICK_WAIT'");
	_Static_assert(sizeof(s->rodata->__SCX_ENQ_WAKEUP) == 8, "unexpected size of '__SCX_ENQ_WAKEUP'");
	_Static_assert(sizeof(s->rodata->__SCX_ENQ_HEAD) == 8, "unexpected size of '__SCX_ENQ_HEAD'");
	_Static_assert(sizeof(s->rodata->__SCX_ENQ_PREEMPT) == 8, "unexpected size of '__SCX_ENQ_PREEMPT'");
	_Static_assert(sizeof(s->rodata->__SCX_ENQ_REENQ) == 8, "unexpected size of '__SCX_ENQ_REENQ'");
	_Static_assert(sizeof(s->rodata->__SCX_ENQ_LAST) == 8, "unexpected size of '__SCX_ENQ_LAST'");
	_Static_assert(sizeof(s->rodata->__SCX_ENQ_CLEAR_OPSS) == 8, "unexpected size of '__SCX_ENQ_CLEAR_OPSS'");
	_Static_assert(sizeof(s->rodata->__SCX_ENQ_DSQ_PRIQ) == 8, "unexpected size of '__SCX_ENQ_DSQ_PRIQ'");
#ifdef __cplusplus
#undef _Static_assert
#endif
}

#endif /* __AFL_SCHED_BPF_SKEL_H__ */
