# relative_time, cycles_done, cur_item, corpus_count, pending_total, pending_favs, map_size, saved_crashes, saved_hangs, max_depth, execs_per_sec, total_execs, edges_found, total_crashes, servers_count
60, 0, 9, 69, 64, 3, 30.71%, 0, 0, 2, 462.39, 28540, 125, 0, 0
65, 0, 9, 70, 65, 3, 30.71%, 0, 0, 2, 461.58, 30860, 125, 0, 0
70, 0, 9, 71, 66, 3, 30.71%, 0, 0, 2, 490.48, 33261, 125, 0, 0
75, 0, 9, 72, 67, 3, 30.71%, 0, 0, 2, 466.95, 35653, 125, 0, 0
80, 0, 9, 72, 67, 3, 30.71%, 0, 0, 2, 473.96, 38021, 125, 0, 0
85, 0, 9, 74, 69, 3, 30.71%, 0, 0, 2, 422.78, 40159, 125, 0, 0
91, 0, 9, 74, 69, 3, 30.71%, 0, 0, 2, 450.19, 42439, 125, 0, 0
96, 0, 9, 74, 69, 3, 30.71%, 0, 0, 2, 479.26, 44947, 125, 0, 0
101, 0, 9, 74, 69, 3, 30.71%, 0, 0, 2, 466.33, 47296, 125, 0, 0
106, 0, 9, 74, 69, 3, 30.71%, 0, 0, 2, 454.14, 49591, 125, 0, 0
111, 0, 9, 74, 69, 3, 30.71%, 0, 0, 2, 424.61, 51695, 125, 0, 0
116, 0, 9, 74, 69, 3, 30.71%, 0, 0, 2, 453.24, 54154, 125, 0, 0
121, 0, 63, 103, 97, 26, 32.43%, 0, 0, 3, 483.62, 56632, 132, 0, 0
126, 0, 63, 109, 103, 26, 32.43%, 0, 0, 3, 481.49, 59068, 132, 0, 0
131, 0, 63, 110, 104, 26, 32.43%, 0, 0, 3, 446.90, 61251, 132, 0, 0
136, 0, 63, 111, 105, 26, 32.43%, 0, 0, 3, 453.11, 63528, 132, 0, 0
141, 0, 63, 111, 105, 26, 32.43%, 0, 0, 3, 449.02, 65770, 132, 0, 0
146, 0, 63, 112, 106, 26, 32.43%, 0, 0, 3, 468.93, 68152, 132, 0, 0
151, 0, 63, 115, 109, 26, 32.43%, 0, 0, 3, 439.71, 70407, 132, 0, 0
157, 0, 63, 116, 110, 26, 32.43%, 0, 0, 3, 470.10, 72780, 132, 0, 0
162, 0, 63, 116, 110, 26, 32.43%, 0, 0, 3, 475.99, 75219, 132, 0, 0
167, 0, 63, 117, 111, 26, 32.43%, 0, 0, 3, 478.06, 77602, 132, 0, 0
172, 0, 63, 117, 111, 26, 32.43%, 0, 0, 3, 454.71, 79879, 132, 0, 0
177, 0, 63, 118, 112, 26, 32.43%, 0, 0, 3, 470.05, 82352, 132, 0, 0
182, 0, 63, 118, 112, 26, 32.43%, 0, 0, 3, 456.74, 84647, 132, 0, 0
187, 0, 63, 119, 113, 26, 32.43%, 0, 0, 3, 451.65, 87039, 132, 0, 0
192, 0, 63, 120, 114, 26, 32.43%, 0, 0, 3, 467.08, 89413, 132, 0, 0
197, 0, 63, 120, 114, 26, 32.43%, 0, 0, 3, 464.97, 91780, 132, 0, 0
202, 0, 63, 120, 114, 26, 32.43%, 0, 0, 3, 451.15, 94003, 132, 0, 0
207, 0, 63, 120, 114, 26, 32.43%, 0, 0, 3, 435.93, 96266, 132, 0, 0
213, 0, 63, 120, 114, 26, 32.43%, 0, 0, 3, 437.44, 98474, 132, 0, 0
218, 0, 63, 120, 114, 26, 32.43%, 0, 0, 3, 447.27, 100754, 132, 0, 0
223, 0, 63, 120, 114, 26, 32.43%, 0, 0, 3, 453.54, 103039, 132, 0, 0
228, 0, 63, 120, 114, 26, 32.43%, 0, 0, 3, 473.66, 105424, 132, 0, 0
233, 0, 10, 122, 113, 26, 32.43%, 0, 0, 4, 455.70, 107713, 132, 0, 0
238, 0, 78, 123, 112, 25, 32.68%, 0, 0, 4, 412.93, 109769, 133, 0, 0
243, 0, 78, 123, 112, 25, 32.68%, 0, 0, 4, 398.91, 111753, 133, 0, 0
248, 0, 74, 123, 106, 19, 32.68%, 0, 0, 4, 436.29, 113958, 133, 0, 0
253, 0, 7, 124, 103, 15, 32.68%, 0, 0, 4, 428.50, 116130, 133, 0, 0
258, 0, 36, 130, 107, 17, 34.89%, 0, 0, 4, 468.69, 118444, 142, 0, 0
263, 0, 131, 132, 105, 15, 36.12%, 0, 0, 4, 448.36, 120684, 147, 0, 0
268, 0, 131, 140, 113, 15, 36.86%, 0, 0, 4, 460.46, 122990, 150, 0, 0
273, 0, 131, 143, 116, 15, 36.86%, 0, 0, 4, 466.85, 125352, 150, 0, 0
278, 0, 131, 143, 116, 15, 36.86%, 0, 0, 4, 440.46, 127560, 150, 0, 0
283, 0, 131, 145, 118, 15, 37.10%, 0, 0, 4, 444.77, 129821, 151, 0, 0
288, 0, 131, 145, 118, 15, 37.10%, 0, 0, 4, 445.21, 132086, 151, 0, 0
293, 0, 131, 145, 118, 15, 37.10%, 0, 0, 4, 443.79, 134342, 151, 0, 0
298, 0, 131, 148, 121, 15, 37.10%, 0, 0, 4, 404.09, 136387, 151, 0, 0
303, 0, 131, 148, 121, 15, 37.10%, 0, 0, 4, 419.41, 138523, 151, 0, 0
309, 0, 131, 150, 123, 15, 37.10%, 0, 0, 4, 444.76, 140818, 151, 0, 0
314, 0, 131, 150, 123, 15, 37.10%, 0, 0, 4, 438.73, 143089, 151, 0, 0
319, 0, 131, 150, 123, 15, 37.10%, 0, 0, 4, 438.02, 145305, 151, 0, 0
324, 0, 131, 152, 125, 15, 37.10%, 0, 0, 4, 470.53, 147762, 151, 0, 0
329, 0, 131, 152, 125, 15, 37.10%, 0, 0, 4, 465.38, 150138, 151, 0, 0
334, 0, 131, 153, 126, 15, 37.10%, 0, 0, 4, 468.07, 152476, 151, 0, 0
339, 0, 131, 154, 127, 15, 37.10%, 0, 0, 4, 468.33, 154904, 151, 0, 0
344, 0, 131, 154, 127, 15, 37.10%, 0, 0, 4, 444.99, 157199, 151, 0, 0
349, 0, 131, 154, 127, 15, 37.10%, 0, 0, 4, 498.93, 159764, 151, 0, 0
354, 0, 131, 154, 127, 15, 37.10%, 0, 0, 4, 477.59, 162185, 151, 0, 0
359, 0, 131, 154, 127, 15, 37.10%, 0, 0, 4, 435.70, 164341, 151, 0, 0
365, 0, 131, 155, 128, 15, 37.10%, 0, 0, 4, 444.93, 166612, 151, 0, 0
370, 0, 131, 157, 130, 15, 37.10%, 0, 0, 4, 490.48, 169235, 151, 0, 0
375, 0, 131, 157, 130, 15, 37.10%, 0, 0, 4, 453.43, 171490, 151, 0, 0
380, 0, 43, 157, 126, 12, 37.10%, 0, 0, 4, 451.55, 173810, 151, 0, 0
385, 0, 125, 157, 123, 9, 37.10%, 0, 0, 4, 464.64, 176189, 151, 0, 0
390, 0, 157, 163, 128, 12, 37.84%, 1, 0, 4, 437.17, 178354, 154, 1, 0
395, 0, 158, 163, 124, 8, 37.84%, 1, 0, 4, 420.93, 180483, 154, 1, 0
400, 0, 30, 164, 122, 6, 37.84%, 1, 0, 4, 441.10, 182709, 154, 1, 0
405, 0, 26, 169, 125, 4, 37.84%, 1, 0, 4, 449.62, 184985, 154, 1, 0
410, 0, 161, 173, 128, 3, 37.84%, 1, 0, 4, 440.30, 187191, 154, 1, 0
415, 0, 161, 178, 133, 3, 37.84%, 1, 0, 4, 481.23, 189701, 154, 1, 0
421, 0, 161, 181, 136, 3, 37.84%, 1, 0, 4, 434.85, 191855, 154, 1, 0
426, 0, 161, 182, 137, 3, 37.84%, 1, 0, 4, 447.43, 194166, 154, 1, 0
431, 0, 178, 182, 136, 4, 37.84%, 1, 0, 4, 416.51, 196286, 154, 1, 0
436, 0, 180, 184, 135, 2, 37.84%, 1, 0, 5, 430.08, 198459, 154, 1, 0
441, 0, 160, 184, 132, 1, 37.84%, 1, 0, 5, 448.14, 200799, 154, 1, 0
446, 0, 93, 188, 134, 1, 37.84%, 1, 0, 5, 439.34, 202995, 154, 1, 0
451, 0, 185, 191, 134, 1, 37.84%, 1, 0, 5, 461.05, 205347, 154, 1, 0
456, 0, 120, 192, 130, 0, 37.84%, 1, 0, 5, 446.85, 207642, 154, 1, 0
461, 0, 120, 196, 134, 0, 37.84%, 1, 0, 5, 442.06, 209875, 154, 1, 0
466, 0, 120, 197, 135, 0, 37.84%, 1, 0, 5, 433.13, 212042, 154, 1, 0
472, 0, 120, 198, 136, 0, 37.84%, 1, 0, 5, 429.52, 214233, 154, 1, 0
477, 0, 120, 198, 136, 0, 37.84%, 1, 0, 5, 437.57, 216409, 154, 1, 0
482, 0, 92, 199, 132, 0, 37.84%, 1, 0, 5, 431.44, 218626, 154, 1, 0
487, 0, 185, 201, 134, 0, 37.84%, 1, 0, 5, 465.31, 221048, 154, 1, 0
492, 0, 94, 201, 131, 0, 37.84%, 1, 0, 5, 465.18, 223442, 154, 1, 0
497, 0, 185, 202, 130, 0, 37.84%, 1, 0, 5, 466.91, 225773, 154, 1, 0
502, 0, 41, 202, 128, 0, 37.84%, 1, 0, 5, 448.63, 228034, 154, 1, 0
507, 0, 198, 203, 128, 0, 37.84%, 1, 0, 5, 440.67, 230281, 154, 1, 0
512, 0, 178, 205, 127, 0, 37.84%, 1, 0, 6, 452.61, 232629, 154, 1, 0
517, 0, 83, 206, 128, 0, 37.84%, 1, 0, 6, 450.32, 234886, 154, 1, 0
522, 0, 77, 206, 125, 0, 37.84%, 1, 0, 6, 433.60, 237054, 154, 1, 0
527, 0, 101, 206, 122, 0, 37.84%, 1, 0, 6, 455.40, 239370, 154, 1, 0
532, 0, 95, 206, 119, 0, 37.84%, 1, 0, 6, 451.10, 241608, 154, 1, 0
537, 0, 132, 207, 119, 0, 37.84%, 1, 0, 6, 485.12, 244093, 154, 1, 0
542, 0, 100, 208, 119, 0, 37.84%, 1, 0, 6, 492.32, 246545, 154, 1, 0
547, 0, 192, 208, 116, 0, 37.84%, 1, 0, 6, 473.79, 248876, 154, 1, 0
553, 0, 3, 209, 117, 0, 37.84%, 1, 0, 6, 440.98, 251177, 154, 1, 0
558, 0, 186, 209, 114, 0, 37.84%, 1, 0, 6, 458.22, 253511, 154, 1, 0
563, 0, 186, 214, 119, 0, 37.84%, 1, 0, 6, 457.02, 255837, 154, 1, 0
568, 0, 186, 216, 121, 0, 37.84%, 1, 0, 6, 447.40, 258080, 154, 1, 0
573, 0, 186, 217, 122, 0, 37.84%, 1, 0, 6, 451.01, 260343, 154, 1, 0
578, 0, 186, 218, 123, 0, 37.84%, 1, 0, 6, 452.57, 262642, 154, 1, 0
583, 0, 157, 218, 120, 0, 37.84%, 1, 0, 6, 447.87, 264905, 154, 1, 0
588, 1, 193, 218, 118, 0, 37.84%, 1, 0, 6, 465.69, 267266, 154, 1, 0
593, 1, 214, 221, 119, 0, 37.84%, 1, 0, 6, 443.05, 269499, 154, 1, 0
598, 1, 214, 224, 122, 0, 38.57%, 1, 0, 6, 459.72, 271765, 157, 1, 0
603, 1, 214, 227, 125, 0, 38.57%, 1, 0, 6, 425.81, 273925, 157, 1, 0
608, 1, 214, 227, 125, 0, 38.57%, 1, 0, 6, 447.41, 276253, 157, 1, 0
613, 1, 105, 228, 122, 0, 38.57%, 1, 0, 6, 464.32, 278581, 157, 1, 0
618, 1, 227, 229, 118, 0, 38.57%, 1, 0, 6, 461.42, 280926, 157, 1, 0
624, 1, 185, 231, 119, 0, 38.57%, 1, 0, 6, 459.34, 283282, 157, 1, 0
629, 1, 8, 231, 113, 0, 38.57%, 1, 0, 6, 438.06, 285552, 157, 1, 0
634, 1, 231, 233, 114, 1, 38.82%, 1, 0, 6, 424.46, 287665, 158, 1, 0
639, 1, 159, 233, 112, 0, 38.82%, 1, 0, 6, 423.48, 289789, 158, 1, 0
644, 1, 194, 233, 108, 0, 38.82%, 1, 0, 6, 428.78, 291933, 158, 1, 0
649, 1, 151, 234, 105, 0, 38.82%, 1, 0, 6, 446.91, 294176, 158, 1, 0
654, 1, 224, 234, 100, 0, 38.82%, 1, 0, 6, 436.33, 296344, 158, 1, 0
659, 1, 23, 234, 98, 0, 38.82%, 1, 0, 6, 452.67, 298680, 158, 1, 0
664, 1, 0, 234, 96, 0, 38.82%, 1, 0, 6, 445.15, 300881, 158, 1, 0
669, 1, 217, 239, 98, 0, 39.31%, 1, 0, 6, 419.51, 303049, 160, 1, 0
674, 1, 217, 240, 99, 0, 39.31%, 1, 0, 6, 414.89, 305108, 160, 1, 0
679, 1, 217, 240, 99, 0, 39.31%, 1, 0, 6, 438.06, 307396, 160, 1, 0
685, 1, 233, 242, 98, 0, 39.31%, 1, 0, 6, 444.82, 309630, 160, 1, 0
690, 1, 191, 242, 94, 0, 39.31%, 1, 0, 6, 431.65, 311819, 160, 1, 0
695, 1, 239, 242, 90, 0, 39.31%, 1, 0, 6, 427.65, 313921, 160, 1, 0
700, 1, 232, 242, 86, 0, 39.31%, 1, 0, 6, 447.16, 316149, 160, 1, 0
705, 1, 242, 246, 89, 1, 40.05%, 1, 0, 6, 440.51, 318367, 163, 1, 0
710, 1, 226, 246, 86, 0, 40.05%, 1, 0, 6, 452.48, 320688, 163, 1, 0
715, 1, 236, 247, 85, 0, 40.05%, 1, 0, 7, 456.31, 323009, 163, 1, 0
720, 1, 185, 247, 84, 0, 40.05%, 1, 0, 7, 451.91, 325304, 163, 1, 0
725, 1, 66, 249, 84, 0, 40.05%, 1, 0, 7, 450.41, 327521, 163, 1, 0
730, 1, 196, 249, 80, 0, 40.05%, 1, 0, 7, 460.24, 329904, 163, 1, 0
735, 1, 237, 249, 75, 0, 40.05%, 1, 0, 7, 439.35, 332132, 163, 1, 0
740, 1, 147, 249, 72, 0, 40.05%, 1, 0, 7, 412.03, 334213, 163, 1, 0
745, 1, 129, 249, 68, 0, 40.05%, 1, 0, 7, 425.92, 336348, 163, 1, 0
750, 1, 221, 249, 65, 0, 40.05%, 1, 0, 7, 423.49, 338523, 163, 1, 0
755, 1, 75, 249, 62, 0, 40.05%, 1, 0, 7, 437.36, 340804, 163, 1, 0
760, 1, 86, 249, 61, 0, 40.05%, 1, 0, 7, 443.95, 343100, 163, 1, 0
766, 1, 229, 249, 58, 0, 40.05%, 1, 0, 7, 445.01, 345430, 163, 1, 0
771, 1, 134, 249, 55, 0, 40.05%, 1, 0, 7, 454.29, 347762, 163, 1, 0
776, 1, 230, 249, 53, 0, 40.05%, 1, 0, 7, 457.83, 350085, 163, 1, 0
781, 1, 171, 249, 50, 0, 40.05%, 1, 0, 7, 460.58, 352379, 163, 1, 0
786, 1, 215, 249, 46, 0, 40.05%, 1, 0, 7, 463.32, 354819, 163, 1, 0
791, 1, 116, 249, 44, 0, 40.05%, 1, 0, 7, 443.18, 357074, 163, 1, 0
797, 2, 263, 276, 68, 8, 42.51%, 1, 0, 7, 429.89, 359260, 173, 1, 0
802, 2, 251, 276, 65, 5, 42.51%, 1, 0, 7, 455.20, 361538, 173, 1, 0
807, 2, 270, 276, 62, 2, 42.51%, 1, 0, 7, 443.23, 363732, 173, 1, 0
812, 2, 57, 276, 58, 0, 42.51%, 1, 0, 7, 465.96, 366073, 173, 1, 0
817, 2, 251, 276, 55, 0, 42.51%, 1, 0, 7, 466.46, 368446, 173, 1, 0
822, 2, 154, 276, 53, 0, 42.51%, 1, 0, 7, 484.50, 370841, 173, 1, 0
827, 2, 225, 276, 50, 0, 42.51%, 1, 0, 7, 471.12, 373192, 173, 1, 0
832, 2, 244, 276, 47, 0, 42.51%, 1, 0, 7, 467.33, 375532, 173, 1, 0
837, 2, 208, 276, 46, 0, 42.51%, 2, 0, 7, 448.27, 377795, 173, 3, 0
842, 2, 206, 276, 43, 0, 42.51%, 2, 0, 7, 475.88, 380230, 173, 3, 0
847, 2, 45, 276, 39, 0, 42.51%, 2, 0, 7, 478.69, 382604, 173, 3, 0
852, 2, 268, 276, 37, 0, 42.51%, 2, 0, 7, 447.65, 384793, 173, 6, 0
857, 2, 52, 276, 34, 0, 42.51%, 2, 0, 7, 448.33, 387083, 173, 6, 0
862, 2, 72, 276, 33, 0, 42.51%, 2, 0, 7, 446.80, 389375, 173, 6, 0
867, 2, 192, 276, 30, 0, 42.51%, 2, 0, 7, 434.35, 391584, 173, 6, 0
873, 2, 153, 276, 28, 0, 42.51%, 2, 0, 7, 447.33, 393867, 173, 6, 0
878, 2, 210, 276, 26, 0, 42.51%, 2, 0, 7, 426.58, 396031, 173, 6, 0
883, 2, 255, 276, 25, 0, 42.51%, 2, 0, 7, 458.39, 398365, 173, 6, 0
888, 2, 270, 276, 24, 0, 42.51%, 2, 0, 7, 453.80, 400582, 173, 8, 0
893, 2, 256, 276, 24, 0, 42.51%, 2, 0, 7, 431.28, 402736, 173, 8, 0
898, 2, 68, 276, 22, 0, 42.51%, 2, 0, 7, 463.39, 405071, 173, 8, 0
903, 2, 157, 276, 19, 0, 42.51%, 2, 0, 7, 461.20, 407305, 173, 8, 0
908, 2, 92, 276, 19, 0, 42.51%, 2, 0, 7, 428.94, 409486, 173, 8, 0
913, 2, 139, 276, 18, 0, 42.51%, 2, 0, 7, 453.98, 411809, 173, 8, 0
918, 2, 28, 276, 15, 0, 42.51%, 2, 0, 7, 441.90, 413986, 173, 8, 0
923, 2, 36, 276, 15, 0, 42.51%, 2, 0, 7, 476.88, 416457, 173, 11, 0
928, 2, 121, 276, 13, 0, 42.51%, 3, 0, 7, 448.06, 418745, 173, 12, 0
933, 2, 259, 276, 12, 0, 42.51%, 3, 0, 7, 436.97, 420908, 173, 12, 0
938, 3, 222, 283, 18, 0, 42.75%, 3, 0, 7, 450.20, 423096, 174, 12, 0
943, 3, 282, 283, 16, 1, 42.75%, 3, 0, 7, 465.54, 425470, 174, 12, 0
949, 3, 219, 283, 14, 0, 42.75%, 3, 0, 7, 437.27, 427716, 174, 12, 0
954, 3, 263, 283, 13, 0, 42.75%, 3, 0, 7, 445.38, 429989, 174, 12, 0
959, 3, 273, 283, 12, 0, 42.75%, 3, 0, 7, 443.52, 432232, 174, 12, 0
964, 3, 278, 283, 11, 0, 42.75%, 3, 0, 7, 472.53, 434656, 174, 12, 0
969, 3, 227, 283, 10, 0, 42.75%, 3, 0, 7, 457.68, 436929, 174, 12, 0
974, 3, 90, 283, 10, 0, 42.75%, 3, 0, 7, 459.36, 439213, 174, 12, 0
979, 3, 162, 283, 8, 0, 42.75%, 3, 0, 7, 444.04, 441510, 174, 14, 0
984, 3, 190, 283, 8, 0, 42.75%, 3, 0, 7, 437.24, 443715, 174, 14, 0
989, 3, 30, 283, 8, 0, 42.75%, 5, 0, 7, 451.94, 446025, 174, 16, 0
994, 3, 263, 283, 8, 0, 42.75%, 5, 0, 7, 432.15, 448192, 174, 17, 0
999, 3, 43, 283, 8, 0, 42.75%, 5, 0, 7, 456.63, 450571, 174, 17, 0
1004, 3, 185, 283, 8, 0, 42.75%, 5, 0, 7, 452.49, 452837, 174, 17, 0
1009, 3, 80, 283, 7, 0, 42.75%, 5, 0, 7, 445.51, 455052, 174, 17, 0
1015, 3, 184, 283, 6, 0, 42.75%, 5, 0, 7, 442.36, 457292, 174, 17, 0
1020, 3, 263, 283, 4, 0, 42.75%, 5, 0, 7, 439.41, 459489, 174, 17, 0
1025, 3, 184, 283, 4, 0, 42.75%, 5, 0, 7, 431.99, 461625, 174, 17, 0
1030, 3, 220, 283, 4, 0, 42.75%, 5, 0, 7, 446.45, 463940, 174, 17, 0
1035, 3, 185, 283, 3, 0, 42.75%, 5, 0, 7, 439.71, 466233, 174, 17, 0
1040, 4, 67, 287, 7, 0, 42.75%, 5, 0, 7, 463.32, 468504, 174, 21, 0
1045, 4, 283, 288, 8, 0, 42.75%, 5, 0, 7, 461.30, 470824, 174, 22, 0
1050, 4, 217, 288, 6, 0, 42.75%, 5, 0, 7, 456.88, 473164, 174, 24, 0
1055, 4, 242, 289, 6, 0, 42.75%, 5, 0, 7, 460.37, 475551, 174, 24, 0
1060, 4, 13, 289, 6, 0, 42.75%, 5, 0, 7, 454.09, 477826, 174, 24, 0
1065, 4, 215, 289, 6, 0, 42.75%, 5, 0, 7, 436.21, 480012, 174, 26, 0
1070, 4, 185, 289, 6, 0, 42.75%, 5, 0, 7, 482.11, 482395, 174, 26, 0
1075, 4, 265, 289, 6, 0, 42.75%, 5, 0, 7, 456.48, 484678, 174, 26, 0
1080, 4, 184, 289, 6, 0, 42.75%, 5, 0, 7, 478.30, 487161, 174, 26, 0
1085, 4, 78, 289, 5, 0, 42.75%, 5, 0, 7, 444.65, 489403, 174, 26, 0
1090, 4, 37, 289, 4, 0, 42.75%, 5, 0, 7, 445.18, 491683, 174, 26, 0
1095, 4, 92, 289, 4, 0, 42.75%, 5, 0, 7, 442.12, 493967, 174, 26, 0
1100, 4, 185, 289, 4, 0, 42.75%, 5, 0, 7, 464.60, 496344, 174, 26, 0
1105, 4, 252, 289, 4, 0, 42.75%, 5, 0, 7, 481.24, 498790, 174, 26, 0
1111, 4, 227, 289, 4, 0, 42.75%, 5, 0, 7, 460.10, 501056, 174, 30, 0
1116, 4, 29, 289, 4, 0, 42.75%, 5, 0, 7, 453.50, 503325, 174, 32, 0
1121, 4, 197, 289, 4, 0, 42.75%, 5, 0, 7, 453.07, 505567, 174, 32, 0
1126, 4, 59, 289, 4, 0, 42.75%, 5, 0, 7, 443.10, 507780, 174, 33, 0
1131, 4, 106, 290, 3, 0, 42.75%, 5, 0, 7, 458.02, 510060, 174, 33, 0
1136, 5, 290, 291, 4, 1, 43.00%, 5, 0, 7, 465.78, 512446, 175, 33, 0
1141, 5, 177, 291, 3, 0, 43.00%, 5, 0, 7, 456.54, 514753, 175, 33, 0
1146, 5, 244, 291, 2, 0, 43.00%, 5, 0, 7, 415.45, 516846, 175, 33, 0
1151, 5, 219, 291, 2, 0, 43.00%, 5, 0, 7, 400.91, 518838, 175, 33, 0
1156, 5, 197, 291, 1, 0, 43.00%, 5, 0, 7, 440.13, 521186, 175, 35, 0
1161, 5, 244, 291, 1, 0, 43.00%, 5, 0, 7, 449.61, 523483, 175, 37, 0
1166, 5, 139, 291, 1, 0, 43.00%, 5, 0, 7, 462.33, 525803, 175, 37, 0
1171, 5, 282, 291, 1, 0, 43.00%, 5, 0, 7, 469.39, 528167, 175, 40, 0
1177, 5, 30, 291, 1, 0, 43.00%, 5, 0, 7, 450.55, 530527, 175, 40, 0
1182, 5, 186, 291, 1, 0, 43.00%, 5, 0, 7, 443.74, 532818, 175, 42, 0
1187, 5, 130, 291, 1, 0, 43.00%, 5, 0, 7, 432.91, 534992, 175, 42, 0
1192, 5, 287, 291, 1, 0, 43.00%, 5, 0, 7, 461.27, 537278, 175, 42, 0
1197, 5, 52, 291, 1, 0, 43.00%, 5, 0, 7, 449.05, 539490, 175, 43, 0
1202, 5, 243, 291, 1, 0, 43.00%, 5, 0, 7, 438.01, 541753, 175, 43, 0
1207, 5, 281, 291, 1, 0, 43.00%, 5, 0, 7, 445.53, 543933, 175, 43, 0
1212, 5, 251, 291, 1, 0, 43.00%, 5, 0, 7, 446.25, 546252, 175, 43, 0
1217, 5, 30, 291, 1, 0, 43.00%, 5, 0, 7, 462.27, 548571, 175, 43, 0
1222, 5, 192, 291, 1, 0, 43.00%, 5, 0, 7, 462.04, 550896, 175, 43, 0
1227, 5, 15, 291, 1, 0, 43.00%, 5, 0, 7, 462.98, 553164, 175, 43, 0
1232, 6, 323, 324, 34, 5, 50.61%, 5, 0, 7, 426.52, 555239, 206, 43, 0
1237, 6, 323, 335, 45, 5, 50.61%, 5, 0, 7, 422.39, 557367, 206, 43, 0
1242, 6, 323, 339, 49, 5, 50.86%, 5, 0, 7, 455.30, 559674, 207, 43, 0
1247, 6, 323, 340, 50, 5, 50.86%, 5, 0, 7, 436.44, 561889, 207, 43, 0
1252, 6, 323, 340, 50, 5, 50.86%, 5, 0, 7, 435.97, 564041, 207, 43, 0
1258, 6, 323, 340, 50, 5, 50.86%, 5, 0, 7, 451.88, 566369, 207, 43, 0
1263, 6, 323, 341, 51, 5, 50.86%, 5, 0, 7, 461.44, 568734, 207, 43, 0
1268, 6, 323, 342, 52, 5, 50.86%, 5, 0, 7, 457.76, 571009, 207, 43, 0
1273, 6, 323, 342, 52, 5, 50.86%, 5, 0, 7, 420.22, 573127, 207, 43, 0
1278, 6, 323, 342, 52, 5, 50.86%, 5, 0, 7, 420.40, 575279, 207, 43, 0
1283, 6, 323, 343, 53, 5, 50.86%, 5, 0, 7, 433.69, 577454, 207, 43, 0
1288, 6, 323, 343, 53, 5, 50.86%, 5, 0, 7, 453.85, 579718, 207, 43, 0
1293, 6, 323, 343, 53, 5, 50.86%, 5, 0, 7, 416.83, 581759, 207, 43, 0
1298, 6, 323, 343, 53, 5, 50.86%, 5, 0, 7, 430.04, 583967, 207, 43, 0
1303, 6, 323, 343, 53, 5, 50.86%, 5, 0, 7, 436.84, 586143, 207, 43, 0
1308, 6, 325, 343, 52, 6, 50.86%, 5, 0, 7, 451.83, 588414, 207, 43, 0
1313, 6, 293, 343, 51, 5, 50.86%, 5, 0, 7, 443.97, 590613, 207, 43, 0
1318, 6, 296, 343, 49, 3, 50.86%, 5, 0, 7, 444.74, 592824, 207, 43, 0
1324, 6, 299, 344, 49, 2, 50.86%, 5, 0, 7, 430.77, 595023, 207, 43, 0
1329, 6, 299, 349, 54, 2, 50.86%, 5, 0, 7, 371.88, 596775, 207, 43, 0
1334, 6, 299, 351, 56, 2, 51.11%, 5, 0, 7, 356.84, 598546, 208, 43, 0
1339, 6, 299, 353, 58, 2, 51.11%, 5, 0, 7, 337.07, 600239, 208, 43, 0
1344, 6, 299, 355, 60, 2, 51.11%, 5, 0, 7, 329.87, 601897, 208, 43, 0
1349, 6, 299, 356, 61, 2, 51.11%, 5, 0, 7, 338.12, 603632, 208, 43, 0
1354, 6, 299, 356, 61, 2, 51.11%, 5, 0, 7, 317.13, 605222, 208, 43, 0
1359, 6, 299, 358, 63, 2, 51.11%, 6, 0, 7, 330.17, 606892, 208, 44, 0
1364, 6, 348, 358, 62, 3, 51.11%, 6, 0, 7, 379.06, 608833, 208, 44, 0
1369, 6, 350, 359, 61, 1, 51.11%, 6, 0, 7, 425.64, 611042, 208, 44, 0
1374, 6, 331, 359, 60, 0, 51.11%, 6, 0, 7, 428.08, 613196, 208, 44, 0
1379, 6, 304, 359, 59, 0, 51.11%, 6, 0, 7, 448.43, 615475, 208, 44, 0
1384, 6, 330, 359, 56, 0, 51.11%, 6, 0, 7, 434.49, 617675, 208, 44, 0
1390, 6, 262, 359, 54, 0, 51.11%, 7, 0, 7, 432.05, 619826, 208, 45, 0
1395, 6, 354, 359, 52, 0, 51.11%, 7, 0, 7, 438.97, 622125, 208, 45, 0
1400, 6, 328, 359, 50, 0, 51.11%, 7, 0, 7, 450.06, 624440, 208, 45, 0
1405, 6, 327, 359, 48, 0, 51.11%, 7, 0, 7, 444.36, 626729, 208, 45, 0
1410, 6, 337, 359, 46, 0, 51.11%, 7, 0, 7, 432.29, 628896, 208, 45, 0
1415, 6, 316, 359, 45, 0, 51.11%, 7, 0, 7, 442.91, 631141, 208, 45, 0
1420, 6, 243, 359, 43, 0, 51.11%, 7, 0, 7, 450.64, 633472, 208, 48, 0
1425, 6, 348, 359, 42, 0, 51.11%, 7, 0, 7, 433.98, 635619, 208, 48, 0
1430, 6, 139, 359, 41, 0, 51.11%, 7, 0, 7, 417.94, 637703, 208, 48, 0
1435, 6, 342, 359, 40, 0, 51.11%, 7, 0, 7, 416.71, 639863, 208, 48, 0
1440, 6, 342, 365, 46, 0, 51.11%, 7, 0, 7, 432.27, 642086, 208, 48, 0
1445, 6, 342, 368, 49, 0, 51.11%, 7, 0, 7, 440.54, 644299, 208, 48, 0
1451, 6, 342, 368, 49, 0, 51.11%, 7, 0, 7, 436.70, 646595, 208, 48, 0
1456, 6, 342, 368, 49, 0, 51.11%, 7, 0, 7, 434.33, 648771, 208, 48, 0
1461, 6, 246, 368, 48, 0, 51.11%, 7, 0, 7, 449.82, 651007, 208, 48, 0
1466, 6, 320, 368, 47, 0, 51.11%, 7, 0, 7, 433.35, 653162, 208, 48, 0
1471, 6, 355, 368, 45, 0, 51.11%, 7, 0, 7, 418.56, 655264, 208, 48, 0
1476, 6, 353, 369, 45, 0, 51.11%, 7, 0, 7, 418.76, 657369, 208, 48, 0
1481, 6, 360, 369, 43, 0, 51.11%, 7, 0, 7, 424.64, 659521, 208, 48, 0
1486, 6, 317, 369, 42, 0, 51.11%, 7, 0, 7, 442.32, 661765, 208, 48, 0
1491, 6, 300, 369, 40, 0, 51.11%, 7, 0, 7, 464.73, 664123, 208, 48, 0
1496, 6, 329, 369, 38, 0, 51.11%, 7, 0, 7, 459.95, 666447, 208, 48, 0
1501, 6, 139, 369, 35, 0, 51.11%, 7, 0, 7, 432.27, 668600, 208, 48, 0
1506, 6, 243, 369, 34, 0, 51.11%, 7, 0, 7, 439.48, 670856, 208, 48, 0
1511, 6, 139, 369, 32, 0, 51.11%, 7, 0, 7, 478.30, 673237, 208, 48, 0
1516, 6, 325, 369, 31, 0, 51.11%, 7, 0, 7, 431.69, 675419, 208, 48, 0
1521, 6, 185, 369, 29, 0, 51.11%, 7, 0, 7, 475.31, 677912, 208, 48, 0
1526, 6, 305, 369, 28, 0, 51.11%, 7, 0, 7, 468.83, 680215, 208, 49, 0
1531, 6, 339, 370, 27, 0, 51.11%, 7, 0, 7, 467.78, 682598, 208, 49, 0
1536, 6, 336, 370, 25, 0, 51.11%, 7, 0, 7, 440.51, 684892, 208, 49, 0
1541, 6, 313, 370, 24, 0, 51.11%, 7, 0, 7, 441.03, 687124, 208, 49, 0
1546, 6, 365, 370, 22, 0, 51.11%, 7, 0, 7, 445.56, 689376, 208, 49, 0
1552, 6, 263, 371, 22, 0, 51.11%, 7, 0, 7, 444.54, 691719, 208, 49, 0
1557, 6, 185, 371, 21, 0, 51.11%, 7, 0, 7, 433.67, 693913, 208, 49, 0
1562, 6, 312, 371, 20, 0, 51.11%, 7, 0, 7, 444.99, 696174, 208, 49, 0
1567, 6, 333, 371, 18, 0, 51.11%, 7, 0, 7, 445.58, 698396, 208, 49, 0
1572, 6, 351, 371, 17, 0, 51.11%, 7, 0, 7, 441.27, 700678, 208, 49, 0
1577, 6, 255, 371, 15, 0, 51.11%, 7, 0, 7, 482.31, 703143, 208, 49, 0
1582, 6, 157, 371, 13, 0, 51.11%, 7, 0, 7, 451.36, 705405, 208, 49, 0
1587, 6, 204, 371, 13, 0, 51.11%, 7, 0, 7, 443.74, 707623, 208, 49, 0
1592, 6, 315, 371, 12, 0, 51.11%, 7, 0, 7, 441.55, 709889, 208, 49, 0
1597, 6, 43, 371, 10, 0, 51.11%, 7, 0, 7, 460.11, 712206, 208, 49, 0
1602, 6, 136, 371, 10, 0, 51.11%, 7, 0, 7, 468.09, 714584, 208, 49, 0
1607, 6, 200, 372, 10, 0, 51.11%, 7, 0, 7, 433.05, 716810, 208, 49, 0
1612, 6, 370, 373, 10, 0, 51.11%, 7, 0, 7, 433.80, 719037, 208, 49, 0
1618, 6, 271, 373, 9, 0, 51.11%, 7, 0, 7, 450.55, 721298, 208, 49, 0
1623, 6, 314, 373, 9, 0, 51.11%, 7, 0, 7, 465.12, 723658, 208, 49, 0
1628, 6, 366, 373, 7, 0, 51.11%, 7, 0, 7, 451.77, 725934, 208, 49, 0
1633, 6, 318, 373, 5, 0, 51.11%, 7, 0, 7, 445.69, 728243, 208, 49, 0
1638, 6, 26, 384, 15, 0, 51.84%, 7, 0, 7, 455.22, 730551, 211, 54, 0
1643, 7, 380, 396, 26, 4, 51.84%, 7, 0, 7, 455.28, 732824, 211, 54, 0
1648, 7, 373, 396, 24, 2, 51.84%, 7, 0, 7, 474.34, 735192, 211, 54, 0
1653, 7, 372, 396, 22, 0, 51.84%, 7, 0, 7, 430.95, 737314, 211, 54, 0
1658, 7, 387, 396, 21, 0, 51.84%, 7, 0, 7, 443.55, 739603, 211, 54, 0
1663, 7, 389, 396, 20, 0, 51.84%, 7, 0, 7, 429.52, 741798, 211, 55, 0
1668, 7, 382, 396, 18, 0, 51.84%, 7, 0, 7, 444.67, 744084, 211, 55, 0
1673, 7, 376, 396, 17, 0, 51.84%, 7, 0, 7, 438.07, 746276, 211, 55, 0
1678, 7, 271, 396, 16, 0, 51.84%, 7, 0, 7, 456.92, 748607, 211, 55, 0
1684, 7, 222, 396, 15, 0, 51.84%, 8, 0, 7, 444.36, 750777, 211, 56, 0
1689, 7, 384, 396, 14, 0, 51.84%, 8, 0, 7, 425.63, 752912, 211, 56, 0
1694, 7, 78, 396, 12, 0, 51.84%, 8, 0, 7, 442.53, 755203, 211, 56, 0
1699, 7, 229, 396, 12, 0, 51.84%, 8, 0, 7, 445.63, 757467, 211, 56, 0
1704, 7, 157, 396, 11, 0, 51.84%, 8, 0, 7, 435.93, 759633, 211, 56, 0
1709, 7, 326, 396, 10, 0, 51.84%, 8, 0, 7, 456.90, 761957, 211, 56, 0
1714, 7, 281, 396, 8, 0, 51.84%, 8, 0, 7, 464.96, 764238, 211, 56, 0
1719, 7, 392, 396, 8, 0, 51.84%, 8, 0, 7, 472.95, 766575, 211, 56, 0
1724, 7, 383, 396, 7, 0, 51.84%, 8, 0, 7, 443.56, 768768, 211, 56, 0
1729, 7, 247, 396, 7, 0, 51.84%, 8, 0, 7, 460.69, 771089, 211, 59, 0
1734, 7, 393, 396, 6, 0, 51.84%, 8, 0, 7, 476.23, 773554, 211, 63, 0
1739, 7, 383, 396, 6, 0, 51.84%, 8, 0, 7, 469.49, 775875, 211, 63, 0
1744, 7, 372, 396, 6, 0, 51.84%, 8, 0, 7, 456.11, 778169, 211, 66, 0
1749, 7, 287, 396, 6, 0, 51.84%, 8, 0, 7, 474.58, 780569, 211, 67, 0
1754, 7, 372, 396, 6, 0, 51.84%, 8, 0, 7, 437.42, 782680, 211, 69, 0
1759, 7, 192, 396, 5, 0, 51.84%, 8, 0, 7, 419.16, 784820, 211, 69, 0
1765, 7, 185, 396, 5, 0, 51.84%, 8, 0, 7, 433.45, 787031, 211, 75, 0
1770, 7, 372, 396, 5, 0, 51.84%, 8, 0, 7, 439.58, 789277, 211, 75, 0
1775, 7, 15, 396, 5, 0, 51.84%, 8, 0, 7, 450.96, 791617, 211, 78, 0
1780, 7, 262, 396, 4, 0, 51.84%, 8, 0, 7, 450.03, 793863, 211, 79, 0
1785, 7, 15, 396, 4, 0, 51.84%, 8, 0, 7, 440.55, 796135, 211, 79, 0
1790, 7, 287, 396, 4, 0, 51.84%, 8, 0, 7, 460.57, 798504, 211, 79, 0
1795, 7, 129, 396, 4, 0, 51.84%, 8, 0, 7, 452.70, 800791, 211, 79, 0
1800, 7, 390, 396, 4, 0, 51.84%, 8, 0, 7, 455.70, 803118, 211, 79, 0
1805, 7, 157, 396, 3, 0, 51.84%, 8, 0, 7, 449.45, 805379, 211, 79, 0
1810, 8, 405, 464, 71, 8, 61.43%, 8, 0, 7, 437.02, 807530, 250, 79, 0
1815, 8, 415, 464, 70, 7, 61.43%, 8, 0, 7, 419.52, 809634, 250, 79, 0
1820, 8, 416, 464, 68, 5, 61.43%, 8, 0, 7, 424.03, 811834, 250, 79, 0
1825, 8, 449, 464, 66, 4, 61.43%, 8, 0, 7, 450.98, 814117, 250, 79, 0
1830, 8, 409, 467, 68, 4, 61.43%, 8, 0, 7, 424.91, 816263, 250, 79, 0
1835, 8, 456, 467, 66, 2, 61.43%, 8, 0, 7, 419.34, 818489, 250, 79, 0
1840, 8, 456, 467, 66, 2, 61.43%, 8, 0, 7, 409.12, 820571, 250, 79, 0
1846, 8, 372, 467, 64, 0, 61.43%, 8, 0, 7, 427.03, 822748, 250, 79, 0
1851, 8, 418, 467, 63, 0, 61.43%, 8, 0, 7, 431.44, 824952, 250, 79, 0
1856, 8, 435, 467, 62, 0, 61.43%, 8, 0, 7, 454.04, 827242, 250, 79, 0
1861, 8, 400, 467, 60, 0, 61.43%, 8, 0, 7, 450.93, 829566, 250, 79, 0
1866, 8, 466, 467, 58, 0, 61.43%, 8, 0, 7, 453.98, 831864, 250, 79, 0
1871, 8, 308, 467, 56, 0, 61.43%, 8, 0, 7, 458.58, 834176, 250, 79, 0
1876, 8, 459, 468, 56, 0, 61.43%, 8, 0, 7, 449.54, 836475, 250, 79, 0
1881, 8, 290, 468, 54, 0, 61.43%, 8, 0, 7, 436.68, 838611, 250, 79, 0
1886, 8, 412, 469, 54, 0, 61.43%, 8, 0, 7, 426.32, 840747, 250, 79, 0
1891, 8, 464, 469, 52, 0, 61.43%, 8, 0, 7, 491.84, 843368, 250, 79, 0
1896, 8, 406, 469, 51, 0, 61.43%, 8, 0, 7, 435.73, 845583, 250, 79, 0
1901, 8, 432, 469, 49, 0, 61.43%, 8, 0, 7, 441.33, 847872, 250, 79, 0
1906, 8, 413, 469, 47, 0, 61.43%, 8, 0, 7, 443.59, 850152, 250, 79, 0
1912, 8, 431, 469, 46, 0, 61.43%, 8, 0, 7, 464.76, 852477, 250, 79, 0
1917, 8, 198, 469, 44, 0, 61.43%, 8, 0, 7, 463.98, 854799, 250, 82, 0
1922, 8, 327, 469, 43, 0, 61.43%, 8, 0, 7, 451.95, 857065, 250, 82, 0
1927, 8, 414, 469, 43, 0, 61.43%, 8, 0, 7, 455.63, 859410, 250, 82, 0
1932, 8, 469, 470, 42, 1, 61.67%, 8, 0, 7, 466.58, 861758, 251, 82, 0
1937, 8, 448, 470, 41, 0, 61.67%, 8, 0, 7, 442.01, 864033, 251, 82, 0
1942, 8, 455, 470, 39, 0, 61.67%, 8, 0, 7, 459.96, 866395, 251, 82, 0
1947, 8, 221, 470, 38, 0, 61.67%, 8, 0, 7, 457.38, 868669, 251, 82, 0
1952, 8, 178, 470, 37, 0, 61.67%, 8, 0, 7, 436.99, 870871, 251, 82, 0
1957, 8, 444, 470, 36, 0, 61.67%, 8, 0, 7, 440.75, 873144, 251, 82, 0
1962, 8, 374, 470, 35, 0, 61.67%, 8, 0, 7, 444.84, 875339, 251, 82, 0
1967, 8, 185, 470, 33, 0, 61.67%, 8, 0, 7, 457.73, 877637, 251, 82, 0
1972, 8, 442, 471, 33, 0, 61.67%, 8, 0, 7, 427.54, 879806, 251, 82, 0
1977, 8, 453, 471, 32, 0, 61.67%, 8, 0, 7, 429.93, 881926, 251, 82, 0
1982, 8, 470, 471, 30, 0, 61.67%, 8, 0, 7, 440.47, 884194, 251, 82, 0
1987, 8, 437, 472, 30, 0, 61.67%, 8, 0, 7, 460.54, 886535, 251, 82, 0
1992, 8, 139, 472, 28, 0, 61.67%, 8, 0, 7, 447.58, 888727, 251, 82, 0
1997, 8, 424, 472, 27, 0, 61.67%, 8, 0, 7, 448.32, 891035, 251, 82, 0
2003, 8, 433, 472, 26, 0, 61.67%, 8, 0, 7, 458.40, 893279, 251, 82, 0
2008, 8, 416, 472, 25, 0, 61.67%, 8, 0, 7, 465.71, 895662, 251, 82, 0
2013, 8, 405, 472, 25, 0, 61.67%, 8, 0, 7, 418.78, 897758, 251, 82, 0
2018, 8, 422, 472, 25, 0, 61.67%, 8, 0, 7, 416.96, 899959, 251, 82, 0
2023, 8, 407, 472, 24, 0, 61.67%, 8, 0, 7, 452.59, 902252, 251, 82, 0
2028, 8, 110, 472, 22, 0, 61.67%, 8, 0, 7, 439.91, 904491, 251, 82, 0
2033, 8, 175, 472, 21, 0, 61.67%, 8, 0, 7, 454.85, 906779, 251, 82, 0
2038, 8, 446, 472, 21, 0, 61.67%, 8, 0, 7, 429.88, 908916, 251, 82, 0
2043, 8, 457, 472, 20, 0, 61.67%, 8, 0, 7, 411.03, 910994, 251, 84, 0
2048, 8, 398, 472, 18, 0, 61.67%, 8, 0, 7, 439.53, 913283, 251, 84, 0
2053, 8, 236, 472, 17, 0, 61.67%, 8, 0, 7, 422.48, 915373, 251, 85, 0
2058, 8, 378, 472, 16, 0, 61.67%, 8, 0, 7, 401.68, 917389, 251, 85, 0
2063, 8, 403, 472, 14, 0, 61.67%, 8, 0, 7, 469.67, 919874, 251, 85, 0
2069, 8, 399, 472, 13, 0, 61.67%, 8, 0, 7, 427.63, 922044, 251, 85, 0
2074, 8, 160, 472, 11, 0, 61.67%, 8, 0, 7, 436.30, 924278, 251, 85, 0
2079, 8, 185, 472, 11, 0, 61.67%, 8, 0, 7, 454.85, 926566, 251, 85, 0
2084, 8, 411, 472, 10, 0, 61.67%, 8, 0, 7, 459.08, 928904, 251, 87, 0
2089, 8, 221, 472, 9, 0, 61.67%, 8, 0, 7, 455.31, 931214, 251, 90, 0
2094, 8, 409, 472, 9, 0, 61.67%, 8, 0, 7, 439.36, 933529, 251, 90, 0
2099, 8, 463, 472, 9, 0, 61.67%, 8, 0, 7, 460.61, 935807, 251, 94, 0
2104, 8, 185, 472, 7, 0, 61.67%, 8, 0, 7, 468.78, 938189, 251, 94, 0
2109, 8, 419, 472, 7, 0, 61.67%, 8, 0, 7, 454.59, 940493, 251, 94, 0
2114, 8, 436, 472, 6, 0, 61.67%, 8, 0, 7, 444.76, 942696, 251, 94, 0
2119, 9, 479, 486, 19, 1, 61.67%, 8, 0, 7, 427.62, 944876, 251, 94, 0
2124, 9, 185, 486, 18, 0, 61.67%, 8, 0, 7, 434.18, 947093, 251, 94, 0
2129, 9, 482, 486, 18, 0, 61.67%, 8, 0, 7, 421.31, 949143, 251, 94, 0
2134, 9, 476, 487, 18, 0, 61.67%, 8, 0, 7, 437.50, 951406, 251, 94, 0
2140, 9, 486, 487, 17, 0, 61.67%, 8, 0, 7, 435.24, 953618, 251, 94, 0
2145, 9, 281, 487, 16, 0, 61.67%, 8, 0, 7, 451.39, 955885, 251, 94, 0
2150, 9, 481, 487, 16, 0, 61.67%, 8, 0, 7, 442.67, 958092, 251, 94, 0
2155, 9, 104, 487, 14, 0, 61.67%, 8, 0, 7, 448.81, 960457, 251, 94, 0
2160, 9, 487, 488, 14, 1, 61.67%, 8, 0, 7, 440.82, 962707, 251, 94, 0
2165, 9, 415, 488, 13, 0, 61.67%, 8, 0, 7, 436.28, 964882, 251, 94, 0
2170, 9, 30, 488, 13, 0, 61.67%, 8, 0, 7, 458.35, 967214, 251, 94, 0
2175, 9, 287, 488, 13, 0, 61.67%, 8, 0, 7, 437.43, 969354, 251, 94, 0
2180, 9, 484, 488, 13, 0, 61.67%, 8, 0, 7, 447.49, 971689, 251, 94, 0
2185, 9, 192, 488, 11, 0, 61.67%, 8, 0, 7, 443.11, 973906, 251, 94, 0
2190, 9, 475, 488, 11, 0, 61.67%, 8, 0, 7, 435.09, 976159, 251, 94, 0
2195, 9, 156, 488, 10, 0, 61.67%, 8, 0, 7, 435.43, 978396, 251, 96, 0
2200, 9, 187, 488, 10, 0, 61.67%, 8, 0, 7, 433.13, 980598, 251, 97, 0
2205, 9, 221, 488, 10, 0, 61.67%, 8, 0, 7, 440.47, 982843, 251, 97, 0
2210, 9, 273, 488, 9, 0, 61.67%, 8, 0, 7, 441.14, 985070, 251, 97, 0
2216, 9, 185, 488, 8, 0, 61.67%, 8, 0, 7, 446.61, 987324, 251, 97, 0
2221, 9, 478, 488, 8, 0, 61.67%, 8, 0, 7, 465.03, 989724, 251, 97, 0
2226, 9, 231, 488, 7, 0, 61.67%, 8, 0, 7, 453.24, 991920, 251, 97, 0
2231, 9, 308, 488, 7, 0, 61.67%, 8, 0, 7, 422.19, 994068, 251, 97, 0
2236, 9, 440, 488, 7, 0, 61.67%, 8, 0, 7, 429.20, 996223, 251, 97, 0
2241, 9, 227, 488, 6, 0, 61.67%, 8, 0, 7, 470.65, 998639, 251, 97, 0
2246, 9, 197, 488, 6, 0, 61.67%, 8, 0, 7, 460.15, 1000964, 251, 99, 0
2251, 9, 30, 488, 6, 0, 61.67%, 8, 0, 7, 423.29, 1003057, 251, 101, 0
2256, 9, 185, 488, 6, 0, 61.67%, 8, 0, 7, 448.47, 1005329, 251, 101, 0
2261, 9, 473, 488, 6, 0, 61.67%, 8, 0, 7, 460.90, 1007665, 251, 101, 0
2266, 9, 83, 488, 5, 0, 61.67%, 8, 0, 7, 449.42, 1009968, 251, 101, 0
2271, 9, 372, 488, 5, 0, 61.67%, 8, 0, 7, 436.70, 1012140, 251, 101, 0
2276, 9, 325, 488, 5, 0, 61.67%, 8, 0, 7, 443.59, 1014373, 251, 101, 0
2281, 9, 480, 488, 5, 0, 61.67%, 8, 0, 7, 449.02, 1016580, 251, 102, 0
2286, 9, 192, 488, 4, 0, 61.67%, 8, 0, 7, 455.06, 1018867, 251, 102, 0
2292, 9, 192, 488, 4, 0, 61.67%, 8, 0, 7, 425.55, 1021015, 251, 102, 0
2297, 9, 372, 488, 4, 0, 61.67%, 8, 0, 7, 431.37, 1023212, 251, 102, 0
2302, 9, 372, 488, 4, 0, 61.67%, 8, 0, 7, 439.29, 1025417, 251, 102, 0
2307, 9, 271, 488, 4, 0, 61.67%, 8, 0, 7, 462.44, 1027884, 251, 102, 0
2312, 10, 491, 494, 10, 1, 62.41%, 8, 0, 7, 463.93, 1030180, 254, 102, 0
2317, 10, 493, 494, 8, 1, 62.41%, 8, 0, 7, 468.53, 1032547, 254, 102, 0
2322, 10, 185, 494, 7, 0, 62.41%, 8, 0, 7, 416.43, 1034632, 254, 102, 0
2327, 10, 383, 494, 7, 0, 62.41%, 8, 0, 7, 420.33, 1036677, 254, 102, 0
2332, 10, 167, 494, 7, 0, 62.41%, 8, 0, 7, 432.66, 1038986, 254, 103, 0
2337, 10, 242, 494, 7, 0, 62.41%, 8, 0, 7, 441.57, 1041181, 254, 106, 0
2342, 10, 197, 495, 8, 0, 62.41%, 9, 0, 7, 439.16, 1043421, 254, 107, 0
2348, 10, 487, 495, 8, 0, 62.41%, 9, 0, 7, 425.13, 1045694, 254, 109, 0
2353, 10, 252, 495, 7, 0, 62.41%, 9, 0, 7, 441.14, 1047908, 254, 109, 0
2358, 10, 30, 495, 7, 0, 62.41%, 9, 0, 7, 404.75, 1049940, 254, 109, 0
2363, 10, 488, 495, 6, 0, 62.41%, 9, 0, 7, 439.14, 1052199, 254, 109, 0
2368, 10, 373, 495, 5, 0, 62.41%, 9, 0, 7, 448.10, 1054453, 254, 113, 0
2373, 10, 227, 495, 5, 0, 62.41%, 9, 0, 7, 441.79, 1056711, 254, 113, 0
2378, 10, 372, 495, 5, 0, 62.41%, 9, 0, 7, 464.26, 1059078, 254, 113, 0
2383, 10, 372, 495, 5, 0, 62.41%, 9, 0, 7, 438.81, 1061275, 254, 113, 0
2388, 10, 425, 495, 5, 0, 62.41%, 9, 0, 7, 442.58, 1063545, 254, 114, 0
2393, 10, 157, 495, 5, 0, 62.41%, 9, 0, 7, 448.57, 1065860, 254, 114, 0
2398, 10, 405, 495, 5, 0, 62.41%, 9, 0, 7, 436.06, 1068052, 254, 114, 0
2404, 10, 393, 495, 5, 0, 62.41%, 9, 0, 7, 439.41, 1070333, 254, 116, 0
2409, 10, 304, 495, 5, 0, 62.41%, 9, 0, 7, 440.01, 1072569, 254, 124, 0
2414, 10, 448, 495, 5, 0, 62.41%, 9, 0, 7, 455.55, 1074833, 254, 124, 0
2419, 10, 130, 495, 5, 0, 62.41%, 9, 0, 7, 459.46, 1077111, 254, 125, 0
2424, 10, 493, 495, 5, 0, 62.41%, 9, 0, 7, 450.75, 1079387, 254, 125, 0
2429, 10, 75, 495, 5, 0, 62.41%, 9, 0, 7, 445.10, 1081761, 254, 125, 0
2434, 10, 139, 495, 5, 0, 62.41%, 9, 0, 7, 475.97, 1084307, 254, 125, 0
2439, 10, 192, 495, 4, 0, 62.41%, 9, 0, 7, 431.50, 1086500, 254, 125, 0
2444, 10, 490, 495, 4, 0, 62.41%, 9, 0, 7, 433.20, 1088658, 254, 126, 0
2449, 10, 252, 495, 3, 0, 62.41%, 9, 0, 7, 461.38, 1090993, 254, 126, 0
2454, 10, 52, 495, 3, 0, 62.41%, 9, 0, 7, 421.37, 1093098, 254, 127, 0
2459, 10, 485, 495, 2, 0, 62.41%, 9, 0, 7, 423.05, 1095265, 254, 127, 0
2465, 10, 336, 495, 1, 0, 62.41%, 9, 0, 7, 426.96, 1097433, 254, 128, 0
2470, 10, 405, 495, 1, 0, 62.41%, 9, 0, 7, 414.21, 1099495, 254, 128, 0
2475, 10, 425, 495, 1, 0, 62.41%, 9, 0, 7, 410.68, 1101576, 254, 130, 0
2480, 10, 372, 495, 1, 0, 62.41%, 9, 0, 7, 447.66, 1103906, 254, 134, 0
2485, 11, 252, 496, 2, 0, 62.41%, 9, 0, 7, 422.99, 1105955, 254, 134, 0
2490, 11, 43, 496, 2, 0, 62.41%, 9, 0, 7, 427.67, 1108150, 254, 134, 0
2495, 11, 458, 496, 2, 0, 62.41%, 9, 0, 7, 421.14, 1110364, 254, 134, 0
2500, 11, 416, 496, 1, 0, 62.41%, 9, 0, 7, 434.83, 1112589, 254, 136, 0
2505, 11, 185, 496, 1, 0, 62.41%, 9, 0, 7, 430.47, 1114814, 254, 136, 0
2510, 11, 139, 497, 2, 0, 62.41%, 9, 0, 7, 429.35, 1116973, 254, 136, 0
2515, 11, 139, 497, 1, 0, 62.41%, 9, 0, 7, 442.25, 1119191, 254, 136, 0
2520, 11, 242, 497, 1, 0, 62.41%, 9, 0, 7, 451.48, 1121490, 254, 136, 0
2525, 11, 200, 497, 1, 0, 62.41%, 9, 0, 7, 441.33, 1123760, 254, 140, 0
2530, 11, 372, 497, 1, 0, 62.41%, 9, 0, 7, 423.67, 1125878, 254, 140, 0
2535, 11, 463, 497, 1, 0, 62.41%, 9, 0, 7, 432.60, 1128055, 254, 140, 0
2540, 11, 234, 497, 1, 0, 62.41%, 9, 0, 7, 441.31, 1130323, 254, 140, 0
2546, 11, 346, 497, 1, 0, 62.41%, 9, 0, 7, 453.52, 1132695, 254, 140, 0
2551, 11, 180, 497, 1, 0, 62.41%, 9, 0, 7, 464.32, 1135029, 254, 149, 0
2556, 11, 185, 497, 1, 0, 62.41%, 9, 0, 7, 431.75, 1137156, 254, 153, 0
2561, 11, 43, 497, 1, 0, 62.41%, 9, 0, 7, 457.72, 1139568, 254, 156, 0
2566, 11, 308, 497, 1, 0, 62.41%, 9, 0, 7, 489.52, 1142026, 254, 156, 0
2571, 11, 271, 497, 1, 0, 62.41%, 9, 0, 7, 464.78, 1144314, 254, 156, 0
2576, 11, 398, 497, 1, 0, 62.41%, 9, 0, 7, 463.39, 1146758, 254, 157, 0
2581, 11, 372, 497, 1, 0, 62.41%, 9, 0, 7, 453.50, 1149019, 254, 164, 0
2586, 11, 274, 497, 1, 0, 62.41%, 9, 0, 7, 441.43, 1151247, 254, 164, 0
2591, 11, 415, 497, 1, 0, 62.41%, 9, 0, 7, 441.27, 1153494, 254, 164, 0
2596, 11, 281, 497, 1, 0, 62.41%, 9, 0, 7, 440.35, 1155758, 254, 164, 0
2601, 11, 287, 497, 1, 0, 62.41%, 9, 0, 7, 476.34, 1158188, 254, 165, 0
2606, 11, 308, 497, 1, 0, 62.41%, 9, 0, 7, 490.28, 1160691, 254, 165, 0
2611, 11, 492, 497, 1, 0, 62.41%, 9, 0, 7, 443.72, 1162823, 254, 165, 0
2616, 11, 78, 497, 1, 0, 62.41%, 9, 0, 7, 463.46, 1165108, 254, 165, 0
2621, 11, 180, 497, 1, 0, 62.41%, 9, 0, 7, 433.23, 1167298, 254, 165, 0
2626, 12, 372, 498, 2, 0, 62.41%, 9, 0, 7, 440.66, 1169549, 254, 165, 0
2632, 12, 271, 498, 2, 0, 62.41%, 9, 0, 7, 447.90, 1171804, 254, 168, 0
2637, 12, 244, 498, 2, 0, 62.41%, 9, 0, 7, 441.78, 1174048, 254, 168, 0
2642, 12, 215, 498, 2, 0, 62.41%, 9, 0, 7, 430.17, 1176162, 254, 168, 0
2647, 12, 497, 498, 2, 0, 62.41%, 9, 0, 7, 449.81, 1178478, 254, 168, 0
2652, 12, 271, 498, 1, 0, 62.41%, 9, 0, 7, 450.92, 1180651, 254, 168, 0
2657, 12, 496, 498, 1, 0, 62.41%, 9, 0, 7, 439.07, 1182845, 254, 168, 0
2662, 12, 132, 498, 1, 0, 62.41%, 9, 0, 7, 416.55, 1184988, 254, 168, 0
2667, 12, 139, 498, 1, 0, 62.41%, 9, 0, 7, 421.52, 1187115, 254, 168, 0
2672, 12, 282, 498, 1, 0, 62.41%, 9, 0, 7, 437.54, 1189343, 254, 168, 0
2677, 12, 271, 498, 1, 0, 62.41%, 9, 0, 7, 444.15, 1191610, 254, 172, 0
2682, 12, 415, 498, 1, 0, 62.41%, 9, 0, 7, 430.52, 1193756, 254, 172, 0
2687, 12, 242, 498, 1, 0, 62.41%, 9, 0, 7, 441.68, 1195985, 254, 172, 0
2692, 12, 491, 498, 1, 0, 62.41%, 9, 0, 7, 453.83, 1198274, 254, 172, 0
2697, 12, 174, 498, 1, 0, 62.41%, 9, 0, 7, 443.68, 1200464, 254, 172, 0
2702, 12, 169, 498, 1, 0, 62.41%, 9, 0, 7, 441.91, 1202692, 254, 172, 0
2707, 12, 270, 498, 1, 0, 62.41%, 9, 0, 7, 445.98, 1204923, 254, 173, 0
2712, 12, 461, 498, 1, 0, 62.41%, 9, 0, 7, 441.53, 1207183, 254, 176, 0
2717, 12, 271, 498, 1, 0, 62.41%, 9, 0, 7, 441.87, 1209419, 254, 176, 0
2723, 12, 192, 498, 1, 0, 62.41%, 9, 0, 7, 444.72, 1211741, 254, 176, 0
2728, 12, 425, 498, 1, 0, 62.41%, 9, 0, 7, 431.58, 1213873, 254, 176, 0
2733, 12, 252, 498, 1, 0, 62.41%, 9, 0, 7, 426.73, 1216199, 254, 176, 0
2738, 12, 185, 498, 1, 0, 62.41%, 9, 0, 7, 449.96, 1218495, 254, 176, 0
2743, 12, 243, 498, 1, 0, 62.41%, 9, 0, 7, 460.97, 1220839, 254, 176, 0
2748, 12, 282, 498, 1, 0, 62.41%, 9, 0, 7, 434.28, 1223077, 254, 176, 0
2753, 12, 26, 498, 1, 0, 62.41%, 9, 0, 7, 432.12, 1225306, 254, 176, 0
2758, 12, 244, 498, 1, 0, 62.41%, 9, 0, 7, 439.90, 1227527, 254, 176, 0
2763, 12, 252, 498, 1, 0, 62.41%, 9, 0, 7, 446.95, 1229802, 254, 177, 0
2768, 12, 221, 498, 1, 0, 62.41%, 9, 0, 7, 447.90, 1232072, 254, 177, 0
2773, 12, 185, 498, 1, 0, 62.41%, 9, 0, 7, 458.89, 1234415, 254, 177, 0
2779, 12, 496, 498, 1, 0, 62.41%, 9, 0, 7, 461.53, 1236746, 254, 177, 0
2784, 13, 383, 498, 1, 0, 62.41%, 9, 0, 7, 463.45, 1239088, 254, 177, 0
2789, 13, 463, 498, 1, 0, 62.41%, 9, 0, 7, 451.63, 1241359, 254, 177, 0
2794, 13, 14, 498, 1, 0, 62.41%, 9, 0, 7, 482.25, 1243760, 254, 180, 0
2799, 13, 168, 499, 2, 0, 62.41%, 9, 0, 7, 445.03, 1245924, 254, 180, 0
2804, 13, 177, 499, 2, 0, 62.41%, 9, 0, 7, 450.58, 1248157, 254, 182, 0
2809, 13, 308, 499, 2, 0, 62.41%, 9, 0, 7, 426.94, 1250311, 254, 182, 0
2814, 13, 43, 499, 2, 0, 62.41%, 9, 0, 7, 462.26, 1252688, 254, 182, 0
2819, 13, 405, 499, 2, 0, 62.41%, 9, 0, 7, 442.08, 1254870, 254, 182, 0
2824, 13, 281, 499, 2, 0, 62.41%, 9, 0, 7, 454.83, 1257151, 254, 182, 0
2829, 13, 192, 499, 1, 0, 62.41%, 9, 0, 7, 453.20, 1259487, 254, 182, 0
2834, 13, 244, 499, 1, 0, 62.41%, 9, 0, 7, 445.48, 1261720, 254, 182, 0
2839, 13, 197, 499, 1, 0, 62.41%, 9, 0, 7, 443.64, 1263959, 254, 185, 0
2844, 13, 405, 499, 1, 0, 62.41%, 9, 0, 7, 442.82, 1266205, 254, 186, 0
2849, 13, 271, 499, 1, 0, 62.41%, 9, 0, 7, 445.02, 1268478, 254, 186, 0
2854, 13, 373, 499, 1, 0, 62.41%, 9, 0, 7, 458.49, 1270788, 254, 187, 0
2859, 13, 498, 499, 1, 0, 62.41%, 9, 0, 7, 451.48, 1273070, 254, 187, 0
2865, 13, 435, 499, 1, 0, 62.41%, 9, 0, 7, 444.87, 1275288, 254, 187, 0
2870, 13, 192, 499, 1, 0, 62.41%, 9, 0, 7, 461.13, 1277664, 254, 187, 0
2875, 13, 341, 499, 1, 0, 62.41%, 9, 0, 7, 429.69, 1279778, 254, 187, 0
2880, 13, 73, 499, 1, 0, 62.41%, 9, 0, 7, 422.05, 1281920, 254, 187, 0
2885, 13, 491, 499, 1, 0, 62.41%, 9, 0, 7, 440.20, 1284123, 254, 190, 0
2890, 13, 415, 499, 1, 0, 62.41%, 9, 0, 7, 459.57, 1286506, 254, 190, 0
2895, 13, 429, 499, 1, 0, 62.41%, 9, 0, 7, 453.74, 1288873, 254, 190, 0
2900, 13, 383, 499, 0, 0, 62.41%, 9, 0, 7, 442.51, 1291087, 254, 190, 0
2905, 13, 348, 499, 0, 0, 62.41%, 9, 0, 7, 401.61, 1293082, 254, 190, 0
2910, 13, 192, 499, 0, 0, 62.41%, 9, 0, 7, 411.06, 1295194, 254, 190, 0
2915, 13, 380, 499, 0, 0, 62.41%, 9, 0, 7, 438.12, 1297476, 254, 190, 0
2920, 13, 30, 499, 0, 0, 62.41%, 9, 0, 7, 449.15, 1299781, 254, 190, 0
2926, 13, 157, 499, 0, 0, 62.41%, 9, 0, 7, 452.93, 1302127, 254, 190, 0
2931, 14, 482, 499, 0, 0, 62.41%, 9, 0, 7, 465.61, 1304475, 254, 190, 0
2936, 14, 463, 499, 0, 0, 62.41%, 9, 0, 7, 468.71, 1306800, 254, 190, 0
2941, 14, 78, 499, 0, 0, 62.41%, 9, 0, 7, 448.69, 1309077, 254, 190, 0
2946, 14, 139, 499, 0, 0, 62.41%, 9, 0, 7, 455.46, 1311392, 254, 190, 0
2951, 14, 348, 499, 0, 0, 62.41%, 9, 0, 7, 431.11, 1313605, 254, 190, 0
2956, 14, 243, 499, 0, 0, 62.41%, 9, 0, 7, 418.37, 1315723, 254, 196, 0
2961, 14, 192, 499, 0, 0, 62.41%, 9, 0, 7, 424.26, 1317932, 254, 196, 0
2966, 14, 465, 499, 0, 0, 62.41%, 9, 0, 7, 411.24, 1319984, 254, 196, 0
2971, 14, 139, 499, 0, 0, 62.41%, 9, 0, 7, 437.93, 1322228, 254, 201, 0
2976, 14, 463, 499, 0, 0, 62.41%, 9, 0, 7, 435.51, 1324410, 254, 201, 0
2981, 14, 43, 499, 0, 0, 62.41%, 9, 0, 7, 449.14, 1326653, 254, 201, 0
2986, 14, 227, 499, 0, 0, 62.41%, 9, 0, 7, 449.79, 1328951, 254, 201, 0
2991, 14, 192, 499, 0, 0, 62.41%, 9, 0, 7, 445.23, 1331187, 254, 201, 0
2996, 14, 197, 499, 0, 0, 62.41%, 9, 0, 7, 455.65, 1333457, 254, 202, 0
3002, 14, 262, 499, 0, 0, 62.41%, 9, 0, 7, 437.16, 1335665, 254, 204, 0
3007, 14, 371, 499, 0, 0, 62.41%, 9, 0, 7, 425.60, 1337851, 254, 204, 0
3012, 14, 393, 499, 0, 0, 62.41%, 9, 0, 7, 435.35, 1340100, 254, 204, 0
3017, 14, 348, 499, 0, 0, 62.41%, 9, 0, 7, 426.67, 1342263, 254, 204, 0
3022, 14, 405, 499, 0, 0, 62.41%, 9, 0, 7, 453.88, 1344536, 254, 204, 0
3027, 14, 350, 499, 0, 0, 62.41%, 9, 0, 7, 439.90, 1346720, 254, 204, 0
3032, 14, 380, 499, 0, 0, 62.41%, 9, 0, 7, 437.04, 1348979, 254, 204, 0
3037, 14, 281, 499, 0, 0, 62.41%, 9, 0, 7, 450.42, 1351259, 254, 204, 0
3042, 14, 139, 499, 0, 0, 62.41%, 9, 0, 7, 438.10, 1353473, 254, 204, 0
3047, 14, 372, 499, 0, 0, 62.41%, 9, 0, 7, 459.01, 1355813, 254, 204, 0
3052, 14, 283, 499, 0, 0, 62.41%, 9, 0, 7, 443.49, 1358046, 254, 204, 0
3058, 14, 372, 500, 1, 0, 62.41%, 9, 0, 7, 429.37, 1360193, 254, 204, 0
3063, 14, 221, 500, 1, 0, 62.41%, 9, 0, 7, 448.02, 1362572, 254, 204, 0
3068, 14, 14, 500, 1, 0, 62.41%, 9, 0, 7, 472.22, 1364911, 254, 204, 0
3073, 15, 284, 500, 1, 0, 62.41%, 9, 0, 7, 432.30, 1367042, 254, 204, 0
3078, 15, 52, 500, 1, 0, 62.41%, 9, 0, 7, 456.78, 1369353, 254, 204, 0
3083, 15, 372, 500, 1, 0, 62.41%, 9, 0, 7, 431.87, 1371560, 254, 204, 0
3088, 15, 325, 500, 1, 0, 62.41%, 9, 0, 7, 470.51, 1373963, 254, 204, 0
3093, 15, 244, 500, 1, 0, 62.41%, 9, 0, 7, 453.84, 1376246, 254, 206, 0
3098, 15, 227, 500, 1, 0, 62.41%, 9, 0, 7, 450.13, 1378484, 254, 206, 0
3103, 15, 48, 500, 1, 0, 62.41%, 9, 0, 7, 438.69, 1380637, 254, 206, 0
3108, 15, 499, 500, 1, 0, 62.41%, 9, 0, 7, 446.75, 1382943, 254, 206, 0
3113, 15, 244, 500, 0, 0, 62.41%, 9, 0, 7, 446.21, 1385215, 254, 206, 0
3118, 15, 139, 500, 0, 0, 62.41%, 9, 0, 7, 472.61, 1387616, 254, 206, 0
3123, 15, 461, 500, 0, 0, 62.41%, 9, 0, 7, 456.78, 1389878, 254, 206, 0
3128, 15, 479, 500, 0, 0, 62.41%, 9, 0, 7, 457.08, 1392209, 254, 206, 0
3134, 15, 372, 500, 0, 0, 62.41%, 9, 0, 7, 469.35, 1394522, 254, 206, 0
3139, 15, 78, 500, 0, 0, 62.41%, 9, 0, 7, 460.86, 1396848, 254, 206, 0
3144, 15, 372, 500, 0, 0, 62.41%, 9, 0, 7, 445.49, 1399095, 254, 206, 0
3149, 15, 325, 500, 0, 0, 62.41%, 9, 0, 7, 447.18, 1401367, 254, 206, 0
3154, 15, 223, 500, 0, 0, 62.41%, 9, 0, 7, 426.73, 1403493, 254, 206, 0
3159, 15, 197, 500, 0, 0, 62.41%, 9, 0, 7, 431.05, 1405703, 254, 206, 0
3164, 15, 315, 500, 0, 0, 62.41%, 9, 0, 7, 449.91, 1407965, 254, 206, 0
3169, 15, 252, 500, 0, 0, 62.41%, 9, 0, 7, 470.09, 1410353, 254, 206, 0
3174, 15, 192, 500, 0, 0, 62.41%, 9, 0, 7, 484.17, 1412738, 254, 206, 0
3179, 15, 487, 500, 0, 0, 62.41%, 9, 0, 7, 461.63, 1415064, 254, 206, 0
3184, 15, 21, 500, 0, 0, 62.41%, 9, 0, 7, 461.80, 1417397, 254, 206, 0
3189, 15, 416, 500, 0, 0, 62.41%, 10, 0, 7, 457.47, 1419661, 254, 208, 0
3194, 15, 251, 500, 0, 0, 62.41%, 10, 0, 7, 440.10, 1421879, 254, 208, 0
3199, 15, 415, 500, 0, 0, 62.41%, 10, 0, 7, 477.83, 1424291, 254, 212, 0
3204, 15, 185, 500, 0, 0, 62.41%, 10, 0, 7, 478.42, 1426633, 254, 214, 0
3209, 15, 141, 500, 0, 0, 62.41%, 10, 0, 7, 451.21, 1428885, 254, 214, 0
3214, 15, 185, 500, 0, 0, 62.41%, 10, 0, 7, 449.59, 1431154, 254, 214, 0
3220, 15, 363, 500, 0, 0, 62.41%, 10, 0, 7, 455.65, 1433459, 254, 214, 0
3225, 15, 491, 500, 0, 0, 62.41%, 10, 0, 7, 414.23, 1435546, 254, 214, 0
3230, 16, 501, 503, 3, 2, 62.41%, 10, 0, 7, 436.92, 1437792, 254, 214, 0
3235, 16, 500, 503, 2, 1, 62.41%, 10, 0, 7, 402.92, 1439863, 254, 219, 0
3240, 16, 373, 503, 1, 0, 62.41%, 10, 0, 7, 448.89, 1442220, 254, 219, 0
3245, 16, 325, 503, 1, 0, 62.41%, 10, 0, 7, 450.71, 1444523, 254, 219, 0
3250, 16, 251, 503, 1, 0, 62.41%, 10, 0, 7, 446.23, 1446791, 254, 219, 0
3255, 16, 185, 503, 1, 0, 62.41%, 10, 0, 7, 433.26, 1449014, 254, 219, 0
3260, 16, 243, 503, 1, 0, 62.41%, 10, 0, 7, 463.45, 1451379, 254, 219, 0
3265, 16, 185, 503, 1, 0, 62.41%, 10, 0, 7, 466.88, 1453658, 254, 219, 0
3270, 16, 231, 503, 1, 0, 62.41%, 10, 0, 7, 435.07, 1455826, 254, 224, 0
3275, 16, 501, 504, 2, 0, 62.41%, 10, 0, 7, 441.76, 1458004, 254, 224, 0
3280, 16, 325, 504, 2, 0, 62.41%, 10, 0, 7, 447.69, 1460221, 254, 224, 0
3286, 16, 271, 504, 2, 0, 62.41%, 10, 0, 7, 443.05, 1462504, 254, 232, 0
3291, 16, 282, 504, 2, 0, 62.41%, 10, 0, 7, 434.47, 1464701, 254, 232, 0
3296, 16, 383, 504, 2, 0, 62.41%, 10, 0, 7, 445.33, 1467043, 254, 233, 0
3301, 16, 503, 504, 2, 0, 62.41%, 10, 0, 7, 433.07, 1469180, 254, 235, 0
3306, 16, 325, 504, 1, 0, 62.41%, 10, 0, 7, 453.04, 1471533, 254, 235, 0
3311, 16, 185, 504, 1, 0, 62.41%, 10, 0, 7, 433.87, 1473697, 254, 235, 0
3316, 16, 157, 504, 1, 0, 62.41%, 10, 0, 7, 425.22, 1475850, 254, 235, 0
3321, 16, 227, 504, 1, 0, 62.41%, 10, 0, 7, 438.63, 1478131, 254, 237, 0
3326, 16, 502, 504, 1, 0, 62.41%, 10, 0, 7, 473.67, 1480524, 254, 237, 0
3331, 16, 500, 504, 0, 0, 62.41%, 10, 0, 7, 453.90, 1482773, 254, 238, 0
3336, 16, 372, 504, 0, 0, 62.41%, 10, 0, 7, 409.09, 1484793, 254, 238, 0
3341, 16, 251, 504, 0, 0, 62.41%, 10, 0, 7, 453.24, 1487142, 254, 238, 0
3346, 16, 30, 504, 0, 0, 62.41%, 10, 0, 7, 452.70, 1489424, 254, 238, 0
3351, 16, 35, 504, 0, 0, 62.41%, 10, 0, 7, 455.28, 1491724, 254, 238, 0
3357, 16, 448, 504, 0, 0, 62.41%, 10, 0, 7, 446.82, 1493947, 254, 239, 0
3362, 16, 43, 504, 0, 0, 62.41%, 10, 0, 7, 426.55, 1496088, 254, 239, 0
3367, 16, 425, 504, 0, 0, 62.41%, 10, 0, 7, 426.12, 1498223, 254, 239, 0
3372, 16, 139, 504, 0, 0, 62.41%, 10, 0, 7, 437.56, 1500473, 254, 239, 0
3377, 16, 237, 504, 0, 0, 62.41%, 10, 0, 7, 432.96, 1502591, 254, 239, 0
3382, 16, 185, 504, 0, 0, 62.41%, 10, 0, 7, 430.81, 1504714, 254, 239, 0
3387, 16, 251, 504, 0, 0, 62.41%, 10, 0, 7, 442.50, 1506993, 254, 239, 0
3392, 16, 248, 504, 0, 0, 62.41%, 10, 0, 7, 446.57, 1509251, 254, 239, 0
3397, 17, 192, 504, 0, 0, 62.41%, 10, 0, 7, 498.71, 1511725, 254, 239, 0
3402, 17, 461, 504, 0, 0, 62.41%, 10, 0, 7, 479.63, 1514116, 254, 239, 0
3407, 17, 205, 504, 0, 0, 62.41%, 10, 0, 7, 515.75, 1516605, 254, 246, 0
3412, 17, 221, 504, 0, 0, 62.41%, 10, 0, 7, 484.68, 1519030, 254, 246, 0
3417, 17, 249, 504, 0, 0, 62.41%, 10, 0, 7, 497.56, 1521481, 254, 246, 0
3422, 17, 43, 504, 0, 0, 62.41%, 10, 0, 7, 460.25, 1523815, 254, 246, 0
3427, 17, 197, 504, 0, 0, 62.41%, 10, 0, 7, 455.97, 1526073, 254, 249, 0
3432, 17, 336, 504, 0, 0, 62.41%, 10, 0, 7, 443.44, 1528219, 254, 249, 0
3437, 17, 501, 504, 0, 0, 62.41%, 10, 0, 7, 456.27, 1530508, 254, 249, 0
3442, 17, 479, 504, 0, 0, 62.41%, 10, 0, 7, 464.35, 1532874, 254, 249, 0
3448, 17, 336, 504, 0, 0, 62.41%, 10, 0, 7, 464.28, 1535272, 254, 249, 0
3453, 17, 227, 504, 0, 0, 62.41%, 10, 0, 7, 453.45, 1537557, 254, 249, 0
3458, 17, 252, 504, 0, 0, 62.41%, 10, 0, 7, 482.66, 1540052, 254, 249, 0
3463, 17, 210, 504, 0, 0, 62.41%, 10, 0, 7, 472.11, 1542371, 254, 249, 0
3468, 17, 282, 504, 0, 0, 62.41%, 10, 0, 7, 446.94, 1544541, 254, 249, 0
3473, 17, 221, 504, 0, 0, 62.41%, 10, 0, 7, 454.47, 1546836, 254, 251, 0
3478, 17, 197, 504, 0, 0, 62.41%, 10, 0, 7, 439.86, 1549086, 254, 256, 0
3483, 17, 479, 504, 0, 0, 62.41%, 10, 0, 7, 437.44, 1551270, 254, 259, 0
3488, 17, 192, 504, 0, 0, 62.41%, 10, 0, 7, 436.14, 1553430, 254, 260, 0
3493, 17, 469, 504, 0, 0, 62.41%, 10, 0, 7, 411.89, 1555479, 254, 260, 0
3498, 17, 13, 504, 0, 0, 62.41%, 10, 0, 7, 440.54, 1557675, 254, 261, 0
3504, 17, 373, 504, 0, 0, 62.41%, 10, 0, 7, 422.35, 1559851, 254, 261, 0
3509, 17, 479, 504, 0, 0, 62.41%, 10, 0, 7, 414.42, 1561992, 254, 262, 0
3514, 17, 321, 504, 0, 0, 62.41%, 10, 0, 7, 437.99, 1564167, 254, 262, 0
3519, 17, 432, 504, 0, 0, 62.41%, 10, 0, 7, 448.32, 1566362, 254, 262, 0
3524, 17, 470, 504, 0, 0, 62.41%, 10, 0, 7, 434.21, 1568531, 254, 267, 0
3529, 17, 493, 504, 0, 0, 62.41%, 10, 0, 7, 441.34, 1570760, 254, 267, 0
3534, 17, 372, 504, 0, 0, 62.41%, 10, 0, 7, 436.32, 1572940, 254, 267, 0
3539, 18, 229, 505, 1, 0, 62.41%, 10, 0, 7, 413.89, 1575055, 254, 267, 0
3544, 18, 492, 505, 1, 0, 62.41%, 10, 0, 7, 423.64, 1577177, 254, 267, 0
3549, 18, 501, 505, 1, 0, 62.41%, 10, 0, 7, 419.43, 1579341, 254, 267, 0
3554, 18, 425, 505, 1, 0, 62.41%, 10, 0, 7, 394.93, 1581365, 254, 267, 0
3559, 18, 244, 505, 0, 0, 62.41%, 10, 0, 7, 452.24, 1583721, 254, 267, 0
3564, 18, 459, 505, 0, 0, 62.41%, 10, 0, 7, 448.46, 1585955, 254, 267, 0
3569, 18, 290, 505, 0, 0, 62.41%, 10, 0, 7, 438.65, 1588121, 254, 268, 0
3574, 18, 251, 505, 0, 0, 62.41%, 10, 0, 7, 475.28, 1590464, 254, 268, 0
3580, 18, 290, 505, 0, 0, 62.41%, 10, 0, 7, 466.45, 1592995, 254, 268, 0
3585, 18, 348, 505, 0, 0, 62.41%, 10, 0, 7, 449.02, 1595220, 254, 268, 0
3590, 18, 479, 505, 0, 0, 62.41%, 10, 0, 7, 428.84, 1597392, 254, 273, 0
3595, 18, 262, 505, 0, 0, 62.41%, 10, 0, 7, 418.76, 1599432, 254, 274, 0
3600, 18, 242, 505, 0, 0, 62.41%, 10, 0, 7, 434.90, 1601721, 254, 280, 0
3605, 18, 271, 505, 0, 0, 62.41%, 10, 0, 7, 421.47, 1603918, 254, 280, 0
3610, 18, 461, 505, 0, 0, 62.41%, 10, 0, 7, 427.51, 1606042, 254, 280, 0
3615, 18, 160, 505, 0, 0, 62.41%, 10, 0, 7, 432.04, 1608296, 254, 281, 0
3620, 18, 262, 505, 0, 0, 62.41%, 10, 0, 7, 433.76, 1610485, 254, 285, 0
3625, 18, 254, 505, 0, 0, 62.41%, 10, 0, 7, 442.00, 1612792, 254, 285, 0
3630, 18, 227, 505, 0, 0, 62.41%, 10, 0, 7, 444.84, 1615036, 254, 286, 0
3635, 18, 262, 505, 0, 0, 62.41%, 10, 0, 7, 428.12, 1617213, 254, 286, 0
3641, 18, 500, 505, 0, 0, 62.41%, 10, 0, 7, 452.45, 1619534, 254, 286, 0
3646, 18, 52, 505, 0, 0, 62.41%, 10, 0, 7, 433.57, 1621750, 254, 290, 0
3651, 18, 463, 505, 0, 0, 62.41%, 10, 0, 7, 428.79, 1623923, 254, 290, 0
3656, 18, 242, 505, 0, 0, 62.41%, 10, 0, 7, 424.27, 1626050, 254, 290, 0
3661, 18, 425, 505, 0, 0, 62.41%, 10, 0, 7, 405.69, 1628114, 254, 290, 0
3666, 18, 383, 505, 0, 0, 62.41%, 10, 0, 7, 440.83, 1630373, 254, 290, 0
3671, 18, 293, 505, 0, 0, 62.41%, 10, 0, 7, 435.63, 1632613, 254, 291, 0
3676, 18, 251, 505, 0, 0, 62.41%, 10, 0, 7, 418.68, 1634706, 254, 291, 0
3681, 18, 463, 505, 0, 0, 62.41%, 10, 0, 7, 439.32, 1636893, 254, 291, 0
3686, 18, 43, 505, 0, 0, 62.41%, 10, 0, 7, 448.66, 1639162, 254, 291, 0
3691, 18, 393, 505, 0, 0, 62.41%, 10, 0, 7, 417.28, 1641242, 254, 291, 0
3696, 19, 375, 507, 1, 0, 62.41%, 10, 0, 7, 443.22, 1643495, 254, 291, 0
3701, 19, 185, 507, 1, 0, 62.41%, 10, 0, 7, 428.03, 1645644, 254, 291, 0
3706, 19, 238, 507, 1, 0, 62.41%, 10, 0, 7, 446.12, 1647906, 254, 295, 0
3711, 19, 204, 507, 0, 0, 62.41%, 10, 0, 7, 433.80, 1650073, 254, 295, 0
3716, 19, 479, 507, 0, 0, 62.41%, 10, 0, 7, 426.13, 1652221, 254, 295, 0
3721, 19, 506, 507, 0, 0, 62.41%, 10, 0, 7, 437.21, 1654451, 254, 295, 0
3726, 19, 197, 507, 0, 0, 62.41%, 10, 0, 7, 437.81, 1656665, 254, 296, 0
3731, 19, 119, 507, 0, 0, 62.41%, 10, 0, 7, 434.54, 1658820, 254, 303, 0
3736, 19, 139, 507, 0, 0, 62.41%, 10, 0, 7, 442.78, 1661090, 254, 303, 0
3741, 19, 372, 507, 0, 0, 62.41%, 10, 0, 7, 414.47, 1663182, 254, 303, 0
3746, 19, 493, 507, 0, 0, 62.41%, 10, 0, 7, 417.27, 1665335, 254, 304, 0
3751, 19, 393, 507, 0, 0, 62.41%, 10, 0, 7, 443.89, 1667558, 254, 304, 0
3757, 19, 290, 507, 0, 0, 62.41%, 10, 0, 7, 429.03, 1669774, 254, 304, 0
3762, 19, 505, 507, 0, 0, 62.41%, 10, 0, 7, 449.82, 1672001, 254, 304, 0
3767, 19, 37, 507, 0, 0, 62.41%, 10, 0, 7, 443.22, 1674184, 254, 304, 0
3772, 19, 463, 507, 0, 0, 62.41%, 10, 0, 7, 461.37, 1676517, 254, 304, 0
3777, 19, 139, 507, 0, 0, 62.41%, 10, 0, 7, 443.77, 1678785, 254, 304, 0
3782, 19, 308, 507, 0, 0, 62.41%, 10, 0, 7, 449.30, 1681076, 254, 304, 0
3787, 19, 197, 507, 0, 0, 62.41%, 10, 0, 7, 440.74, 1683315, 254, 308, 0
3792, 19, 157, 507, 0, 0, 62.41%, 10, 0, 7, 461.29, 1685676, 254, 313, 0
3797, 19, 492, 507, 0, 0, 62.41%, 10, 0, 7, 467.66, 1688026, 254, 313, 0
3802, 19, 157, 507, 0, 0, 62.41%, 10, 0, 7, 433.79, 1690132, 254, 313, 0
3807, 19, 282, 507, 0, 0, 62.41%, 10, 0, 7, 441.68, 1692463, 254, 313, 0
3812, 19, 157, 507, 0, 0, 62.41%, 10, 0, 7, 436.74, 1694668, 254, 313, 0
3817, 19, 146, 507, 0, 0, 62.41%, 10, 0, 7, 449.39, 1697003, 254, 313, 0
3822, 19, 500, 507, 0, 0, 62.41%, 10, 0, 7, 419.79, 1699152, 254, 313, 0
3828, 19, 336, 507, 0, 0, 62.41%, 10, 0, 7, 439.26, 1701404, 254, 317, 0
3833, 19, 143, 507, 0, 0, 62.41%, 10, 0, 7, 460.18, 1703740, 254, 317, 0
3838, 19, 405, 507, 0, 0, 62.41%, 10, 0, 7, 461.84, 1706166, 254, 320, 0
3843, 19, 492, 507, 0, 0, 62.41%, 10, 0, 7, 439.84, 1708379, 254, 324, 0
3848, 19, 425, 507, 0, 0, 62.41%, 10, 0, 7, 446.84, 1710745, 254, 324, 0
3853, 19, 30, 507, 0, 0, 62.41%, 10, 0, 7, 448.79, 1713046, 254, 324, 0
3858, 19, 392, 507, 0, 0, 62.41%, 10, 0, 7, 473.18, 1715380, 254, 324, 0
3863, 20, 7, 508, 1, 0, 62.41%, 10, 0, 7, 458.87, 1717619, 254, 324, 0
3868, 20, 242, 508, 1, 0, 62.41%, 10, 0, 7, 427.50, 1719747, 254, 325, 0
3874, 20, 139, 508, 1, 0, 62.41%, 10, 0, 7, 431.23, 1721987, 254, 325, 0
3879, 20, 479, 508, 1, 0, 62.41%, 10, 0, 7, 448.01, 1724228, 254, 325, 0
3884, 20, 372, 508, 1, 0, 62.41%, 10, 0, 7, 450.62, 1726491, 254, 325, 0
3889, 20, 393, 508, 1, 0, 62.41%, 10, 0, 7, 424.50, 1728611, 254, 325, 0
3894, 20, 252, 508, 1, 0, 62.41%, 10, 0, 7, 424.15, 1730845, 254, 325, 0
3899, 20, 271, 508, 1, 0, 62.41%, 10, 0, 7, 434.06, 1733065, 254, 325, 0
3904, 20, 183, 508, 1, 0, 62.41%, 10, 0, 7, 438.89, 1735279, 254, 325, 0
3909, 20, 415, 508, 1, 0, 62.41%, 10, 0, 7, 422.30, 1737373, 254, 325, 0
3914, 20, 170, 508, 1, 0, 62.41%, 10, 0, 7, 434.39, 1739579, 254, 327, 0
3919, 20, 505, 508, 1, 0, 62.41%, 10, 0, 7, 414.48, 1741654, 254, 327, 0
3924, 20, 492, 508, 1, 0, 62.41%, 10, 0, 7, 444.05, 1743954, 254, 329, 0
3929, 20, 185, 508, 1, 0, 62.41%, 10, 0, 7, 455.15, 1746223, 254, 330, 0
3934, 20, 501, 508, 1, 0, 62.41%, 10, 0, 7, 436.02, 1748390, 254, 330, 0
3939, 20, 290, 508, 1, 0, 62.41%, 10, 0, 7, 433.86, 1750616, 254, 330, 0
3944, 20, 187, 508, 1, 0, 62.41%, 10, 0, 7, 443.16, 1752894, 254, 330, 0
3949, 20, 197, 508, 1, 0, 62.41%, 10, 0, 7, 437.75, 1755113, 254, 330, 0
3954, 20, 412, 508, 1, 0, 62.41%, 10, 0, 7, 443.73, 1757346, 254, 334, 0
3959, 20, 463, 508, 1, 0, 62.41%, 10, 0, 7, 438.71, 1759547, 254, 334, 0
3965, 20, 348, 508, 1, 0, 62.41%, 10, 0, 7, 418.55, 1761706, 254, 334, 0
3970, 20, 243, 508, 1, 0, 62.41%, 10, 0, 7, 440.90, 1764045, 254, 334, 0
3975, 20, 493, 508, 1, 0, 62.41%, 10, 0, 7, 447.07, 1766315, 254, 334, 0
3980, 20, 185, 508, 1, 0, 62.41%, 10, 0, 7, 433.26, 1768495, 254, 334, 0
3985, 20, 507, 508, 1, 0, 62.41%, 10, 0, 7, 458.24, 1770813, 254, 334, 0
3990, 20, 504, 508, 0, 0, 62.41%, 10, 0, 7, 430.63, 1773004, 254, 334, 0
3995, 20, 197, 508, 0, 0, 62.41%, 10, 0, 7, 420.44, 1775203, 254, 334, 0
4000, 20, 103, 508, 0, 0, 62.41%, 10, 0, 7, 420.54, 1777358, 254, 338, 0
4005, 20, 185, 508, 0, 0, 62.41%, 10, 0, 7, 433.99, 1779503, 254, 338, 0
4010, 20, 14, 508, 0, 0, 62.41%, 10, 0, 7, 425.71, 1781647, 254, 338, 0
4015, 21, 227, 509, 1, 0, 62.41%, 10, 0, 7, 444.12, 1783890, 254, 338, 0
4020, 21, 185, 509, 1, 0, 62.41%, 10, 0, 7, 441.20, 1786081, 254, 338, 0
4026, 21, 308, 509, 0, 0, 62.41%, 10, 0, 7, 434.30, 1788344, 254, 338, 0
4031, 21, 372, 509, 0, 0, 62.41%, 10, 0, 7, 445.54, 1790603, 254, 340, 0
4036, 21, 290, 509, 0, 0, 62.41%, 10, 0, 7, 438.71, 1792810, 254, 340, 0
4041, 21, 507, 509, 0, 0, 62.41%, 10, 0, 7, 414.31, 1794840, 254, 340, 0
4046, 21, 192, 509, 0, 0, 62.41%, 10, 0, 7, 444.90, 1797083, 254, 344, 0
4051, 21, 149, 509, 0, 0, 62.41%, 10, 0, 7, 441.91, 1799296, 254, 344, 0
4056, 21, 308, 509, 0, 0, 62.41%, 10, 0, 7, 457.74, 1801684, 254, 344, 0
4061, 21, 155, 509, 0, 0, 62.41%, 10, 0, 7, 444.88, 1803912, 254, 344, 0
4066, 21, 282, 509, 0, 0, 62.41%, 10, 0, 7, 442.30, 1806219, 254, 344, 0
4071, 21, 139, 509, 0, 0, 62.41%, 10, 0, 7, 433.87, 1808392, 254, 344, 0
4076, 21, 507, 509, 0, 0, 62.41%, 10, 0, 7, 443.98, 1810639, 254, 344, 0
4081, 21, 192, 509, 0, 0, 62.41%, 10, 0, 7, 428.52, 1812827, 254, 344, 0
4086, 21, 15, 509, 0, 0, 62.41%, 10, 0, 7, 466.84, 1815207, 254, 344, 0
4091, 21, 355, 509, 0, 0, 62.41%, 10, 0, 7, 443.55, 1817429, 254, 344, 0
4096, 21, 227, 509, 0, 0, 62.41%, 10, 0, 7, 449.91, 1819699, 254, 344, 0
4101, 21, 472, 509, 0, 0, 62.41%, 10, 0, 7, 438.89, 1821903, 254, 344, 0
4106, 21, 348, 509, 0, 0, 62.41%, 10, 0, 7, 445.70, 1824227, 254, 344, 0
4112, 21, 154, 509, 0, 0, 62.41%, 10, 0, 7, 445.84, 1826526, 254, 344, 0
4117, 21, 35, 509, 0, 0, 62.41%, 10, 0, 7, 434.36, 1828707, 254, 344, 0
4122, 21, 197, 509, 0, 0, 62.41%, 10, 0, 7, 450.98, 1831000, 254, 345, 0
4127, 21, 423, 509, 0, 0, 62.41%, 10, 0, 7, 468.49, 1833337, 254, 355, 0
4132, 21, 383, 509, 0, 0, 62.41%, 10, 0, 7, 447.51, 1835588, 254, 355, 0
4137, 21, 418, 509, 0, 0, 62.41%, 10, 0, 7, 456.60, 1837870, 254, 355, 0
4142, 21, 290, 509, 0, 0, 62.41%, 10, 0, 7, 430.77, 1840039, 254, 355, 0
4147, 21, 176, 509, 0, 0, 62.41%, 10, 0, 7, 458.00, 1842390, 254, 355, 0
4152, 21, 336, 509, 0, 0, 62.41%, 10, 0, 7, 465.72, 1844651, 254, 355, 0
4157, 21, 37, 509, 0, 0, 62.41%, 10, 0, 7, 432.10, 1846860, 254, 361, 0
4162, 21, 306, 509, 0, 0, 62.41%, 10, 0, 7, 409.70, 1848886, 254, 362, 0
4167, 21, 372, 509, 0, 0, 62.41%, 10, 0, 7, 405.03, 1850923, 254, 362, 0
4173, 21, 463, 509, 0, 0, 62.41%, 10, 0, 7, 393.57, 1852864, 254, 362, 0
4178, 22, 509, 510, 1, 0, 62.41%, 10, 0, 7, 427.46, 1855132, 254, 362, 0
4183, 22, 139, 510, 0, 0, 62.41%, 10, 0, 7, 419.15, 1857221, 254, 362, 0
4188, 22, 418, 510, 0, 0, 62.41%, 10, 0, 7, 425.52, 1859399, 254, 362, 0
4193, 22, 243, 510, 0, 0, 62.41%, 10, 0, 7, 413.35, 1861472, 254, 362, 0
4198, 22, 200, 510, 0, 0, 62.41%, 10, 0, 7, 441.74, 1863747, 254, 362, 0
4203, 22, 244, 510, 0, 0, 62.41%, 10, 0, 7, 427.87, 1865929, 254, 362, 0
4208, 22, 505, 510, 0, 0, 62.41%, 10, 0, 7, 428.38, 1868057, 254, 362, 0
4213, 22, 487, 510, 0, 0, 62.41%, 10, 0, 7, 417.51, 1870285, 254, 362, 0
4218, 22, 372, 510, 0, 0, 62.41%, 10, 0, 7, 452.95, 1872593, 254, 363, 0
4223, 22, 251, 510, 0, 0, 62.41%, 10, 0, 7, 434.00, 1874822, 254, 363, 0
4228, 22, 469, 510, 0, 0, 62.41%, 10, 0, 7, 439.26, 1877045, 254, 364, 0
4234, 22, 405, 510, 0, 0, 62.41%, 10, 0, 7, 419.41, 1879202, 254, 365, 0
4239, 22, 325, 510, 0, 0, 62.41%, 10, 0, 7, 449.21, 1881501, 254, 365, 0
4244, 22, 308, 510, 0, 0, 62.41%, 10, 0, 7, 436.04, 1883589, 254, 366, 0
4249, 22, 192, 510, 0, 0, 62.41%, 10, 0, 7, 467.07, 1885982, 254, 367, 0
4254, 22, 487, 510, 0, 0, 62.41%, 10, 0, 7, 455.26, 1888304, 254, 367, 0
4259, 22, 383, 510, 0, 0, 62.41%, 10, 0, 7, 430.93, 1890493, 254, 372, 0
4264, 22, 271, 510, 0, 0, 62.41%, 10, 0, 7, 428.03, 1892691, 254, 373, 0
4269, 22, 469, 510, 0, 0, 62.41%, 10, 0, 7, 433.85, 1894952, 254, 374, 0
4274, 22, 119, 510, 0, 0, 62.41%, 10, 0, 7, 440.54, 1897166, 254, 374, 0
4279, 22, 368, 510, 0, 0, 62.41%, 10, 0, 7, 487.97, 1899564, 254, 376, 0
4284, 22, 160, 510, 0, 0, 62.41%, 10, 0, 7, 470.00, 1901922, 254, 376, 0
4289, 22, 30, 510, 0, 0, 62.41%, 10, 0, 7, 444.76, 1904163, 254, 376, 0
4294, 22, 222, 510, 0, 0, 62.41%, 10, 0, 7, 412.80, 1906174, 254, 377, 0
4299, 22, 270, 510, 0, 0, 62.41%, 10, 0, 7, 442.34, 1908432, 254, 377, 0
4305, 22, 500, 510, 0, 0, 62.41%, 10, 0, 7, 454.32, 1910696, 254, 377, 0
4310, 22, 252, 510, 0, 0, 62.41%, 10, 0, 7, 429.93, 1912824, 254, 379, 0
4315, 22, 252, 510, 0, 0, 62.41%, 10, 0, 7, 455.80, 1915134, 254, 379, 0
4320, 22, 28, 510, 0, 0, 62.41%, 10, 0, 7, 446.31, 1917390, 254, 379, 0
4325, 22, 415, 510, 0, 0, 62.41%, 10, 0, 7, 460.63, 1919679, 254, 379, 0
4330, 22, 197, 510, 0, 0, 62.41%, 10, 0, 7, 458.59, 1921953, 254, 379, 0
4335, 23, 373, 510, 0, 0, 62.41%, 10, 0, 7, 451.34, 1924187, 254, 382, 0
4340, 23, 30, 510, 0, 0, 62.41%, 10, 0, 7, 444.44, 1926419, 254, 382, 0
4345, 23, 383, 510, 0, 0, 62.41%, 10, 0, 7, 430.89, 1928631, 254, 382, 0
4350, 23, 493, 510, 0, 0, 62.41%, 10, 0, 7, 440.25, 1930902, 254, 382, 0
4355, 23, 244, 510, 0, 0, 62.41%, 10, 0, 7, 410.71, 1933017, 254, 382, 0
4360, 23, 372, 510, 0, 0, 62.41%, 10, 0, 7, 443.91, 1935249, 254, 384, 0
4365, 23, 227, 510, 0, 0, 62.41%, 10, 0, 7, 445.16, 1937411, 254, 384, 0
4370, 23, 244, 510, 0, 0, 62.41%, 10, 0, 7, 464.30, 1939871, 254, 384, 0
4376, 23, 192, 510, 0, 0, 62.41%, 10, 0, 7, 442.63, 1942149, 254, 385, 0
4381, 23, 242, 510, 0, 0, 62.41%, 10, 0, 7, 482.42, 1944642, 254, 385, 0
4386, 23, 227, 510, 0, 0, 62.41%, 10, 0, 7, 451.77, 1946934, 254, 386, 0
4391, 23, 110, 510, 0, 0, 62.41%, 10, 0, 7, 457.98, 1949274, 254, 386, 0
4396, 23, 236, 510, 0, 0, 62.41%, 10, 0, 7, 450.08, 1951588, 254, 386, 0
4401, 23, 298, 510, 0, 0, 62.41%, 10, 0, 7, 447.69, 1953888, 254, 386, 0
4406, 23, 415, 510, 0, 0, 62.41%, 10, 0, 7, 445.82, 1956119, 254, 387, 0
4411, 23, 398, 510, 0, 0, 62.41%, 10, 0, 7, 442.47, 1958432, 254, 387, 0
4416, 23, 311, 510, 0, 0, 62.41%, 10, 0, 7, 451.70, 1960760, 254, 387, 0
4421, 23, 221, 510, 0, 0, 62.41%, 10, 0, 7, 445.04, 1963001, 254, 387, 0
4426, 23, 271, 510, 0, 0, 62.41%, 10, 0, 7, 438.21, 1965192, 254, 387, 0
4432, 23, 372, 510, 0, 0, 62.41%, 10, 0, 7, 440.42, 1967426, 254, 387, 0
4437, 23, 43, 510, 0, 0, 62.41%, 10, 0, 7, 433.62, 1969648, 254, 387, 0
4442, 23, 243, 510, 0, 0, 62.41%, 10, 0, 7, 434.22, 1971786, 254, 387, 0
4447, 23, 282, 510, 0, 0, 62.41%, 10, 0, 7, 431.06, 1973978, 254, 387, 0
4452, 23, 425, 510, 0, 0, 62.41%, 10, 0, 7, 441.74, 1976200, 254, 387, 0
4457, 23, 139, 510, 0, 0, 62.41%, 10, 0, 7, 448.91, 1978440, 254, 387, 0
4462, 23, 30, 510, 0, 0, 62.41%, 10, 0, 7, 431.39, 1980590, 254, 387, 0
4467, 23, 199, 510, 0, 0, 62.41%, 10, 0, 7, 446.36, 1982820, 254, 387, 0
4472, 23, 95, 510, 0, 0, 62.41%, 10, 0, 7, 452.44, 1985136, 254, 387, 0
4477, 23, 373, 510, 0, 0, 62.41%, 10, 0, 7, 435.28, 1987369, 254, 387, 0
4482, 23, 271, 510, 0, 0, 62.41%, 10, 0, 7, 425.16, 1989558, 254, 387, 0
4487, 23, 192, 510, 0, 0, 62.41%, 10, 0, 7, 446.17, 1991825, 254, 387, 0
4492, 23, 372, 510, 0, 0, 62.41%, 10, 0, 7, 459.90, 1994129, 254, 387, 0
4498, 23, 508, 510, 0, 0, 62.41%, 10, 0, 7, 456.51, 1996462, 254, 387, 0
4503, 24, 469, 511, 1, 0, 62.41%, 10, 0, 7, 446.37, 1998751, 254, 387, 0
4508, 24, 281, 511, 1, 0, 62.41%, 10, 0, 7, 458.78, 2001029, 254, 389, 0
4513, 24, 185, 511, 1, 0, 62.41%, 10, 0, 7, 449.90, 2003307, 254, 389, 0
4518, 24, 287, 511, 1, 0, 62.41%, 10, 0, 7, 438.02, 2005443, 254, 389, 0
4523, 24, 270, 511, 1, 0, 62.41%, 10, 0, 7, 454.34, 2007719, 254, 389, 0
4528, 24, 185, 511, 0, 0, 62.41%, 10, 0, 7, 436.63, 2009867, 254, 389, 0
4533, 24, 510, 511, 0, 0, 62.41%, 10, 0, 7, 468.20, 2012287, 254, 393, 0
4538, 24, 287, 511, 0, 0, 62.41%, 10, 0, 7, 460.14, 2014629, 254, 393, 0
4543, 24, 251, 511, 0, 0, 62.41%, 10, 0, 7, 454.83, 2016871, 254, 394, 0
4548, 24, 487, 511, 0, 0, 62.41%, 10, 0, 7, 453.32, 2019121, 254, 394, 0
4553, 24, 290, 511, 0, 0, 62.41%, 10, 0, 7, 451.45, 2021366, 254, 394, 0
4558, 24, 290, 511, 0, 0, 62.41%, 10, 0, 7, 437.36, 2023571, 254, 394, 0
4563, 24, 282, 511, 0, 0, 62.41%, 10, 0, 7, 436.69, 2025759, 254, 395, 0
4568, 24, 243, 511, 0, 0, 62.41%, 10, 0, 7, 452.30, 2028055, 254, 395, 0
4573, 24, 425, 511, 0, 0, 62.41%, 10, 0, 7, 456.38, 2030397, 254, 395, 0
4578, 24, 308, 511, 0, 0, 62.41%, 10, 0, 7, 450.34, 2032581, 254, 396, 0
4583, 24, 139, 511, 0, 0, 62.41%, 10, 0, 7, 435.84, 2034785, 254, 396, 0
4588, 24, 492, 511, 0, 0, 62.41%, 10, 0, 7, 435.70, 2037000, 254, 396, 0
4594, 24, 52, 511, 0, 0, 62.41%, 10, 0, 7, 441.22, 2039269, 254, 396, 0
4599, 24, 252, 511, 0, 0, 62.41%, 10, 0, 7, 454.17, 2041531, 254, 396, 0
4604, 24, 197, 511, 0, 0, 62.41%, 10, 0, 7, 459.31, 2043895, 254, 397, 0
4609, 24, 479, 511, 0, 0, 62.41%, 10, 0, 7, 443.30, 2046148, 254, 397, 0
4614, 24, 95, 511, 0, 0, 62.41%, 10, 0, 7, 446.85, 2048433, 254, 398, 0
4619, 24, 39, 511, 0, 0, 62.41%, 10, 0, 7, 409.69, 2050425, 254, 399, 0
4624, 24, 405, 511, 0, 0, 62.41%, 10, 0, 7, 436.88, 2052678, 254, 399, 0
4629, 24, 25, 511, 0, 0, 62.41%, 10, 0, 7, 414.02, 2054730, 254, 399, 0
4634, 24, 43, 511, 0, 0, 62.41%, 10, 0, 7, 404.46, 2056785, 254, 399, 0
4639, 24, 43, 511, 0, 0, 62.41%, 10, 0, 7, 437.16, 2059062, 254, 399, 0
4644, 24, 145, 511, 0, 0, 62.41%, 10, 0, 7, 447.67, 2061318, 254, 401, 0
4649, 24, 197, 511, 0, 0, 62.41%, 10, 0, 7, 417.13, 2063395, 254, 405, 0
4654, 24, 487, 511, 0, 0, 62.41%, 10, 0, 7, 430.56, 2065653, 254, 406, 0
4659, 25, 425, 511, 0, 0, 62.41%, 10, 0, 7, 464.82, 2068031, 254, 409, 0
4665, 25, 282, 511, 0, 0, 62.41%, 10, 0, 7, 436.87, 2070225, 254, 409, 0
4670, 25, 197, 511, 0, 0, 62.41%, 10, 0, 7, 429.29, 2072403, 254, 415, 0
4675, 25, 398, 511, 0, 0, 62.41%, 10, 0, 7, 430.81, 2074600, 254, 418, 0
4680, 25, 127, 511, 0, 0, 62.41%, 10, 0, 7, 444.54, 2076877, 254, 418, 0
4685, 25, 348, 511, 0, 0, 62.41%, 10, 0, 7, 424.06, 2079009, 254, 418, 0
4690, 25, 254, 511, 0, 0, 62.41%, 10, 0, 7, 435.68, 2081257, 254, 418, 0
4695, 25, 492, 511, 0, 0, 62.41%, 10, 0, 7, 440.09, 2083480, 254, 418, 0
4700, 25, 287, 511, 0, 0, 62.41%, 10, 0, 7, 444.01, 2085748, 254, 418, 0
4705, 25, 197, 511, 0, 0, 62.41%, 10, 0, 7, 435.51, 2087940, 254, 419, 0
4710, 25, 56, 511, 0, 0, 62.41%, 10, 0, 7, 438.95, 2090206, 254, 423, 0
4715, 25, 202, 511, 0, 0, 62.41%, 10, 0, 7, 444.75, 2092484, 254, 424, 0
4720, 25, 463, 511, 0, 0, 62.41%, 10, 0, 7, 465.19, 2094877, 254, 424, 0
4725, 25, 505, 511, 0, 0, 62.41%, 10, 0, 7, 446.29, 2097081, 254, 424, 0
4730, 25, 479, 511, 0, 0, 62.41%, 10, 0, 7, 455.17, 2099340, 254, 428, 0
4735, 25, 30, 511, 0, 0, 62.41%, 10, 0, 7, 447.85, 2101560, 254, 429, 0
4741, 25, 276, 511, 0, 0, 62.41%, 10, 0, 7, 435.80, 2103825, 254, 429, 0
4746, 25, 52, 511, 0, 0, 62.41%, 10, 0, 7, 443.11, 2106115, 254, 429, 0
4751, 25, 192, 511, 0, 0, 62.41%, 10, 0, 7, 455.81, 2108380, 254, 429, 0
4756, 25, 479, 511, 0, 0, 62.41%, 10, 0, 7, 469.19, 2110695, 254, 433, 0
4761, 25, 487, 511, 0, 0, 62.41%, 10, 0, 7, 448.57, 2112998, 254, 433, 0
4766, 25, 160, 511, 0, 0, 62.41%, 10, 0, 7, 441.74, 2115224, 254, 433, 0
4771, 25, 10, 511, 0, 0, 62.41%, 10, 0, 7, 436.53, 2117500, 254, 433, 0
4776, 25, 139, 511, 0, 0, 62.41%, 10, 0, 7, 414.86, 2119538, 254, 433, 0
4781, 25, 252, 511, 0, 0, 62.41%, 10, 0, 7, 438.52, 2121790, 254, 433, 0
4786, 25, 252, 511, 0, 0, 62.41%, 10, 0, 7, 440.98, 2124011, 254, 433, 0
4791, 25, 371, 511, 0, 0, 62.41%, 10, 0, 7, 458.06, 2126326, 254, 433, 0
4796, 25, 287, 511, 0, 0, 62.41%, 10, 0, 7, 451.14, 2128620, 254, 433, 0
4801, 25, 197, 511, 0, 0, 62.41%, 10, 0, 7, 469.91, 2130994, 254, 433, 0
4806, 26, 221, 511, 0, 0, 62.41%, 10, 0, 7, 447.79, 2133209, 254, 433, 0
4811, 26, 501, 511, 0, 0, 62.41%, 10, 0, 7, 462.84, 2135541, 254, 433, 0
4816, 26, 479, 511, 0, 0, 62.41%, 10, 0, 7, 475.63, 2137977, 254, 433, 0
4822, 26, 372, 511, 0, 0, 62.41%, 10, 0, 7, 442.71, 2140184, 254, 433, 0
4827, 26, 41, 511, 0, 0, 62.41%, 10, 0, 7, 447.29, 2142476, 254, 434, 0
4832, 26, 478, 511, 0, 0, 62.41%, 10, 0, 7, 434.06, 2144719, 254, 435, 0
4837, 26, 247, 511, 0, 0, 62.41%, 10, 0, 7, 428.04, 2146879, 254, 435, 0
4842, 26, 469, 511, 0, 0, 62.41%, 10, 0, 7, 441.64, 2149074, 254, 435, 0
4847, 26, 281, 511, 0, 0, 62.41%, 10, 0, 7, 435.77, 2151328, 254, 442, 0
4852, 26, 509, 511, 0, 0, 62.41%, 10, 0, 7, 442.79, 2153559, 254, 444, 0
4857, 26, 43, 511, 0, 0, 62.41%, 10, 0, 7, 443.40, 2155776, 254, 444, 0
4862, 26, 192, 511, 0, 0, 62.41%, 10, 0, 7, 449.02, 2158034, 254, 444, 0
4867, 26, 179, 511, 0, 0, 62.41%, 10, 0, 7, 420.24, 2160152, 254, 444, 0
4872, 26, 398, 511, 0, 0, 62.41%, 10, 0, 7, 432.96, 2162329, 254, 444, 0
4877, 26, 185, 511, 0, 0, 62.41%, 10, 0, 7, 425.49, 2164479, 254, 444, 0
4882, 26, 372, 511, 0, 0, 62.41%, 10, 0, 7, 447.40, 2166779, 254, 444, 0
4887, 26, 214, 511, 0, 0, 62.41%, 10, 0, 7, 478.95, 2169171, 254, 444, 0
4892, 26, 463, 511, 0, 0, 62.41%, 10, 0, 7, 435.40, 2171345, 254, 444, 0
4898, 26, 425, 511, 0, 0, 62.41%, 10, 0, 7, 464.50, 2173705, 254, 444, 0
4903, 26, 492, 511, 0, 0, 62.41%, 10, 0, 7, 463.28, 2176112, 254, 446, 0
4908, 26, 125, 511, 0, 0, 62.41%, 10, 0, 7, 463.85, 2178498, 254, 446, 0
4913, 26, 308, 511, 0, 0, 62.41%, 10, 0, 7, 444.78, 2180727, 254, 446, 0
4918, 26, 227, 511, 0, 0, 62.41%, 10, 0, 7, 457.69, 2183095, 254, 446, 0
4923, 26, 14, 511, 0, 0, 62.41%, 10, 0, 7, 448.48, 2185338, 254, 447, 0
4928, 26, 271, 511, 0, 0, 62.41%, 10, 0, 7, 453.76, 2187613, 254, 447, 0
4933, 26, 42, 511, 0, 0, 62.41%, 10, 0, 7, 458.60, 2189976, 254, 447, 0
4938, 26, 325, 511, 0, 0, 62.41%, 10, 0, 7, 442.66, 2192264, 254, 448, 0
4943, 26, 201, 511, 0, 0, 62.41%, 10, 0, 7, 432.78, 2194476, 254, 452, 0
4948, 26, 325, 511, 0, 0, 62.41%, 10, 0, 7, 450.73, 2196802, 254, 452, 0
4953, 26, 251, 511, 0, 0, 62.41%, 10, 0, 7, 446.40, 2199061, 254, 454, 0
4958, 26, 375, 511, 0, 0, 62.41%, 10, 0, 7, 429.61, 2201233, 254, 454, 0
4963, 27, 505, 511, 0, 0, 62.41%, 10, 0, 7, 455.32, 2203556, 254, 454, 0
4969, 27, 396, 511, 0, 0, 62.41%, 10, 0, 7, 458.07, 2205848, 254, 454, 0
4974, 27, 185, 511, 0, 0, 62.41%, 10, 0, 7, 434.52, 2208072, 254, 454, 0
4979, 27, 192, 511, 0, 0, 62.41%, 10, 0, 7, 443.97, 2210382, 254, 455, 0
4984, 27, 501, 511, 0, 0, 62.41%, 10, 0, 7, 444.85, 2212636, 254, 458, 0
4989, 27, 78, 511, 0, 0, 62.41%, 10, 0, 7, 450.10, 2214985, 254, 458, 0
4994, 27, 395, 511, 0, 0, 62.41%, 10, 0, 7, 451.62, 2217226, 254, 458, 0
4999, 27, 252, 511, 0, 0, 62.41%, 10, 0, 7, 444.58, 2219447, 254, 458, 0
5004, 27, 505, 511, 0, 0, 62.41%, 10, 0, 7, 440.75, 2221641, 254, 465, 0
5009, 27, 243, 511, 0, 0, 62.41%, 10, 0, 7, 429.33, 2223883, 254, 465, 0
5015, 27, 505, 511, 0, 0, 62.41%, 10, 0, 7, 462.62, 2226285, 254, 465, 0
5020, 27, 157, 511, 0, 0, 62.41%, 10, 0, 7, 447.03, 2228499, 254, 466, 0
5025, 27, 368, 511, 0, 0, 62.41%, 10, 0, 7, 418.39, 2230602, 254, 466, 0
5030, 27, 492, 511, 0, 0, 62.41%, 10, 0, 7, 427.55, 2232763, 254, 466, 0
5035, 27, 52, 511, 0, 0, 62.41%, 10, 0, 7, 436.55, 2235044, 254, 466, 0
5040, 27, 270, 511, 0, 0, 62.41%, 10, 0, 7, 436.24, 2237288, 254, 470, 0
5045, 27, 30, 511, 0, 0, 62.41%, 10, 0, 7, 432.05, 2239444, 254, 470, 0
5050, 27, 372, 511, 0, 0, 62.41%, 10, 0, 7, 436.44, 2241715, 254, 471, 0
5055, 27, 270, 511, 0, 0, 62.41%, 10, 0, 7, 444.40, 2243971, 254, 471, 0
5060, 27, 30, 511, 0, 0, 62.41%, 10, 0, 7, 448.24, 2246264, 254, 474, 0
5065, 27, 505, 511, 0, 0, 62.41%, 10, 0, 7, 441.47, 2248509, 254, 474, 0
5070, 27, 227, 511, 0, 0, 62.41%, 10, 0, 7, 458.01, 2250849, 254, 474, 0
5075, 27, 469, 511, 0, 0, 62.41%, 10, 0, 7, 447.69, 2253054, 254, 480, 0
5081, 27, 501, 511, 0, 0, 62.41%, 10, 0, 7, 438.59, 2255265, 254, 480, 0
5086, 27, 479, 511, 0, 0, 62.41%, 10, 0, 7, 434.96, 2257499, 254, 481, 0
5091, 27, 205, 511, 0, 0, 62.41%, 10, 0, 7, 430.21, 2259700, 254, 481, 0
5096, 27, 493, 511, 0, 0, 62.41%, 10, 0, 7, 429.55, 2261803, 254, 481, 0
5101, 27, 26, 511, 0, 0, 62.41%, 10, 0, 7, 446.78, 2264052, 254, 485, 0
5106, 27, 448, 511, 0, 0, 62.41%, 10, 0, 7, 437.68, 2266204, 254, 486, 0
5111, 27, 370, 511, 0, 0, 62.41%, 10, 0, 7, 438.30, 2268467, 254, 486, 0
5116, 27, 505, 511, 0, 0, 62.41%, 10, 0, 7, 452.58, 2270737, 254, 486, 0
5121, 28, 244, 512, 0, 0, 63.64%, 10, 0, 7, 475.93, 2273154, 259, 486, 0
5126, 28, 197, 512, 0, 0, 63.64%, 10, 0, 7, 444.22, 2275338, 259, 487, 0
5131, 28, 200, 512, 0, 0, 63.64%, 10, 0, 7, 448.65, 2277563, 259, 489, 0
5136, 28, 415, 512, 0, 0, 63.64%, 10, 0, 7, 436.96, 2279788, 259, 489, 0
5141, 28, 512, 513, 1, 0, 63.64%, 10, 0, 7, 467.86, 2282160, 259, 489, 0
5146, 28, 282, 513, 0, 0, 63.64%, 10, 0, 7, 425.60, 2284284, 259, 489, 0
5151, 28, 425, 514, 0, 0, 63.64%, 10, 0, 7, 452.27, 2286623, 259, 489, 0
5156, 28, 282, 514, 0, 0, 63.64%, 10, 0, 7, 438.89, 2288852, 259, 494, 0
5161, 28, 513, 514, 0, 0, 63.64%, 10, 0, 7, 445.02, 2291015, 259, 495, 0
5167, 28, 308, 514, 0, 0, 63.64%, 10, 0, 7, 446.25, 2293292, 259, 500, 0
5172, 28, 425, 514, 0, 0, 63.64%, 10, 0, 7, 438.59, 2295501, 259, 500, 0
5177, 28, 153, 514, 0, 0, 63.64%, 10, 0, 7, 415.34, 2297583, 259, 501, 0
5182, 28, 15, 514, 0, 0, 63.64%, 10, 0, 7, 435.22, 2299805, 259, 501, 0
5187, 28, 192, 514, 0, 0, 63.64%, 10, 0, 7, 441.20, 2302090, 259, 502, 0
5192, 28, 513, 514, 0, 0, 63.64%, 10, 0, 7, 442.15, 2304319, 259, 502, 0
5197, 28, 501, 514, 0, 0, 63.64%, 10, 0, 7, 452.19, 2306603, 259, 502, 0
5202, 28, 308, 514, 0, 0, 63.64%, 10, 0, 7, 461.03, 2308876, 259, 502, 0
5207, 28, 271, 514, 0, 0, 63.64%, 10, 0, 7, 458.96, 2311142, 259, 503, 0
5212, 28, 332, 514, 0, 0, 63.64%, 10, 0, 7, 437.70, 2313389, 259, 503, 0
5217, 28, 230, 514, 0, 0, 63.64%, 10, 0, 7, 424.40, 2315557, 259, 503, 0
5222, 28, 318, 514, 0, 0, 63.64%, 10, 0, 7, 429.95, 2317796, 259, 503, 0
5227, 28, 15, 514, 0, 0, 63.64%, 10, 0, 7, 440.33, 2320072, 259, 503, 0
5233, 28, 185, 514, 0, 0, 63.64%, 10, 0, 7, 441.50, 2322350, 259, 503, 0
5238, 28, 43, 514, 0, 0, 63.64%, 10, 0, 7, 442.28, 2324550, 259, 504, 0
5243, 28, 242, 514, 0, 0, 63.64%, 10, 0, 7, 433.84, 2326729, 259, 504, 0
5248, 28, 178, 514, 0, 0, 63.64%, 10, 0, 7, 413.94, 2328819, 259, 504, 0
5253, 28, 40, 514, 0, 0, 63.64%, 11, 0, 7, 447.40, 2331034, 259, 505, 0
5258, 28, 487, 514, 0, 0, 63.64%, 11, 0, 7, 463.12, 2333424, 259, 506, 0
5263, 28, 415, 514, 0, 0, 63.64%, 11, 0, 7, 441.19, 2335635, 259, 506, 0
5268, 28, 372, 514, 0, 0, 63.64%, 11, 0, 7, 445.85, 2337939, 259, 506, 0
5273, 28, 325, 514, 0, 0, 63.64%, 11, 0, 7, 430.65, 2340104, 259, 506, 0
5278, 28, 242, 514, 0, 0, 63.64%, 11, 0, 7, 438.70, 2342328, 259, 510, 0
5283, 29, 513, 514, 0, 0, 63.64%, 11, 0, 7, 429.63, 2344473, 259, 510, 0
5288, 29, 117, 514, 0, 0, 63.64%, 11, 0, 7, 453.58, 2346747, 259, 510, 0
5294, 29, 513, 515, 1, 0, 63.64%, 11, 0, 7, 458.24, 2349086, 259, 517, 0
5299, 29, 509, 515, 1, 0, 63.64%, 11, 0, 7, 430.64, 2351258, 259, 517, 0
5304, 29, 271, 515, 1, 0, 63.64%, 11, 0, 7, 449.88, 2353542, 259, 517, 0
5309, 29, 432, 515, 1, 0, 63.64%, 11, 0, 7, 459.66, 2355843, 259, 517, 0
5314, 29, 71, 515, 1, 0, 63.64%, 11, 0, 7, 432.75, 2357950, 259, 517, 0
5319, 29, 372, 515, 1, 0, 63.64%, 11, 0, 7, 435.23, 2360113, 259, 517, 0
5324, 29, 192, 515, 1, 0, 63.64%, 11, 0, 7, 452.45, 2362369, 259, 520, 0
5329, 29, 513, 515, 1, 0, 63.64%, 11, 0, 7, 444.69, 2364577, 259, 520, 0
5334, 29, 449, 515, 1, 0, 63.64%, 11, 0, 7, 455.69, 2366974, 259, 521, 0
5339, 29, 337, 515, 1, 0, 63.64%, 11, 0, 7, 451.16, 2369301, 259, 521, 0
5344, 29, 168, 515, 1, 0, 63.64%, 11, 0, 7, 445.63, 2371643, 259, 523, 0
5349, 29, 513, 515, 1, 0, 63.64%, 11, 0, 7, 446.51, 2373892, 259, 523, 0
5354, 29, 92, 515, 1, 0, 63.64%, 11, 0, 7, 453.72, 2376213, 259, 523, 0
5359, 29, 20, 515, 1, 0, 63.64%, 11, 0, 7, 439.50, 2378399, 259, 523, 0
5365, 29, 461, 515, 1, 0, 63.64%, 11, 0, 7, 422.73, 2380516, 259, 523, 0
5370, 29, 227, 515, 1, 0, 63.64%, 11, 0, 7, 438.49, 2382766, 259, 527, 0
5375, 29, 405, 515, 1, 0, 63.64%, 11, 0, 7, 436.87, 2385038, 259, 527, 0
5380, 29, 182, 515, 1, 0, 63.64%, 11, 0, 7, 469.41, 2387537, 259, 527, 0
5385, 29, 192, 515, 1, 0, 63.64%, 11, 0, 7, 468.10, 2389944, 259, 527, 0
5390, 29, 469, 515, 0, 0, 63.64%, 11, 0, 7, 459.99, 2392272, 259, 527, 0
5395, 29, 43, 515, 0, 0, 63.64%, 11, 0, 7, 438.24, 2394410, 259, 527, 0
5400, 29, 38, 515, 0, 0, 63.64%, 11, 0, 7, 462.64, 2396749, 259, 528, 0
5405, 29, 296, 515, 0, 0, 63.64%, 11, 0, 7, 453.20, 2399027, 259, 528, 0
5410, 29, 185, 515, 0, 0, 63.64%, 11, 0, 7, 436.28, 2401316, 259, 529, 0
5415, 29, 513, 515, 0, 0, 63.64%, 11, 0, 7, 462.37, 2403656, 259, 536, 0
5421, 29, 185, 515, 0, 0, 63.64%, 11, 0, 7, 431.20, 2405771, 259, 537, 0
5426, 29, 227, 515, 0, 0, 63.64%, 11, 0, 7, 440.45, 2408039, 259, 537, 0
5431, 29, 192, 515, 0, 0, 63.64%, 11, 0, 7, 444.06, 2410257, 259, 537, 0
5436, 29, 513, 515, 0, 0, 63.64%, 11, 0, 7, 446.00, 2412603, 259, 537, 0
5441, 30, 513, 515, 0, 0, 63.64%, 11, 0, 7, 408.76, 2414680, 259, 537, 0
5446, 30, 242, 515, 0, 0, 63.64%, 11, 0, 7, 420.48, 2416890, 259, 537, 0
5451, 30, 168, 515, 0, 0, 63.64%, 11, 0, 7, 436.35, 2419096, 259, 537, 0
5456, 30, 244, 515, 0, 0, 63.64%, 11, 0, 7, 419.87, 2421175, 259, 537, 0
5461, 30, 242, 515, 0, 0, 63.64%, 11, 0, 7, 435.42, 2423375, 259, 537, 0
5466, 30, 487, 515, 0, 0, 63.64%, 11, 0, 7, 438.49, 2425583, 259, 539, 0
5471, 30, 325, 515, 0, 0, 63.64%, 11, 0, 7, 446.22, 2427824, 259, 542, 0
5476, 30, 513, 515, 0, 0, 63.64%, 11, 0, 7, 461.80, 2430206, 259, 542, 0
5482, 30, 57, 515, 0, 0, 63.64%, 11, 0, 7, 445.31, 2432514, 259, 546, 0
5487, 30, 30, 515, 0, 0, 63.64%, 11, 0, 7, 440.92, 2434743, 259, 546, 0
5492, 30, 194, 515, 0, 0, 63.64%, 11, 0, 7, 440.33, 2437063, 259, 550, 0
5497, 30, 250, 515, 0, 0, 63.64%, 11, 0, 7, 465.91, 2439418, 259, 550, 0
5502, 30, 325, 515, 0, 0, 63.64%, 11, 0, 7, 458.70, 2441752, 259, 550, 0
5507, 30, 263, 515, 0, 0, 63.64%, 11, 0, 7, 463.69, 2444091, 259, 551, 0
5512, 30, 14, 515, 0, 0, 63.64%, 11, 0, 7, 451.71, 2446254, 259, 551, 0
5517, 30, 372, 515, 0, 0, 63.64%, 11, 0, 7, 467.95, 2448631, 259, 552, 0
5522, 30, 244, 515, 0, 0, 63.64%, 11, 0, 7, 437.65, 2450777, 259, 552, 0
5527, 30, 290, 515, 0, 0, 63.64%, 11, 0, 7, 444.18, 2453077, 259, 552, 0
5532, 30, 221, 515, 0, 0, 63.64%, 11, 0, 7, 429.69, 2455232, 259, 552, 0
5537, 30, 479, 515, 0, 0, 63.64%, 11, 0, 7, 439.54, 2457475, 259, 552, 0
5542, 30, 513, 515, 0, 0, 63.64%, 11, 0, 7, 432.59, 2459663, 259, 552, 0
5547, 30, 373, 515, 0, 0, 63.64%, 11, 0, 7, 455.75, 2461977, 259, 552, 0
5552, 30, 513, 515, 0, 0, 63.64%, 11, 0, 7, 425.22, 2464148, 259, 552, 0
5557, 30, 258, 515, 0, 0, 63.64%, 11, 0, 7, 427.40, 2466279, 259, 552, 0
5563, 30, 202, 515, 0, 0, 63.64%, 11, 0, 7, 445.60, 2468492, 259, 552, 0
5568, 30, 155, 515, 0, 0, 63.64%, 11, 0, 7, 448.75, 2470757, 259, 553, 0
5573, 30, 313, 515, 0, 0, 63.64%, 11, 0, 7, 422.81, 2472891, 259, 554, 0
5578, 30, 227, 515, 0, 0, 63.64%, 11, 0, 7, 443.17, 2475112, 259, 554, 0
5583, 30, 185, 515, 0, 0, 63.64%, 11, 0, 7, 437.14, 2477300, 259, 555, 0
5588, 30, 271, 515, 0, 0, 63.64%, 11, 0, 7, 442.43, 2479578, 259, 555, 0
5593, 30, 243, 515, 0, 0, 63.64%, 11, 0, 7, 428.82, 2481733, 259, 555, 0
5598, 31, 78, 517, 1, 0, 63.88%, 11, 0, 7, 448.45, 2484010, 260, 561, 0
5603, 31, 373, 517, 1, 0, 63.88%, 11, 0, 7, 403.30, 2486070, 260, 561, 0
5608, 31, 139, 517, 1, 0, 63.88%, 11, 0, 7, 451.52, 2488374, 260, 561, 0
5613, 31, 244, 517, 0, 0, 63.88%, 11, 0, 7, 432.96, 2490527, 260, 561, 0
5618, 31, 513, 517, 0, 0, 63.88%, 11, 0, 7, 445.59, 2492773, 260, 561, 0
5623, 31, 405, 517, 0, 0, 63.88%, 11, 0, 7, 453.62, 2495029, 260, 561, 0
5628, 31, 192, 517, 0, 0, 63.88%, 11, 0, 7, 447.94, 2497293, 260, 561, 0
5633, 31, 214, 517, 0, 0, 63.88%, 11, 0, 7, 455.23, 2499574, 260, 561, 0
5638, 31, 184, 517, 0, 0, 63.88%, 11, 0, 7, 426.66, 2501687, 260, 561, 0
5643, 31, 200, 517, 0, 0, 63.88%, 11, 0, 7, 451.88, 2504038, 260, 561, 0
5649, 31, 290, 517, 0, 0, 63.88%, 11, 0, 7, 449.47, 2506318, 260, 561, 0
5654, 31, 275, 517, 0, 0, 63.88%, 11, 0, 7, 460.37, 2508746, 260, 564, 0
5659, 31, 416, 517, 0, 0, 63.88%, 11, 0, 7, 429.87, 2510929, 260, 564, 0
5664, 31, 42, 517, 0, 0, 63.88%, 11, 0, 7, 432.38, 2513104, 260, 564, 0
5669, 31, 139, 517, 0, 0, 63.88%, 11, 0, 7, 455.09, 2515421, 260, 564, 0
5674, 31, 463, 517, 0, 0, 63.88%, 11, 0, 7, 432.43, 2517615, 260, 564, 0
5679, 31, 139, 517, 0, 0, 63.88%, 11, 0, 7, 447.98, 2519890, 260, 568, 0
5684, 31, 243, 517, 0, 0, 63.88%, 11, 0, 7, 418.98, 2522026, 260, 568, 0
5689, 31, 348, 517, 0, 0, 63.88%, 11, 0, 7, 424.47, 2524139, 260, 568, 0
5694, 31, 197, 517, 0, 0, 63.88%, 11, 0, 7, 449.55, 2526434, 260, 572, 0
5699, 31, 271, 517, 0, 0, 63.88%, 11, 0, 7, 430.81, 2528697, 260, 575, 0
5704, 31, 493, 517, 0, 0, 63.88%, 11, 0, 7, 465.81, 2531010, 260, 577, 0
5709, 31, 513, 517, 0, 0, 63.88%, 11, 0, 7, 460.15, 2533341, 260, 577, 0
5714, 31, 144, 517, 0, 0, 63.88%, 11, 0, 7, 445.57, 2535543, 260, 577, 0
5719, 31, 393, 517, 0, 0, 63.88%, 11, 0, 7, 441.00, 2537760, 260, 586, 0
5725, 31, 192, 517, 0, 0, 63.88%, 11, 0, 7, 442.66, 2540042, 260, 586, 0
5730, 31, 29, 517, 0, 0, 63.88%, 11, 0, 7, 439.55, 2542347, 260, 586, 0
5735, 31, 227, 517, 0, 0, 63.88%, 11, 0, 7, 463.04, 2544761, 260, 586, 0
5740, 31, 452, 517, 0, 0, 63.88%, 11, 0, 7, 448.66, 2547038, 260, 587, 0
5745, 31, 513, 517, 0, 0, 63.88%, 11, 0, 7, 462.99, 2549342, 260, 592, 0
5750, 31, 393, 517, 0, 0, 63.88%, 11, 0, 7, 477.94, 2551828, 260, 592, 0
5755, 31, 308, 517, 0, 0, 63.88%, 11, 0, 7, 466.61, 2554185, 260, 592, 0
5760, 32, 440, 517, 0, 0, 63.88%, 11, 0, 7, 421.74, 2556241, 260, 595, 0
5765, 32, 270, 517, 0, 0, 63.88%, 11, 0, 7, 425.05, 2558368, 260, 595, 0
5770, 32, 510, 517, 0, 0, 63.88%, 11, 0, 7, 440.67, 2560651, 260, 599, 0
5775, 32, 372, 517, 0, 0, 63.88%, 11, 0, 7, 460.62, 2563029, 260, 599, 0
5780, 32, 46, 517, 0, 0, 63.88%, 11, 0, 7, 447.06, 2565328, 260, 600, 0
5785, 32, 513, 517, 0, 0, 63.88%, 11, 0, 7, 451.07, 2567550, 260, 600, 0
5790, 32, 34, 517, 0, 0, 63.88%, 11, 0, 7, 449.52, 2569838, 260, 600, 0
5795, 32, 372, 517, 0, 0, 63.88%, 11, 0, 7, 438.01, 2572039, 260, 601, 0
5800, 32, 506, 517, 0, 0, 63.88%, 11, 0, 7, 468.57, 2574448, 260, 605, 0
5805, 32, 197, 517, 0, 0, 63.88%, 11, 0, 7, 455.89, 2576753, 260, 610, 0
5811, 32, 425, 517, 0, 0, 63.88%, 11, 0, 7, 463.82, 2579080, 260, 611, 0
5816, 32, 244, 517, 0, 0, 63.88%, 11, 0, 7, 449.21, 2581352, 260, 611, 0
5821, 32, 463, 517, 0, 0, 63.88%, 11, 0, 7, 476.94, 2583741, 260, 611, 0
5826, 32, 185, 517, 0, 0, 63.88%, 11, 0, 7, 436.26, 2585882, 260, 611, 0
5831, 32, 308, 517, 0, 0, 63.88%, 11, 0, 7, 448.29, 2588138, 260, 611, 0
5836, 32, 483, 517, 0, 0, 63.88%, 11, 0, 7, 496.85, 2590740, 260, 611, 0
5841, 32, 212, 517, 0, 0, 63.88%, 11, 0, 7, 455.32, 2592997, 260, 611, 0
5846, 32, 244, 517, 0, 0, 63.88%, 11, 0, 7, 473.49, 2595391, 260, 611, 0
5851, 32, 492, 517, 0, 0, 63.88%, 11, 0, 7, 465.88, 2597722, 260, 612, 0
5856, 32, 185, 517, 0, 0, 63.88%, 11, 0, 7, 453.46, 2600002, 260, 612, 0
5861, 32, 398, 517, 0, 0, 63.88%, 11, 0, 7, 479.11, 2602422, 260, 612, 0
5866, 32, 515, 517, 0, 0, 63.88%, 11, 0, 7, 465.63, 2604714, 260, 616, 0
5871, 32, 35, 517, 0, 0, 63.88%, 11, 0, 7, 438.31, 2606947, 260, 616, 0
5876, 32, 461, 517, 0, 0, 63.88%, 11, 0, 7, 454.82, 2609271, 260, 616, 0
5881, 32, 271, 517, 0, 0, 63.88%, 11, 0, 7, 456.50, 2611531, 260, 616, 0
5886, 32, 425, 517, 0, 0, 63.88%, 11, 0, 7, 435.91, 2613752, 260, 616, 0
5891, 32, 348, 517, 0, 0, 63.88%, 11, 0, 7, 431.14, 2615957, 260, 616, 0
5896, 32, 492, 517, 0, 0, 63.88%, 11, 0, 7, 430.39, 2618083, 260, 616, 0
5901, 32, 197, 517, 0, 0, 63.88%, 11, 0, 7, 413.98, 2620235, 260, 618, 0
5907, 32, 282, 517, 0, 0, 63.88%, 11, 0, 7, 414.98, 2622369, 260, 621, 0
5912, 32, 244, 517, 0, 0, 63.88%, 11, 0, 7, 456.63, 2624700, 260, 621, 0
5917, 33, 405, 517, 0, 0, 63.88%, 11, 0, 7, 444.26, 2626966, 260, 621, 0
5922, 33, 252, 517, 0, 0, 63.88%, 11, 0, 7, 438.84, 2629166, 260, 621, 0
5927, 33, 139, 517, 0, 0, 63.88%, 11, 0, 7, 439.37, 2631351, 260, 621, 0
5932, 33, 405, 517, 0, 0, 63.88%, 11, 0, 7, 491.79, 2633827, 260, 621, 0
5937, 33, 281, 517, 0, 0, 63.88%, 11, 0, 7, 443.30, 2636011, 260, 625, 0
5942, 33, 263, 517, 0, 0, 63.88%, 11, 0, 7, 456.36, 2638281, 260, 625, 0
5947, 33, 398, 517, 0, 0, 63.88%, 11, 0, 7, 430.30, 2640408, 260, 627, 0
5952, 33, 308, 517, 0, 0, 63.88%, 11, 0, 7, 431.27, 2642588, 260, 632, 0
5957, 33, 490, 517, 0, 0, 63.88%, 11, 0, 7, 451.86, 2644898, 260, 632, 0
5962, 33, 239, 517, 0, 0, 63.88%, 11, 0, 7, 412.78, 2646981, 260, 632, 0
5967, 33, 501, 517, 0, 0, 63.88%, 11, 0, 7, 456.36, 2649318, 260, 632, 0
5972, 33, 52, 517, 0, 0, 63.88%, 11, 0, 7, 452.39, 2651567, 260, 632, 0
5977, 33, 513, 517, 0, 0, 63.88%, 11, 0, 7, 424.84, 2653646, 260, 632, 0
5982, 33, 252, 517, 0, 0, 63.88%, 11, 0, 7, 456.60, 2656055, 260, 634, 0
5987, 33, 500, 517, 0, 0, 63.88%, 11, 0, 7, 443.08, 2658293, 260, 634, 0
5993, 33, 10, 517, 0, 0, 63.88%, 11, 0, 7, 441.53, 2660571, 260, 634, 0
5998, 33, 487, 517, 0, 0, 63.88%, 11, 0, 7, 447.52, 2662820, 260, 634, 0
6003, 33, 251, 517, 0, 0, 63.88%, 11, 0, 7, 427.94, 2664979, 260, 634, 0
6008, 33, 122, 517, 0, 0, 63.88%, 11, 0, 7, 435.72, 2667167, 260, 634, 0
6013, 33, 282, 517, 0, 0, 63.88%, 11, 0, 7, 437.33, 2669412, 260, 634, 0
6018, 33, 252, 517, 0, 0, 63.88%, 11, 0, 7, 450.52, 2671711, 260, 634, 0
6023, 33, 263, 517, 0, 0, 63.88%, 11, 0, 7, 435.84, 2673956, 260, 634, 0
6028, 33, 30, 517, 0, 0, 63.88%, 11, 0, 7, 433.90, 2676143, 260, 635, 0
6033, 33, 345, 517, 0, 0, 63.88%, 11, 0, 7, 468.23, 2678517, 260, 645, 0
6038, 33, 505, 517, 0, 0, 63.88%, 11, 0, 7, 437.13, 2680717, 260, 647, 0
6043, 33, 463, 517, 0, 0, 63.88%, 11, 0, 7, 434.11, 2682882, 260, 647, 0
6048, 33, 463, 517, 0, 0, 63.88%, 11, 0, 7, 442.55, 2685190, 260, 647, 0
6053, 33, 160, 517, 0, 0, 63.88%, 11, 0, 7, 438.26, 2687369, 260, 647, 0
6059, 33, 271, 517, 0, 0, 63.88%, 11, 0, 7, 468.26, 2689826, 260, 648, 0
6064, 33, 261, 517, 0, 0, 63.88%, 11, 0, 7, 463.33, 2692132, 260, 648, 0
6069, 33, 192, 517, 0, 0, 63.88%, 11, 0, 7, 451.87, 2694416, 260, 648, 0
6074, 34, 416, 517, 0, 0, 63.88%, 11, 0, 7, 452.34, 2696678, 260, 649, 0
6079, 34, 185, 517, 0, 0, 63.88%, 11, 0, 7, 446.27, 2698966, 260, 650, 0
6084, 34, 282, 517, 0, 0, 63.88%, 11, 0, 7, 441.70, 2701213, 260, 650, 0
6089, 34, 43, 517, 0, 0, 63.88%, 11, 0, 7, 419.79, 2703333, 260, 651, 0
6094, 34, 513, 517, 0, 0, 63.88%, 11, 0, 7, 447.90, 2705593, 260, 656, 0
6099, 34, 43, 517, 0, 0, 63.88%, 11, 0, 7, 441.56, 2707745, 260, 656, 0
6104, 34, 251, 517, 0, 0, 63.88%, 11, 0, 7, 459.79, 2710114, 260, 656, 0
6109, 34, 52, 517, 0, 0, 63.88%, 11, 0, 7, 448.25, 2712377, 260, 656, 0
6114, 34, 243, 517, 0, 0, 63.88%, 11, 0, 7, 437.96, 2714634, 260, 656, 0
6120, 34, 372, 517, 0, 0, 63.88%, 11, 0, 7, 428.30, 2716901, 260, 656, 0
6125, 34, 195, 517, 0, 0, 63.88%, 11, 0, 7, 446.34, 2719167, 260, 656, 0
6130, 34, 513, 517, 0, 0, 63.88%, 11, 0, 7, 423.43, 2721306, 260, 656, 0
6135, 34, 197, 517, 0, 0, 63.88%, 11, 0, 7, 439.77, 2723539, 260, 656, 0
6140, 34, 192, 517, 0, 0, 63.88%, 11, 0, 7, 425.32, 2725714, 260, 660, 0
6145, 34, 207, 517, 0, 0, 63.88%, 11, 0, 7, 464.74, 2728029, 260, 660, 0
6150, 34, 221, 517, 0, 0, 63.88%, 11, 0, 7, 450.21, 2730318, 260, 660, 0
6155, 34, 405, 517, 0, 0, 63.88%, 11, 0, 7, 434.01, 2732428, 260, 660, 0
6160, 34, 139, 517, 0, 0, 63.88%, 11, 0, 7, 440.57, 2734613, 260, 660, 0
6165, 34, 282, 517, 0, 0, 63.88%, 11, 0, 7, 413.10, 2736777, 260, 660, 0
6170, 34, 251, 517, 0, 0, 63.88%, 11, 0, 7, 428.84, 2738969, 260, 660, 0
6175, 34, 372, 517, 0, 0, 63.88%, 11, 0, 7, 453.83, 2741245, 260, 660, 0
6180, 34, 372, 517, 0, 0, 63.88%, 11, 0, 7, 452.06, 2743548, 260, 660, 0
6185, 34, 442, 517, 0, 0, 63.88%, 11, 0, 7, 463.29, 2745879, 260, 660, 0
6191, 34, 325, 517, 0, 0, 63.88%, 11, 0, 7, 455.86, 2748176, 260, 660, 0
6196, 34, 338, 517, 0, 0, 63.88%, 11, 0, 7, 417.21, 2750239, 260, 660, 0
6201, 34, 37, 517, 0, 0, 63.88%, 11, 0, 7, 454.99, 2752559, 260, 660, 0
6206, 34, 139, 517, 0, 0, 63.88%, 11, 0, 7, 456.61, 2754829, 260, 660, 0
6211, 34, 461, 517, 0, 0, 63.88%, 11, 0, 7, 459.36, 2757225, 260, 660, 0
6216, 34, 487, 517, 0, 0, 63.88%, 11, 0, 7, 437.06, 2759393, 260, 660, 0
6221, 34, 513, 517, 0, 0, 63.88%, 11, 0, 7, 418.29, 2761487, 260, 660, 0
6226, 34, 150, 517, 0, 0, 63.88%, 11, 0, 7, 441.17, 2763755, 260, 660, 0
6231, 35, 244, 517, 0, 0, 63.88%, 11, 0, 7, 443.85, 2765948, 260, 660, 0
6236, 35, 63, 517, 0, 0, 63.88%, 11, 0, 7, 446.68, 2768297, 260, 660, 0
6241, 35, 271, 517, 0, 0, 63.88%, 11, 0, 7, 432.28, 2770446, 260, 660, 0
6246, 35, 52, 517, 0, 0, 63.88%, 11, 0, 7, 444.02, 2772713, 260, 660, 0
6251, 35, 271, 517, 0, 0, 63.88%, 11, 0, 7, 459.13, 2775038, 260, 661, 0
6256, 35, 247, 517, 0, 0, 63.88%, 11, 0, 7, 436.39, 2777176, 260, 661, 0
6262, 35, 30, 517, 0, 0, 63.88%, 11, 0, 7, 438.65, 2779377, 260, 665, 0
6267, 35, 372, 517, 0, 0, 63.88%, 11, 0, 7, 412.49, 2781486, 260, 665, 0
6272, 35, 284, 517, 0, 0, 63.88%, 11, 0, 7, 428.93, 2783671, 260, 665, 0
6277, 35, 221, 517, 0, 0, 63.88%, 11, 0, 7, 446.51, 2785995, 260, 665, 0
6282, 35, 513, 517, 0, 0, 63.88%, 11, 0, 7, 481.63, 2788433, 260, 665, 0
6287, 35, 221, 517, 0, 0, 63.88%, 11, 0, 7, 460.05, 2790825, 260, 665, 0
6292, 35, 201, 517, 0, 0, 63.88%, 11, 0, 7, 458.33, 2793196, 260, 669, 0
6297, 35, 463, 517, 0, 0, 63.88%, 11, 0, 7, 450.26, 2795407, 260, 669, 0
6303, 35, 500, 517, 0, 0, 63.88%, 11, 0, 7, 443.23, 2797645, 260, 669, 0
6308, 35, 11, 517, 0, 0, 63.88%, 11, 0, 7, 462.42, 2799972, 260, 669, 0
6313, 35, 26, 517, 0, 0, 63.88%, 11, 0, 7, 425.61, 2802072, 260, 669, 0
6318, 35, 231, 517, 0, 0, 63.88%, 11, 0, 7, 442.62, 2804281, 260, 669, 0
6323, 35, 185, 517, 0, 0, 63.88%, 11, 0, 7, 420.06, 2806420, 260, 669, 0
6328, 35, 221, 517, 0, 0, 63.88%, 11, 0, 7, 410.66, 2808465, 260, 674, 0
6333, 35, 496, 517, 0, 0, 63.88%, 11, 0, 7, 442.32, 2810694, 260, 674, 0
6338, 35, 197, 517, 0, 0, 63.88%, 11, 0, 7, 425.30, 2812888, 260, 676, 0
6343, 35, 151, 517, 0, 0, 63.88%, 11, 0, 7, 457.63, 2815210, 260, 680, 0
6348, 35, 252, 517, 0, 0, 63.88%, 11, 0, 7, 431.04, 2817386, 260, 686, 0
6353, 35, 75, 517, 0, 0, 63.88%, 11, 0, 7, 443.66, 2819589, 260, 686, 0
6358, 35, 308, 517, 0, 0, 63.88%, 11, 0, 7, 452.44, 2821913, 260, 688, 0
6363, 35, 416, 517, 0, 0, 63.88%, 11, 0, 7, 460.47, 2824244, 260, 688, 0
6368, 35, 115, 517, 0, 0, 63.88%, 11, 0, 7, 454.96, 2826495, 260, 688, 0
6373, 35, 513, 517, 0, 0, 63.88%, 11, 0, 7, 449.05, 2828773, 260, 688, 0
6378, 35, 513, 517, 0, 0, 63.88%, 11, 0, 7, 454.75, 2831043, 260, 688, 0
6383, 36, 491, 518, 1, 0, 63.88%, 11, 0, 7, 461.33, 2833328, 260, 690, 0
6388, 36, 398, 518, 1, 0, 63.88%, 11, 0, 7, 456.17, 2835685, 260, 694, 0
6393, 36, 500, 518, 1, 0, 63.88%, 11, 0, 7, 487.91, 2838129, 260, 694, 0
6399, 36, 391, 518, 1, 0, 63.88%, 11, 0, 7, 453.60, 2840414, 260, 695, 0
6404, 36, 336, 518, 1, 0, 63.88%, 11, 0, 7, 444.62, 2842663, 260, 695, 0
6409, 36, 162, 518, 1, 0, 63.88%, 11, 0, 7, 483.43, 2845170, 260, 695, 0
6414, 36, 282, 518, 1, 0, 63.88%, 11, 0, 7, 451.13, 2847457, 260, 695, 0
6419, 36, 96, 518, 1, 0, 63.88%, 11, 0, 7, 441.75, 2849715, 260, 695, 0
6424, 36, 513, 518, 1, 0, 63.88%, 11, 0, 7, 427.72, 2851808, 260, 695, 0
6429, 36, 43, 518, 1, 0, 63.88%, 11, 0, 7, 438.85, 2854025, 260, 700, 0
6434, 36, 14, 518, 1, 0, 63.88%, 11, 0, 7, 402.54, 2856035, 260, 700, 0
6439, 36, 43, 518, 1, 0, 63.88%, 11, 0, 7, 439.49, 2858259, 260, 700, 0
6444, 36, 51, 518, 1, 0, 63.88%, 11, 0, 7, 442.05, 2860522, 260, 700, 0
6450, 36, 139, 518, 1, 0, 63.88%, 11, 0, 7, 439.73, 2862759, 260, 700, 0
6455, 36, 78, 518, 1, 0, 63.88%, 11, 0, 7, 436.74, 2865005, 260, 700, 0
6460, 36, 287, 518, 1, 0, 63.88%, 11, 0, 7, 424.42, 2867164, 260, 700, 0
6465, 36, 281, 518, 1, 0, 63.88%, 11, 0, 7, 458.53, 2869581, 260, 701, 0
6470, 36, 372, 518, 1, 0, 63.88%, 11, 0, 7, 445.13, 2871781, 260, 701, 0
6475, 36, 258, 518, 1, 0, 63.88%, 11, 0, 7, 403.95, 2873840, 260, 701, 0
6480, 36, 517, 518, 1, 0, 63.88%, 11, 0, 7, 403.59, 2875867, 260, 701, 0
6485, 36, 424, 518, 0, 0, 63.88%, 11, 0, 7, 449.00, 2878094, 260, 705, 0
6490, 36, 469, 518, 0, 0, 63.88%, 11, 0, 7, 454.53, 2880454, 260, 705, 0
6495, 36, 183, 518, 0, 0, 63.88%, 11, 0, 7, 454.90, 2882736, 260, 705, 0
6500, 36, 197, 518, 0, 0, 63.88%, 11, 0, 7, 435.40, 2884906, 260, 709, 0
6505, 36, 415, 518, 0, 0, 63.88%, 11, 0, 7, 440.62, 2887145, 260, 709, 0
6510, 36, 263, 518, 0, 0, 63.88%, 11, 0, 7, 461.22, 2889478, 260, 713, 0
6515, 36, 30, 518, 0, 0, 63.88%, 11, 0, 7, 444.25, 2891734, 260, 713, 0
6520, 36, 270, 518, 0, 0, 63.88%, 11, 0, 7, 455.84, 2894084, 260, 713, 0
6526, 36, 192, 518, 0, 0, 63.88%, 11, 0, 7, 425.16, 2896213, 260, 722, 0
6531, 36, 372, 518, 0, 0, 63.88%, 11, 0, 7, 442.32, 2898530, 260, 724, 0
6536, 36, 73, 518, 0, 0, 63.88%, 11, 0, 7, 444.25, 2900761, 260, 724, 0
6541, 36, 252, 518, 0, 0, 63.88%, 11, 0, 7, 450.86, 2903077, 260, 724, 0
6546, 37, 244, 518, 0, 0, 63.88%, 11, 0, 7, 466.28, 2905436, 260, 724, 0
6551, 37, 469, 518, 0, 0, 63.88%, 11, 0, 7, 432.76, 2907565, 260, 724, 0
6556, 37, 491, 518, 0, 0, 63.88%, 11, 0, 7, 448.94, 2909797, 260, 724, 0
6561, 37, 52, 518, 0, 0, 63.88%, 11, 0, 7, 430.90, 2911946, 260, 724, 0
6566, 37, 270, 518, 0, 0, 63.88%, 11, 0, 7, 451.16, 2914237, 260, 724, 0
6571, 37, 192, 518, 0, 0, 63.88%, 11, 0, 7, 434.94, 2916352, 260, 724, 0
6576, 37, 282, 518, 0, 0, 63.88%, 11, 0, 7, 425.27, 2918468, 260, 725, 0
6581, 37, 393, 518, 0, 0, 63.88%, 11, 0, 7, 456.41, 2920812, 260, 725, 0
6586, 37, 10, 518, 0, 0, 63.88%, 11, 0, 7, 457.59, 2923142, 260, 725, 0
6591, 37, 251, 518, 0, 0, 63.88%, 11, 0, 7, 393.27, 2925120, 260, 725, 0
6596, 37, 271, 518, 0, 0, 63.88%, 11, 0, 7, 424.48, 2927295, 260, 725, 0
6601, 37, 404, 518, 0, 0, 63.88%, 11, 0, 7, 442.48, 2929570, 260, 726, 0
6607, 37, 402, 518, 0, 0, 63.88%, 11, 0, 7, 428.81, 2931762, 260, 726, 0
6612, 37, 192, 518, 0, 0, 63.88%, 11, 0, 7, 409.81, 2933820, 260, 726, 0
6617, 37, 185, 518, 0, 0, 63.88%, 11, 0, 7, 435.71, 2936033, 260, 728, 0
6622, 37, 52, 518, 0, 0, 63.88%, 11, 0, 7, 399.31, 2938038, 260, 728, 0
6627, 37, 227, 518, 0, 0, 63.88%, 11, 0, 7, 432.41, 2940273, 260, 728, 0
6632, 37, 192, 518, 0, 0, 63.88%, 11, 0, 7, 428.05, 2942431, 260, 728, 0
6637, 37, 185, 518, 0, 0, 63.88%, 11, 0, 7, 454.09, 2944729, 260, 728, 0
6642, 37, 15, 518, 0, 0, 63.88%, 11, 0, 7, 460.43, 2947017, 260, 728, 0
6647, 37, 308, 518, 0, 0, 63.88%, 11, 0, 7, 487.62, 2949551, 260, 728, 0
6652, 37, 290, 518, 0, 0, 63.88%, 11, 0, 7, 481.19, 2951992, 260, 728, 0
6657, 37, 372, 518, 0, 0, 63.88%, 11, 0, 7, 439.04, 2954238, 260, 729, 0
6662, 37, 411, 518, 0, 0, 63.88%, 11, 0, 7, 453.89, 2956565, 260, 732, 0
6667, 37, 463, 518, 0, 0, 63.88%, 11, 0, 7, 507.32, 2959218, 260, 732, 0
6672, 37, 373, 518, 0, 0, 63.88%, 11, 0, 7, 459.95, 2961569, 260, 739, 0
6678, 37, 10, 518, 0, 0, 63.88%, 11, 0, 7, 443.36, 2963827, 260, 744, 0
6683, 37, 151, 518, 0, 0, 63.88%, 11, 0, 7, 434.88, 2966019, 260, 744, 0
6688, 37, 463, 518, 0, 0, 63.88%, 11, 0, 7, 440.64, 2968244, 260, 745, 0
6693, 37, 393, 518, 0, 0, 63.88%, 11, 0, 7, 453.28, 2970515, 260, 745, 0
6698, 38, 199, 519, 1, 0, 63.88%, 11, 0, 7, 436.59, 2972707, 260, 746, 0
6703, 38, 479, 519, 1, 0, 63.88%, 11, 0, 7, 449.73, 2975034, 260, 746, 0
6708, 38, 518, 519, 1, 0, 63.88%, 11, 0, 7, 442.44, 2977230, 260, 746, 0
6713, 38, 252, 519, 0, 0, 63.88%, 11, 0, 7, 445.55, 2979516, 260, 749, 0
6718, 38, 270, 519, 0, 0, 63.88%, 11, 0, 7, 459.85, 2981848, 260, 749, 0
6723, 38, 122, 519, 0, 0, 63.88%, 11, 0, 7, 444.01, 2984108, 260, 756, 0
6728, 38, 383, 519, 0, 0, 63.88%, 11, 0, 7, 440.87, 2986370, 260, 760, 0
6733, 38, 244, 519, 0, 0, 63.88%, 11, 0, 7, 424.38, 2988532, 260, 760, 0
6738, 38, 372, 519, 0, 0, 63.88%, 11, 0, 7, 439.10, 2990776, 260, 760, 0
6744, 38, 204, 519, 0, 0, 63.88%, 11, 0, 7, 486.91, 2993437, 260, 760, 0
6749, 38, 58, 519, 0, 0, 63.88%, 11, 0, 7, 411.41, 2995445, 260, 760, 0
6754, 38, 13, 519, 0, 0, 63.88%, 11, 0, 7, 408.53, 2997506, 260, 761, 0
6759, 38, 244, 519, 0, 0, 63.88%, 11, 0, 7, 431.95, 2999711, 260, 761, 0
6764, 38, 121, 519, 0, 0, 63.88%, 11, 0, 7, 439.79, 3001956, 260, 761, 0
6769, 38, 243, 519, 0, 0, 63.88%, 11, 0, 7, 410.64, 3004015, 260, 762, 0
6774, 38, 519, 520, 1, 1, 64.13%, 11, 0, 7, 436.67, 3006254, 261, 762, 0
6779, 38, 227, 520, 0, 0, 64.13%, 11, 0, 7, 438.36, 3008467, 261, 767, 0
6784, 38, 271, 520, 0, 0, 64.13%, 11, 0, 7, 449.69, 3010761, 261, 767, 0
6789, 38, 195, 520, 0, 0, 64.13%, 11, 0, 7, 442.53, 3013007, 261, 767, 0
6794, 38, 325, 520, 0, 0, 64.13%, 11, 0, 7, 457.43, 3015402, 261, 768, 0
6799, 38, 43, 520, 0, 0, 64.13%, 11, 0, 7, 463.19, 3017715, 261, 768, 0
6804, 38, 268, 520, 0, 0, 64.13%, 11, 0, 7, 453.42, 3019930, 261, 768, 0
6810, 38, 345, 520, 0, 0, 64.13%, 11, 0, 7, 455.49, 3022334, 261, 768, 0
6815, 38, 185, 520, 0, 0, 64.13%, 11, 0, 7, 441.55, 3024568, 261, 768, 0
6820, 38, 348, 520, 0, 0, 64.13%, 11, 0, 7, 445.19, 3026787, 261, 768, 0
6825, 38, 463, 520, 0, 0, 64.13%, 11, 0, 7, 426.58, 3028938, 261, 768, 0
6830, 38, 463, 520, 0, 0, 64.13%, 11, 0, 7, 466.87, 3031371, 261, 769, 0
6835, 38, 325, 520, 0, 0, 64.13%, 11, 0, 7, 468.36, 3033759, 261, 771, 0
6840, 38, 78, 520, 0, 0, 64.13%, 11, 0, 7, 441.34, 3035990, 261, 771, 0
6845, 38, 43, 520, 0, 0, 64.13%, 11, 0, 7, 448.95, 3038279, 261, 771, 0
6850, 38, 487, 520, 0, 0, 64.13%, 11, 0, 7, 429.40, 3040481, 261, 772, 0
6855, 38, 519, 520, 0, 0, 64.13%, 11, 0, 7, 464.46, 3042908, 261, 772, 0
6860, 38, 26, 521, 0, 0, 64.62%, 11, 0, 7, 466.81, 3045363, 263, 772, 0
6865, 38, 487, 521, 0, 0, 64.62%, 11, 0, 7, 452.06, 3047632, 263, 772, 0
6870, 38, 449, 521, 0, 0, 64.62%, 11, 0, 7, 466.84, 3049991, 263, 772, 0
6875, 39, 372, 521, 0, 0, 64.62%, 11, 0, 7, 458.12, 3052322, 263, 772, 0
6880, 39, 185, 521, 0, 0, 64.62%, 11, 0, 7, 468.64, 3054645, 263, 774, 0
6886, 39, 355, 521, 0, 0, 64.62%, 11, 0, 7, 450.71, 3056965, 263, 780, 0
6891, 39, 372, 521, 0, 0, 64.62%, 11, 0, 7, 459.90, 3059298, 263, 780, 0
6896, 39, 197, 521, 0, 0, 64.62%, 11, 0, 7, 458.27, 3061626, 263, 780, 0
6901, 39, 130, 521, 0, 0, 64.62%, 11, 0, 7, 424.89, 3063771, 263, 783, 0
6906, 39, 52, 521, 0, 0, 64.62%, 11, 0, 7, 443.00, 3066081, 263, 783, 0
6911, 39, 463, 521, 0, 0, 64.62%, 11, 0, 7, 431.92, 3068238, 263, 787, 0
6916, 39, 383, 521, 0, 0, 64.62%, 11, 0, 7, 438.71, 3070443, 263, 788, 0
6921, 39, 43, 521, 0, 0, 64.62%, 11, 0, 7, 421.31, 3072618, 263, 789, 0
6926, 39, 514, 521, 0, 0, 64.62%, 11, 0, 7, 433.46, 3074881, 263, 789, 0
6932, 39, 336, 521, 0, 0, 64.62%, 11, 0, 7, 459.51, 3077274, 263, 792, 0
6937, 39, 78, 521, 0, 0, 64.62%, 11, 0, 7, 457.65, 3079570, 263, 794, 0
6942, 39, 425, 521, 0, 0, 64.62%, 11, 0, 7, 458.12, 3081906, 263, 794, 0
6947, 39, 176, 521, 0, 0, 64.62%, 11, 0, 7, 421.16, 3084071, 263, 794, 0
6952, 39, 197, 521, 0, 0, 64.62%, 11, 0, 7, 421.77, 3086199, 263, 794, 0
6957, 39, 7, 521, 0, 0, 64.62%, 11, 0, 7, 410.90, 3088234, 263, 795, 0
6962, 39, 390, 521, 0, 0, 64.62%, 11, 0, 7, 418.66, 3090359, 263, 797, 0
6967, 39, 520, 521, 0, 0, 64.62%, 11, 0, 7, 452.72, 3092699, 263, 797, 0
6972, 39, 139, 521, 0, 0, 64.62%, 11, 0, 7, 474.20, 3095020, 263, 797, 0
6977, 39, 325, 521, 0, 0, 64.62%, 11, 0, 7, 426.20, 3097187, 263, 797, 0
6982, 39, 243, 521, 0, 0, 64.62%, 11, 0, 7, 465.39, 3099534, 263, 797, 0
6987, 39, 139, 521, 0, 0, 64.62%, 11, 0, 7, 434.99, 3101708, 263, 797, 0
6992, 39, 520, 521, 0, 0, 64.62%, 11, 0, 7, 442.49, 3103990, 263, 800, 0
6997, 39, 383, 521, 0, 0, 64.62%, 11, 0, 7, 455.26, 3106273, 263, 800, 0
7002, 39, 425, 521, 0, 0, 64.62%, 11, 0, 7, 475.01, 3108651, 263, 800, 0
7007, 39, 227, 521, 0, 0, 64.62%, 11, 0, 7, 454.65, 3110922, 263, 800, 0
7013, 39, 463, 521, 0, 0, 64.62%, 11, 0, 7, 452.74, 3113217, 263, 800, 0
7018, 39, 500, 521, 0, 0, 64.62%, 11, 0, 7, 432.52, 3115386, 263, 800, 0
7023, 39, 185, 521, 0, 0, 64.62%, 11, 0, 7, 445.97, 3117620, 263, 800, 0
7028, 39, 139, 521, 0, 0, 64.62%, 11, 0, 7, 474.57, 3120117, 263, 800, 0
7033, 39, 355, 521, 0, 0, 64.62%, 11, 0, 7, 442.51, 3122363, 263, 801, 0
7038, 39, 373, 521, 0, 0, 64.62%, 11, 0, 7, 457.05, 3124688, 263, 801, 0
7043, 39, 153, 521, 0, 0, 64.62%, 11, 0, 7, 437.39, 3126894, 263, 803, 0
7048, 39, 519, 521, 0, 0, 64.62%, 11, 0, 7, 495.96, 3129470, 263, 803, 0
7053, 39, 139, 521, 0, 0, 64.62%, 12, 0, 7, 467.72, 3131788, 263, 804, 0
7058, 39, 520, 521, 0, 0, 64.62%, 12, 0, 7, 435.97, 3134016, 263, 804, 0
7063, 40, 227, 521, 0, 0, 64.62%, 12, 0, 7, 427.07, 3136174, 263, 804, 0
7068, 40, 308, 521, 0, 0, 64.62%, 12, 0, 7, 437.96, 3138368, 263, 804, 0
7074, 40, 235, 521, 0, 0, 64.62%, 12, 0, 7, 412.34, 3140447, 263, 804, 0
7079, 40, 185, 521, 0, 0, 64.62%, 12, 0, 7, 434.63, 3142677, 263, 804, 0
7084, 40, 271, 521, 0, 0, 64.62%, 12, 0, 7, 450.22, 3144924, 263, 804, 0
7089, 40, 505, 521, 0, 0, 64.62%, 12, 0, 7, 424.06, 3147021, 263, 805, 0
7094, 40, 336, 521, 0, 0, 64.62%, 12, 0, 7, 441.77, 3149267, 263, 805, 0
7099, 40, 350, 521, 0, 0, 64.62%, 12, 0, 7, 420.78, 3151374, 263, 805, 0
7104, 40, 372, 521, 0, 0, 64.62%, 12, 0, 7, 419.88, 3153492, 263, 805, 0
7109, 40, 37, 521, 0, 0, 64.62%, 12, 0, 7, 441.27, 3155781, 263, 808, 0
7114, 40, 43, 521, 0, 0, 64.62%, 12, 0, 7, 454.46, 3158096, 263, 812, 0
7119, 40, 425, 521, 0, 0, 64.62%, 12, 0, 7, 469.27, 3160430, 263, 812, 0
7124, 40, 252, 521, 0, 0, 64.62%, 12, 0, 7, 432.10, 3162627, 263, 812, 0
7129, 40, 78, 521, 0, 0, 64.62%, 12, 0, 7, 453.90, 3164929, 263, 812, 0
7134, 40, 469, 521, 0, 0, 64.62%, 12, 0, 7, 454.24, 3167260, 263, 812, 0
7139, 40, 185, 521, 0, 0, 64.62%, 12, 0, 7, 454.23, 3169570, 263, 812, 0
7145, 40, 78, 521, 0, 0, 64.62%, 12, 0, 7, 456.78, 3171799, 263, 812, 0
7150, 40, 287, 521, 0, 0, 64.62%, 12, 0, 7, 440.78, 3174047, 263, 812, 0
7155, 40, 415, 521, 0, 0, 64.62%, 12, 0, 7, 437.65, 3176289, 263, 817, 0
7160, 40, 252, 521, 0, 0, 64.62%, 12, 0, 7, 466.76, 3178753, 263, 817, 0
7165, 40, 78, 521, 0, 0, 64.62%, 12, 0, 7, 444.39, 3180981, 263, 817, 0
7170, 40, 251, 521, 0, 0, 64.62%, 12, 0, 7, 433.22, 3183180, 263, 817, 0
7175, 40, 120, 521, 0, 0, 64.62%, 12, 0, 7, 435.08, 3185355, 263, 818, 0
7180, 40, 520, 521, 0, 0, 64.62%, 12, 0, 7, 469.28, 3187753, 263, 818, 0
7185, 40, 14, 521, 0, 0, 64.62%, 12, 0, 7, 456.97, 3190071, 263, 818, 0
7190, 40, 308, 521, 0, 0, 64.62%, 12, 0, 7, 464.90, 3192430, 263, 818, 0
7195, 40, 520, 521, 0, 0, 64.62%, 12, 0, 7, 443.00, 3194694, 263, 818, 0
7201, 40, 242, 521, 0, 0, 64.62%, 12, 0, 7, 473.31, 3197148, 263, 822, 0
7206, 40, 241, 521, 0, 0, 64.62%, 12, 0, 7, 460.79, 3199517, 263, 822, 0
7211, 40, 513, 521, 0, 0, 64.62%, 12, 0, 7, 449.24, 3201747, 263, 822, 0
7216, 40, 221, 521, 0, 0, 64.62%, 12, 0, 7, 456.76, 3204123, 263, 822, 0
7221, 40, 185, 521, 0, 0, 64.62%, 12, 0, 7, 427.81, 3206274, 263, 822, 0
7226, 40, 416, 521, 0, 0, 64.62%, 12, 0, 7, 448.17, 3208604, 263, 822, 0
7231, 41, 155, 521, 0, 0, 64.62%, 12, 0, 7, 437.35, 3210790, 263, 822, 0
7236, 41, 325, 521, 0, 0, 64.62%, 12, 0, 7, 435.53, 3213016, 263, 822, 0
7241, 41, 290, 521, 0, 0, 64.62%, 12, 0, 7, 435.57, 3215178, 263, 822, 0
7246, 41, 252, 521, 0, 0, 64.62%, 12, 0, 7, 438.74, 3217487, 263, 822, 0
7251, 41, 221, 521, 0, 0, 64.62%, 12, 0, 7, 441.54, 3219660, 263, 822, 0
7257, 41, 227, 521, 0, 0, 64.62%, 12, 0, 7, 432.46, 3221842, 263, 822, 0
7262, 41, 308, 521, 0, 0, 64.62%, 12, 0, 7, 443.33, 3224014, 263, 826, 0
7267, 41, 520, 521, 0, 0, 64.62%, 12, 0, 7, 452.72, 3226349, 263, 827, 0
7272, 41, 197, 521, 0, 0, 64.62%, 12, 0, 7, 472.78, 3228717, 263, 827, 0
7277, 41, 520, 521, 0, 0, 64.62%, 12, 0, 7, 502.96, 3231254, 263, 830, 0
7282, 41, 487, 521, 0, 0, 64.62%, 12, 0, 7, 470.87, 3233565, 263, 832, 0
7287, 41, 251, 521, 0, 0, 64.62%, 12, 0, 7, 490.37, 3236070, 263, 832, 0
7292, 41, 373, 521, 0, 0, 64.62%, 12, 0, 7, 458.93, 3238403, 263, 832, 0
7297, 41, 243, 521, 0, 0, 64.62%, 12, 0, 7, 453.10, 3240611, 263, 832, 0
7302, 41, 513, 521, 0, 0, 64.62%, 12, 0, 7, 461.83, 3242989, 263, 832, 0
7307, 41, 139, 521, 0, 0, 64.62%, 12, 0, 7, 438.15, 3245168, 263, 833, 0
7312, 41, 252, 521, 0, 0, 64.62%, 12, 0, 7, 447.97, 3247458, 263, 834, 0
7317, 41, 520, 521, 0, 0, 64.62%, 12, 0, 7, 428.38, 3249695, 263, 834, 0
7322, 41, 139, 521, 0, 0, 64.62%, 12, 0, 7, 469.39, 3252072, 263, 834, 0
7328, 41, 243, 521, 0, 0, 64.62%, 12, 0, 7, 473.24, 3254514, 263, 836, 0
7333, 41, 519, 521, 0, 0, 64.62%, 12, 0, 7, 451.30, 3256719, 263, 836, 0
7338, 41, 515, 521, 0, 0, 64.62%, 12, 0, 7, 449.05, 3259026, 263, 836, 0
7343, 41, 461, 521, 0, 0, 64.62%, 12, 0, 7, 464.72, 3261394, 263, 836, 0
7348, 41, 513, 521, 0, 0, 64.62%, 12, 0, 7, 470.31, 3263741, 263, 836, 0
7353, 41, 264, 521, 0, 0, 64.62%, 12, 0, 7, 462.63, 3266076, 263, 836, 0
7358, 41, 281, 521, 0, 0, 64.62%, 12, 0, 7, 454.17, 3268317, 263, 836, 0
7363, 41, 243, 521, 0, 0, 64.62%, 12, 0, 7, 468.71, 3270689, 263, 840, 0
7368, 41, 435, 521, 0, 0, 64.62%, 12, 0, 7, 434.97, 3272863, 263, 846, 0
7373, 41, 192, 521, 0, 0, 64.62%, 12, 0, 7, 444.26, 3275198, 263, 849, 0
7378, 41, 243, 521, 0, 0, 64.62%, 12, 0, 7, 459.79, 3277557, 263, 849, 0
7384, 41, 37, 521, 0, 0, 64.62%, 12, 0, 7, 467.47, 3279926, 263, 849, 0
7389, 41, 194, 521, 0, 0, 64.62%, 12, 0, 7, 459.22, 3282253, 263, 849, 0
7394, 41, 487, 521, 0, 0, 64.62%, 12, 0, 7, 457.32, 3284602, 263, 853, 0
7399, 41, 15, 521, 0, 0, 64.62%, 12, 0, 7, 475.25, 3286981, 263, 853, 0
7404, 42, 521, 522, 1, 1, 64.62%, 12, 0, 7, 465.50, 3289280, 263, 853, 0
7409, 42, 492, 522, 0, 0, 64.62%, 13, 0, 7, 460.55, 3291560, 263, 856, 0
7414, 42, 395, 522, 0, 0, 64.62%, 13, 0, 7, 451.60, 3293860, 263, 856, 0
7419, 42, 30, 522, 0, 0, 64.62%, 13, 0, 7, 454.78, 3296162, 263, 856, 0
7424, 42, 187, 522, 0, 0, 64.62%, 13, 0, 7, 444.25, 3298426, 263, 856, 0
7429, 42, 521, 522, 0, 0, 64.62%, 13, 0, 7, 469.15, 3300793, 263, 857, 0
7434, 42, 383, 522, 0, 0, 64.62%, 13, 0, 7, 461.41, 3303037, 263, 859, 0
7439, 42, 520, 522, 0, 0, 64.62%, 13, 0, 7, 449.99, 3305354, 263, 859, 0
7444, 42, 416, 522, 0, 0, 64.62%, 13, 0, 7, 435.67, 3307566, 263, 859, 0
7449, 42, 415, 522, 0, 0, 64.62%, 13, 0, 7, 445.57, 3309795, 263, 859, 0
7454, 42, 500, 522, 0, 0, 64.62%, 13, 0, 7, 476.71, 3312254, 263, 860, 0
7459, 42, 49, 522, 0, 0, 64.62%, 13, 0, 7, 473.47, 3314697, 263, 866, 0
7464, 42, 292, 522, 0, 0, 64.62%, 13, 0, 7, 449.59, 3316984, 263, 874, 0
7469, 42, 287, 522, 0, 0, 64.62%, 13, 0, 7, 443.86, 3319201, 263, 874, 0
7474, 42, 52, 522, 0, 0, 64.62%, 13, 0, 7, 440.29, 3321415, 263, 874, 0
7480, 42, 282, 522, 0, 0, 64.62%, 13, 0, 7, 466.83, 3323885, 263, 874, 0
7485, 42, 13, 522, 0, 0, 64.62%, 13, 0, 7, 449.37, 3326186, 263, 874, 0
7490, 42, 521, 522, 0, 0, 64.62%, 13, 0, 7, 465.69, 3328602, 263, 877, 0
7495, 42, 521, 522, 0, 0, 64.62%, 13, 0, 7, 434.82, 3330769, 263, 878, 0
7500, 42, 501, 522, 0, 0, 64.62%, 13, 0, 7, 448.89, 3332986, 263, 885, 0
7505, 42, 290, 522, 0, 0, 64.62%, 13, 0, 7, 426.78, 3335099, 263, 885, 0
7510, 42, 186, 522, 0, 0, 64.62%, 13, 0, 7, 441.12, 3337334, 263, 885, 0
7515, 42, 282, 522, 0, 0, 64.62%, 13, 0, 7, 450.43, 3339645, 263, 885, 0
7520, 42, 519, 522, 0, 0, 64.62%, 13, 0, 7, 464.79, 3341959, 263, 885, 0
7525, 42, 463, 522, 0, 0, 64.62%, 13, 0, 7, 443.21, 3344155, 263, 885, 0
7530, 42, 492, 522, 0, 0, 64.62%, 13, 0, 7, 450.50, 3346458, 263, 885, 0
7535, 42, 492, 522, 0, 0, 64.62%, 13, 0, 7, 435.26, 3348647, 263, 885, 0
7540, 42, 520, 522, 0, 0, 64.62%, 13, 0, 7, 454.28, 3350946, 263, 885, 0
7545, 42, 355, 522, 0, 0, 64.62%, 13, 0, 7, 461.55, 3353257, 263, 887, 0
7550, 42, 372, 522, 0, 0, 64.62%, 13, 0, 7, 461.86, 3355577, 263, 888, 0
7555, 42, 97, 522, 0, 0, 64.62%, 13, 0, 7, 487.80, 3358013, 263, 889, 0
7561, 42, 519, 522, 0, 0, 64.62%, 13, 0, 7, 461.46, 3360276, 263, 889, 0
7566, 42, 520, 522, 0, 0, 64.62%, 13, 0, 7, 441.66, 3362503, 263, 889, 0
7571, 42, 520, 522, 0, 0, 64.62%, 13, 0, 7, 459.04, 3364838, 263, 889, 0
7576, 42, 192, 522, 0, 0, 64.62%, 13, 0, 7, 441.43, 3367094, 263, 889, 0
7581, 42, 519, 522, 0, 0, 64.62%, 13, 0, 7, 426.35, 3369258, 263, 891, 0
7586, 43, 308, 523, 1, 0, 64.62%, 13, 0, 7, 437.16, 3371525, 263, 892, 0
7591, 43, 185, 523, 1, 0, 64.62%, 13, 0, 7, 460.88, 3373862, 263, 892, 0
7596, 43, 295, 523, 1, 0, 64.62%, 13, 0, 7, 453.27, 3376134, 263, 894, 0
7601, 43, 521, 523, 1, 0, 64.62%, 13, 0, 7, 444.85, 3378320, 263, 897, 0
7606, 43, 52, 523, 1, 0, 64.62%, 13, 0, 7, 483.68, 3380800, 263, 903, 0
7611, 43, 509, 523, 1, 0, 64.62%, 13, 0, 7, 434.49, 3382952, 263, 903, 0
7616, 43, 519, 523, 1, 0, 64.62%, 13, 0, 7, 437.06, 3385178, 263, 903, 0
7621, 43, 501, 523, 1, 0, 64.62%, 13, 0, 7, 438.42, 3387391, 263, 903, 0
7626, 43, 521, 523, 1, 0, 64.62%, 13, 0, 7, 460.05, 3389728, 263, 917, 0
7631, 43, 185, 523, 1, 0, 64.62%, 13, 0, 7, 466.73, 3392057, 263, 917, 0
7636, 43, 61, 523, 1, 0, 64.62%, 13, 0, 7, 461.98, 3394346, 263, 920, 0
7641, 43, 185, 523, 1, 0, 64.62%, 13, 0, 7, 466.07, 3396762, 263, 920, 0
7647, 43, 425, 523, 1, 0, 64.62%, 13, 0, 7, 450.05, 3399068, 263, 920, 0
7652, 43, 290, 523, 1, 0, 64.62%, 13, 0, 7, 435.29, 3401285, 263, 920, 0
7657, 43, 505, 523, 1, 0, 64.62%, 13, 0, 7, 454.81, 3403615, 263, 920, 0
7662, 43, 43, 523, 1, 0, 64.62%, 13, 0, 7, 442.70, 3405797, 263, 920, 0
7667, 43, 506, 523, 1, 0, 64.62%, 13, 0, 7, 420.48, 3407841, 263, 920, 0
7672, 43, 487, 523, 1, 0, 64.62%, 13, 0, 7, 444.07, 3410089, 263, 920, 0
7677, 43, 185, 523, 1, 0, 64.62%, 13, 0, 7, 429.87, 3412200, 263, 920, 0
7682, 43, 37, 523, 1, 0, 64.62%, 13, 0, 7, 445.55, 3414401, 263, 920, 0
7687, 43, 30, 523, 1, 0, 64.62%, 13, 0, 7, 440.23, 3416620, 263, 920, 0
7692, 43, 185, 523, 1, 0, 64.62%, 13, 0, 7, 456.42, 3418928, 263, 920, 0
7697, 43, 454, 523, 1, 0, 64.62%, 13, 0, 7, 438.28, 3421121, 263, 926, 0
7702, 43, 521, 523, 1, 0, 64.62%, 13, 0, 7, 420.84, 3423237, 263, 926, 0
7707, 43, 372, 523, 1, 0, 64.62%, 13, 0, 7, 413.11, 3425319, 263, 929, 0
7712, 43, 501, 523, 1, 0, 64.62%, 13, 0, 7, 454.17, 3427690, 263, 929, 0
7717, 43, 372, 523, 0, 0, 64.62%, 13, 0, 7, 437.26, 3429868, 263, 935, 0
7722, 43, 185, 523, 0, 0, 64.62%, 13, 0, 7, 445.49, 3432168, 263, 935, 0
7727, 43, 520, 523, 0, 0, 64.62%, 13, 0, 7, 453.25, 3434448, 263, 935, 0
7732, 43, 520, 523, 0, 0, 64.62%, 13, 0, 7, 432.08, 3436581, 263, 935, 0
7737, 43, 521, 523, 0, 0, 64.62%, 13, 0, 7, 435.77, 3438866, 263, 942, 0
7743, 43, 185, 523, 0, 0, 64.62%, 13, 0, 7, 459.01, 3441161, 263, 948, 0
7748, 43, 270, 523, 0, 0, 64.62%, 13, 0, 7, 462.82, 3443459, 263, 948, 0
7753, 43, 521, 523, 0, 0, 64.62%, 13, 0, 7, 473.49, 3445969, 263, 950, 0
7758, 43, 263, 523, 0, 0, 64.62%, 13, 0, 7, 440.37, 3448132, 263, 961, 0
7763, 43, 521, 523, 0, 0, 64.62%, 13, 0, 7, 461.76, 3450549, 263, 966, 0
7768, 44, 78, 523, 0, 0, 64.62%, 14, 0, 7, 463.70, 3452922, 263, 973, 0
7773, 44, 216, 523, 0, 0, 64.62%, 14, 0, 7, 491.50, 3455495, 263, 973, 0
7778, 44, 251, 523, 0, 0, 64.62%, 14, 0, 7, 457.85, 3457746, 263, 973, 0
7783, 44, 246, 523, 0, 0, 64.62%, 14, 0, 7, 457.70, 3460098, 263, 975, 0
7788, 44, 416, 523, 0, 0, 64.62%, 14, 0, 7, 440.81, 3462324, 263, 982, 0
7793, 44, 463, 523, 0, 0, 64.62%, 14, 0, 7, 462.61, 3464660, 263, 982, 0
7799, 44, 308, 523, 0, 0, 64.62%, 14, 0, 7, 428.89, 3466797, 263, 983, 0
7804, 44, 374, 523, 0, 0, 64.62%, 14, 0, 7, 465.53, 3469250, 263, 983, 0
7809, 44, 30, 523, 0, 0, 64.62%, 14, 0, 7, 440.74, 3471457, 263, 983, 0
7814, 44, 52, 523, 0, 0, 64.62%, 14, 0, 7, 404.55, 3473489, 263, 989, 0
7819, 44, 425, 523, 0, 0, 64.62%, 14, 0, 7, 425.06, 3475645, 263, 990, 0
7824, 44, 463, 523, 0, 0, 64.62%, 14, 0, 7, 459.86, 3478016, 263, 990, 0
7829, 44, 401, 523, 0, 0, 64.62%, 14, 0, 7, 488.39, 3480485, 263, 990, 0
7834, 44, 223, 523, 0, 0, 64.62%, 14, 0, 7, 446.62, 3482649, 263, 990, 0
7839, 44, 325, 523, 0, 0, 64.62%, 14, 0, 7, 477.84, 3485074, 263, 992, 0
7844, 44, 325, 523, 0, 0, 64.62%, 14, 0, 7, 431.74, 3487214, 263, 999, 0
7849, 44, 227, 523, 0, 0, 64.62%, 14, 0, 7, 456.41, 3489545, 263, 1001, 0
7854, 44, 157, 523, 0, 0, 64.62%, 14, 0, 7, 435.84, 3491708, 263, 1005, 0
7859, 44, 271, 523, 0, 0, 64.62%, 14, 0, 7, 415.75, 3493879, 263, 1005, 0
7864, 44, 271, 523, 0, 0, 64.62%, 14, 0, 7, 464.99, 3496178, 263, 1005, 0
7869, 44, 185, 523, 0, 0, 64.62%, 14, 0, 7, 463.44, 3498486, 263, 1005, 0
7874, 44, 475, 523, 0, 0, 64.62%, 14, 0, 7, 480.94, 3500896, 263, 1005, 0
7879, 44, 289, 523, 0, 0, 64.62%, 14, 0, 7, 460.12, 3503211, 263, 1005, 0
7885, 44, 382, 523, 0, 0, 64.62%, 14, 0, 7, 478.17, 3505666, 263, 1008, 0
7890, 44, 143, 523, 0, 0, 64.62%, 14, 0, 7, 459.31, 3507955, 263, 1008, 0
7895, 44, 52, 523, 0, 0, 64.62%, 14, 0, 7, 503.27, 3510571, 263, 1011, 0
7900, 44, 521, 523, 0, 0, 64.62%, 14, 0, 7, 460.57, 3512868, 263, 1013, 0
7905, 44, 519, 523, 0, 0, 64.62%, 14, 0, 7, 479.60, 3515289, 263, 1017, 0
7910, 44, 287, 523, 0, 0, 64.62%, 14, 0, 7, 467.31, 3517719, 263, 1020, 0
7915, 44, 519, 523, 0, 0, 64.62%, 14, 0, 7, 449.23, 3519982, 263, 1020, 0
7920, 44, 52, 523, 0, 0, 64.62%, 14, 0, 7, 416.33, 3522087, 263, 1020, 0
7925, 44, 521, 523, 0, 0, 64.62%, 14, 0, 7, 435.20, 3524338, 263, 1029, 0
7930, 44, 157, 523, 0, 0, 64.62%, 14, 0, 7, 444.01, 3526641, 263, 1033, 0
7935, 45, 282, 524, 1, 0, 64.62%, 14, 0, 7, 443.12, 3528900, 263, 1034, 0
7940, 45, 75, 524, 1, 0, 64.62%, 14, 0, 7, 468.22, 3531294, 263, 1034, 0
7946, 45, 520, 524, 1, 0, 64.62%, 14, 0, 7, 445.13, 3533559, 263, 1034, 0
7951, 45, 256, 524, 1, 0, 64.62%, 14, 0, 7, 463.72, 3535915, 263, 1037, 0
7956, 45, 469, 524, 1, 0, 64.62%, 14, 0, 7, 468.78, 3538296, 263, 1037, 0
7961, 45, 523, 524, 1, 0, 64.62%, 14, 0, 7, 453.86, 3540566, 263, 1037, 0
7966, 45, 185, 524, 0, 0, 64.62%, 14, 0, 7, 438.69, 3542817, 263, 1040, 0
7971, 45, 13, 524, 0, 0, 64.62%, 14, 0, 7, 445.47, 3545123, 263, 1040, 0
7976, 45, 197, 524, 0, 0, 64.62%, 14, 0, 7, 453.18, 3547378, 263, 1041, 0
7981, 45, 520, 524, 0, 0, 64.62%, 14, 0, 7, 451.03, 3549625, 263, 1042, 0
7986, 45, 192, 524, 0, 0, 64.62%, 14, 0, 7, 484.69, 3552080, 263, 1042, 0
7991, 45, 78, 524, 0, 0, 64.62%, 14, 0, 7, 462.17, 3554454, 263, 1046, 0
7996, 45, 521, 524, 0, 0, 64.62%, 14, 0, 7, 435.45, 3556679, 263, 1049, 0
8002, 45, 325, 524, 0, 0, 64.62%, 14, 0, 7, 462.15, 3559032, 263, 1050, 0
8007, 45, 505, 524, 0, 0, 64.62%, 14, 0, 7, 440.28, 3561253, 263, 1050, 0
8012, 45, 284, 524, 0, 0, 64.62%, 14, 0, 7, 438.19, 3563499, 263, 1050, 0
8017, 45, 500, 524, 0, 0, 64.62%, 14, 0, 7, 453.79, 3565859, 263, 1050, 0
8022, 45, 152, 524, 0, 0, 64.62%, 14, 0, 7, 458.59, 3568201, 263, 1050, 0
8027, 45, 461, 524, 0, 0, 64.62%, 14, 0, 7, 473.71, 3570602, 263, 1050, 0
8032, 45, 519, 524, 0, 0, 64.62%, 14, 0, 7, 452.79, 3572861, 263, 1050, 0
8037, 45, 263, 524, 0, 0, 64.62%, 14, 0, 7, 456.63, 3575171, 263, 1050, 0
8042, 45, 520, 524, 0, 0, 64.62%, 14, 0, 7, 463.70, 3577460, 263, 1050, 0
8047, 45, 30, 524, 0, 0, 64.62%, 14, 0, 7, 455.12, 3579708, 263, 1057, 0
8052, 45, 52, 524, 0, 0, 64.62%, 14, 0, 7, 456.11, 3582050, 263, 1057, 0
8057, 45, 405, 524, 0, 0, 64.62%, 14, 0, 7, 469.79, 3584391, 263, 1064, 0
8062, 45, 415, 524, 0, 0, 64.62%, 14, 0, 7, 442.41, 3586625, 263, 1064, 0
8067, 45, 520, 524, 0, 0, 64.62%, 14, 0, 7, 448.00, 3588936, 263, 1065, 0
8072, 45, 192, 524, 0, 0, 64.62%, 14, 0, 7, 475.36, 3591270, 263, 1065, 0
8077, 45, 520, 524, 0, 0, 64.62%, 14, 0, 7, 456.45, 3593524, 263, 1065, 0
8083, 45, 521, 524, 0, 0, 64.62%, 14, 0, 7, 470.85, 3595906, 263, 1066, 0
8088, 45, 290, 524, 0, 0, 64.62%, 14, 0, 7, 478.60, 3598344, 263, 1068, 0
8093, 45, 163, 524, 0, 0, 64.62%, 14, 0, 7, 456.57, 3600589, 263, 1068, 0
8098, 45, 487, 524, 0, 0, 64.62%, 14, 0, 7, 440.70, 3602841, 263, 1068, 0
8103, 45, 214, 524, 0, 0, 64.62%, 14, 0, 7, 443.18, 3605184, 263, 1068, 0
8108, 45, 282, 524, 0, 0, 64.62%, 14, 0, 7, 457.47, 3607547, 263, 1068, 0
8113, 46, 521, 524, 0, 0, 64.62%, 14, 0, 7, 459.34, 3609907, 263, 1071, 0
8119, 46, 185, 524, 0, 0, 64.62%, 14, 0, 7, 437.58, 3612084, 263, 1075, 0
8124, 46, 418, 524, 0, 0, 64.62%, 14, 0, 7, 449.96, 3614367, 263, 1079, 0
8129, 46, 12, 524, 0, 0, 64.62%, 14, 0, 7, 477.73, 3616795, 263, 1081, 0
8134, 46, 461, 524, 0, 0, 64.62%, 14, 0, 7, 458.41, 3619071, 263, 1082, 0
8139, 46, 235, 524, 0, 0, 64.62%, 14, 0, 7, 446.79, 3621292, 263, 1087, 0
8144, 46, 521, 524, 0, 0, 64.62%, 14, 0, 7, 463.60, 3623563, 263, 1090, 0
8149, 46, 372, 524, 0, 0, 64.62%, 14, 0, 7, 453.57, 3625811, 263, 1099, 0
8154, 46, 500, 524, 0, 0, 64.62%, 14, 0, 7, 431.72, 3627951, 263, 1099, 0
8159, 46, 192, 524, 0, 0, 64.62%, 14, 0, 7, 438.00, 3630129, 263, 1099, 0
8164, 46, 415, 524, 0, 0, 64.62%, 14, 0, 7, 423.30, 3632275, 263, 1099, 0
8169, 46, 252, 524, 0, 0, 64.62%, 14, 0, 7, 426.11, 3634436, 263, 1099, 0
8174, 46, 151, 524, 0, 0, 64.62%, 14, 0, 7, 422.63, 3636560, 263, 1099, 0
8179, 46, 271, 524, 0, 0, 64.62%, 14, 0, 7, 431.50, 3638753, 263, 1099, 0
8184, 46, 134, 524, 0, 0, 64.62%, 14, 0, 7, 446.51, 3641030, 263, 1099, 0
8189, 46, 520, 524, 0, 0, 64.62%, 14, 0, 7, 443.98, 3643269, 263, 1099, 0
8194, 46, 520, 524, 0, 0, 64.62%, 14, 0, 7, 436.71, 3645436, 263, 1102, 0
8199, 46, 78, 524, 0, 0, 64.62%, 14, 0, 7, 451.60, 3647771, 263, 1102, 0
8204, 46, 493, 524, 0, 0, 64.62%, 14, 0, 7, 438.59, 3650001, 263, 1105, 0
8209, 46, 271, 524, 0, 0, 64.62%, 14, 0, 7, 433.29, 3652157, 263, 1109, 0
8214, 46, 192, 524, 0, 0, 64.62%, 14, 0, 7, 441.87, 3654352, 263, 1109, 0
8220, 46, 13, 524, 0, 0, 64.62%, 14, 0, 7, 450.76, 3656632, 263, 1110, 0
8225, 46, 271, 524, 0, 0, 64.62%, 14, 0, 7, 436.75, 3658814, 263, 1110, 0
8230, 46, 252, 524, 0, 0, 64.62%, 14, 0, 7, 428.49, 3660932, 263, 1110, 0
8235, 46, 290, 524, 0, 0, 64.62%, 14, 0, 7, 436.68, 3663160, 263, 1110, 0
8240, 46, 252, 524, 0, 0, 64.62%, 14, 0, 7, 446.09, 3665445, 263, 1110, 0
8245, 46, 30, 524, 0, 0, 64.62%, 14, 0, 7, 453.55, 3667810, 263, 1110, 0
8250, 46, 521, 524, 0, 0, 64.62%, 14, 0, 7, 451.36, 3670093, 263, 1119, 0
8255, 46, 416, 524, 0, 0, 64.62%, 14, 0, 7, 454.03, 3672374, 263, 1119, 0
8260, 46, 519, 524, 0, 0, 64.62%, 14, 0, 7, 468.52, 3674796, 263, 1119, 0
8265, 46, 308, 524, 0, 0, 64.62%, 14, 0, 7, 454.21, 3677072, 263, 1122, 0
8270, 46, 140, 524, 0, 0, 64.62%, 14, 0, 7, 437.07, 3679255, 263, 1126, 0
8275, 46, 308, 524, 0, 0, 64.62%, 14, 0, 7, 445.73, 3681477, 263, 1126, 0
8281, 46, 185, 524, 0, 0, 64.62%, 14, 0, 7, 434.31, 3683692, 263, 1126, 0
8286, 46, 463, 524, 0, 0, 64.62%, 14, 0, 7, 446.14, 3685988, 263, 1126, 0
8291, 46, 519, 524, 0, 0, 64.62%, 14, 0, 7, 455.04, 3688293, 263, 1126, 0
8296, 46, 10, 524, 0, 0, 64.62%, 14, 0, 7, 465.46, 3690667, 263, 1126, 0
8301, 47, 498, 524, 0, 0, 64.62%, 14, 0, 7, 445.40, 3692888, 263, 1128, 0
8306, 47, 15, 524, 0, 0, 64.62%, 14, 0, 7, 426.71, 3694987, 263, 1130, 0
8311, 47, 521, 524, 0, 0, 64.62%, 14, 0, 7, 439.81, 3697232, 263, 1133, 0
8316, 47, 192, 524, 0, 0, 64.62%, 14, 0, 7, 421.13, 3699362, 263, 1136, 0
8321, 47, 355, 524, 0, 0, 64.62%, 14, 0, 7, 422.11, 3701483, 263, 1136, 0
8326, 47, 15, 524, 0, 0, 64.62%, 14, 0, 7, 436.19, 3703658, 263, 1137, 0
8331, 47, 416, 524, 0, 0, 64.62%, 14, 0, 7, 432.20, 3705841, 263, 1138, 0
8336, 47, 491, 524, 0, 0, 64.62%, 14, 0, 7, 435.82, 3707971, 263, 1138, 0
8341, 47, 186, 524, 0, 0, 64.62%, 14, 0, 7, 442.86, 3710242, 263, 1138, 0
8346, 47, 192, 524, 0, 0, 64.62%, 14, 0, 7, 443.42, 3712484, 263, 1138, 0
8351, 47, 43, 524, 0, 0, 64.62%, 14, 0, 7, 462.24, 3714886, 263, 1138, 0
8356, 47, 147, 524, 0, 0, 64.62%, 14, 0, 7, 443.53, 3717164, 263, 1143, 0
8362, 47, 192, 524, 0, 0, 64.62%, 14, 0, 7, 444.08, 3719423, 263, 1143, 0
8367, 47, 521, 524, 0, 0, 64.62%, 14, 0, 7, 446.71, 3721659, 263, 1151, 0
8372, 47, 222, 524, 0, 0, 64.62%, 14, 0, 7, 466.14, 3723988, 263, 1153, 0
8377, 47, 373, 524, 0, 0, 64.62%, 14, 0, 7, 420.47, 3726124, 263, 1153, 0
8382, 47, 425, 524, 0, 0, 64.62%, 14, 0, 7, 436.50, 3728356, 263, 1153, 0
8387, 47, 479, 524, 0, 0, 64.62%, 14, 0, 7, 438.50, 3730638, 263, 1153, 0
8392, 47, 290, 524, 0, 0, 64.62%, 14, 0, 7, 450.75, 3732798, 263, 1153, 0
8397, 47, 78, 524, 0, 0, 64.62%, 14, 0, 7, 454.41, 3735110, 263, 1154, 0
8402, 47, 157, 524, 0, 0, 64.62%, 14, 0, 7, 424.07, 3737225, 263, 1154, 0
8407, 47, 156, 524, 0, 0, 64.62%, 14, 0, 7, 421.82, 3739335, 263, 1154, 0
8412, 47, 521, 524, 0, 0, 64.62%, 14, 0, 7, 415.34, 3741394, 263, 1156, 0
8417, 47, 100, 524, 0, 0, 64.62%, 14, 0, 7, 422.57, 3743560, 263, 1159, 0
8422, 47, 392, 524, 0, 0, 64.62%, 14, 0, 7, 428.29, 3745746, 263, 1169, 0
8427, 47, 191, 524, 0, 0, 64.62%, 14, 0, 7, 459.35, 3748097, 263, 1169, 0
8432, 47, 415, 524, 0, 0, 64.62%, 14, 0, 7, 426.98, 3750224, 263, 1172, 0
8437, 47, 325, 524, 0, 0, 64.62%, 14, 0, 7, 436.17, 3752386, 263, 1172, 0
8443, 47, 30, 524, 0, 0, 64.62%, 14, 0, 7, 438.12, 3754587, 263, 1172, 0
8448, 47, 30, 524, 0, 0, 64.62%, 14, 0, 7, 455.47, 3756924, 263, 1172, 0
8453, 47, 267, 524, 0, 0, 64.62%, 14, 0, 7, 452.81, 3759195, 263, 1179, 0
8458, 47, 52, 524, 0, 0, 64.62%, 14, 0, 7, 456.59, 3761465, 263, 1179, 0
8463, 47, 519, 524, 0, 0, 64.62%, 14, 0, 7, 449.24, 3763742, 263, 1179, 0
8468, 47, 125, 524, 0, 0, 64.62%, 14, 0, 7, 448.20, 3766008, 263, 1179, 0
8473, 47, 139, 524, 0, 0, 64.62%, 14, 0, 7, 454.23, 3768361, 263, 1179, 0
8478, 47, 520, 524, 0, 0, 64.62%, 14, 0, 7, 444.03, 3770582, 263, 1179, 0
8483, 47, 521, 524, 0, 0, 64.62%, 14, 0, 7, 453.62, 3772856, 263, 1187, 0
8488, 48, 290, 524, 0, 0, 64.62%, 14, 0, 7, 446.37, 3775156, 263, 1187, 0
8493, 48, 463, 524, 0, 0, 64.62%, 14, 0, 7, 438.39, 3777401, 263, 1187, 0
8498, 48, 197, 524, 0, 0, 64.62%, 14, 0, 7, 426.30, 3779547, 263, 1190, 0
8503, 48, 521, 524, 0, 0, 64.62%, 14, 0, 7, 438.69, 3781819, 263, 1194, 0
8509, 48, 277, 524, 0, 0, 64.62%, 14, 0, 7, 451.05, 3784112, 263, 1195, 0
8514, 48, 513, 524, 0, 0, 64.62%, 14, 0, 7, 439.69, 3786365, 263, 1203, 0
8519, 48, 308, 524, 0, 0, 64.62%, 14, 0, 7, 443.47, 3788614, 263, 1203, 0
8524, 48, 290, 524, 0, 0, 64.62%, 14, 0, 7, 432.54, 3790798, 263, 1204, 0
8529, 48, 282, 524, 0, 0, 64.62%, 14, 0, 7, 453.37, 3793125, 263, 1204, 0
8534, 48, 287, 524, 0, 0, 64.62%, 14, 0, 7, 457.64, 3795418, 263, 1204, 0
8539, 48, 405, 524, 0, 0, 64.62%, 14, 0, 7, 467.06, 3797782, 263, 1208, 0
8544, 48, 197, 524, 0, 0, 64.62%, 14, 0, 7, 472.63, 3800156, 263, 1208, 0
8549, 48, 190, 524, 0, 0, 64.62%, 14, 0, 7, 471.09, 3802584, 263, 1209, 0
8554, 48, 363, 524, 0, 0, 64.62%, 14, 0, 7, 459.40, 3804871, 263, 1209, 0
8559, 48, 520, 524, 0, 0, 64.62%, 14, 0, 7, 496.61, 3807371, 263, 1209, 0
8564, 48, 192, 524, 0, 0, 64.62%, 14, 0, 7, 481.43, 3809795, 263, 1209, 0
8570, 48, 325, 524, 0, 0, 64.62%, 14, 0, 7, 472.95, 3812183, 263, 1209, 0
8575, 48, 48, 524, 0, 0, 64.62%, 14, 0, 7, 434.81, 3814365, 263, 1209, 0
8580, 48, 396, 524, 0, 0, 64.62%, 14, 0, 7, 424.15, 3816523, 263, 1209, 0
8585, 48, 43, 524, 0, 0, 64.62%, 14, 0, 7, 448.24, 3818878, 263, 1210, 0
8590, 48, 372, 524, 0, 0, 64.62%, 14, 0, 7, 431.81, 3821010, 263, 1210, 0
8595, 48, 505, 524, 0, 0, 64.62%, 14, 0, 7, 444.72, 3823256, 263, 1213, 0
8600, 48, 234, 524, 0, 0, 64.62%, 14, 0, 7, 430.53, 3825489, 263, 1213, 0
8605, 48, 192, 524, 0, 0, 64.62%, 14, 0, 7, 439.78, 3827744, 263, 1214, 0
8610, 48, 122, 524, 0, 0, 64.62%, 14, 0, 7, 466.65, 3830139, 263, 1214, 0
8615, 48, 151, 524, 0, 0, 64.62%, 14, 0, 7, 480.45, 3832644, 263, 1214, 0
8620, 48, 252, 524, 0, 0, 64.62%, 14, 0, 7, 444.79, 3834860, 263, 1214, 0
8625, 48, 521, 524, 0, 0, 64.62%, 14, 0, 7, 434.89, 3837042, 263, 1216, 0
8631, 48, 520, 524, 0, 0, 64.62%, 14, 0, 7, 463.98, 3839425, 263, 1218, 0
8636, 48, 282, 524, 0, 0, 64.62%, 15, 0, 7, 445.53, 3841706, 263, 1219, 0
8641, 48, 372, 524, 0, 0, 64.62%, 15, 0, 7, 441.14, 3843910, 263, 1220, 0
8646, 48, 521, 524, 0, 0, 64.62%, 15, 0, 7, 441.06, 3846175, 263, 1221, 0
8651, 48, 130, 524, 0, 0, 64.62%, 15, 0, 7, 440.17, 3848434, 263, 1224, 0
8656, 48, 520, 524, 0, 0, 64.62%, 15, 0, 7, 438.39, 3850782, 263, 1224, 0
8661, 48, 271, 524, 0, 0, 64.62%, 15, 0, 7, 431.77, 3852945, 263, 1227, 0
8666, 48, 415, 524, 0, 0, 64.62%, 15, 0, 7, 426.65, 3855112, 263, 1227, 0
8671, 48, 190, 524, 0, 0, 64.62%, 15, 0, 7, 449.47, 3857498, 263, 1227, 0
8676, 49, 521, 524, 0, 0, 64.62%, 15, 0, 7, 432.64, 3859721, 263, 1231, 0
8681, 49, 281, 524, 0, 0, 64.62%, 15, 0, 7, 452.43, 3862035, 263, 1237, 0
8687, 49, 372, 524, 0, 0, 64.62%, 15, 0, 7, 435.69, 3864253, 263, 1237, 0
8692, 49, 78, 524, 0, 0, 64.62%, 15, 0, 7, 430.63, 3866371, 263, 1238, 0
8697, 49, 270, 524, 0, 0, 64.62%, 15, 0, 7, 442.42, 3868637, 263, 1238, 0
8702, 49, 251, 524, 0, 0, 64.62%, 15, 0, 7, 447.56, 3870942, 263, 1246, 0
8707, 49, 271, 524, 0, 0, 64.62%, 15, 0, 7, 427.22, 3873154, 263, 1249, 0
8712, 49, 372, 524, 0, 0, 64.62%, 15, 0, 7, 426.33, 3875331, 263, 1250, 0
8717, 49, 521, 524, 0, 0, 64.62%, 15, 0, 7, 428.88, 3877513, 263, 1250, 0
8722, 49, 487, 524, 0, 0, 64.62%, 15, 0, 7, 456.04, 3879870, 263, 1253, 0
8727, 49, 521, 524, 0, 0, 64.62%, 15, 0, 7, 459.31, 3882218, 263, 1255, 0
8732, 49, 260, 524, 0, 0, 64.62%, 15, 0, 7, 433.35, 3884365, 263, 1263, 0
8738, 49, 212, 524, 0, 0, 64.62%, 15, 0, 7, 424.32, 3886478, 263, 1263, 0
8743, 49, 521, 524, 0, 0, 64.62%, 15, 0, 7, 438.26, 3888800, 263, 1264, 0
8748, 49, 370, 524, 0, 0, 64.62%, 15, 0, 7, 422.81, 3890929, 263, 1267, 0
8753, 49, 460, 524, 0, 0, 64.62%, 15, 0, 7, 420.65, 3893095, 263, 1267, 0
8758, 49, 192, 524, 0, 0, 64.62%, 15, 0, 7, 426.30, 3895270, 263, 1267, 0
8763, 49, 271, 524, 0, 0, 64.62%, 15, 0, 7, 439.63, 3897563, 263, 1267, 0
8768, 49, 521, 524, 0, 0, 64.62%, 15, 0, 7, 456.65, 3899837, 263, 1271, 0
8773, 49, 501, 524, 0, 0, 64.62%, 15, 0, 7, 441.99, 3902081, 263, 1274, 0
8778, 49, 521, 524, 0, 0, 64.62%, 15, 0, 7, 456.16, 3904391, 263, 1278, 0
8784, 49, 252, 524, 0, 0, 64.62%, 15, 0, 7, 456.25, 3906679, 263, 1281, 0
8789, 49, 185, 524, 0, 0, 64.62%, 15, 0, 7, 459.31, 3908964, 263, 1281, 0
8794, 49, 192, 524, 0, 0, 64.62%, 15, 0, 7, 477.16, 3911331, 263, 1281, 0
8799, 49, 463, 524, 0, 0, 64.62%, 15, 0, 7, 433.56, 3913484, 263, 1286, 0
8804, 49, 519, 524, 0, 0, 64.62%, 15, 0, 7, 452.04, 3915802, 263, 1286, 0
8809, 49, 139, 524, 0, 0, 64.62%, 15, 0, 7, 458.69, 3918179, 263, 1286, 0
8814, 49, 270, 524, 0, 0, 64.62%, 15, 0, 7, 437.17, 3920350, 263, 1286, 0
8819, 49, 373, 524, 0, 0, 64.62%, 15, 0, 7, 444.07, 3922605, 263, 1287, 0
8824, 49, 325, 524, 0, 0, 64.62%, 15, 0, 7, 436.97, 3924792, 263, 1287, 0
8829, 49, 469, 524, 0, 0, 64.62%, 15, 0, 7, 429.13, 3926998, 263, 1287, 0
8834, 49, 519, 524, 0, 0, 64.62%, 15, 0, 7, 462.69, 3929311, 263, 1292, 0
8839, 49, 425, 524, 0, 0, 64.62%, 15, 0, 7, 443.77, 3931502, 263, 1292, 0
8844, 49, 244, 524, 0, 0, 64.62%, 15, 0, 7, 448.34, 3933837, 263, 1292, 0
8849, 49, 416, 524, 0, 0, 64.62%, 15, 0, 7, 441.19, 3936076, 263, 1293, 0
8854, 49, 416, 524, 0, 0, 64.62%, 15, 0, 7, 442.41, 3938327, 263, 1295, 0
8859, 49, 521, 524, 0, 0, 64.62%, 15, 0, 7, 470.56, 3940720, 263, 1296, 0
8864, 50, 15, 524, 0, 0, 64.62%, 15, 0, 7, 466.58, 3943056, 263, 1298, 0
8870, 50, 500, 524, 0, 0, 64.62%, 15, 0, 7, 453.40, 3945396, 263, 1298, 0
8875, 50, 271, 524, 0, 0, 64.62%, 15, 0, 7, 450.98, 3947626, 263, 1301, 0
8880, 50, 251, 524, 0, 0, 64.62%, 15, 0, 7, 459.18, 3949855, 263, 1304, 0
8885, 50, 227, 524, 0, 0, 64.62%, 15, 0, 7, 454.24, 3952181, 263, 1304, 0
8890, 50, 355, 524, 0, 0, 64.62%, 15, 0, 7, 453.86, 3954413, 263, 1304, 0
8895, 50, 416, 524, 0, 0, 64.62%, 15, 0, 7, 433.61, 3956617, 263, 1304, 0
8900, 50, 291, 524, 0, 0, 64.62%, 15, 0, 7, 446.21, 3958953, 263, 1307, 0
8905, 50, 15, 524, 0, 0, 64.62%, 15, 0, 7, 481.66, 3961430, 263, 1307, 0
8910, 50, 239, 524, 0, 0, 64.62%, 15, 0, 7, 455.70, 3963673, 263, 1307, 0
8915, 50, 271, 524, 0, 0, 64.62%, 15, 0, 7, 452.52, 3965860, 263, 1307, 0
8920, 50, 52, 524, 0, 0, 64.62%, 15, 0, 7, 446.58, 3968077, 263, 1308, 0
8925, 50, 520, 524, 0, 0, 64.62%, 15, 0, 7, 461.45, 3970412, 263, 1308, 0
8930, 50, 271, 524, 0, 0, 64.62%, 15, 0, 7, 452.13, 3972625, 263, 1308, 0
8935, 50, 26, 524, 0, 0, 64.62%, 15, 0, 7, 472.34, 3975053, 263, 1309, 0
8941, 50, 263, 524, 0, 0, 64.62%, 15, 0, 7, 442.14, 3977304, 263, 1313, 0
8946, 50, 355, 524, 0, 0, 64.62%, 15, 0, 7, 456.37, 3979662, 263, 1313, 0
8951, 50, 151, 524, 0, 0, 64.62%, 15, 0, 7, 428.32, 3981808, 263, 1316, 0
8956, 50, 150, 524, 0, 0, 64.62%, 15, 0, 7, 428.71, 3983949, 263, 1316, 0
8961, 50, 197, 524, 0, 0, 64.62%, 15, 0, 7, 434.12, 3986223, 263, 1318, 0
8966, 50, 37, 524, 0, 0, 64.62%, 15, 0, 7, 436.74, 3988394, 263, 1328, 0
8971, 50, 492, 524, 0, 0, 64.62%, 15, 0, 7, 465.70, 3990839, 263, 1328, 0
8976, 50, 479, 524, 0, 0, 64.62%, 15, 0, 7, 437.61, 3992989, 263, 1328, 0
8981, 50, 252, 524, 0, 0, 64.62%, 15, 0, 7, 463.74, 3995381, 263, 1332, 0
8986, 50, 192, 524, 0, 0, 64.62%, 15, 0, 7, 464.29, 3997777, 263, 1333, 0
8991, 50, 55, 524, 0, 0, 64.62%, 15, 0, 7, 437.79, 3999981, 263, 1333, 0
8996, 50, 355, 524, 0, 0, 64.62%, 15, 0, 7, 447.28, 4002235, 263, 1333, 0
9001, 50, 192, 524, 0, 0, 64.62%, 15, 0, 7, 435.66, 4004457, 263, 1337, 0
9006, 50, 185, 524, 0, 0, 64.62%, 15, 0, 7, 429.13, 4006619, 263, 1341, 0
9011, 50, 185, 524, 0, 0, 64.62%, 15, 0, 7, 458.33, 4008922, 263, 1341, 0
9016, 50, 271, 524, 0, 0, 64.62%, 15, 0, 7, 455.96, 4011212, 263, 1341, 0
9021, 50, 343, 524, 0, 0, 64.62%, 15, 0, 7, 448.22, 4013441, 263, 1341, 0
9026, 50, 521, 524, 0, 0, 64.62%, 15, 0, 7, 440.84, 4015723, 263, 1349, 0
9032, 50, 185, 524, 0, 0, 64.62%, 15, 0, 7, 460.60, 4018038, 263, 1356, 0
9037, 50, 231, 524, 0, 0, 64.62%, 15, 0, 7, 460.25, 4020413, 263, 1356, 0
9042, 51, 521, 524, 0, 0, 64.62%, 15, 0, 7, 450.70, 4022673, 263, 1361, 0
9047, 51, 425, 524, 0, 0, 64.62%, 15, 0, 7, 451.57, 4025031, 263, 1369, 0
9052, 51, 52, 524, 0, 0, 64.62%, 15, 0, 7, 465.94, 4027333, 263, 1369, 0
9057, 51, 271, 524, 0, 0, 64.62%, 15, 0, 7, 430.33, 4029532, 263, 1371, 0
9062, 51, 398, 524, 0, 0, 64.62%, 15, 0, 7, 468.87, 4031933, 263, 1371, 0
9067, 51, 210, 524, 0, 0, 64.62%, 15, 0, 7, 456.27, 4034262, 263, 1371, 0
9072, 51, 43, 524, 0, 0, 64.62%, 15, 0, 7, 443.05, 4036466, 263, 1377, 0
9078, 51, 234, 524, 0, 0, 64.62%, 15, 0, 7, 431.05, 4038667, 263, 1377, 0
9083, 51, 372, 524, 0, 0, 64.62%, 15, 0, 7, 443.10, 4040945, 263, 1386, 0
9088, 51, 282, 524, 0, 0, 64.62%, 15, 0, 7, 452.38, 4043259, 263, 1392, 0
9093, 51, 522, 524, 0, 0, 64.62%, 15, 0, 7, 458.45, 4045580, 263, 1395, 0
9098, 51, 270, 524, 0, 0, 64.62%, 15, 0, 7, 458.35, 4047952, 263, 1407, 0
9103, 51, 104, 524, 0, 0, 64.62%, 15, 0, 7, 479.15, 4050359, 263, 1407, 0
9108, 51, 372, 524, 0, 0, 64.62%, 15, 0, 7, 441.71, 4052517, 263, 1407, 0
9113, 51, 197, 524, 0, 0, 64.62%, 15, 0, 7, 427.72, 4054655, 263, 1408, 0
9118, 51, 287, 524, 0, 0, 64.62%, 15, 0, 7, 438.86, 4056864, 263, 1413, 0
9123, 51, 251, 524, 0, 0, 64.62%, 15, 0, 7, 462.64, 4059257, 263, 1413, 0
9128, 51, 487, 524, 0, 0, 64.62%, 15, 0, 7, 445.42, 4061501, 263, 1413, 0
9133, 51, 73, 524, 0, 0, 64.62%, 15, 0, 7, 453.64, 4063779, 263, 1414, 0
9138, 51, 185, 524, 0, 0, 64.62%, 15, 0, 7, 435.37, 4065971, 263, 1414, 0
9143, 51, 487, 524, 0, 0, 64.62%, 15, 0, 7, 438.40, 4068208, 263, 1415, 0
9148, 51, 190, 524, 0, 0, 64.62%, 15, 0, 7, 455.99, 4070543, 263, 1415, 0
9153, 51, 287, 524, 0, 0, 64.62%, 15, 0, 7, 433.57, 4072688, 263, 1415, 0
9158, 51, 325, 524, 0, 0, 64.62%, 15, 0, 7, 445.74, 4074887, 263, 1415, 0
9163, 51, 373, 524, 0, 0, 64.62%, 15, 0, 7, 445.27, 4077172, 263, 1415, 0
9168, 51, 383, 524, 0, 0, 64.62%, 15, 0, 7, 465.92, 4079499, 263, 1422, 0
9173, 51, 476, 524, 0, 0, 64.62%, 15, 0, 7, 452.38, 4081765, 263, 1422, 0
9179, 51, 355, 524, 0, 0, 64.62%, 15, 0, 7, 444.29, 4083974, 263, 1422, 0
9184, 51, 139, 524, 0, 0, 64.62%, 15, 0, 7, 444.62, 4086221, 263, 1422, 0
9189, 51, 30, 524, 0, 0, 64.62%, 15, 0, 7, 471.51, 4088634, 263, 1427, 0
9194, 51, 519, 524, 0, 0, 64.62%, 15, 0, 7, 426.99, 4090760, 263, 1427, 0
9199, 51, 290, 524, 0, 0, 64.62%, 15, 0, 7, 443.21, 4092978, 263, 1427, 0
9204, 51, 271, 524, 0, 0, 64.62%, 15, 0, 7, 454.41, 4095309, 263, 1427, 0
9209, 51, 520, 524, 0, 0, 64.62%, 15, 0, 7, 450.64, 4097514, 263, 1427, 0
9214, 52, 287, 525, 1, 0, 64.62%, 15, 0, 7, 458.32, 4099891, 263, 1427, 0
9219, 52, 192, 525, 1, 0, 64.62%, 15, 0, 7, 469.85, 4102305, 263, 1430, 0
9224, 52, 521, 526, 1, 0, 64.62%, 15, 0, 7, 478.54, 4104702, 263, 1430, 0
9229, 52, 227, 526, 1, 0, 64.62%, 15, 0, 7, 447.75, 4106966, 263, 1434, 0
9235, 52, 501, 526, 1, 0, 64.62%, 15, 0, 7, 440.44, 4109240, 263, 1441, 0
9240, 52, 197, 526, 1, 0, 64.62%, 15, 0, 7, 424.18, 4111353, 263, 1442, 0
9245, 52, 185, 526, 1, 0, 64.62%, 15, 0, 7, 417.45, 4113372, 263, 1447, 0
9250, 52, 520, 526, 1, 0, 64.62%, 15, 0, 7, 437.38, 4115656, 263, 1447, 0
9255, 52, 521, 526, 1, 0, 64.62%, 15, 0, 7, 431.31, 4117809, 263, 1449, 0
9260, 52, 492, 526, 1, 0, 64.62%, 15, 0, 7, 433.65, 4119972, 263, 1451, 0
9265, 52, 30, 526, 1, 0, 64.62%, 15, 0, 7, 441.83, 4122127, 263, 1451, 0
9270, 52, 372, 526, 1, 0, 64.62%, 15, 0, 7, 463.08, 4124522, 263, 1451, 0
9275, 52, 260, 526, 1, 0, 64.62%, 15, 0, 7, 475.42, 4126928, 263, 1451, 0
9280, 52, 286, 526, 0, 0, 64.62%, 15, 0, 7, 431.07, 4129051, 263, 1451, 0
9285, 52, 411, 526, 0, 0, 64.62%, 15, 0, 7, 423.03, 4131176, 263, 1460, 0
9290, 52, 521, 526, 0, 0, 64.62%, 15, 0, 7, 452.83, 4133484, 263, 1462, 0
9295, 52, 521, 526, 0, 0, 64.62%, 15, 0, 7, 434.63, 4135677, 263, 1470, 0
9301, 52, 101, 526, 0, 0, 64.62%, 15, 0, 7, 438.94, 4137962, 263, 1473, 0
9306, 52, 189, 526, 0, 0, 64.62%, 15, 0, 7, 441.11, 4140308, 263, 1473, 0
9311, 52, 78, 526, 0, 0, 64.62%, 15, 0, 7, 405.23, 4142302, 263, 1473, 0
9316, 52, 30, 526, 0, 0, 64.62%, 15, 0, 7, 417.48, 4144424, 263, 1475, 0
9321, 52, 469, 526, 0, 0, 64.62%, 15, 0, 7, 452.41, 4146720, 263, 1480, 0
9326, 52, 491, 526, 0, 0, 64.62%, 15, 0, 7, 441.70, 4148993, 263, 1480, 0
9331, 52, 491, 526, 0, 0, 64.62%, 15, 0, 7, 457.18, 4151369, 263, 1480, 0
9336, 52, 521, 526, 0, 0, 64.62%, 15, 0, 7, 452.68, 4153618, 263, 1490, 0
9341, 52, 355, 526, 0, 0, 64.62%, 15, 0, 7, 454.69, 4155949, 263, 1493, 0
9346, 52, 263, 526, 0, 0, 64.62%, 15, 0, 7, 446.36, 4158193, 263, 1493, 0
9351, 52, 271, 526, 0, 0, 64.62%, 15, 0, 7, 452.66, 4160538, 263, 1493, 0
9356, 52, 251, 526, 0, 0, 64.62%, 15, 0, 7, 436.28, 4162673, 263, 1493, 0
9361, 52, 71, 526, 0, 0, 64.62%, 15, 0, 7, 443.39, 4164863, 263, 1493, 0
9366, 52, 281, 526, 0, 0, 64.62%, 15, 0, 7, 452.86, 4167222, 263, 1497, 0
9371, 52, 405, 526, 0, 0, 64.62%, 15, 0, 7, 450.48, 4169442, 263, 1497, 0
9377, 52, 513, 526, 0, 0, 64.62%, 15, 0, 7, 452.33, 4171834, 263, 1497, 0
9382, 52, 521, 526, 0, 0, 64.62%, 15, 0, 7, 441.78, 4174097, 263, 1500, 0
9387, 52, 92, 526, 0, 0, 64.62%, 15, 0, 7, 428.56, 4176254, 263, 1500, 0
9392, 52, 43, 526, 0, 0, 64.62%, 15, 0, 7, 462.77, 4178619, 263, 1500, 0
9397, 52, 491, 526, 0, 0, 64.62%, 15, 0, 7, 474.61, 4180992, 263, 1503, 0
9402, 52, 491, 526, 0, 0, 64.62%, 15, 0, 7, 476.09, 4183405, 263, 1503, 0
9407, 53, 362, 526, 0, 0, 64.62%, 15, 0, 7, 450.97, 4185639, 263, 1508, 0
9412, 53, 178, 526, 0, 0, 64.62%, 15, 0, 7, 442.91, 4187923, 263, 1508, 0
9417, 53, 500, 526, 0, 0, 64.62%, 15, 0, 7, 455.88, 4190264, 263, 1508, 0
9422, 53, 447, 526, 0, 0, 64.62%, 15, 0, 7, 429.54, 4192389, 263, 1508, 0
9427, 53, 492, 526, 0, 0, 64.62%, 15, 0, 7, 449.28, 4194767, 263, 1510, 0
9432, 53, 325, 526, 0, 0, 64.62%, 15, 0, 7, 454.39, 4197057, 263, 1510, 0
9437, 53, 204, 526, 0, 0, 64.62%, 15, 0, 7, 442.22, 4199246, 263, 1511, 0
9442, 53, 484, 526, 0, 0, 64.62%, 15, 0, 7, 445.42, 4201497, 263, 1511, 0
9447, 53, 197, 526, 0, 0, 64.62%, 15, 0, 7, 429.68, 4203651, 263, 1520, 0
9452, 53, 521, 526, 0, 0, 64.62%, 15, 0, 7, 453.72, 4205906, 263, 1524, 0
9457, 53, 139, 526, 0, 0, 64.62%, 15, 0, 7, 448.10, 4208173, 263, 1527, 0
9463, 53, 290, 526, 0, 0, 64.62%, 15, 0, 7, 441.76, 4210404, 263, 1531, 0
9468, 53, 222, 526, 0, 0, 64.62%, 15, 0, 7, 420.98, 4212588, 263, 1531, 0
9473, 53, 197, 526, 0, 0, 64.62%, 15, 0, 7, 411.33, 4214681, 263, 1532, 0
9478, 53, 122, 526, 0, 0, 64.62%, 15, 0, 7, 437.89, 4216905, 263, 1543, 0
9483, 53, 325, 526, 0, 0, 64.62%, 15, 0, 7, 431.99, 4219144, 263, 1546, 0
9488, 53, 308, 526, 0, 0, 64.62%, 15, 0, 7, 441.77, 4221365, 263, 1546, 0
9493, 53, 521, 526, 0, 0, 64.62%, 15, 0, 7, 432.58, 4223544, 263, 1553, 0
9498, 53, 469, 526, 0, 0, 64.62%, 15, 0, 7, 432.24, 4225711, 263, 1557, 0
9503, 53, 308, 526, 0, 0, 64.62%, 15, 0, 7, 439.49, 4228000, 263, 1558, 0
9508, 53, 463, 526, 0, 0, 64.62%, 15, 0, 7, 449.07, 4230250, 263, 1558, 0
9513, 53, 43, 526, 0, 0, 64.62%, 15, 0, 7, 457.95, 4232546, 263, 1558, 0
9518, 53, 499, 526, 0, 0, 64.62%, 15, 0, 7, 453.86, 4234849, 263, 1558, 0
9523, 53, 521, 526, 0, 0, 64.62%, 15, 0, 7, 442.39, 4237116, 263, 1559, 0
9529, 53, 372, 526, 0, 0, 64.62%, 15, 0, 7, 450.30, 4239403, 263, 1559, 0
9534, 53, 53, 526, 0, 0, 64.62%, 15, 0, 7, 477.34, 4241831, 263, 1560, 0
9539, 53, 505, 526, 0, 0, 64.62%, 15, 0, 7, 477.13, 4244215, 263, 1560, 0
9544, 53, 416, 526, 0, 0, 64.62%, 15, 0, 7, 466.10, 4246512, 263, 1566, 0
9549, 53, 231, 526, 0, 0, 64.62%, 15, 0, 7, 461.20, 4248935, 263, 1566, 0
9554, 53, 332, 526, 0, 0, 64.62%, 15, 0, 7, 460.89, 4251230, 263, 1566, 0
9559, 53, 192, 526, 0, 0, 64.62%, 15, 0, 7, 469.30, 4253581, 263, 1572, 0
9564, 53, 415, 526, 0, 0, 64.62%, 15, 0, 7, 459.71, 4255890, 263, 1572, 0
9569, 53, 151, 526, 0, 0, 64.62%, 15, 0, 7, 437.40, 4258114, 263, 1572, 0
9574, 54, 15, 526, 0, 0, 64.62%, 15, 0, 7, 443.40, 4260343, 263, 1572, 0
9579, 54, 9, 526, 0, 0, 64.62%, 15, 0, 7, 446.15, 4262551, 263, 1572, 0
9584, 54, 521, 526, 0, 0, 64.62%, 15, 0, 7, 427.60, 4264822, 263, 1574, 0
9590, 54, 355, 526, 0, 0, 64.62%, 15, 0, 7, 453.45, 4267158, 263, 1577, 0
9595, 54, 43, 526, 0, 0, 64.62%, 15, 0, 7, 446.91, 4269425, 263, 1577, 0
9600, 54, 241, 526, 0, 0, 64.62%, 15, 0, 7, 409.89, 4271496, 263, 1577, 0
9605, 54, 78, 526, 0, 0, 64.62%, 15, 0, 7, 432.40, 4273670, 263, 1577, 0
9610, 54, 192, 526, 0, 0, 64.62%, 15, 0, 7, 437.56, 4275951, 263, 1577, 0
9615, 54, 477, 526, 0, 0, 64.62%, 15, 0, 7, 445.20, 4278184, 263, 1577, 0
9620, 54, 425, 526, 0, 0, 64.62%, 15, 0, 7, 438.08, 4280413, 263, 1578, 0
9625, 54, 372, 526, 0, 0, 64.62%, 15, 0, 7, 457.44, 4282789, 263, 1578, 0
9630, 54, 185, 526, 0, 0, 64.62%, 15, 0, 7, 441.93, 4285006, 263, 1578, 0
9635, 54, 231, 526, 0, 0, 64.62%, 15, 0, 7, 453.84, 4287313, 263, 1583, 0
9640, 54, 13, 526, 0, 0, 64.62%, 15, 0, 7, 453.36, 4289614, 263, 1583, 0
9645, 54, 139, 526, 0, 0, 64.62%, 15, 0, 7, 442.57, 4291872, 263, 1583, 0
9651, 54, 372, 526, 0, 0, 64.62%, 15, 0, 7, 439.31, 4294102, 263, 1595, 0
9656, 54, 425, 526, 0, 0, 64.62%, 15, 0, 7, 424.28, 4296260, 263, 1595, 0
9661, 54, 405, 526, 0, 0, 64.62%, 15, 0, 7, 445.53, 4298549, 263, 1595, 0
9666, 54, 197, 526, 0, 0, 64.62%, 15, 0, 7, 469.52, 4300915, 263, 1597, 0
9671, 54, 206, 526, 0, 0, 64.62%, 15, 0, 7, 459.07, 4303228, 263, 1598, 0
9676, 54, 487, 526, 0, 0, 64.62%, 15, 0, 7, 448.01, 4305455, 263, 1598, 0
9681, 54, 425, 526, 0, 0, 64.62%, 15, 0, 7, 431.63, 4307602, 263, 1598, 0
9686, 54, 372, 526, 0, 0, 64.62%, 15, 0, 7, 432.14, 4309718, 263, 1598, 0
9691, 54, 383, 526, 0, 0, 64.62%, 15, 0, 7, 451.80, 4312024, 263, 1604, 0
9696, 54, 11, 526, 0, 0, 64.62%, 15, 0, 7, 432.07, 4314237, 263, 1604, 0
9701, 54, 355, 526, 0, 0, 64.62%, 15, 0, 7, 439.87, 4316521, 263, 1604, 0
9706, 54, 156, 526, 0, 0, 64.62%, 15, 0, 7, 431.73, 4318732, 263, 1608, 0
9711, 54, 513, 526, 0, 0, 64.62%, 15, 0, 7, 450.68, 4321066, 263, 1609, 0
9716, 54, 241, 526, 0, 0, 64.62%, 15, 0, 7, 436.97, 4323223, 263, 1611, 0
9721, 54, 521, 526, 0, 0, 64.62%, 15, 0, 7, 464.86, 4325597, 263, 1615, 0
9726, 54, 520, 526, 0, 0, 64.62%, 15, 0, 7, 455.47, 4327889, 263, 1619, 0
9731, 54, 290, 526, 0, 0, 64.62%, 15, 0, 7, 441.81, 4330194, 263, 1620, 0
9737, 54, 521, 526, 0, 0, 64.62%, 15, 0, 7, 423.84, 4332290, 263, 1622, 0
9742, 55, 227, 526, 0, 0, 64.62%, 15, 0, 7, 466.31, 4334681, 263, 1624, 0
9747, 55, 415, 526, 0, 0, 64.62%, 15, 0, 7, 471.06, 4337020, 263, 1626, 0
9752, 55, 122, 526, 0, 0, 64.62%, 15, 0, 7, 443.15, 4339263, 263, 1626, 0
9757, 55, 501, 526, 0, 0, 64.62%, 15, 0, 7, 436.50, 4341430, 263, 1626, 0
9762, 55, 78, 526, 0, 0, 64.62%, 15, 0, 7, 459.82, 4343823, 263, 1626, 0
9767, 55, 221, 526, 0, 0, 64.62%, 15, 0, 7, 457.70, 4346157, 263, 1630, 0
9772, 55, 157, 526, 0, 0, 64.62%, 15, 0, 7, 450.12, 4348364, 263, 1630, 0
9777, 55, 521, 526, 0, 0, 64.62%, 15, 0, 7, 464.35, 4350677, 263, 1638, 0
9782, 55, 474, 526, 0, 0, 64.62%, 15, 0, 7, 457.87, 4352989, 263, 1642, 0
9787, 55, 405, 526, 0, 0, 64.62%, 15, 0, 7, 476.10, 4355331, 263, 1642, 0
9792, 55, 37, 526, 0, 0, 64.62%, 15, 0, 7, 478.51, 4357722, 263, 1642, 0
9797, 55, 52, 526, 0, 0, 64.62%, 15, 0, 7, 456.58, 4360037, 263, 1642, 0
9802, 55, 43, 526, 0, 0, 64.62%, 15, 0, 7, 437.83, 4362222, 263, 1645, 0
9807, 55, 521, 526, 0, 0, 64.62%, 15, 0, 7, 469.35, 4364623, 263, 1648, 0
9812, 55, 271, 526, 0, 0, 64.62%, 15, 0, 7, 439.19, 4366822, 263, 1654, 0
9817, 55, 43, 526, 0, 0, 64.62%, 15, 0, 7, 463.41, 4369137, 263, 1657, 0
9822, 55, 197, 526, 0, 0, 64.62%, 15, 0, 7, 430.32, 4371279, 263, 1658, 0
9828, 55, 192, 526, 0, 0, 64.62%, 15, 0, 7, 452.09, 4373559, 263, 1658, 0
9833, 55, 423, 526, 0, 0, 64.62%, 15, 0, 7, 430.12, 4375755, 263, 1658, 0
9838, 55, 521, 526, 0, 0, 64.62%, 15, 0, 7, 445.54, 4378057, 263, 1659, 0
9843, 55, 500, 526, 0, 0, 64.62%, 15, 0, 7, 439.26, 4380250, 263, 1666, 0
9848, 55, 93, 526, 0, 0, 64.62%, 15, 0, 7, 438.94, 4382475, 263, 1666, 0
9853, 55, 500, 526, 0, 0, 64.62%, 15, 0, 7, 443.58, 4384761, 263, 1671, 0
9858, 55, 325, 526, 0, 0, 64.62%, 15, 0, 7, 422.78, 4386874, 263, 1671, 0
9863, 55, 325, 526, 0, 0, 64.62%, 15, 0, 7, 430.99, 4389040, 263, 1671, 0
9868, 55, 271, 526, 0, 0, 64.62%, 15, 0, 7, 428.84, 4391247, 263, 1671, 0
9873, 55, 282, 526, 0, 0, 64.62%, 15, 0, 7, 457.08, 4393716, 263, 1675, 0
9878, 55, 520, 526, 0, 0, 64.62%, 15, 0, 7, 450.75, 4395907, 263, 1675, 0
9883, 55, 520, 526, 0, 0, 64.62%, 15, 0, 7, 430.85, 4398038, 263, 1677, 0
9888, 55, 346, 526, 0, 0, 64.62%, 15, 0, 7, 435.93, 4400274, 263, 1677, 0
9893, 55, 278, 526, 0, 0, 64.62%, 15, 0, 7, 440.09, 4402447, 263, 1677, 0
9899, 55, 37, 526, 0, 0, 64.62%, 15, 0, 7, 415.89, 4404533, 263, 1677, 0
9904, 55, 251, 526, 0, 0, 64.62%, 15, 0, 7, 421.66, 4406641, 263, 1684, 0
9909, 55, 65, 526, 0, 0, 64.62%, 15, 0, 7, 444.50, 4408891, 263, 1684, 0
9914, 56, 308, 526, 0, 0, 64.62%, 15, 0, 7, 433.97, 4411070, 263, 1684, 0
9919, 56, 521, 526, 0, 0, 64.62%, 15, 0, 7, 434.72, 4413375, 263, 1686, 0
9924, 56, 157, 526, 0, 0, 64.62%, 15, 0, 7, 444.01, 4415539, 263, 1689, 0
9929, 56, 520, 526, 0, 0, 64.62%, 15, 0, 7, 433.07, 4417671, 263, 1689, 0
9934, 56, 415, 526, 0, 0, 64.62%, 15, 0, 7, 435.95, 4419895, 263, 1689, 0
9939, 56, 520, 526, 0, 0, 64.62%, 15, 0, 7, 436.54, 4422154, 263, 1689, 0
9944, 56, 411, 526, 0, 0, 64.62%, 15, 0, 7, 398.32, 4424133, 263, 1689, 0
9949, 56, 501, 526, 0, 0, 64.62%, 15, 0, 7, 435.21, 4426366, 263, 1689, 0
9955, 56, 521, 526, 0, 0, 64.62%, 15, 0, 7, 438.20, 4428594, 263, 1689, 0
9960, 56, 341, 526, 0, 0, 64.62%, 15, 0, 7, 439.36, 4430826, 263, 1695, 0
9965, 56, 271, 526, 0, 0, 64.62%, 15, 0, 7, 456.96, 4433109, 263, 1695, 0
9970, 56, 355, 526, 0, 0, 64.62%, 15, 0, 7, 427.78, 4435230, 263, 1700, 0
9975, 56, 372, 526, 0, 0, 64.62%, 15, 0, 7, 443.37, 4437521, 263, 1700, 0
9980, 56, 282, 526, 0, 0, 64.62%, 15, 0, 7, 444.31, 4439756, 263, 1700, 0
9985, 56, 463, 526, 0, 0, 64.62%, 15, 0, 7, 424.31, 4441833, 263, 1700, 0
9990, 56, 271, 526, 0, 0, 64.62%, 15, 0, 7, 448.70, 4444149, 263, 1700, 0
9995, 56, 359, 526, 0, 0, 64.62%, 15, 0, 7, 445.93, 4446380, 263, 1711, 0
10000, 56, 521, 526, 0, 0, 64.62%, 15, 0, 7, 418.24, 4448455, 263, 1717, 0
10005, 56, 192, 526, 0, 0, 64.62%, 15, 0, 7, 448.42, 4450757, 263, 1724, 0
10010, 56, 487, 526, 0, 0, 64.62%, 15, 0, 7, 445.60, 4452979, 263, 1728, 0
10015, 56, 308, 526, 0, 0, 64.62%, 15, 0, 7, 428.29, 4455134, 263, 1733, 0
10020, 56, 500, 526, 0, 0, 64.62%, 15, 0, 7, 448.82, 4457397, 263, 1733, 0
10025, 56, 157, 526, 0, 0, 64.62%, 15, 0, 7, 462.20, 4459733, 263, 1738, 0
10030, 56, 251, 526, 0, 0, 64.62%, 15, 0, 7, 417.09, 4461825, 263, 1740, 0
10035, 56, 197, 526, 0, 0, 64.62%, 15, 0, 7, 430.82, 4464062, 263, 1743, 0
10041, 56, 37, 526, 0, 0, 64.62%, 15, 0, 7, 414.87, 4466103, 263, 1744, 0
10046, 56, 520, 526, 0, 0, 64.62%, 15, 0, 7, 436.21, 4468444, 263, 1744, 0
10051, 56, 98, 526, 0, 0, 64.62%, 15, 0, 7, 437.90, 4470699, 263, 1744, 0
10056, 56, 221, 526, 0, 0, 64.62%, 15, 0, 7, 433.77, 4472928, 263, 1762, 0
10061, 56, 271, 526, 0, 0, 64.62%, 15, 0, 7, 421.13, 4475058, 263, 1777, 0
10066, 56, 355, 526, 0, 0, 64.62%, 15, 0, 7, 445.31, 4477315, 263, 1777, 0
10071, 56, 463, 526, 0, 0, 64.62%, 15, 0, 7, 442.10, 4479555, 263, 1777, 0
10076, 56, 185, 526, 0, 0, 64.62%, 15, 0, 7, 454.74, 4481855, 263, 1777, 0
10081, 56, 463, 526, 0, 0, 64.62%, 15, 0, 7, 440.10, 4484045, 263, 1777, 0
10086, 56, 223, 526, 0, 0, 64.62%, 15, 0, 7, 478.86, 4486482, 263, 1777, 0
10092, 56, 236, 526, 0, 0, 64.62%, 15, 0, 7, 435.49, 4488637, 263, 1777, 0
10097, 56, 185, 526, 0, 0, 64.62%, 15, 0, 7, 431.47, 4490830, 263, 1782, 0
10102, 56, 147, 526, 0, 0, 64.62%, 15, 0, 7, 455.33, 4493175, 263, 1782, 0
10107, 56, 287, 526, 0, 0, 64.62%, 15, 0, 7, 438.30, 4495376, 263, 1788, 0
10112, 56, 185, 526, 0, 0, 64.62%, 15, 0, 7, 447.00, 4497634, 263, 1793, 0
10117, 56, 227, 526, 0, 0, 64.62%, 15, 0, 7, 440.08, 4499936, 263, 1793, 0
10122, 57, 270, 526, 0, 0, 64.62%, 15, 0, 7, 426.27, 4502127, 263, 1793, 0
10127, 57, 185, 526, 0, 0, 64.62%, 15, 0, 7, 447.81, 4504404, 263, 1793, 0
10132, 57, 390, 526, 0, 0, 64.62%, 15, 0, 7, 451.37, 4506706, 263, 1793, 0
10137, 57, 201, 526, 0, 0, 64.62%, 15, 0, 7, 398.39, 4508671, 263, 1793, 0
10142, 57, 432, 526, 0, 0, 64.62%, 15, 0, 7, 442.00, 4510992, 263, 1805, 0
10147, 57, 398, 526, 0, 0, 64.62%, 15, 0, 7, 449.19, 4513212, 263, 1805, 0
10153, 57, 405, 526, 0, 0, 64.62%, 15, 0, 7, 447.33, 4515524, 263, 1805, 0
10158, 57, 325, 526, 0, 0, 64.62%, 15, 0, 7, 454.89, 4517832, 263, 1807, 0
10163, 57, 431, 526, 0, 0, 64.62%, 15, 0, 7, 425.63, 4520014, 263, 1807, 0
10168, 57, 192, 526, 0, 0, 64.62%, 15, 0, 7, 441.46, 4522259, 263, 1811, 0
10173, 57, 521, 526, 0, 0, 64.62%, 15, 0, 7, 441.09, 4524502, 263, 1814, 0
10178, 57, 244, 526, 0, 0, 64.62%, 15, 0, 7, 473.13, 4526944, 263, 1821, 0
10183, 57, 252, 526, 0, 0, 64.62%, 15, 0, 7, 501.04, 4529449, 263, 1821, 0
10188, 57, 185, 526, 0, 0, 64.62%, 15, 0, 7, 469.47, 4531805, 263, 1822, 0
10193, 57, 355, 526, 0, 0, 64.62%, 15, 0, 7, 458.10, 4534088, 263, 1822, 0
10198, 57, 505, 526, 0, 0, 64.62%, 15, 0, 7, 468.19, 4536510, 263, 1822, 0
10204, 57, 185, 526, 0, 0, 64.62%, 15, 0, 7, 453.87, 4538748, 263, 1822, 0
10209, 57, 463, 526, 0, 0, 64.62%, 15, 0, 7, 453.74, 4541109, 263, 1822, 0
10214, 57, 225, 526, 0, 0, 64.62%, 15, 0, 7, 412.97, 4543213, 263, 1825, 0
10219, 57, 251, 526, 0, 0, 64.62%, 15, 0, 7, 397.25, 4545185, 263, 1825, 0
10224, 57, 405, 526, 0, 0, 64.62%, 15, 0, 7, 414.11, 4547377, 263, 1825, 0
10229, 57, 325, 526, 0, 0, 64.62%, 15, 0, 7, 436.47, 4549622, 263, 1825, 0
10234, 57, 428, 526, 0, 0, 64.62%, 15, 0, 7, 440.94, 4551880, 263, 1825, 0
10239, 57, 43, 526, 0, 0, 64.62%, 15, 0, 7, 441.11, 4554124, 263, 1825, 0
10244, 57, 192, 526, 0, 0, 64.62%, 15, 0, 7, 451.60, 4556398, 263, 1826, 0
10249, 57, 505, 526, 0, 0, 64.62%, 15, 0, 7, 443.03, 4558648, 263, 1826, 0
10254, 57, 271, 526, 0, 0, 64.62%, 15, 0, 7, 408.17, 4560768, 263, 1826, 0
10259, 57, 221, 526, 0, 0, 64.62%, 15, 0, 7, 449.12, 4563062, 263, 1826, 0
10264, 57, 217, 526, 0, 0, 64.62%, 15, 0, 7, 448.38, 4565307, 263, 1831, 0
10269, 57, 227, 526, 0, 0, 64.62%, 15, 0, 7, 439.55, 4567540, 263, 1831, 0
10274, 57, 139, 526, 0, 0, 64.62%, 15, 0, 7, 441.99, 4569757, 263, 1832, 0
10280, 57, 221, 526, 0, 0, 64.62%, 15, 0, 7, 462.03, 4572217, 263, 1845, 0
10285, 57, 513, 526, 0, 0, 64.62%, 15, 0, 7, 458.81, 4574544, 263, 1845, 0
10290, 57, 195, 526, 0, 0, 64.62%, 15, 0, 7, 437.67, 4576809, 263, 1846, 0
10295, 58, 110, 526, 0, 0, 64.62%, 15, 0, 7, 450.41, 4579153, 263, 1846, 0
10300, 58, 287, 526, 0, 0, 64.62%, 15, 0, 7, 453.80, 4581461, 263, 1846, 0
10305, 58, 520, 526, 0, 0, 64.62%, 15, 0, 7, 431.60, 4583618, 263, 1846, 0
10310, 58, 271, 526, 0, 0, 64.62%, 15, 0, 7, 426.38, 4585819, 263, 1846, 0
10316, 58, 308, 526, 0, 0, 64.62%, 15, 0, 7, 457.50, 4588229, 263, 1852, 0
10321, 58, 521, 526, 0, 0, 64.62%, 15, 0, 7, 467.36, 4590603, 263, 1864, 0
10326, 58, 520, 526, 0, 0, 64.62%, 15, 0, 7, 448.47, 4592838, 263, 1867, 0
10331, 58, 152, 526, 0, 0, 64.62%, 15, 0, 7, 452.14, 4595130, 263, 1869, 0
10336, 58, 245, 526, 0, 0, 64.62%, 15, 0, 7, 434.88, 4597294, 263, 1869, 0
10341, 58, 212, 526, 0, 0, 64.62%, 15, 0, 7, 457.78, 4599732, 263, 1869, 0
10346, 58, 325, 526, 0, 0, 64.62%, 15, 0, 7, 432.10, 4601882, 263, 1869, 0
10351, 58, 415, 526, 0, 0, 64.62%, 15, 0, 7, 440.96, 4604070, 263, 1869, 0
10356, 58, 185, 526, 0, 0, 64.62%, 15, 0, 7, 446.80, 4606273, 263, 1873, 0
10361, 58, 15, 526, 0, 0, 64.62%, 15, 0, 7, 461.30, 4608625, 263, 1873, 0
10366, 58, 96, 526, 0, 0, 64.62%, 15, 0, 7, 468.80, 4611012, 263, 1873, 0
10371, 58, 285, 526, 0, 0, 64.62%, 15, 0, 7, 462.45, 4613353, 263, 1874, 0
10376, 58, 325, 526, 0, 0, 64.62%, 15, 0, 7, 430.95, 4615522, 263, 1878, 0
10381, 58, 263, 526, 0, 0, 64.62%, 15, 0, 7, 455.56, 4617873, 263, 1878, 0
10386, 58, 42, 526, 0, 0, 64.62%, 15, 0, 7, 436.94, 4620041, 263, 1878, 0
10391, 58, 122, 526, 0, 0, 64.62%, 15, 0, 7, 402.01, 4622086, 263, 1878, 0
10397, 58, 372, 526, 0, 0, 64.62%, 15, 0, 7, 453.22, 4624498, 263, 1878, 0
10402, 58, 185, 526, 0, 0, 64.62%, 15, 0, 7, 473.27, 4626907, 263, 1880, 0
10407, 58, 192, 526, 0, 0, 64.62%, 15, 0, 7, 469.08, 4629227, 263, 1880, 0
10412, 58, 229, 526, 0, 0, 64.62%, 15, 0, 7, 436.19, 4631389, 263, 1884, 0
10417, 58, 192, 526, 0, 0, 64.62%, 15, 0, 7, 458.81, 4633744, 263, 1891, 0
10422, 58, 221, 526, 0, 0, 64.62%, 15, 0, 7, 447.12, 4635981, 263, 1891, 0
10427, 58, 519, 526, 0, 0, 64.62%, 15, 0, 7, 444.71, 4638243, 263, 1891, 0
10432, 58, 513, 526, 0, 0, 64.62%, 15, 0, 7, 424.70, 4640343, 263, 1891, 0
10437, 58, 308, 526, 0, 0, 64.62%, 15, 0, 7, 435.20, 4642516, 263, 1894, 0
10442, 58, 251, 526, 0, 0, 64.62%, 15, 0, 7, 431.02, 4644665, 263, 1898, 0
10447, 58, 491, 526, 0, 0, 64.62%, 15, 0, 7, 443.80, 4646947, 263, 1898, 0
10452, 58, 251, 526, 0, 0, 64.62%, 15, 0, 7, 424.61, 4649086, 263, 1898, 0
10457, 58, 415, 526, 0, 0, 64.62%, 15, 0, 7, 430.02, 4651279, 263, 1898, 0
10462, 58, 52, 526, 0, 0, 64.62%, 15, 0, 7, 426.52, 4653421, 263, 1898, 0
10467, 59, 192, 526, 0, 0, 64.62%, 15, 0, 7, 456.89, 4655707, 263, 1898, 0
10472, 59, 469, 526, 0, 0, 64.62%, 15, 0, 7, 459.66, 4657960, 263, 1898, 0
10477, 59, 398, 526, 0, 0, 64.62%, 15, 0, 7, 451.45, 4660227, 263, 1898, 0
10483, 59, 519, 526, 0, 0, 64.62%, 15, 0, 7, 440.34, 4662479, 263, 1901, 0
10488, 59, 192, 526, 0, 0, 64.62%, 15, 0, 7, 447.80, 4664727, 263, 1901, 0
10493, 59, 192, 526, 0, 0, 64.62%, 15, 0, 7, 437.67, 4666917, 263, 1901, 0
10498, 59, 521, 526, 0, 0, 64.62%, 15, 0, 7, 463.87, 4669254, 263, 1905, 0
10503, 59, 252, 526, 0, 0, 64.62%, 15, 0, 7, 464.88, 4671619, 263, 1905, 0
10508, 59, 493, 526, 0, 0, 64.62%, 15, 0, 7, 465.87, 4673991, 263, 1920, 0
10513, 59, 368, 526, 0, 0, 64.62%, 15, 0, 7, 435.06, 4676141, 263, 1925, 0
10518, 59, 479, 526, 0, 0, 64.62%, 15, 0, 7, 457.55, 4678464, 263, 1925, 0
10523, 59, 93, 526, 0, 0, 64.62%, 15, 0, 7, 437.02, 4680664, 263, 1932, 0
10528, 59, 383, 526, 0, 0, 64.62%, 15, 0, 7, 461.68, 4683065, 263, 1940, 0
10533, 59, 308, 526, 0, 0, 64.62%, 15, 0, 7, 435.47, 4685256, 263, 1940, 0
10538, 59, 281, 526, 0, 0, 64.62%, 15, 0, 7, 431.28, 4687458, 263, 1945, 0
10543, 59, 252, 526, 0, 0, 64.62%, 15, 0, 7, 436.53, 4689656, 263, 1945, 0
10548, 59, 271, 526, 0, 0, 64.62%, 15, 0, 7, 449.44, 4691955, 263, 1946, 0
10553, 59, 290, 526, 0, 0, 64.62%, 15, 0, 7, 435.57, 4694121, 263, 1946, 0
10558, 59, 520, 526, 0, 0, 64.62%, 15, 0, 7, 419.30, 4696295, 263, 1946, 0
10564, 59, 120, 526, 0, 0, 64.62%, 15, 0, 7, 432.30, 4698509, 263, 1946, 0
10569, 59, 521, 526, 0, 0, 64.62%, 15, 0, 7, 480.59, 4700945, 263, 1951, 0
10574, 59, 251, 526, 0, 0, 64.62%, 15, 0, 7, 432.90, 4703111, 263, 1951, 0
10579, 59, 409, 526, 0, 0, 64.62%, 15, 0, 7, 440.60, 4705333, 263, 1951, 0
10584, 59, 192, 526, 0, 0, 64.62%, 15, 0, 7, 434.95, 4707528, 263, 1951, 0
10589, 59, 271, 526, 0, 0, 64.62%, 15, 0, 7, 445.55, 4709727, 263, 1951, 0
10594, 59, 308, 526, 0, 0, 64.62%, 15, 0, 7, 438.64, 4711902, 263, 1951, 0
10599, 59, 496, 526, 0, 0, 64.62%, 15, 0, 7, 442.38, 4714110, 263, 1951, 0
10604, 59, 475, 526, 0, 0, 64.62%, 15, 0, 7, 446.24, 4716375, 263, 1951, 0
10609, 59, 405, 526, 0, 0, 64.62%, 15, 0, 7, 450.66, 4718624, 263, 1953, 0
10614, 59, 37, 526, 0, 0, 64.62%, 15, 0, 7, 467.91, 4721044, 263, 1959, 0
10619, 59, 157, 526, 0, 0, 64.62%, 15, 0, 7, 424.08, 4723150, 263, 1959, 0
10624, 59, 472, 526, 0, 0, 64.62%, 15, 0, 7, 420.67, 4725240, 263, 1960, 0
10630, 59, 221, 526, 0, 0, 64.62%, 15, 0, 7, 420.86, 4727399, 263, 1960, 0
10635, 59, 521, 526, 0, 0, 64.62%, 15, 0, 7, 422.09, 4729580, 263, 1968, 0
10640, 59, 10, 526, 0, 0, 64.62%, 15, 0, 7, 441.24, 4731780, 263, 1969, 0
10645, 60, 192, 526, 0, 0, 64.62%, 15, 0, 7, 440.33, 4733940, 263, 1970, 0
10650, 60, 157, 526, 0, 0, 64.62%, 15, 0, 7, 440.42, 4736168, 263, 1977, 0
10655, 60, 157, 526, 0, 0, 64.62%, 15, 0, 7, 441.64, 4738388, 263, 1977, 0
10660, 60, 325, 526, 0, 0, 64.62%, 15, 0, 7, 433.31, 4740582, 263, 1979, 0
10665, 60, 425, 526, 0, 0, 64.62%, 15, 0, 7, 431.23, 4742812, 263, 1980, 0
10670, 60, 227, 526, 0, 0, 64.62%, 15, 0, 7, 450.23, 4745193, 263, 1980, 0
10675, 60, 263, 526, 0, 0, 64.62%, 15, 0, 7, 448.93, 4747452, 263, 1980, 0
10680, 60, 520, 526, 0, 0, 64.62%, 15, 0, 7, 432.26, 4749605, 263, 1980, 0
10685, 60, 286, 526, 0, 0, 64.62%, 15, 0, 7, 447.69, 4751898, 263, 1980, 0
10690, 60, 26, 526, 0, 0, 64.62%, 15, 0, 7, 424.23, 4754053, 263, 1980, 0
10695, 60, 281, 526, 0, 0, 64.62%, 15, 0, 7, 423.52, 4756209, 263, 1980, 0
10700, 60, 521, 526, 0, 0, 64.62%, 15, 0, 7, 454.00, 4758495, 263, 1980, 0
10706, 60, 521, 526, 0, 0, 64.62%, 15, 0, 7, 462.63, 4760863, 263, 1989, 0
10711, 60, 64, 526, 0, 0, 64.62%, 15, 0, 7, 447.30, 4763118, 263, 2002, 0
10716, 60, 469, 526, 0, 0, 64.62%, 15, 0, 7, 469.98, 4765495, 263, 2002, 0
10721, 60, 505, 526, 0, 0, 64.62%, 15, 0, 7, 479.74, 4767957, 263, 2012, 0
10726, 60, 139, 526, 0, 0, 64.62%, 15, 0, 7, 454.06, 4770203, 263, 2013, 0
10731, 60, 373, 526, 0, 0, 64.62%, 15, 0, 7, 452.09, 4772451, 263, 2014, 0
10736, 60, 36, 526, 0, 0, 64.62%, 15, 0, 7, 434.80, 4774690, 263, 2014, 0
10741, 60, 192, 526, 0, 0, 64.62%, 15, 0, 7, 438.73, 4776916, 263, 2015, 0
10746, 60, 221, 526, 0, 0, 64.62%, 15, 0, 7, 426.90, 4779062, 263, 2015, 0
10751, 60, 198, 526, 0, 0, 64.62%, 15, 0, 7, 443.34, 4781323, 263, 2015, 0
10757, 60, 227, 526, 0, 0, 64.62%, 15, 0, 7, 445.07, 4783677, 263, 2015, 0
10762, 60, 136, 526, 0, 0, 64.62%, 15, 0, 7, 444.07, 4785883, 263, 2015, 0
10767, 60, 521, 526, 0, 0, 64.62%, 15, 0, 7, 428.88, 4788060, 263, 2021, 0
10772, 60, 372, 526, 0, 0, 64.62%, 15, 0, 7, 468.20, 4790467, 263, 2023, 0
10777, 60, 251, 526, 0, 0, 64.62%, 15, 0, 7, 461.01, 4792906, 263, 2023, 0
10782, 60, 521, 526, 0, 0, 64.62%, 15, 0, 7, 461.54, 4795192, 263, 2026, 0
10787, 60, 372, 526, 0, 0, 64.62%, 15, 0, 7, 451.10, 4797399, 263, 2032, 0
10792, 60, 325, 526, 0, 0, 64.62%, 15, 0, 7, 454.84, 4799621, 263, 2032, 0
10797, 60, 192, 526, 0, 0, 64.62%, 15, 0, 7, 440.15, 4801793, 263, 2035, 0
10802, 60, 487, 526, 0, 0, 64.62%, 15, 0, 7, 418.60, 4803906, 263, 2035, 0
10802, 60, 487, 526, 0, 0, 64.62%, 15, 0, 7, 407.84, 4804002, 263, 2035, 0
