# relative_time, cycles_done, cur_item, corpus_count, pending_total, pending_favs, map_size, saved_crashes, saved_hangs, max_depth, execs_per_sec, total_execs, edges_found, total_crashes, servers_count
60, 0, 9, 81, 76, 5, 30.96%, 0, 0, 2, 450.82, 28238, 126, 0, 0
65, 0, 9, 81, 76, 5, 30.96%, 0, 0, 2, 471.59, 30650, 126, 0, 0
70, 0, 9, 82, 77, 5, 30.96%, 0, 0, 2, 444.52, 32844, 126, 0, 0
75, 0, 9, 82, 77, 5, 30.96%, 0, 0, 2, 465.49, 35239, 126, 0, 0
80, 0, 9, 82, 77, 5, 30.96%, 0, 0, 2, 461.58, 37579, 126, 0, 0
85, 0, 9, 82, 77, 5, 30.96%, 0, 0, 2, 458.74, 39865, 126, 0, 0
91, 0, 9, 82, 77, 5, 30.96%, 0, 0, 2, 458.58, 42178, 126, 0, 0
96, 0, 9, 82, 77, 5, 30.96%, 0, 0, 2, 471.48, 44464, 126, 0, 0
101, 0, 9, 82, 77, 5, 30.96%, 0, 0, 2, 438.82, 46648, 126, 0, 0
106, 0, 9, 83, 78, 5, 30.96%, 0, 0, 2, 434.76, 48863, 126, 0, 0
111, 0, 9, 84, 79, 5, 30.96%, 0, 0, 2, 434.03, 51046, 126, 0, 0
116, 0, 9, 84, 79, 5, 30.96%, 0, 0, 2, 410.34, 53094, 126, 0, 0
121, 0, 98, 99, 91, 28, 33.17%, 0, 0, 3, 422.94, 55232, 135, 0, 0
126, 0, 7, 99, 85, 22, 33.17%, 0, 0, 3, 448.71, 57527, 135, 0, 0
131, 0, 68, 105, 89, 23, 35.38%, 0, 0, 3, 436.62, 59740, 144, 0, 0
136, 0, 106, 107, 89, 22, 36.86%, 0, 0, 3, 417.04, 61823, 150, 0, 0
141, 0, 106, 122, 104, 22, 38.33%, 0, 0, 3, 383.45, 63777, 156, 0, 0
146, 0, 106, 122, 104, 22, 38.33%, 0, 0, 3, 407.12, 65822, 156, 0, 0
151, 0, 23, 122, 102, 24, 38.33%, 0, 0, 3, 439.00, 68106, 156, 0, 0
156, 0, 65, 129, 108, 23, 38.33%, 0, 0, 3, 443.61, 70388, 156, 0, 0
161, 0, 65, 134, 113, 23, 38.33%, 0, 0, 3, 465.63, 72819, 156, 0, 0
167, 0, 65, 135, 114, 23, 38.33%, 0, 0, 3, 445.25, 75031, 156, 0, 0
172, 0, 120, 135, 113, 22, 38.33%, 0, 0, 3, 461.79, 77408, 156, 0, 0
177, 0, 108, 136, 112, 21, 44.23%, 0, 0, 4, 423.48, 79532, 180, 0, 0
182, 0, 119, 137, 111, 20, 44.47%, 0, 0, 4, 421.50, 81696, 181, 0, 0
187, 0, 127, 139, 110, 17, 44.47%, 0, 0, 4, 461.83, 84097, 181, 0, 0
192, 0, 128, 143, 113, 16, 44.47%, 0, 0, 4, 457.08, 86463, 181, 0, 0
197, 0, 128, 146, 116, 16, 44.47%, 0, 0, 4, 437.57, 88661, 181, 0, 0
202, 0, 128, 147, 117, 16, 44.47%, 0, 0, 4, 443.35, 90916, 181, 0, 0
207, 0, 128, 147, 117, 16, 44.47%, 0, 0, 4, 446.65, 93223, 181, 0, 0
212, 0, 128, 147, 117, 16, 44.47%, 0, 0, 4, 446.70, 95476, 181, 0, 0
217, 0, 128, 147, 117, 16, 44.47%, 0, 0, 4, 450.67, 97708, 181, 0, 0
222, 0, 128, 147, 117, 16, 44.47%, 0, 0, 4, 455.11, 100027, 181, 0, 0
227, 0, 128, 148, 118, 16, 44.47%, 0, 0, 4, 465.70, 102311, 181, 0, 0
232, 0, 128, 148, 118, 16, 44.47%, 0, 0, 4, 426.56, 104435, 181, 0, 0
237, 0, 128, 148, 118, 16, 44.47%, 0, 0, 4, 438.04, 106619, 181, 0, 0
242, 0, 128, 150, 120, 16, 44.47%, 0, 0, 4, 432.66, 108769, 181, 0, 0
247, 0, 128, 150, 120, 16, 44.47%, 0, 0, 4, 470.81, 111145, 181, 0, 0
252, 0, 128, 151, 121, 16, 44.47%, 0, 0, 4, 457.58, 113402, 181, 0, 0
258, 0, 128, 152, 122, 16, 44.47%, 0, 0, 4, 408.99, 115447, 181, 0, 0
263, 0, 128, 152, 122, 16, 44.47%, 0, 0, 4, 419.37, 117583, 181, 0, 0
268, 0, 128, 152, 122, 16, 44.47%, 0, 0, 4, 424.25, 119743, 181, 0, 0
273, 0, 128, 152, 122, 16, 44.47%, 0, 0, 4, 433.55, 121911, 181, 0, 0
278, 0, 64, 152, 121, 16, 44.47%, 0, 0, 4, 423.11, 123995, 181, 0, 0
283, 0, 47, 156, 122, 15, 44.47%, 0, 0, 4, 417.06, 126195, 181, 0, 0
288, 0, 157, 162, 127, 13, 44.47%, 0, 0, 4, 427.33, 128342, 181, 0, 0
293, 0, 99, 162, 126, 12, 44.47%, 0, 0, 4, 424.73, 130494, 181, 0, 0
298, 0, 100, 171, 132, 9, 45.95%, 1, 0, 4, 422.33, 132696, 187, 1, 0
303, 0, 124, 173, 132, 11, 45.95%, 1, 0, 4, 449.48, 134974, 187, 1, 0
308, 0, 166, 174, 131, 9, 45.95%, 1, 0, 4, 436.53, 137243, 187, 1, 0
313, 0, 166, 187, 144, 9, 46.19%, 1, 0, 4, 418.37, 139328, 188, 1, 0
319, 0, 166, 188, 145, 9, 46.19%, 1, 0, 4, 418.69, 141463, 188, 1, 0
324, 0, 166, 188, 145, 9, 46.19%, 1, 0, 4, 420.98, 143575, 188, 1, 0
329, 0, 166, 188, 145, 9, 46.19%, 1, 0, 4, 441.15, 145807, 188, 1, 0
334, 0, 97, 188, 144, 10, 46.19%, 1, 0, 4, 435.31, 147983, 188, 1, 0
339, 0, 97, 194, 150, 10, 47.91%, 1, 0, 4, 431.89, 150187, 195, 1, 0
344, 0, 97, 194, 150, 10, 47.91%, 1, 0, 4, 413.84, 152227, 195, 1, 0
349, 0, 97, 197, 153, 10, 47.91%, 1, 0, 4, 415.14, 154368, 195, 1, 0
354, 0, 97, 201, 157, 10, 47.91%, 1, 0, 4, 397.50, 156325, 195, 1, 0
359, 0, 97, 201, 157, 10, 47.91%, 1, 0, 4, 427.35, 158516, 195, 1, 0
364, 0, 97, 201, 157, 10, 47.91%, 1, 0, 4, 398.33, 160508, 195, 1, 0
369, 0, 193, 202, 157, 11, 47.91%, 1, 0, 4, 433.87, 162702, 195, 1, 0
375, 0, 193, 210, 165, 11, 47.91%, 1, 0, 4, 430.52, 164935, 195, 1, 0
380, 0, 193, 210, 165, 11, 47.91%, 1, 0, 4, 404.53, 166951, 195, 1, 0
385, 0, 193, 211, 166, 11, 47.91%, 1, 0, 4, 425.36, 169068, 195, 1, 0
390, 0, 193, 211, 166, 11, 47.91%, 1, 0, 4, 414.70, 171158, 195, 1, 0
395, 0, 193, 211, 166, 11, 47.91%, 1, 0, 4, 415.80, 173239, 195, 1, 0
400, 0, 193, 211, 166, 11, 47.91%, 1, 0, 4, 422.65, 175351, 195, 1, 0
405, 0, 201, 211, 164, 10, 47.91%, 1, 0, 4, 446.05, 177641, 195, 1, 0
410, 0, 179, 211, 161, 7, 47.91%, 1, 0, 4, 420.61, 179757, 195, 1, 0
415, 0, 164, 211, 159, 5, 47.91%, 1, 0, 4, 438.47, 182054, 195, 1, 0
420, 0, 186, 211, 156, 2, 47.91%, 1, 0, 4, 452.46, 184341, 195, 1, 0
426, 0, 185, 212, 153, 0, 47.91%, 1, 0, 5, 468.35, 186757, 195, 1, 0
431, 0, 204, 213, 152, 0, 47.91%, 1, 0, 5, 446.63, 189008, 195, 1, 0
436, 0, 23, 213, 150, 0, 47.91%, 1, 0, 5, 446.96, 191207, 195, 1, 0
441, 0, 213, 215, 150, 0, 47.91%, 1, 0, 7, 429.52, 193335, 195, 1, 0
446, 0, 212, 215, 148, 0, 47.91%, 1, 0, 7, 447.09, 195559, 195, 1, 0
451, 0, 23, 216, 148, 0, 47.91%, 1, 0, 7, 430.23, 197747, 195, 1, 0
456, 0, 214, 217, 148, 0, 47.91%, 1, 0, 8, 455.83, 200046, 195, 1, 0
461, 0, 101, 218, 146, 0, 47.91%, 1, 0, 8, 455.78, 202353, 195, 1, 0
466, 0, 101, 228, 156, 0, 47.91%, 1, 0, 8, 430.54, 204551, 195, 1, 0
471, 0, 101, 230, 158, 0, 47.91%, 1, 0, 8, 428.87, 206709, 195, 1, 0
476, 0, 101, 232, 160, 0, 47.91%, 1, 0, 8, 434.71, 208923, 195, 1, 0
481, 0, 100, 232, 158, 0, 47.91%, 1, 0, 8, 413.44, 211055, 195, 1, 0
486, 0, 216, 233, 156, 0, 47.91%, 1, 0, 8, 472.19, 213471, 195, 1, 0
491, 0, 21, 233, 154, 0, 47.91%, 1, 0, 8, 444.20, 215647, 195, 1, 0
496, 0, 179, 233, 151, 0, 47.91%, 1, 0, 8, 447.23, 217908, 195, 1, 0
501, 0, 117, 235, 153, 0, 48.16%, 1, 0, 8, 435.86, 220157, 196, 1, 0
506, 0, 88, 235, 151, 0, 48.16%, 1, 0, 8, 456.16, 222471, 196, 1, 0
511, 0, 186, 236, 148, 0, 48.16%, 1, 0, 8, 451.36, 224760, 196, 1, 0
517, 0, 31, 236, 147, 0, 48.16%, 1, 0, 8, 448.07, 227060, 196, 1, 0
522, 0, 220, 236, 145, 0, 48.16%, 1, 0, 8, 462.87, 229419, 196, 1, 0
527, 0, 205, 236, 144, 0, 48.16%, 1, 0, 8, 462.70, 231760, 196, 1, 0
532, 0, 167, 237, 143, 0, 48.16%, 1, 0, 8, 466.60, 234113, 196, 1, 0
537, 0, 143, 237, 139, 0, 48.16%, 1, 0, 8, 438.12, 236293, 196, 1, 0
542, 0, 188, 238, 138, 0, 48.16%, 1, 0, 8, 450.36, 238607, 196, 1, 0
547, 0, 198, 238, 135, 0, 48.16%, 1, 0, 8, 459.83, 240962, 196, 1, 0
552, 0, 179, 238, 133, 0, 48.16%, 1, 0, 8, 473.61, 243440, 196, 1, 0
557, 0, 222, 238, 131, 0, 48.16%, 1, 0, 8, 456.90, 245714, 196, 1, 0
562, 0, 86, 238, 126, 0, 48.16%, 1, 0, 8, 467.11, 248095, 196, 1, 0
567, 0, 203, 238, 124, 0, 48.16%, 1, 0, 8, 442.23, 250339, 196, 1, 0
573, 0, 232, 240, 125, 0, 48.16%, 1, 0, 8, 468.25, 252729, 196, 1, 0
578, 0, 22, 240, 122, 0, 48.16%, 1, 0, 8, 494.59, 255216, 196, 1, 0
583, 0, 176, 242, 123, 0, 48.16%, 1, 0, 8, 464.26, 257537, 196, 1, 0
588, 1, 74, 242, 120, 0, 48.16%, 1, 0, 8, 456.98, 259875, 196, 1, 0
593, 1, 196, 242, 116, 0, 48.16%, 1, 0, 8, 436.55, 262110, 196, 1, 0
598, 1, 197, 243, 113, 0, 48.16%, 1, 0, 8, 475.00, 264555, 196, 1, 0
603, 1, 61, 246, 114, 0, 48.40%, 1, 0, 8, 463.46, 266913, 197, 1, 0
608, 1, 61, 248, 116, 0, 48.40%, 1, 0, 8, 465.78, 269278, 197, 1, 0
613, 1, 61, 249, 117, 0, 48.40%, 1, 0, 8, 450.58, 271571, 197, 1, 0
618, 1, 61, 251, 119, 0, 48.40%, 1, 0, 8, 423.91, 273728, 197, 1, 0
623, 1, 61, 251, 119, 0, 48.40%, 1, 0, 8, 414.12, 275776, 197, 1, 0
628, 1, 113, 251, 115, 0, 48.40%, 1, 0, 8, 448.56, 278186, 197, 1, 0
633, 1, 208, 251, 114, 0, 48.40%, 1, 0, 8, 439.22, 280373, 197, 1, 0
638, 1, 202, 251, 110, 0, 48.40%, 1, 0, 8, 432.15, 282554, 197, 1, 0
643, 1, 96, 251, 107, 0, 48.40%, 1, 0, 8, 426.21, 284672, 197, 1, 0
649, 1, 187, 251, 105, 0, 48.40%, 1, 0, 8, 413.10, 286827, 197, 1, 0
654, 1, 114, 251, 99, 0, 48.40%, 1, 0, 8, 436.83, 289054, 197, 1, 0
659, 1, 3, 251, 96, 0, 48.40%, 1, 0, 8, 432.13, 291294, 197, 1, 0
664, 1, 68, 251, 91, 0, 48.40%, 1, 0, 8, 466.68, 293705, 197, 1, 0
669, 1, 174, 253, 89, 0, 48.40%, 1, 0, 8, 439.92, 295917, 197, 1, 0
674, 1, 234, 254, 87, 0, 48.40%, 1, 0, 8, 462.01, 298271, 197, 1, 0
679, 1, 184, 254, 86, 0, 48.40%, 1, 0, 8, 444.89, 300570, 197, 1, 0
684, 1, 91, 254, 83, 0, 48.40%, 1, 0, 8, 463.09, 302927, 197, 1, 0
689, 1, 215, 254, 80, 0, 48.40%, 1, 0, 8, 447.72, 305170, 197, 1, 0
694, 1, 122, 255, 77, 0, 48.40%, 1, 0, 8, 458.29, 307479, 197, 1, 0
699, 1, 173, 256, 77, 0, 48.40%, 1, 0, 8, 469.95, 309868, 197, 1, 0
705, 1, 209, 257, 73, 0, 48.65%, 1, 0, 8, 475.22, 312333, 198, 1, 0
710, 1, 251, 257, 68, 0, 48.65%, 1, 0, 8, 480.91, 314711, 198, 1, 0
715, 1, 251, 264, 75, 0, 48.65%, 1, 0, 8, 473.81, 317121, 198, 1, 0
720, 1, 251, 269, 80, 0, 48.89%, 1, 0, 8, 434.13, 319301, 199, 1, 0
725, 1, 251, 273, 84, 0, 48.89%, 1, 0, 8, 433.34, 321561, 199, 1, 0
730, 1, 251, 275, 86, 0, 48.89%, 1, 0, 8, 430.15, 323727, 199, 1, 0
735, 1, 251, 278, 89, 0, 48.89%, 1, 0, 8, 444.55, 326004, 199, 1, 0
740, 1, 251, 278, 89, 0, 48.89%, 1, 0, 8, 471.49, 328370, 199, 1, 0
745, 1, 273, 278, 87, 1, 48.89%, 1, 0, 8, 439.11, 330566, 199, 1, 0
750, 1, 273, 329, 138, 1, 49.39%, 1, 0, 8, 444.26, 332867, 201, 1, 0
755, 1, 273, 337, 146, 1, 49.39%, 1, 0, 8, 454.81, 335165, 201, 1, 0
760, 1, 273, 339, 148, 1, 49.63%, 1, 0, 8, 420.79, 337305, 202, 1, 0
765, 1, 273, 341, 150, 1, 49.63%, 1, 0, 8, 438.47, 339576, 202, 1, 0
770, 1, 273, 342, 151, 1, 49.63%, 1, 0, 8, 436.96, 341759, 202, 1, 0
776, 1, 273, 342, 151, 1, 49.63%, 1, 0, 8, 409.55, 343807, 202, 1, 0
781, 1, 338, 342, 149, 3, 49.63%, 1, 0, 8, 426.59, 346018, 202, 1, 0
786, 1, 338, 342, 149, 3, 49.63%, 1, 0, 8, 423.97, 348176, 202, 1, 0
791, 1, 306, 342, 147, 1, 49.63%, 1, 0, 8, 431.70, 350394, 202, 1, 0
796, 1, 283, 342, 145, 0, 49.63%, 1, 0, 8, 445.25, 352653, 202, 1, 0
801, 1, 318, 342, 143, 0, 49.63%, 1, 0, 8, 444.77, 354881, 202, 1, 0
806, 1, 294, 343, 143, 0, 49.63%, 1, 0, 8, 446.24, 357114, 202, 1, 0
811, 1, 303, 343, 141, 0, 49.63%, 1, 0, 8, 440.36, 359359, 202, 1, 0
816, 1, 274, 343, 139, 0, 49.63%, 1, 0, 8, 431.30, 361569, 202, 1, 0
821, 1, 291, 343, 137, 0, 49.63%, 1, 0, 8, 447.10, 363873, 202, 1, 0
826, 1, 285, 343, 135, 0, 49.63%, 1, 0, 8, 457.53, 366127, 202, 1, 0
831, 1, 165, 343, 133, 0, 49.63%, 1, 0, 8, 437.41, 368329, 202, 1, 0
836, 1, 221, 343, 131, 0, 49.63%, 1, 0, 8, 440.93, 370556, 202, 1, 0
841, 1, 262, 344, 131, 0, 49.63%, 1, 0, 8, 444.55, 372726, 202, 1, 0
846, 1, 256, 345, 130, 0, 49.63%, 1, 0, 8, 453.69, 374989, 202, 1, 0
851, 1, 56, 345, 128, 0, 49.63%, 1, 0, 8, 456.80, 377294, 202, 1, 0
857, 1, 199, 345, 125, 0, 49.63%, 1, 0, 8, 450.53, 379623, 202, 1, 0
862, 1, 346, 347, 123, 2, 50.12%, 1, 0, 8, 455.44, 381925, 204, 1, 0
867, 1, 325, 348, 122, 1, 50.12%, 1, 0, 8, 438.49, 384122, 204, 1, 0
872, 1, 345, 349, 121, 1, 50.37%, 1, 0, 8, 448.94, 386460, 205, 1, 0
877, 1, 189, 349, 119, 0, 50.37%, 1, 0, 8, 437.58, 388672, 205, 1, 0
882, 1, 275, 349, 117, 0, 50.37%, 1, 0, 8, 455.55, 390949, 205, 1, 0
887, 1, 102, 349, 115, 0, 50.37%, 1, 0, 8, 469.44, 393352, 205, 1, 0
892, 1, 47, 350, 114, 0, 50.37%, 1, 0, 8, 463.22, 395656, 205, 1, 0
897, 1, 312, 350, 113, 0, 50.37%, 1, 0, 8, 445.81, 397877, 205, 1, 0
902, 1, 292, 350, 112, 0, 50.37%, 1, 0, 8, 465.16, 400255, 205, 1, 0
907, 1, 278, 351, 109, 0, 50.37%, 1, 0, 8, 484.04, 402715, 205, 1, 0
912, 1, 229, 351, 107, 0, 50.37%, 1, 0, 8, 437.41, 404856, 205, 1, 0
917, 1, 129, 351, 105, 0, 50.37%, 1, 0, 8, 436.79, 407059, 205, 1, 0
922, 1, 215, 351, 102, 0, 50.37%, 1, 0, 8, 446.63, 409354, 205, 1, 0
927, 1, 326, 351, 101, 0, 50.37%, 1, 0, 8, 442.81, 411566, 205, 1, 0
932, 1, 121, 351, 100, 0, 50.37%, 1, 0, 8, 445.04, 413817, 205, 1, 0
938, 1, 321, 351, 99, 0, 50.37%, 1, 0, 8, 440.22, 416069, 205, 1, 0
943, 1, 349, 351, 97, 0, 50.37%, 1, 0, 8, 421.17, 418119, 205, 1, 0
948, 1, 257, 351, 95, 0, 50.37%, 1, 0, 8, 438.58, 420341, 205, 1, 0
953, 1, 329, 351, 94, 0, 50.37%, 1, 0, 8, 426.60, 422508, 205, 1, 0
958, 1, 242, 351, 91, 0, 50.37%, 1, 0, 8, 459.59, 424814, 205, 1, 0
963, 1, 267, 351, 90, 0, 50.37%, 1, 0, 8, 456.14, 427119, 205, 1, 0
968, 1, 351, 352, 90, 1, 50.61%, 1, 0, 8, 451.63, 429386, 206, 1, 0
973, 1, 118, 353, 89, 0, 50.61%, 1, 0, 8, 468.15, 431746, 206, 1, 0
978, 1, 345, 353, 87, 0, 50.61%, 1, 0, 8, 465.09, 434055, 206, 1, 0
983, 1, 124, 353, 84, 0, 50.61%, 1, 0, 8, 423.17, 436136, 206, 1, 0
988, 1, 236, 353, 82, 0, 50.61%, 1, 0, 8, 439.07, 438314, 206, 1, 0
993, 1, 160, 353, 80, 0, 50.61%, 1, 0, 8, 427.50, 440548, 206, 1, 0
998, 1, 263, 353, 78, 0, 50.61%, 1, 0, 8, 436.67, 442777, 206, 1, 0
1003, 1, 351, 353, 76, 0, 50.61%, 1, 0, 8, 443.66, 445015, 206, 1, 0
1008, 1, 137, 353, 74, 0, 50.61%, 1, 0, 8, 461.91, 447354, 206, 1, 0
1013, 1, 350, 353, 73, 0, 50.61%, 1, 0, 8, 493.93, 449848, 206, 1, 0
1018, 1, 340, 353, 71, 0, 50.61%, 1, 0, 8, 493.91, 452342, 206, 1, 0
1024, 1, 61, 353, 67, 0, 50.61%, 1, 0, 8, 474.11, 454656, 206, 1, 0
1029, 1, 307, 421, 134, 0, 58.97%, 1, 0, 8, 474.63, 457026, 240, 1, 0
1034, 2, 451, 485, 198, 17, 60.44%, 1, 0, 8, 466.00, 459337, 246, 1, 0
1039, 2, 461, 485, 195, 14, 60.44%, 1, 0, 8, 465.17, 461699, 246, 1, 0
1044, 2, 461, 485, 195, 14, 60.44%, 1, 0, 8, 475.79, 464070, 246, 1, 0
1049, 2, 427, 485, 192, 11, 60.44%, 1, 0, 8, 465.53, 466411, 246, 1, 0
1054, 2, 393, 485, 190, 9, 60.44%, 1, 0, 8, 450.97, 468660, 246, 1, 0
1059, 2, 471, 485, 188, 7, 60.44%, 1, 0, 8, 473.29, 471041, 246, 1, 0
1064, 2, 456, 485, 186, 5, 60.44%, 1, 0, 8, 468.23, 473384, 246, 1, 0
1069, 2, 456, 485, 186, 5, 60.44%, 1, 0, 8, 475.82, 475856, 246, 1, 0
1074, 2, 358, 485, 183, 2, 60.44%, 1, 0, 8, 473.99, 478196, 246, 1, 0
1079, 2, 483, 485, 181, 0, 60.44%, 1, 0, 8, 485.55, 480612, 246, 1, 0
1084, 2, 290, 485, 179, 0, 60.44%, 1, 0, 8, 485.23, 483050, 246, 1, 0
1089, 2, 304, 486, 176, 0, 60.44%, 1, 0, 8, 499.32, 485610, 246, 1, 0
1094, 2, 323, 486, 173, 0, 60.44%, 1, 0, 8, 477.38, 488019, 246, 1, 0
1100, 2, 214, 486, 171, 0, 60.44%, 1, 0, 8, 458.92, 490365, 246, 1, 0
1105, 2, 433, 486, 168, 0, 60.44%, 1, 0, 8, 447.41, 492606, 246, 1, 0
1110, 2, 445, 486, 166, 0, 60.44%, 1, 0, 8, 467.09, 494995, 246, 1, 0
1115, 2, 462, 486, 164, 0, 60.44%, 1, 0, 8, 453.89, 497272, 246, 1, 0
1120, 2, 424, 486, 162, 0, 60.44%, 1, 0, 8, 455.17, 499610, 246, 1, 0
1125, 2, 330, 486, 160, 0, 60.44%, 1, 0, 8, 444.67, 501829, 246, 1, 0
1130, 2, 442, 486, 157, 0, 60.44%, 1, 0, 8, 478.99, 504211, 246, 1, 0
1135, 2, 420, 486, 156, 0, 60.44%, 1, 0, 8, 415.09, 506245, 246, 1, 0
1140, 2, 450, 486, 154, 0, 60.44%, 1, 0, 8, 441.70, 508500, 246, 1, 0
1145, 2, 447, 486, 151, 0, 60.44%, 1, 0, 8, 436.57, 510690, 246, 1, 0
1150, 2, 392, 486, 149, 0, 60.44%, 1, 0, 8, 453.41, 513018, 246, 1, 0
1155, 2, 415, 486, 148, 0, 60.44%, 1, 0, 8, 465.84, 515340, 246, 1, 0
1160, 2, 358, 486, 145, 0, 60.44%, 1, 0, 8, 457.71, 517704, 246, 1, 0
1165, 2, 418, 486, 143, 0, 60.44%, 1, 0, 8, 463.91, 520067, 246, 1, 0
1170, 2, 381, 486, 141, 0, 60.44%, 1, 0, 8, 449.56, 522346, 246, 1, 0
1175, 2, 217, 486, 139, 0, 60.44%, 1, 0, 8, 436.87, 524618, 246, 1, 0
1181, 2, 411, 486, 137, 0, 60.44%, 1, 0, 8, 468.95, 527043, 246, 1, 0
1186, 2, 314, 486, 134, 0, 60.44%, 1, 0, 8, 468.12, 529312, 246, 1, 0
1191, 2, 405, 486, 131, 0, 60.44%, 1, 0, 8, 488.10, 531806, 246, 1, 0
1196, 2, 386, 486, 128, 0, 60.44%, 1, 0, 8, 476.99, 534273, 246, 1, 0
1201, 2, 390, 486, 126, 0, 60.44%, 1, 0, 8, 464.53, 536528, 246, 1, 0
1206, 2, 427, 487, 124, 0, 60.69%, 2, 0, 8, 456.80, 538823, 247, 2, 0
1211, 2, 249, 487, 123, 0, 60.69%, 2, 0, 8, 454.83, 541138, 247, 2, 0
1216, 2, 407, 487, 121, 0, 60.69%, 2, 0, 8, 455.42, 543407, 247, 2, 0
1221, 2, 399, 487, 119, 0, 60.69%, 2, 0, 8, 466.58, 545721, 247, 2, 0
1226, 2, 485, 487, 118, 0, 60.69%, 2, 0, 8, 448.00, 547887, 247, 2, 0
1231, 2, 476, 487, 116, 0, 60.69%, 2, 0, 8, 456.29, 550179, 247, 2, 0
1236, 2, 454, 487, 114, 0, 60.69%, 2, 0, 8, 451.65, 552494, 247, 2, 0
1241, 2, 485, 487, 111, 0, 60.69%, 2, 0, 8, 483.72, 554905, 247, 2, 0
1246, 2, 440, 487, 109, 0, 60.69%, 2, 0, 8, 449.65, 557131, 247, 2, 0
1251, 2, 480, 487, 107, 0, 60.69%, 2, 0, 8, 426.46, 559269, 247, 2, 0
1256, 2, 437, 487, 105, 0, 60.69%, 2, 0, 8, 454.37, 561567, 247, 2, 0
1261, 2, 376, 487, 103, 0, 60.69%, 2, 0, 8, 468.07, 563927, 247, 2, 0
1266, 2, 398, 487, 101, 0, 60.69%, 2, 0, 8, 447.74, 566155, 247, 2, 0
1271, 2, 408, 487, 98, 0, 60.69%, 2, 0, 8, 475.15, 568534, 247, 2, 0
1277, 2, 375, 487, 96, 0, 60.69%, 2, 0, 8, 447.47, 570736, 247, 2, 0
1282, 2, 271, 487, 94, 0, 60.69%, 2, 0, 8, 434.75, 573011, 247, 2, 0
1287, 2, 241, 488, 93, 0, 60.69%, 2, 0, 8, 465.10, 575318, 247, 2, 0
1292, 2, 186, 488, 91, 0, 60.69%, 2, 0, 8, 479.07, 577725, 247, 2, 0
1297, 2, 191, 488, 90, 0, 60.69%, 2, 0, 8, 455.50, 580009, 247, 2, 0
1302, 2, 110, 488, 89, 0, 60.69%, 2, 0, 8, 466.29, 582439, 247, 2, 0
1307, 2, 299, 488, 87, 0, 60.69%, 2, 0, 8, 438.73, 584598, 247, 2, 0
1312, 2, 456, 488, 85, 0, 60.69%, 2, 0, 8, 468.47, 586962, 247, 2, 0
1317, 2, 214, 488, 83, 0, 60.69%, 2, 0, 8, 468.55, 589305, 247, 2, 0
1322, 2, 475, 488, 81, 0, 60.69%, 2, 0, 8, 475.45, 591680, 247, 2, 0
1327, 2, 419, 488, 80, 0, 60.69%, 2, 0, 8, 448.24, 593915, 247, 2, 0
1332, 2, 183, 489, 79, 0, 60.69%, 2, 0, 8, 450.68, 596141, 247, 2, 0
1337, 2, 406, 489, 77, 0, 60.69%, 2, 0, 8, 475.35, 598568, 247, 2, 0
1342, 2, 287, 489, 75, 0, 60.69%, 2, 0, 8, 472.06, 600929, 247, 2, 0
1347, 2, 235, 489, 73, 0, 60.69%, 2, 0, 8, 459.11, 603209, 247, 2, 0
1352, 2, 487, 489, 71, 0, 60.69%, 2, 0, 8, 461.50, 605493, 247, 2, 0
1357, 2, 394, 489, 70, 0, 60.69%, 2, 0, 8, 438.89, 607802, 247, 2, 0
1362, 2, 464, 489, 68, 0, 60.69%, 2, 0, 8, 454.30, 610109, 247, 2, 0
1367, 2, 324, 489, 66, 0, 60.69%, 2, 0, 8, 443.06, 612352, 247, 2, 0
1372, 2, 288, 489, 65, 0, 60.69%, 2, 0, 8, 469.67, 614743, 247, 2, 0
1378, 2, 486, 489, 63, 0, 60.69%, 2, 0, 8, 448.09, 617015, 247, 2, 0
1383, 2, 421, 489, 62, 0, 60.69%, 2, 0, 8, 460.15, 619279, 247, 2, 0
1388, 2, 428, 489, 61, 0, 60.69%, 2, 0, 8, 441.84, 621471, 247, 2, 0
1393, 2, 438, 489, 60, 0, 60.69%, 2, 0, 8, 432.57, 623675, 247, 2, 0
1398, 2, 61, 489, 58, 0, 60.69%, 2, 0, 8, 467.96, 626006, 247, 2, 0
1403, 2, 395, 489, 57, 0, 60.69%, 2, 0, 8, 455.59, 628293, 247, 2, 0
1408, 2, 389, 489, 54, 0, 60.69%, 2, 0, 8, 435.66, 630489, 247, 2, 0
1413, 2, 281, 489, 52, 0, 60.69%, 2, 0, 8, 449.93, 632825, 247, 2, 0
1418, 2, 487, 490, 51, 0, 60.69%, 2, 0, 8, 471.30, 635162, 247, 2, 0
1423, 2, 432, 490, 51, 0, 60.69%, 2, 0, 8, 465.97, 637539, 247, 2, 0
1428, 2, 282, 490, 49, 0, 60.69%, 2, 0, 8, 462.56, 639860, 247, 2, 0
1433, 2, 467, 490, 48, 0, 60.69%, 2, 0, 8, 456.84, 642235, 247, 2, 0
1438, 2, 277, 490, 46, 0, 60.69%, 2, 0, 8, 471.67, 644578, 247, 2, 0
1443, 2, 487, 490, 44, 0, 60.69%, 2, 0, 8, 457.87, 646820, 247, 2, 0
1449, 2, 108, 490, 43, 0, 60.69%, 2, 0, 8, 439.21, 649059, 247, 2, 0
1454, 2, 328, 490, 43, 0, 60.69%, 2, 0, 8, 431.60, 651200, 247, 2, 0
1459, 2, 214, 490, 41, 0, 60.69%, 2, 0, 8, 439.05, 653469, 247, 2, 0
1464, 2, 489, 490, 40, 0, 60.69%, 2, 0, 8, 443.60, 655681, 247, 2, 0
1469, 2, 353, 490, 38, 0, 60.69%, 2, 0, 8, 453.82, 657972, 247, 2, 0
1474, 2, 214, 491, 38, 0, 60.69%, 2, 0, 8, 429.02, 660187, 247, 2, 0
1479, 2, 491, 492, 39, 1, 60.93%, 2, 0, 8, 459.95, 662495, 248, 2, 0
1484, 2, 338, 492, 37, 0, 60.93%, 2, 0, 8, 465.09, 664852, 248, 2, 0
1489, 2, 15, 492, 37, 0, 60.93%, 2, 0, 8, 467.79, 667236, 248, 2, 0
1494, 2, 282, 492, 36, 0, 60.93%, 2, 0, 8, 434.17, 669434, 248, 2, 0
1499, 2, 482, 492, 35, 0, 60.93%, 2, 0, 8, 453.65, 671677, 248, 2, 0
1504, 2, 409, 492, 34, 0, 60.93%, 2, 0, 8, 457.16, 673924, 248, 2, 0
1509, 2, 115, 492, 32, 0, 60.93%, 2, 0, 8, 460.80, 676244, 248, 2, 0
1515, 2, 312, 492, 30, 0, 60.93%, 2, 0, 8, 463.51, 678674, 248, 2, 0
1520, 3, 506, 508, 45, 3, 61.18%, 2, 0, 8, 480.80, 681098, 249, 2, 0
1525, 3, 181, 508, 42, 1, 61.18%, 2, 0, 8, 469.44, 683499, 249, 2, 0
1530, 3, 104, 508, 41, 0, 61.18%, 2, 0, 8, 469.39, 685904, 249, 2, 0
1535, 3, 384, 508, 41, 0, 61.18%, 2, 0, 8, 461.94, 688191, 249, 2, 0
1540, 3, 143, 508, 39, 0, 61.18%, 2, 0, 8, 464.26, 690477, 249, 2, 0
1545, 3, 494, 508, 38, 0, 61.18%, 2, 0, 8, 456.91, 692749, 249, 2, 0
1550, 3, 338, 508, 36, 0, 61.18%, 2, 0, 8, 447.40, 694967, 249, 2, 0
1555, 3, 231, 508, 35, 0, 61.18%, 2, 0, 8, 446.95, 697206, 249, 2, 0
1560, 3, 492, 508, 34, 0, 61.18%, 2, 0, 8, 447.36, 699494, 249, 2, 0
1565, 3, 464, 508, 32, 0, 61.18%, 2, 0, 8, 447.32, 701718, 249, 2, 0
1570, 3, 352, 508, 31, 0, 61.18%, 2, 0, 8, 443.22, 703928, 249, 2, 0
1575, 3, 505, 508, 30, 0, 61.18%, 2, 0, 8, 458.44, 706212, 249, 2, 0
1580, 3, 348, 508, 28, 0, 61.18%, 2, 0, 8, 439.75, 708318, 249, 2, 0
1585, 3, 143, 508, 27, 0, 61.18%, 2, 0, 8, 457.57, 710668, 249, 2, 0
1590, 3, 487, 508, 27, 0, 61.18%, 2, 0, 8, 454.46, 713035, 249, 2, 0
1596, 3, 348, 508, 27, 0, 61.18%, 2, 0, 8, 434.70, 715241, 249, 2, 0
1601, 3, 507, 508, 25, 0, 61.18%, 2, 0, 8, 450.68, 717506, 249, 2, 0
1606, 3, 487, 508, 23, 0, 61.18%, 2, 0, 8, 470.10, 719946, 249, 2, 0
1611, 3, 404, 508, 23, 0, 61.18%, 2, 0, 8, 452.94, 722287, 249, 2, 0
1616, 3, 488, 508, 21, 0, 61.18%, 2, 0, 8, 454.93, 724584, 249, 2, 0
1621, 3, 459, 508, 19, 0, 61.18%, 2, 0, 8, 429.71, 726819, 249, 2, 0
1626, 3, 301, 508, 18, 0, 61.18%, 2, 0, 8, 434.41, 729001, 249, 2, 0
1631, 3, 17, 508, 17, 0, 61.18%, 2, 0, 8, 461.56, 731302, 249, 2, 0
1636, 3, 14, 508, 17, 0, 61.18%, 2, 0, 8, 421.83, 733371, 249, 2, 0
1641, 3, 498, 508, 17, 0, 61.18%, 2, 0, 8, 441.38, 735539, 249, 2, 0
1646, 3, 264, 508, 16, 0, 61.18%, 2, 0, 8, 437.57, 737712, 249, 2, 0
1651, 3, 393, 508, 15, 0, 61.18%, 2, 0, 8, 442.58, 740049, 249, 2, 0
1656, 3, 348, 508, 15, 0, 61.18%, 2, 0, 8, 444.65, 742247, 249, 2, 0
1661, 3, 178, 508, 15, 0, 61.18%, 2, 0, 8, 455.56, 744596, 249, 2, 0
1667, 3, 206, 508, 13, 0, 61.18%, 2, 0, 8, 462.36, 746928, 249, 2, 0
1672, 3, 280, 508, 12, 0, 61.18%, 2, 0, 8, 454.56, 749206, 249, 2, 0
1677, 3, 349, 508, 11, 0, 61.18%, 2, 0, 8, 441.52, 751502, 249, 2, 0
1682, 3, 485, 508, 10, 0, 61.18%, 2, 0, 8, 479.77, 753928, 249, 2, 0
1687, 3, 503, 508, 10, 0, 61.18%, 2, 0, 8, 483.21, 756258, 249, 2, 0
1692, 3, 439, 508, 10, 0, 61.18%, 2, 0, 8, 470.20, 758652, 249, 2, 0
1697, 3, 393, 508, 9, 0, 61.18%, 2, 0, 8, 453.65, 760909, 249, 2, 0
1702, 3, 464, 508, 8, 0, 61.18%, 2, 0, 8, 463.53, 763261, 249, 2, 0
1707, 3, 487, 508, 8, 0, 61.18%, 2, 0, 8, 482.68, 765690, 249, 2, 0
1712, 3, 487, 508, 7, 0, 61.18%, 2, 0, 8, 468.03, 767973, 249, 3, 0
1717, 3, 374, 508, 7, 0, 61.18%, 2, 0, 8, 439.11, 770151, 249, 3, 0
1722, 3, 491, 508, 7, 0, 61.18%, 2, 0, 8, 427.30, 772287, 249, 3, 0
1727, 3, 353, 508, 7, 0, 61.18%, 2, 0, 8, 429.93, 774455, 249, 3, 0
1732, 3, 487, 508, 7, 0, 61.18%, 2, 0, 8, 461.26, 776811, 249, 3, 0
1737, 3, 427, 508, 7, 0, 61.18%, 2, 0, 8, 456.01, 779062, 249, 3, 0
1742, 3, 487, 508, 7, 0, 61.18%, 2, 0, 8, 455.22, 781358, 249, 3, 0
1747, 3, 214, 508, 7, 0, 61.18%, 2, 0, 8, 451.59, 783668, 249, 3, 0
1752, 3, 220, 508, 7, 0, 61.18%, 2, 0, 8, 476.90, 786111, 249, 3, 0
1757, 3, 482, 508, 7, 0, 61.18%, 2, 0, 8, 472.56, 788474, 249, 3, 0
1762, 4, 523, 525, 23, 4, 61.92%, 2, 0, 8, 448.24, 790702, 252, 3, 0
1768, 4, 519, 525, 22, 3, 61.92%, 2, 0, 8, 466.64, 793106, 252, 3, 0
1773, 4, 487, 526, 21, 1, 61.92%, 2, 0, 8, 451.05, 795327, 252, 3, 0
1778, 4, 207, 526, 20, 0, 61.92%, 2, 0, 8, 429.36, 797487, 252, 3, 0
1783, 4, 338, 526, 18, 0, 61.92%, 2, 0, 8, 449.57, 799801, 252, 3, 0
1788, 4, 380, 526, 18, 0, 61.92%, 2, 0, 8, 475.08, 802204, 252, 3, 0
1793, 4, 469, 526, 17, 0, 61.92%, 2, 0, 8, 461.93, 804471, 252, 3, 0
1798, 4, 13, 526, 17, 0, 61.92%, 2, 0, 8, 455.71, 806811, 252, 3, 0
1803, 4, 522, 526, 16, 0, 61.92%, 2, 0, 8, 428.72, 808972, 252, 3, 0
1808, 4, 121, 526, 15, 0, 61.92%, 2, 0, 8, 450.35, 811247, 252, 3, 0
1813, 4, 495, 526, 14, 0, 61.92%, 2, 0, 8, 436.75, 813466, 252, 3, 0
1818, 4, 143, 526, 13, 0, 61.92%, 2, 0, 8, 428.37, 815599, 252, 3, 0
1823, 4, 512, 526, 13, 0, 61.92%, 2, 0, 8, 418.72, 817746, 252, 3, 0
1828, 4, 303, 526, 11, 0, 61.92%, 2, 0, 8, 427.16, 819915, 252, 3, 0
1833, 4, 487, 526, 11, 0, 61.92%, 2, 0, 8, 441.04, 822197, 252, 3, 0
1839, 4, 504, 526, 11, 0, 61.92%, 2, 0, 8, 419.16, 824296, 252, 3, 0
1844, 4, 497, 526, 11, 0, 61.92%, 2, 0, 8, 442.67, 826544, 252, 3, 0
1849, 4, 456, 526, 10, 0, 61.92%, 2, 0, 8, 428.65, 828702, 252, 3, 0
1854, 4, 487, 526, 10, 0, 61.92%, 2, 0, 8, 428.62, 830863, 252, 3, 0
1859, 4, 257, 526, 10, 0, 61.92%, 2, 0, 8, 450.39, 833139, 252, 3, 0
1864, 4, 348, 526, 9, 0, 61.92%, 3, 0, 8, 459.78, 835470, 252, 4, 0
1869, 4, 215, 526, 9, 0, 61.92%, 4, 0, 8, 427.01, 837617, 252, 5, 0
1874, 4, 504, 526, 9, 0, 61.92%, 4, 0, 8, 458.23, 839920, 252, 5, 0
1879, 4, 455, 526, 9, 0, 61.92%, 4, 0, 8, 456.43, 842233, 252, 5, 0
1884, 4, 504, 526, 9, 0, 61.92%, 4, 0, 8, 438.99, 844372, 252, 5, 0
1889, 4, 215, 526, 9, 0, 61.92%, 4, 0, 8, 445.33, 846661, 252, 5, 0
1895, 4, 301, 526, 8, 0, 61.92%, 4, 0, 8, 393.24, 848653, 252, 5, 0
1900, 4, 338, 526, 8, 0, 61.92%, 4, 0, 8, 401.11, 850680, 252, 5, 0
1905, 4, 143, 526, 8, 0, 61.92%, 4, 0, 8, 382.20, 852595, 252, 5, 0
1910, 4, 72, 526, 8, 0, 61.92%, 4, 0, 8, 431.75, 854889, 252, 5, 0
1915, 4, 410, 526, 8, 0, 61.92%, 4, 0, 8, 432.87, 857129, 252, 5, 0
1920, 4, 343, 526, 8, 0, 61.92%, 4, 0, 8, 436.37, 859320, 252, 5, 0
1925, 4, 38, 526, 8, 0, 61.92%, 4, 0, 8, 426.29, 861437, 252, 5, 0
1930, 4, 353, 526, 8, 0, 61.92%, 4, 0, 8, 439.50, 863685, 252, 6, 0
1935, 4, 485, 526, 8, 0, 61.92%, 4, 0, 8, 429.82, 865885, 252, 6, 0
1940, 4, 397, 526, 8, 0, 61.92%, 4, 0, 8, 464.83, 868341, 252, 7, 0
1946, 4, 487, 526, 8, 0, 61.92%, 4, 0, 8, 454.14, 870630, 252, 7, 0
1951, 4, 225, 526, 8, 0, 61.92%, 4, 0, 8, 452.64, 872898, 252, 7, 0
1956, 4, 412, 526, 7, 0, 61.92%, 4, 0, 8, 450.77, 875172, 252, 7, 0
1961, 4, 127, 526, 6, 0, 61.92%, 4, 0, 8, 437.08, 877395, 252, 7, 0
1966, 4, 143, 526, 6, 0, 61.92%, 4, 0, 8, 461.66, 879776, 252, 7, 0
1971, 4, 337, 526, 5, 0, 61.92%, 4, 0, 8, 461.72, 882120, 252, 7, 0
1976, 4, 525, 526, 5, 0, 61.92%, 4, 0, 8, 437.80, 884342, 252, 7, 0
1981, 4, 312, 526, 4, 0, 61.92%, 4, 0, 8, 453.43, 886716, 252, 7, 0
1986, 5, 15, 532, 10, 0, 62.41%, 4, 0, 8, 436.20, 888931, 254, 7, 0
1991, 5, 526, 532, 9, 2, 62.41%, 4, 0, 8, 458.91, 891234, 254, 7, 0
1996, 5, 487, 532, 7, 0, 62.41%, 4, 0, 8, 425.99, 893311, 254, 7, 0
2001, 5, 186, 532, 6, 0, 62.41%, 4, 0, 8, 452.66, 895617, 254, 7, 0
2007, 5, 516, 532, 5, 0, 62.41%, 4, 0, 8, 439.07, 897853, 254, 7, 0
2012, 5, 193, 532, 4, 0, 62.41%, 4, 0, 8, 445.65, 900109, 254, 7, 0
2017, 5, 215, 532, 3, 0, 62.41%, 4, 0, 8, 459.43, 902438, 254, 7, 0
2022, 5, 528, 532, 3, 0, 62.41%, 4, 0, 8, 457.96, 904748, 254, 7, 0
2027, 5, 69, 532, 2, 0, 62.41%, 4, 0, 8, 413.49, 906804, 254, 7, 0
2032, 5, 338, 532, 2, 0, 62.41%, 4, 0, 8, 433.44, 909001, 254, 7, 0
2037, 5, 312, 532, 2, 0, 62.41%, 4, 0, 8, 431.52, 911141, 254, 7, 0
2042, 5, 451, 532, 2, 0, 62.41%, 4, 0, 8, 409.79, 913211, 254, 7, 0
2047, 5, 470, 532, 2, 0, 62.41%, 4, 0, 8, 429.76, 915384, 254, 7, 0
2052, 5, 487, 532, 2, 0, 62.41%, 4, 0, 8, 436.93, 917644, 254, 7, 0
2057, 5, 69, 532, 2, 0, 62.41%, 4, 0, 8, 426.21, 919764, 254, 7, 0
2062, 5, 451, 532, 2, 0, 62.41%, 4, 0, 8, 430.03, 921890, 254, 7, 0
2067, 5, 461, 532, 2, 0, 62.41%, 4, 0, 8, 429.18, 923998, 254, 7, 0
2072, 5, 518, 532, 2, 0, 62.41%, 4, 0, 8, 430.96, 926214, 254, 7, 0
2077, 5, 530, 532, 2, 0, 62.41%, 4, 0, 8, 427.58, 928359, 254, 7, 0
2083, 5, 464, 532, 2, 0, 62.41%, 5, 0, 8, 432.27, 930542, 254, 8, 0
2088, 5, 215, 532, 2, 0, 62.41%, 5, 0, 8, 455.21, 932854, 254, 9, 0
2093, 5, 348, 532, 2, 0, 62.41%, 5, 0, 8, 460.85, 935274, 254, 9, 0
2098, 5, 470, 532, 2, 0, 62.41%, 5, 0, 8, 482.13, 937731, 254, 9, 0
2103, 5, 413, 532, 2, 0, 62.41%, 5, 0, 8, 479.98, 940101, 254, 9, 0
2108, 5, 451, 532, 1, 0, 62.41%, 5, 0, 8, 466.06, 942433, 254, 9, 0
2113, 5, 215, 532, 1, 0, 62.41%, 5, 0, 8, 440.37, 944639, 254, 9, 0
2118, 5, 358, 532, 1, 0, 62.41%, 5, 0, 8, 463.91, 946972, 254, 9, 0
2123, 5, 456, 532, 1, 0, 62.41%, 5, 0, 8, 419.44, 949049, 254, 9, 0
2128, 5, 119, 532, 0, 0, 62.41%, 5, 0, 8, 412.22, 951104, 254, 9, 0
2133, 5, 121, 532, 0, 0, 62.41%, 5, 0, 8, 445.08, 953544, 254, 9, 0
2139, 5, 451, 532, 0, 0, 62.41%, 5, 0, 8, 442.29, 955782, 254, 9, 0
2144, 5, 170, 532, 0, 0, 62.41%, 5, 0, 8, 456.22, 958055, 254, 9, 0
2149, 5, 61, 532, 0, 0, 62.41%, 5, 0, 8, 448.76, 960259, 254, 9, 0
2154, 5, 480, 532, 0, 0, 62.41%, 5, 0, 8, 425.40, 962397, 254, 9, 0
2159, 5, 469, 532, 0, 0, 62.41%, 5, 0, 8, 437.49, 964627, 254, 9, 0
2164, 5, 3, 532, 0, 0, 62.41%, 5, 0, 8, 458.32, 966958, 254, 9, 0
2169, 5, 234, 532, 0, 0, 62.41%, 5, 0, 8, 429.19, 969125, 254, 9, 0
2174, 5, 121, 532, 0, 0, 62.41%, 5, 0, 8, 457.35, 971468, 254, 9, 0
2179, 5, 504, 532, 0, 0, 62.41%, 5, 0, 8, 423.32, 973567, 254, 9, 0
2184, 5, 366, 532, 0, 0, 62.41%, 5, 0, 8, 439.47, 975809, 254, 9, 0
2189, 5, 215, 532, 0, 0, 62.41%, 5, 0, 8, 450.05, 978064, 254, 9, 0
2194, 5, 523, 532, 0, 0, 62.41%, 6, 0, 8, 435.67, 980233, 254, 10, 0
2199, 6, 504, 532, 0, 0, 62.41%, 6, 0, 8, 449.78, 982469, 254, 10, 0
2204, 6, 530, 532, 0, 0, 62.41%, 6, 0, 8, 436.73, 984640, 254, 10, 0
2209, 6, 520, 532, 0, 0, 62.41%, 6, 0, 8, 448.69, 986879, 254, 10, 0
2214, 6, 530, 532, 0, 0, 62.41%, 6, 0, 8, 435.86, 989104, 254, 10, 0
2220, 6, 312, 532, 0, 0, 62.41%, 6, 0, 8, 446.08, 991489, 254, 10, 0
2225, 6, 69, 532, 0, 0, 62.41%, 6, 0, 8, 440.11, 993706, 254, 10, 0
2230, 6, 506, 532, 0, 0, 62.41%, 6, 0, 8, 453.50, 995950, 254, 10, 0
2235, 6, 3, 532, 0, 0, 62.41%, 6, 0, 8, 419.40, 998040, 254, 10, 0
2240, 6, 486, 532, 0, 0, 62.41%, 6, 0, 8, 425.80, 1000224, 254, 10, 0
2245, 6, 256, 532, 0, 0, 62.41%, 6, 0, 8, 425.59, 1002430, 254, 10, 0
2250, 6, 61, 532, 0, 0, 62.41%, 6, 0, 8, 446.13, 1004696, 254, 10, 0
2255, 6, 69, 532, 0, 0, 62.41%, 6, 0, 8, 461.66, 1007131, 254, 10, 0
2260, 6, 3, 532, 0, 0, 62.41%, 6, 0, 8, 424.00, 1009202, 254, 10, 0
2265, 6, 523, 533, 1, 0, 62.41%, 6, 0, 8, 468.31, 1011524, 254, 10, 0
2270, 6, 82, 533, 1, 0, 62.41%, 6, 0, 8, 477.53, 1013959, 254, 10, 0
2275, 6, 351, 533, 1, 0, 62.41%, 6, 0, 8, 458.73, 1016268, 254, 10, 0
2280, 6, 532, 533, 1, 0, 62.41%, 6, 0, 8, 471.34, 1018629, 254, 10, 0
2286, 6, 342, 533, 0, 0, 62.41%, 6, 0, 8, 482.32, 1021112, 254, 10, 0
2291, 6, 180, 533, 0, 0, 62.41%, 6, 0, 8, 439.91, 1023301, 254, 10, 0
2296, 6, 69, 533, 0, 0, 62.41%, 6, 0, 8, 446.00, 1025606, 254, 10, 0
2301, 6, 456, 533, 0, 0, 62.41%, 6, 0, 8, 457.25, 1027943, 254, 11, 0
2306, 6, 61, 533, 0, 0, 62.41%, 6, 0, 8, 451.53, 1030248, 254, 11, 0
2311, 6, 469, 533, 0, 0, 62.41%, 6, 0, 8, 444.52, 1032510, 254, 11, 0
2316, 6, 520, 533, 0, 0, 62.41%, 6, 0, 8, 441.65, 1034793, 254, 11, 0
2321, 6, 464, 533, 0, 0, 62.41%, 6, 0, 8, 451.72, 1037047, 254, 11, 0
2326, 6, 325, 533, 0, 0, 62.41%, 6, 0, 8, 427.07, 1039270, 254, 11, 0
2331, 6, 518, 533, 0, 0, 62.41%, 6, 0, 8, 425.22, 1041380, 254, 11, 0
2336, 6, 256, 533, 0, 0, 62.41%, 7, 0, 8, 465.40, 1043835, 254, 12, 0
2342, 6, 362, 533, 0, 0, 62.41%, 7, 0, 8, 455.41, 1046118, 254, 12, 0
2347, 6, 486, 533, 0, 0, 62.41%, 7, 0, 8, 457.23, 1048400, 254, 12, 0
2352, 6, 322, 533, 0, 0, 62.41%, 7, 0, 8, 452.02, 1050636, 254, 12, 0
2357, 6, 312, 533, 0, 0, 62.41%, 7, 0, 8, 465.23, 1052895, 254, 12, 0
2362, 6, 392, 533, 0, 0, 62.41%, 7, 0, 8, 439.90, 1055145, 254, 12, 0
2367, 6, 348, 533, 0, 0, 62.41%, 7, 0, 8, 462.20, 1057510, 254, 12, 0
2372, 6, 487, 533, 0, 0, 62.41%, 7, 0, 8, 423.58, 1059618, 254, 12, 0
2377, 7, 353, 533, 0, 0, 62.41%, 7, 0, 8, 418.18, 1061875, 254, 12, 0
2382, 7, 520, 533, 0, 0, 62.41%, 7, 0, 8, 449.38, 1064115, 254, 12, 0
2387, 7, 520, 533, 0, 0, 62.41%, 7, 0, 8, 451.24, 1066414, 254, 12, 0
2392, 7, 510, 533, 0, 0, 62.41%, 7, 0, 8, 446.71, 1068664, 254, 12, 0
2397, 7, 57, 533, 0, 0, 62.41%, 7, 0, 8, 420.38, 1070833, 254, 12, 0
2402, 7, 368, 533, 0, 0, 62.41%, 7, 0, 8, 444.92, 1073038, 254, 12, 0
2407, 7, 15, 534, 1, 0, 62.41%, 7, 0, 8, 442.08, 1075293, 254, 12, 0
2413, 7, 67, 534, 1, 0, 62.41%, 7, 0, 8, 436.38, 1077458, 254, 12, 0
2418, 7, 471, 534, 1, 0, 62.41%, 7, 0, 8, 458.35, 1079815, 254, 12, 0
2423, 7, 461, 534, 0, 0, 62.41%, 7, 0, 8, 428.34, 1081902, 254, 12, 0
2428, 7, 464, 534, 0, 0, 62.41%, 7, 0, 8, 435.72, 1084123, 254, 12, 0
2433, 7, 487, 534, 0, 0, 62.41%, 7, 0, 8, 450.72, 1086364, 254, 12, 0
2438, 7, 215, 534, 0, 0, 62.41%, 7, 0, 8, 429.27, 1088523, 254, 12, 0
2443, 7, 215, 534, 0, 0, 62.41%, 7, 0, 8, 407.75, 1090601, 254, 12, 0
2448, 7, 469, 534, 0, 0, 62.41%, 7, 0, 8, 445.93, 1092929, 254, 12, 0
2453, 7, 368, 534, 0, 0, 62.41%, 7, 0, 8, 466.63, 1095294, 254, 12, 0
2458, 7, 215, 534, 0, 0, 62.41%, 7, 0, 8, 434.36, 1097491, 254, 12, 0
2463, 7, 170, 534, 0, 0, 62.41%, 7, 0, 8, 453.08, 1099818, 254, 12, 0
2468, 7, 274, 534, 0, 0, 62.41%, 7, 0, 8, 461.98, 1102091, 254, 12, 0
2473, 7, 301, 534, 0, 0, 62.41%, 7, 0, 8, 441.83, 1104257, 254, 12, 0
2478, 7, 143, 534, 0, 0, 62.41%, 7, 0, 8, 428.32, 1106395, 254, 12, 0
2483, 7, 104, 534, 0, 0, 62.41%, 7, 0, 8, 436.53, 1108605, 254, 12, 0
2489, 7, 485, 534, 0, 0, 62.41%, 7, 0, 8, 451.99, 1110973, 254, 12, 0
2494, 7, 393, 534, 0, 0, 62.41%, 7, 0, 8, 458.79, 1113242, 254, 12, 0
2499, 7, 523, 534, 0, 0, 62.41%, 7, 0, 8, 450.78, 1115524, 254, 12, 0
2504, 7, 143, 534, 0, 0, 62.41%, 7, 0, 8, 440.33, 1117828, 254, 12, 0
2509, 7, 526, 534, 0, 0, 62.41%, 7, 0, 8, 449.25, 1120124, 254, 13, 0
2514, 7, 518, 534, 0, 0, 62.41%, 7, 0, 8, 423.94, 1122268, 254, 13, 0
2519, 7, 187, 534, 0, 0, 62.41%, 7, 0, 8, 441.04, 1124532, 254, 13, 0
2524, 7, 470, 534, 0, 0, 62.41%, 7, 0, 8, 442.79, 1126715, 254, 13, 0
2529, 7, 487, 534, 0, 0, 62.41%, 7, 0, 8, 436.02, 1128916, 254, 13, 0
2534, 7, 61, 534, 0, 0, 62.41%, 7, 0, 8, 440.52, 1131171, 254, 13, 0
2539, 7, 234, 534, 0, 0, 62.41%, 7, 0, 8, 435.97, 1133375, 254, 13, 0
2544, 7, 393, 534, 0, 0, 62.41%, 7, 0, 8, 438.24, 1135605, 254, 13, 0
2549, 8, 351, 535, 1, 0, 62.41%, 7, 0, 8, 433.59, 1137822, 254, 13, 0
2554, 8, 301, 535, 1, 0, 62.41%, 7, 0, 8, 453.08, 1140123, 254, 13, 0
2559, 8, 167, 535, 1, 0, 62.41%, 7, 0, 8, 466.36, 1142424, 254, 13, 0
2565, 8, 471, 535, 1, 0, 62.41%, 8, 0, 8, 431.73, 1144590, 254, 14, 0
2570, 8, 189, 535, 1, 0, 62.41%, 8, 0, 8, 423.79, 1146751, 254, 14, 0
2575, 8, 487, 535, 1, 0, 62.41%, 8, 0, 8, 444.37, 1148954, 254, 14, 0
2580, 8, 292, 535, 1, 0, 62.41%, 8, 0, 8, 440.33, 1151159, 254, 14, 0
2585, 8, 215, 535, 1, 0, 62.41%, 8, 0, 8, 441.55, 1153340, 254, 14, 0
2590, 8, 427, 535, 0, 0, 62.41%, 8, 0, 8, 416.20, 1155464, 254, 14, 0
2595, 8, 338, 536, 1, 0, 62.41%, 8, 0, 8, 435.20, 1157769, 254, 14, 0
2600, 8, 3, 536, 1, 0, 62.41%, 8, 0, 8, 459.13, 1160105, 254, 14, 0
2605, 8, 487, 536, 0, 0, 62.41%, 8, 0, 8, 453.35, 1162392, 254, 14, 0
2610, 8, 487, 536, 0, 0, 62.41%, 8, 0, 8, 442.51, 1164590, 254, 14, 0
2615, 8, 264, 536, 0, 0, 62.41%, 8, 0, 8, 447.81, 1166816, 254, 14, 0
2621, 8, 358, 536, 0, 0, 62.41%, 8, 0, 8, 451.91, 1169133, 254, 14, 0
2626, 8, 351, 536, 0, 0, 62.41%, 8, 0, 8, 452.51, 1171514, 254, 14, 0
2631, 8, 73, 536, 0, 0, 62.41%, 8, 0, 8, 464.40, 1173847, 254, 14, 0
2636, 8, 530, 536, 0, 0, 62.41%, 8, 0, 8, 461.43, 1176274, 254, 14, 0
2641, 8, 263, 536, 0, 0, 62.41%, 8, 0, 8, 463.04, 1178625, 254, 14, 0
2646, 8, 338, 536, 0, 0, 62.41%, 8, 0, 8, 448.72, 1180832, 254, 14, 0
2651, 8, 518, 536, 0, 0, 62.41%, 8, 0, 8, 461.43, 1183117, 254, 14, 0
2657, 8, 15, 536, 0, 0, 62.41%, 8, 0, 8, 443.43, 1185334, 254, 14, 0
2662, 8, 346, 536, 0, 0, 62.41%, 8, 0, 8, 423.84, 1187494, 254, 14, 0
2667, 8, 427, 536, 0, 0, 62.41%, 8, 0, 8, 440.64, 1189719, 254, 14, 0
2672, 8, 487, 536, 0, 0, 62.41%, 8, 0, 8, 437.72, 1191914, 254, 14, 0
2677, 8, 321, 536, 0, 0, 62.41%, 8, 0, 8, 427.34, 1194087, 254, 14, 0
2682, 8, 487, 536, 0, 0, 62.41%, 8, 0, 8, 422.67, 1196238, 254, 14, 0
2687, 8, 205, 536, 0, 0, 62.41%, 8, 0, 8, 423.92, 1198382, 254, 14, 0
2692, 8, 264, 536, 0, 0, 62.41%, 8, 0, 8, 427.65, 1200584, 254, 14, 0
2697, 8, 504, 536, 0, 0, 62.41%, 8, 0, 8, 441.10, 1202847, 254, 14, 0
2702, 8, 69, 536, 0, 0, 62.41%, 8, 0, 8, 445.71, 1205165, 254, 14, 0
2707, 8, 312, 536, 0, 0, 62.41%, 8, 0, 8, 439.32, 1207338, 254, 14, 0
2712, 8, 519, 536, 0, 0, 62.41%, 8, 0, 8, 442.05, 1209522, 254, 14, 0
2717, 8, 372, 536, 0, 0, 62.41%, 8, 0, 8, 453.24, 1211839, 254, 14, 0
2722, 8, 354, 536, 0, 0, 62.41%, 8, 0, 8, 451.40, 1214125, 254, 14, 0
2727, 8, 487, 536, 0, 0, 62.41%, 8, 0, 8, 440.96, 1216330, 254, 14, 0
2732, 8, 349, 536, 0, 0, 62.41%, 8, 0, 8, 435.47, 1218505, 254, 14, 0
2737, 9, 384, 536, 0, 0, 62.41%, 8, 0, 8, 442.68, 1220776, 254, 14, 0
2742, 9, 60, 536, 0, 0, 62.41%, 8, 0, 8, 456.33, 1223112, 254, 14, 0
2748, 9, 3, 536, 0, 0, 62.41%, 8, 0, 8, 458.13, 1225462, 254, 14, 0
2753, 9, 324, 536, 0, 0, 62.41%, 8, 0, 8, 414.49, 1227604, 254, 14, 0
2758, 9, 65, 536, 0, 0, 62.41%, 8, 0, 8, 452.86, 1229950, 254, 14, 0
2763, 9, 416, 536, 0, 0, 62.41%, 8, 0, 8, 446.49, 1232204, 254, 14, 0
2768, 9, 372, 536, 0, 0, 62.41%, 8, 0, 8, 434.18, 1234356, 254, 14, 0
2773, 9, 485, 536, 0, 0, 62.41%, 8, 0, 8, 435.83, 1236545, 254, 14, 0
2778, 9, 14, 536, 0, 0, 62.41%, 8, 0, 8, 445.36, 1238716, 254, 14, 0
2783, 9, 348, 536, 0, 0, 62.41%, 8, 0, 8, 474.12, 1241115, 254, 14, 0
2788, 9, 234, 536, 0, 0, 62.41%, 8, 0, 8, 473.84, 1243509, 254, 14, 0
2793, 9, 526, 536, 0, 0, 62.41%, 8, 0, 8, 446.45, 1245731, 254, 14, 0
2798, 9, 212, 536, 0, 0, 62.41%, 8, 0, 8, 432.03, 1247911, 254, 14, 0
2803, 9, 362, 536, 0, 0, 62.41%, 8, 0, 8, 424.17, 1250030, 254, 14, 0
2808, 9, 215, 536, 0, 0, 62.41%, 8, 0, 8, 448.08, 1252382, 254, 14, 0
2813, 9, 64, 536, 0, 0, 62.41%, 8, 0, 8, 427.92, 1254538, 254, 14, 0
2818, 9, 518, 536, 0, 0, 62.41%, 8, 0, 8, 417.90, 1256771, 254, 14, 0
2823, 9, 11, 536, 0, 0, 62.41%, 8, 0, 8, 443.05, 1259010, 254, 14, 0
2828, 9, 351, 536, 0, 0, 62.41%, 8, 0, 8, 461.12, 1261330, 254, 14, 0
2833, 9, 61, 536, 0, 0, 62.41%, 8, 0, 8, 446.62, 1263560, 254, 14, 0
2839, 9, 10, 536, 0, 0, 62.41%, 8, 0, 8, 459.74, 1265907, 254, 14, 0
2844, 9, 234, 536, 0, 0, 62.41%, 8, 0, 8, 466.32, 1268233, 254, 14, 0
2849, 9, 348, 536, 0, 0, 62.41%, 8, 0, 8, 450.76, 1270566, 254, 14, 0
2854, 9, 348, 536, 0, 0, 62.41%, 8, 0, 8, 488.46, 1273014, 254, 14, 0
2859, 9, 121, 536, 0, 0, 62.41%, 8, 0, 8, 449.90, 1275335, 254, 14, 0
2864, 9, 166, 536, 0, 0, 62.41%, 8, 0, 8, 462.91, 1277739, 254, 14, 0
2869, 9, 351, 536, 0, 0, 62.41%, 8, 0, 8, 415.84, 1279767, 254, 14, 0
2874, 9, 242, 536, 0, 0, 62.41%, 8, 0, 8, 448.60, 1282046, 254, 14, 0
2879, 9, 312, 536, 0, 0, 62.41%, 8, 0, 8, 477.88, 1284434, 254, 14, 0
2884, 9, 338, 536, 0, 0, 62.41%, 8, 0, 8, 441.05, 1286628, 254, 14, 0
2889, 9, 234, 536, 0, 0, 62.41%, 8, 0, 8, 454.70, 1288989, 254, 14, 0
2894, 9, 338, 536, 0, 0, 62.41%, 8, 0, 8, 450.57, 1291259, 254, 14, 0
2900, 9, 526, 536, 0, 0, 62.41%, 8, 0, 8, 441.84, 1293522, 254, 14, 0
2905, 9, 215, 536, 0, 0, 62.41%, 8, 0, 8, 434.12, 1295718, 254, 14, 0
2910, 10, 312, 536, 0, 0, 62.41%, 8, 0, 8, 451.31, 1298021, 254, 14, 0
2915, 10, 526, 536, 0, 0, 62.41%, 8, 0, 8, 437.15, 1300197, 254, 14, 0
2920, 10, 420, 536, 0, 0, 62.41%, 8, 0, 8, 455.30, 1302539, 254, 14, 0
2925, 10, 353, 536, 0, 0, 62.41%, 8, 0, 8, 474.27, 1304893, 254, 15, 0
2930, 10, 31, 536, 0, 0, 62.41%, 8, 0, 8, 449.48, 1307226, 254, 15, 0
2935, 10, 427, 536, 0, 0, 62.41%, 8, 0, 8, 444.69, 1309465, 254, 15, 0
2940, 10, 427, 536, 0, 0, 62.41%, 8, 0, 8, 442.09, 1311670, 254, 16, 0
2945, 10, 451, 536, 0, 0, 62.41%, 8, 0, 8, 436.73, 1313962, 254, 16, 0
2950, 10, 387, 536, 0, 0, 62.41%, 8, 0, 8, 440.30, 1316210, 254, 16, 0
2955, 10, 98, 536, 0, 0, 62.41%, 8, 0, 8, 432.21, 1318379, 254, 16, 0
2961, 10, 338, 536, 0, 0, 62.41%, 8, 0, 8, 442.45, 1320730, 254, 16, 0
2966, 10, 461, 536, 0, 0, 62.41%, 8, 0, 8, 437.51, 1322954, 254, 16, 0
2971, 10, 393, 536, 0, 0, 62.41%, 8, 0, 8, 464.79, 1325278, 254, 16, 0
2976, 10, 317, 536, 0, 0, 62.41%, 8, 0, 8, 446.07, 1327484, 254, 16, 0
2981, 10, 392, 536, 0, 0, 62.41%, 8, 0, 8, 438.26, 1329716, 254, 16, 0
2986, 10, 358, 536, 0, 0, 62.41%, 8, 0, 8, 452.02, 1332058, 254, 16, 0
2991, 10, 306, 536, 0, 0, 62.41%, 8, 0, 8, 452.57, 1334306, 254, 16, 0
2996, 10, 338, 536, 0, 0, 62.41%, 8, 0, 8, 432.11, 1336493, 254, 16, 0
3001, 10, 487, 536, 0, 0, 62.41%, 8, 0, 8, 439.78, 1338689, 254, 16, 0
3006, 10, 487, 536, 0, 0, 62.41%, 8, 0, 8, 436.24, 1340894, 254, 16, 0
3011, 10, 61, 536, 0, 0, 62.41%, 8, 0, 8, 441.26, 1343132, 254, 16, 0
3016, 10, 143, 536, 0, 0, 62.41%, 8, 0, 8, 438.22, 1345429, 254, 16, 0
3022, 10, 187, 536, 0, 0, 62.41%, 8, 0, 8, 459.69, 1347818, 254, 16, 0
3027, 10, 137, 536, 0, 0, 62.41%, 8, 0, 8, 454.34, 1350061, 254, 16, 0
3032, 10, 215, 536, 0, 0, 62.41%, 8, 0, 8, 413.21, 1352108, 254, 16, 0
3037, 10, 215, 536, 0, 0, 62.41%, 8, 0, 8, 436.68, 1354360, 254, 16, 0
3042, 10, 70, 536, 0, 0, 62.41%, 8, 0, 8, 429.07, 1356501, 254, 16, 0
3047, 10, 459, 536, 0, 0, 62.41%, 8, 0, 8, 450.61, 1358708, 254, 16, 0
3052, 10, 487, 536, 0, 0, 62.41%, 8, 0, 8, 442.66, 1360983, 254, 16, 0
3057, 10, 456, 536, 0, 0, 62.41%, 8, 0, 8, 442.59, 1363186, 254, 16, 0
3062, 10, 353, 536, 0, 0, 62.41%, 8, 0, 8, 443.67, 1365417, 254, 16, 0
3067, 10, 312, 536, 0, 0, 62.41%, 8, 0, 8, 429.00, 1367666, 254, 16, 0
3072, 10, 104, 536, 0, 0, 62.41%, 8, 0, 8, 447.96, 1369951, 254, 16, 0
3077, 10, 523, 536, 0, 0, 62.41%, 8, 0, 8, 443.28, 1372134, 254, 16, 0
3082, 10, 520, 536, 0, 0, 62.41%, 8, 0, 8, 426.29, 1374308, 254, 16, 0
3087, 11, 14, 536, 0, 0, 62.41%, 8, 0, 8, 469.66, 1376707, 254, 16, 0
3092, 11, 388, 536, 0, 0, 62.41%, 8, 0, 8, 444.99, 1378963, 254, 16, 0
3098, 11, 348, 536, 0, 0, 62.41%, 8, 0, 8, 461.91, 1381318, 254, 16, 0
3103, 11, 312, 536, 0, 0, 62.41%, 8, 0, 8, 439.80, 1383532, 254, 16, 0
3108, 11, 359, 536, 0, 0, 62.41%, 8, 0, 8, 472.11, 1385966, 254, 17, 0
3113, 11, 504, 536, 0, 0, 62.41%, 8, 0, 8, 479.23, 1388334, 254, 17, 0
3118, 11, 487, 536, 0, 0, 62.41%, 8, 0, 8, 446.99, 1390484, 254, 17, 0
3123, 11, 518, 536, 0, 0, 62.41%, 8, 0, 8, 483.86, 1392950, 254, 17, 0
3128, 11, 215, 536, 0, 0, 62.41%, 8, 0, 8, 437.76, 1395098, 254, 17, 0
3133, 11, 312, 536, 0, 0, 62.41%, 8, 0, 8, 441.01, 1397336, 254, 17, 0
3138, 11, 437, 536, 0, 0, 62.41%, 8, 0, 8, 438.86, 1399529, 254, 17, 0
3143, 11, 351, 536, 0, 0, 62.41%, 8, 0, 8, 430.87, 1401787, 254, 18, 0
3149, 11, 0, 536, 0, 0, 62.41%, 8, 0, 8, 594.40, 1403716, 254, 18, 0
3154, 11, 15, 536, 0, 0, 62.41%, 8, 0, 8, 510.33, 1406165, 254, 18, 0
3159, 11, 215, 536, 0, 0, 62.41%, 8, 0, 8, 459.75, 1408437, 254, 18, 0
3164, 11, 233, 536, 0, 0, 62.41%, 8, 0, 8, 467.04, 1410786, 254, 19, 0
3169, 11, 393, 536, 0, 0, 62.41%, 8, 0, 8, 482.72, 1413184, 254, 19, 0
3174, 11, 160, 536, 0, 0, 62.41%, 8, 0, 8, 438.98, 1415399, 254, 19, 0
3179, 11, 487, 536, 0, 0, 62.41%, 8, 0, 8, 448.20, 1417633, 254, 19, 0
3184, 11, 312, 536, 0, 0, 62.41%, 8, 0, 8, 464.94, 1419953, 254, 19, 0
3189, 11, 156, 536, 0, 0, 62.41%, 8, 0, 8, 442.91, 1422163, 254, 19, 0
3194, 11, 518, 536, 0, 0, 62.41%, 8, 0, 8, 466.77, 1424628, 254, 19, 0
3199, 11, 469, 536, 0, 0, 62.41%, 8, 0, 8, 443.42, 1426810, 254, 19, 0
3204, 11, 534, 536, 0, 0, 62.41%, 8, 0, 8, 471.90, 1429225, 254, 19, 0
3209, 11, 517, 536, 0, 0, 62.41%, 8, 0, 8, 455.00, 1431509, 254, 19, 0
3215, 11, 121, 536, 0, 0, 62.41%, 8, 0, 8, 429.75, 1433648, 254, 19, 0
3220, 11, 312, 536, 0, 0, 62.41%, 8, 0, 8, 425.90, 1435786, 254, 19, 0
3225, 11, 519, 536, 0, 0, 62.41%, 8, 0, 8, 462.29, 1438154, 254, 19, 0
3230, 11, 486, 536, 0, 0, 62.41%, 8, 0, 8, 461.42, 1440476, 254, 19, 0
3235, 11, 260, 536, 0, 0, 62.41%, 8, 0, 8, 445.91, 1442748, 254, 19, 0
3240, 11, 487, 536, 0, 0, 62.41%, 8, 0, 8, 442.09, 1445059, 254, 19, 0
3245, 11, 487, 536, 0, 0, 62.41%, 8, 0, 8, 452.66, 1447352, 254, 19, 0
3250, 11, 493, 536, 0, 0, 62.41%, 8, 0, 8, 436.92, 1449536, 254, 19, 0
3255, 11, 270, 536, 0, 0, 62.41%, 8, 0, 8, 438.50, 1451794, 254, 19, 0
3260, 12, 523, 536, 0, 0, 62.41%, 8, 0, 8, 446.42, 1454068, 254, 19, 0
3265, 12, 464, 536, 0, 0, 62.41%, 8, 0, 8, 432.35, 1456307, 254, 19, 0
3270, 12, 301, 536, 0, 0, 62.41%, 8, 0, 8, 443.66, 1458490, 254, 19, 0
3275, 12, 120, 536, 0, 0, 62.41%, 8, 0, 8, 448.24, 1460735, 254, 19, 0
3281, 12, 282, 536, 0, 0, 62.41%, 8, 0, 8, 438.97, 1462916, 254, 19, 0
3286, 12, 353, 536, 0, 0, 62.41%, 8, 0, 8, 442.31, 1465087, 254, 19, 0
3291, 12, 215, 536, 0, 0, 62.41%, 8, 0, 8, 429.29, 1467340, 254, 19, 0
3296, 12, 120, 536, 0, 0, 62.41%, 8, 0, 8, 459.06, 1469707, 254, 19, 0
3301, 12, 351, 536, 0, 0, 62.41%, 8, 0, 8, 451.24, 1471975, 254, 19, 0
3306, 12, 338, 536, 0, 0, 62.41%, 8, 0, 8, 437.95, 1474211, 254, 19, 0
3311, 12, 207, 536, 0, 0, 62.41%, 8, 0, 8, 448.98, 1476494, 254, 19, 0
3316, 12, 306, 536, 0, 0, 62.41%, 8, 0, 8, 451.87, 1478727, 254, 19, 0
3321, 12, 256, 536, 0, 0, 62.41%, 8, 0, 8, 476.07, 1481126, 254, 20, 0
3326, 12, 348, 536, 0, 0, 62.41%, 8, 0, 8, 454.93, 1483495, 254, 20, 0
3331, 12, 471, 536, 0, 0, 62.41%, 8, 0, 8, 423.73, 1485615, 254, 20, 0
3336, 12, 86, 536, 0, 0, 62.41%, 8, 0, 8, 462.38, 1487933, 254, 20, 0
3341, 12, 251, 536, 0, 0, 62.41%, 8, 0, 8, 434.71, 1490152, 254, 20, 0
3346, 12, 312, 536, 0, 0, 62.41%, 8, 0, 8, 460.03, 1492559, 254, 20, 0
3352, 12, 353, 536, 0, 0, 62.41%, 8, 0, 8, 436.28, 1494712, 254, 20, 0
3357, 12, 451, 536, 0, 0, 62.41%, 8, 0, 8, 424.78, 1496910, 254, 20, 0
3362, 12, 451, 536, 0, 0, 62.41%, 8, 0, 8, 452.40, 1499235, 254, 20, 0
3367, 12, 461, 536, 0, 0, 62.41%, 8, 0, 8, 446.75, 1501473, 254, 20, 0
3372, 12, 15, 536, 0, 0, 62.41%, 8, 0, 8, 433.54, 1503678, 254, 20, 0
3377, 12, 464, 536, 0, 0, 62.41%, 8, 0, 8, 466.90, 1506049, 254, 20, 0
3382, 12, 427, 536, 0, 0, 62.41%, 8, 0, 8, 462.73, 1508423, 254, 20, 0
3387, 12, 487, 536, 0, 0, 62.41%, 8, 0, 8, 430.05, 1510593, 254, 20, 0
3392, 12, 317, 536, 0, 0, 62.41%, 8, 0, 8, 453.71, 1513016, 254, 20, 0
3397, 12, 461, 536, 0, 0, 62.41%, 8, 0, 8, 418.42, 1515130, 254, 20, 0
3402, 12, 470, 536, 0, 0, 62.41%, 8, 0, 8, 444.74, 1517384, 254, 20, 0
3407, 12, 69, 536, 0, 0, 62.41%, 8, 0, 8, 445.77, 1519673, 254, 20, 0
3412, 12, 486, 536, 0, 0, 62.41%, 8, 0, 8, 431.29, 1521865, 254, 20, 0
3417, 12, 310, 536, 0, 0, 62.41%, 8, 0, 8, 429.08, 1524067, 254, 20, 0
3423, 12, 530, 536, 0, 0, 62.41%, 8, 0, 8, 457.26, 1526438, 254, 20, 0
3428, 12, 155, 536, 0, 0, 62.41%, 8, 0, 8, 438.59, 1528644, 254, 20, 0
3433, 12, 470, 536, 0, 0, 62.41%, 8, 0, 8, 473.92, 1531078, 254, 21, 0
3438, 13, 543, 545, 9, 1, 63.64%, 8, 0, 8, 468.75, 1533447, 259, 21, 0
3443, 13, 543, 545, 8, 0, 63.64%, 8, 0, 8, 435.71, 1535607, 259, 21, 0
3448, 13, 541, 545, 8, 0, 63.64%, 8, 0, 8, 444.10, 1537828, 259, 21, 0
3453, 13, 362, 545, 7, 0, 63.64%, 8, 0, 8, 450.63, 1540063, 259, 21, 0
3458, 13, 69, 545, 6, 0, 63.64%, 8, 0, 8, 473.81, 1542455, 259, 21, 0
3463, 13, 532, 545, 5, 0, 63.64%, 8, 0, 8, 473.51, 1544861, 259, 21, 0
3468, 13, 256, 545, 4, 0, 63.64%, 8, 0, 8, 484.01, 1547384, 259, 21, 0
3473, 13, 104, 545, 4, 0, 63.64%, 8, 0, 8, 480.23, 1549801, 259, 22, 0
3478, 13, 451, 545, 3, 0, 63.64%, 8, 0, 8, 449.52, 1552091, 259, 22, 0
3484, 13, 351, 545, 3, 0, 63.64%, 8, 0, 8, 456.21, 1554399, 259, 22, 0
3489, 13, 234, 545, 3, 0, 63.64%, 8, 0, 8, 447.43, 1556599, 259, 22, 0
3494, 13, 493, 545, 3, 0, 63.64%, 8, 0, 8, 462.23, 1558968, 259, 22, 0
3499, 13, 312, 545, 3, 0, 63.64%, 8, 0, 8, 451.18, 1561251, 259, 22, 0
3504, 13, 353, 545, 3, 0, 63.64%, 8, 0, 8, 444.12, 1563481, 259, 22, 0
3509, 13, 434, 546, 3, 0, 63.88%, 8, 0, 8, 462.68, 1565838, 260, 22, 0
3514, 13, 425, 547, 4, 0, 63.88%, 8, 0, 8, 456.37, 1568171, 260, 22, 0
3519, 13, 301, 547, 4, 0, 63.88%, 8, 0, 8, 445.46, 1570365, 260, 22, 0
3524, 13, 486, 547, 4, 0, 63.88%, 8, 0, 8, 447.61, 1572684, 260, 22, 0
3529, 13, 256, 547, 4, 0, 63.88%, 8, 0, 8, 460.35, 1574998, 260, 22, 0
3534, 13, 543, 547, 4, 0, 63.88%, 8, 0, 8, 440.17, 1577231, 260, 23, 0
3539, 13, 543, 547, 4, 0, 63.88%, 8, 0, 8, 429.90, 1579405, 260, 23, 0
3544, 13, 471, 547, 4, 0, 63.88%, 8, 0, 8, 449.62, 1581671, 260, 23, 0
3549, 13, 510, 547, 3, 0, 63.88%, 8, 0, 8, 460.37, 1584026, 260, 23, 0
3554, 13, 348, 547, 2, 0, 63.88%, 8, 0, 8, 459.86, 1586338, 260, 23, 0
3560, 13, 358, 547, 2, 0, 63.88%, 8, 0, 8, 452.57, 1588583, 260, 23, 0
3565, 13, 485, 547, 2, 0, 63.88%, 8, 0, 8, 434.25, 1590786, 260, 23, 0
3570, 13, 333, 547, 2, 0, 63.88%, 8, 0, 8, 429.42, 1592932, 260, 23, 0
3575, 13, 351, 547, 2, 0, 63.88%, 8, 0, 8, 444.61, 1595165, 260, 23, 0
3580, 13, 487, 547, 2, 0, 63.88%, 8, 0, 8, 436.77, 1597443, 260, 28, 0
3585, 13, 332, 547, 2, 0, 63.88%, 8, 0, 8, 450.55, 1599708, 260, 29, 0
3590, 13, 523, 547, 2, 0, 63.88%, 8, 0, 8, 452.32, 1602005, 260, 29, 0
3595, 13, 469, 547, 2, 0, 63.88%, 8, 0, 8, 463.23, 1604336, 260, 29, 0
3600, 13, 464, 547, 2, 0, 63.88%, 8, 0, 8, 470.08, 1606695, 260, 29, 0
3605, 13, 215, 547, 2, 0, 63.88%, 8, 0, 8, 480.44, 1609107, 260, 30, 0
3610, 13, 105, 547, 2, 0, 63.88%, 8, 0, 8, 468.76, 1611502, 260, 30, 0
3615, 13, 226, 547, 2, 0, 63.88%, 8, 0, 8, 481.58, 1613912, 260, 30, 0
3620, 13, 538, 547, 2, 0, 63.88%, 8, 0, 8, 443.90, 1616123, 260, 30, 0
3625, 13, 523, 547, 1, 0, 63.88%, 8, 0, 8, 450.20, 1618431, 260, 30, 0
3630, 13, 215, 547, 1, 0, 63.88%, 8, 0, 8, 462.79, 1620810, 260, 30, 0
3635, 14, 486, 548, 2, 0, 63.88%, 8, 0, 8, 479.19, 1623240, 260, 30, 0
3640, 14, 3, 548, 2, 0, 63.88%, 8, 0, 8, 446.34, 1625479, 260, 30, 0
3645, 14, 306, 548, 2, 0, 63.88%, 8, 0, 8, 455.08, 1627762, 260, 30, 0
3650, 14, 312, 548, 2, 0, 63.88%, 8, 0, 8, 470.96, 1630084, 260, 30, 0
3656, 14, 485, 548, 2, 0, 63.88%, 8, 0, 8, 435.33, 1632249, 260, 30, 0
3661, 14, 543, 548, 2, 0, 63.88%, 8, 0, 8, 440.64, 1634479, 260, 30, 0
3666, 14, 149, 548, 2, 0, 63.88%, 8, 0, 8, 446.43, 1636756, 260, 30, 0
3671, 14, 518, 548, 2, 0, 63.88%, 8, 0, 8, 408.32, 1638749, 260, 30, 0
3676, 14, 338, 548, 2, 0, 63.88%, 8, 0, 8, 433.68, 1640937, 260, 30, 0
3681, 14, 464, 548, 1, 0, 63.88%, 8, 0, 8, 442.44, 1643136, 260, 30, 0
3686, 14, 143, 548, 1, 0, 63.88%, 8, 0, 8, 472.35, 1645450, 260, 30, 0
3691, 14, 40, 548, 1, 0, 63.88%, 8, 0, 8, 427.08, 1647557, 260, 30, 0
3696, 14, 392, 548, 1, 0, 63.88%, 8, 0, 8, 421.99, 1649696, 260, 30, 0
3701, 14, 462, 548, 1, 0, 63.88%, 8, 0, 8, 428.69, 1651810, 260, 30, 0
3706, 14, 486, 548, 1, 0, 63.88%, 8, 0, 8, 424.79, 1654006, 260, 30, 0
3711, 14, 547, 548, 1, 0, 63.88%, 8, 0, 8, 427.71, 1656210, 260, 30, 0
3716, 14, 456, 548, 1, 0, 63.88%, 8, 0, 8, 430.01, 1658401, 260, 30, 0
3721, 14, 234, 548, 1, 0, 63.88%, 8, 0, 8, 433.57, 1660591, 260, 30, 0
3726, 14, 40, 548, 1, 0, 63.88%, 8, 0, 8, 452.51, 1662854, 260, 30, 0
3731, 14, 169, 548, 0, 0, 63.88%, 8, 0, 8, 451.45, 1665141, 260, 30, 0
3736, 14, 485, 548, 0, 0, 63.88%, 8, 0, 8, 452.01, 1667426, 260, 31, 0
3741, 14, 81, 548, 0, 0, 63.88%, 8, 0, 8, 467.29, 1669867, 260, 31, 0
3747, 14, 485, 548, 0, 0, 63.88%, 9, 0, 8, 454.46, 1672143, 260, 32, 0
3752, 14, 61, 548, 0, 0, 63.88%, 9, 0, 8, 432.14, 1674286, 260, 34, 0
3757, 14, 469, 548, 0, 0, 63.88%, 9, 0, 8, 450.75, 1676545, 260, 34, 0
3762, 14, 143, 548, 0, 0, 63.88%, 9, 0, 8, 435.34, 1678733, 260, 34, 0
3767, 14, 464, 548, 0, 0, 63.88%, 9, 0, 8, 461.91, 1681084, 260, 34, 0
3772, 14, 361, 548, 0, 0, 63.88%, 9, 0, 8, 472.34, 1683377, 260, 34, 0
3777, 14, 312, 548, 0, 0, 63.88%, 9, 0, 8, 472.94, 1685688, 260, 34, 0
3782, 14, 301, 548, 0, 0, 63.88%, 9, 0, 8, 440.63, 1687886, 260, 34, 0
3787, 14, 362, 548, 0, 0, 63.88%, 9, 0, 8, 449.84, 1690104, 260, 34, 0
3792, 14, 15, 548, 0, 0, 63.88%, 9, 0, 8, 407.54, 1692189, 260, 34, 0
3797, 14, 146, 548, 0, 0, 63.88%, 9, 0, 8, 448.12, 1694447, 260, 34, 0
3802, 14, 348, 548, 0, 0, 63.88%, 9, 0, 8, 456.73, 1696737, 260, 35, 0
3807, 14, 267, 548, 0, 0, 63.88%, 9, 0, 8, 451.30, 1699012, 260, 35, 0
3812, 14, 330, 548, 0, 0, 63.88%, 9, 0, 8, 431.83, 1701157, 260, 35, 0
3817, 15, 358, 550, 2, 0, 63.88%, 9, 0, 8, 450.55, 1703456, 260, 35, 0
3822, 15, 26, 550, 2, 0, 63.88%, 9, 0, 8, 441.13, 1705693, 260, 35, 0
3827, 15, 306, 550, 2, 0, 63.88%, 9, 0, 8, 440.99, 1707943, 260, 35, 0
3833, 15, 520, 550, 2, 0, 63.88%, 9, 0, 8, 431.05, 1710152, 260, 35, 0
3838, 15, 506, 550, 2, 0, 63.88%, 9, 0, 8, 445.37, 1712536, 260, 35, 0
3843, 15, 61, 550, 1, 0, 63.88%, 9, 0, 8, 455.12, 1714800, 260, 36, 0
3848, 15, 487, 550, 1, 0, 63.88%, 9, 0, 8, 456.21, 1717066, 260, 36, 0
3853, 15, 487, 550, 1, 0, 63.88%, 9, 0, 8, 422.33, 1719216, 260, 36, 0
3858, 15, 306, 550, 1, 0, 63.88%, 9, 0, 8, 409.92, 1721339, 260, 36, 0
3863, 15, 451, 550, 1, 0, 63.88%, 9, 0, 8, 423.65, 1723450, 260, 36, 0
3868, 15, 487, 550, 1, 0, 63.88%, 9, 0, 8, 431.54, 1725654, 260, 36, 0
3873, 15, 487, 550, 1, 0, 63.88%, 9, 0, 8, 437.17, 1727934, 260, 36, 0
3878, 15, 543, 550, 1, 0, 63.88%, 9, 0, 8, 408.46, 1729975, 260, 36, 0
3884, 15, 351, 550, 1, 0, 63.88%, 9, 0, 8, 426.05, 1732273, 260, 36, 0
3889, 15, 471, 550, 1, 0, 63.88%, 9, 0, 8, 463.18, 1734740, 260, 36, 0
3894, 15, 487, 550, 1, 0, 63.88%, 9, 0, 8, 439.02, 1736960, 260, 36, 0
3899, 15, 464, 550, 1, 0, 63.88%, 9, 0, 8, 426.22, 1739097, 260, 36, 0
3904, 15, 69, 550, 1, 0, 63.88%, 9, 0, 8, 428.62, 1741250, 260, 36, 0
3909, 15, 490, 550, 1, 0, 63.88%, 9, 0, 8, 443.94, 1743487, 260, 36, 0
3914, 15, 549, 550, 1, 0, 63.88%, 9, 0, 8, 462.66, 1745935, 260, 36, 0
3919, 15, 301, 550, 0, 0, 63.88%, 9, 0, 8, 451.83, 1748193, 260, 36, 0
3924, 15, 358, 550, 0, 0, 63.88%, 9, 0, 8, 452.32, 1750460, 260, 36, 0
3929, 15, 536, 550, 0, 0, 63.88%, 9, 0, 8, 437.15, 1752632, 260, 36, 0
3934, 15, 234, 550, 0, 0, 63.88%, 9, 0, 8, 424.92, 1754825, 260, 36, 0
3939, 15, 543, 550, 0, 0, 63.88%, 9, 0, 8, 444.45, 1757168, 260, 36, 0
3944, 15, 338, 550, 0, 0, 63.88%, 9, 0, 8, 448.34, 1759423, 260, 36, 0
3950, 15, 487, 550, 0, 0, 63.88%, 9, 0, 8, 444.82, 1761646, 260, 36, 0
3955, 15, 295, 550, 0, 0, 63.88%, 9, 0, 8, 435.90, 1763847, 260, 36, 0
3960, 15, 394, 550, 0, 0, 63.88%, 9, 0, 8, 430.91, 1766045, 260, 36, 0
3965, 15, 306, 550, 0, 0, 63.88%, 9, 0, 8, 425.27, 1768208, 260, 36, 0
3970, 15, 362, 550, 0, 0, 63.88%, 9, 0, 8, 425.00, 1770293, 260, 36, 0
3975, 15, 543, 550, 0, 0, 63.88%, 9, 0, 8, 444.17, 1772608, 260, 36, 0
3980, 15, 268, 550, 0, 0, 63.88%, 9, 0, 8, 425.90, 1774741, 260, 36, 0
3985, 15, 215, 550, 0, 0, 63.88%, 9, 0, 8, 418.43, 1776809, 260, 36, 0
3990, 15, 215, 550, 0, 0, 63.88%, 9, 0, 8, 416.19, 1778936, 260, 36, 0
3995, 15, 273, 550, 0, 0, 63.88%, 9, 0, 8, 436.89, 1781175, 260, 36, 0
4000, 16, 551, 552, 2, 0, 63.88%, 9, 0, 8, 445.74, 1783431, 260, 36, 0
4005, 16, 464, 552, 1, 0, 63.88%, 9, 0, 8, 437.86, 1785587, 260, 36, 0
4010, 16, 215, 552, 1, 0, 63.88%, 9, 0, 8, 436.48, 1787803, 260, 36, 0
4015, 16, 372, 552, 1, 0, 63.88%, 9, 0, 8, 470.76, 1790206, 260, 36, 0
4020, 16, 114, 552, 1, 0, 63.88%, 9, 0, 8, 443.25, 1792404, 260, 36, 0
4025, 16, 215, 552, 1, 0, 63.88%, 9, 0, 8, 434.28, 1794584, 260, 36, 0
4030, 16, 420, 552, 1, 0, 63.88%, 9, 0, 8, 432.20, 1796759, 260, 36, 0
4036, 16, 550, 552, 1, 0, 63.88%, 9, 0, 8, 434.03, 1798980, 260, 36, 0
4041, 16, 393, 552, 0, 0, 63.88%, 9, 0, 8, 441.48, 1801172, 260, 36, 0
4046, 16, 308, 552, 0, 0, 63.88%, 9, 0, 8, 440.24, 1803417, 260, 36, 0
4051, 16, 116, 552, 0, 0, 63.88%, 9, 0, 8, 432.60, 1805586, 260, 36, 0
4056, 16, 215, 552, 0, 0, 63.88%, 9, 0, 8, 441.50, 1807861, 260, 36, 0
4061, 16, 301, 552, 0, 0, 63.88%, 9, 0, 8, 441.97, 1810060, 260, 36, 0
4066, 16, 348, 552, 0, 0, 63.88%, 9, 0, 8, 424.53, 1812171, 260, 36, 0
4071, 16, 353, 552, 0, 0, 63.88%, 9, 0, 8, 444.86, 1814391, 260, 36, 0
4076, 16, 215, 552, 0, 0, 63.88%, 9, 0, 8, 422.38, 1816529, 260, 36, 0
4081, 16, 543, 552, 0, 0, 63.88%, 9, 0, 8, 413.10, 1818638, 260, 36, 0
4086, 16, 273, 552, 0, 0, 63.88%, 9, 0, 8, 438.89, 1820882, 260, 36, 0
4091, 16, 543, 552, 0, 0, 63.88%, 9, 0, 8, 406.70, 1822889, 260, 38, 0
4096, 16, 530, 552, 0, 0, 63.88%, 9, 0, 8, 450.52, 1825192, 260, 38, 0
4101, 16, 338, 552, 0, 0, 63.88%, 9, 0, 8, 459.94, 1827544, 260, 38, 0
4106, 16, 487, 552, 0, 0, 63.88%, 9, 0, 8, 457.19, 1829834, 260, 38, 0
4111, 16, 543, 552, 0, 0, 63.88%, 9, 0, 8, 441.06, 1832067, 260, 38, 0
4116, 16, 256, 552, 0, 0, 63.88%, 9, 0, 8, 463.85, 1834421, 260, 38, 0
4121, 16, 61, 552, 0, 0, 63.88%, 9, 0, 8, 454.21, 1836699, 260, 41, 0
4126, 16, 348, 552, 0, 0, 63.88%, 9, 0, 8, 453.46, 1838896, 260, 41, 0
4132, 16, 486, 552, 0, 0, 63.88%, 9, 0, 8, 453.79, 1841159, 260, 41, 0
4137, 16, 306, 552, 0, 0, 63.88%, 9, 0, 8, 470.51, 1843516, 260, 42, 0
4142, 16, 61, 552, 0, 0, 63.88%, 9, 0, 8, 411.66, 1845646, 260, 42, 0
4147, 16, 420, 552, 0, 0, 63.88%, 9, 0, 8, 456.24, 1848074, 260, 42, 0
4152, 16, 215, 552, 0, 0, 63.88%, 9, 0, 8, 441.23, 1850307, 260, 42, 0
4157, 16, 75, 552, 0, 0, 63.88%, 9, 0, 8, 445.36, 1852562, 260, 42, 0
4162, 16, 215, 552, 0, 0, 63.88%, 9, 0, 8, 442.01, 1854815, 260, 42, 0
4167, 16, 504, 552, 0, 0, 63.88%, 9, 0, 8, 444.64, 1856991, 260, 42, 0
4172, 16, 338, 552, 0, 0, 63.88%, 9, 0, 8, 431.69, 1859201, 260, 42, 0
4177, 16, 523, 552, 0, 0, 63.88%, 9, 0, 8, 450.94, 1861493, 260, 42, 0
4182, 17, 523, 553, 1, 0, 63.88%, 9, 0, 8, 439.24, 1863701, 260, 42, 0
4187, 17, 504, 553, 1, 0, 63.88%, 9, 0, 8, 433.26, 1865880, 260, 42, 0
4193, 17, 182, 553, 1, 0, 63.88%, 9, 0, 8, 400.33, 1867906, 260, 42, 0
4198, 17, 487, 553, 1, 0, 63.88%, 9, 0, 8, 434.26, 1870168, 260, 43, 0
4203, 17, 158, 553, 1, 0, 63.88%, 9, 0, 8, 445.53, 1872443, 260, 43, 0
4208, 17, 69, 553, 1, 0, 63.88%, 9, 0, 8, 439.94, 1874658, 260, 43, 0
4213, 17, 487, 553, 1, 0, 63.88%, 9, 0, 8, 457.54, 1876981, 260, 43, 0
4218, 17, 215, 553, 1, 0, 63.88%, 9, 0, 8, 445.72, 1879236, 260, 43, 0
4223, 17, 362, 553, 1, 0, 63.88%, 9, 0, 8, 431.78, 1881446, 260, 44, 0
4228, 17, 143, 553, 1, 0, 63.88%, 9, 0, 8, 434.96, 1883700, 260, 44, 0
4233, 17, 338, 553, 1, 0, 63.88%, 9, 0, 8, 430.19, 1885891, 260, 44, 0
4238, 17, 221, 553, 0, 0, 63.88%, 9, 0, 8, 413.25, 1887954, 260, 44, 0
4243, 17, 362, 553, 0, 0, 63.88%, 9, 0, 8, 415.41, 1890022, 260, 44, 0
4248, 17, 351, 553, 0, 0, 63.88%, 9, 0, 8, 436.67, 1892222, 260, 44, 0
4253, 17, 385, 553, 0, 0, 63.88%, 9, 0, 8, 425.43, 1894356, 260, 44, 0
4258, 17, 15, 553, 0, 0, 63.88%, 9, 0, 8, 459.78, 1896646, 260, 44, 0
4263, 17, 312, 553, 0, 0, 63.88%, 9, 0, 8, 431.24, 1898753, 260, 44, 0
4269, 17, 459, 553, 0, 0, 63.88%, 9, 0, 8, 438.35, 1901066, 260, 44, 0
4274, 17, 241, 553, 0, 0, 63.88%, 9, 0, 8, 428.11, 1903207, 260, 44, 0
4279, 17, 488, 553, 0, 0, 63.88%, 9, 0, 8, 418.92, 1905342, 260, 44, 0
4284, 17, 213, 553, 0, 0, 63.88%, 9, 0, 8, 432.86, 1907484, 260, 44, 0
4289, 17, 487, 553, 0, 0, 63.88%, 9, 0, 8, 430.27, 1909650, 260, 44, 0
4294, 17, 232, 553, 0, 0, 63.88%, 9, 0, 8, 418.31, 1911793, 260, 44, 0
4299, 17, 486, 553, 0, 0, 63.88%, 9, 0, 8, 454.45, 1914123, 260, 44, 0
4304, 17, 523, 553, 0, 0, 63.88%, 9, 0, 8, 461.59, 1916400, 260, 44, 0
4309, 17, 264, 553, 0, 0, 63.88%, 9, 0, 8, 430.85, 1918585, 260, 44, 0
4314, 17, 530, 553, 0, 0, 63.88%, 9, 0, 8, 434.94, 1920751, 260, 44, 0
4319, 17, 216, 553, 0, 0, 63.88%, 10, 0, 8, 449.18, 1923063, 260, 45, 0
4324, 17, 485, 553, 0, 0, 63.88%, 10, 0, 8, 437.12, 1925211, 260, 45, 0
4329, 17, 518, 553, 0, 0, 63.88%, 10, 0, 8, 443.11, 1927466, 260, 45, 0
4335, 17, 487, 553, 0, 0, 63.88%, 10, 0, 8, 428.34, 1929703, 260, 46, 0
4340, 17, 388, 553, 0, 0, 63.88%, 10, 0, 8, 448.81, 1931954, 260, 46, 0
4345, 17, 487, 553, 0, 0, 63.88%, 10, 0, 8, 452.05, 1934272, 260, 46, 0
4350, 17, 348, 553, 0, 0, 63.88%, 10, 0, 8, 422.70, 1936359, 260, 46, 0
4355, 17, 461, 553, 0, 0, 63.88%, 10, 0, 8, 436.12, 1938531, 260, 46, 0
4360, 17, 215, 553, 0, 0, 63.88%, 10, 0, 8, 422.20, 1940624, 260, 46, 0
4365, 17, 348, 553, 0, 0, 63.88%, 10, 0, 8, 436.36, 1942802, 260, 46, 0
4370, 17, 14, 553, 0, 0, 63.88%, 11, 0, 8, 434.66, 1944942, 260, 47, 0
4375, 18, 487, 553, 0, 0, 63.88%, 11, 0, 8, 435.86, 1947158, 260, 47, 0
4380, 18, 434, 553, 0, 0, 63.88%, 11, 0, 8, 434.62, 1949381, 260, 47, 0
4385, 18, 520, 553, 0, 0, 63.88%, 11, 0, 8, 443.43, 1951599, 260, 47, 0
4390, 18, 312, 553, 0, 0, 63.88%, 11, 0, 8, 436.87, 1953818, 260, 47, 0
4395, 18, 100, 553, 0, 0, 63.88%, 11, 0, 8, 457.16, 1956107, 260, 47, 0
4400, 18, 312, 553, 0, 0, 63.88%, 12, 0, 8, 442.24, 1958307, 260, 49, 0
4405, 18, 348, 553, 0, 0, 63.88%, 12, 0, 8, 429.62, 1960462, 260, 49, 0
4410, 18, 312, 553, 0, 0, 63.88%, 12, 0, 8, 453.65, 1962742, 260, 49, 0
4415, 18, 529, 553, 0, 0, 63.88%, 12, 0, 8, 445.69, 1964999, 260, 49, 0
4420, 18, 121, 553, 0, 0, 63.88%, 12, 0, 8, 451.20, 1967276, 260, 49, 0
4425, 18, 427, 553, 0, 0, 63.88%, 12, 0, 8, 451.50, 1969571, 260, 49, 0
4430, 18, 348, 553, 0, 0, 63.88%, 12, 0, 8, 451.29, 1971783, 260, 49, 0
4435, 18, 537, 553, 0, 0, 63.88%, 12, 0, 8, 442.57, 1973949, 260, 50, 0
4440, 18, 485, 553, 0, 0, 63.88%, 12, 0, 8, 464.52, 1976287, 260, 50, 0
4445, 18, 209, 553, 0, 0, 63.88%, 12, 0, 8, 459.89, 1978613, 260, 50, 0
4451, 18, 451, 553, 0, 0, 63.88%, 12, 0, 8, 414.84, 1980663, 260, 50, 0
4456, 18, 48, 553, 0, 0, 63.88%, 12, 0, 8, 467.39, 1983018, 260, 50, 0
4461, 18, 362, 553, 0, 0, 63.88%, 12, 0, 8, 487.62, 1985490, 260, 50, 0
4466, 18, 520, 553, 0, 0, 63.88%, 12, 0, 8, 462.07, 1987830, 260, 50, 0
4471, 18, 12, 553, 0, 0, 63.88%, 12, 0, 8, 453.23, 1990094, 260, 50, 0
4476, 18, 464, 553, 0, 0, 63.88%, 12, 0, 8, 435.05, 1992289, 260, 50, 0
4481, 18, 312, 553, 0, 0, 63.88%, 12, 0, 8, 424.03, 1994472, 260, 50, 0
4486, 18, 158, 553, 0, 0, 63.88%, 12, 0, 8, 458.76, 1996814, 260, 50, 0
4491, 18, 143, 553, 0, 0, 63.88%, 12, 0, 8, 440.56, 1999064, 260, 51, 0
4496, 18, 338, 553, 0, 0, 63.88%, 12, 0, 8, 433.02, 2001291, 260, 51, 0
4501, 18, 61, 553, 0, 0, 63.88%, 12, 0, 8, 443.77, 2003541, 260, 51, 0
4506, 18, 464, 553, 0, 0, 63.88%, 12, 0, 8, 458.24, 2005824, 260, 51, 0
4511, 18, 61, 553, 0, 0, 63.88%, 12, 0, 8, 438.56, 2007993, 260, 51, 0
4516, 18, 306, 553, 0, 0, 63.88%, 12, 0, 8, 454.65, 2010294, 260, 51, 0
4521, 18, 152, 553, 0, 0, 63.88%, 12, 0, 8, 472.48, 2012664, 260, 51, 0
4526, 18, 464, 553, 0, 0, 63.88%, 12, 0, 8, 439.90, 2014906, 260, 51, 0
4531, 18, 504, 553, 0, 0, 63.88%, 12, 0, 8, 450.01, 2017158, 260, 51, 0
4536, 18, 362, 553, 0, 0, 63.88%, 12, 0, 8, 458.92, 2019490, 260, 51, 0
4542, 18, 312, 553, 0, 0, 63.88%, 12, 0, 8, 451.81, 2021794, 260, 51, 0
4547, 18, 146, 553, 0, 0, 63.88%, 12, 0, 8, 443.25, 2024032, 260, 51, 0
4552, 18, 451, 553, 0, 0, 63.88%, 12, 0, 8, 438.18, 2026293, 260, 51, 0
4557, 18, 100, 553, 0, 0, 63.88%, 12, 0, 8, 452.62, 2028582, 260, 51, 0
4562, 19, 11, 553, 0, 0, 63.88%, 12, 0, 8, 450.78, 2030822, 260, 51, 0
4567, 19, 353, 553, 0, 0, 63.88%, 12, 0, 8, 418.31, 2032880, 260, 51, 0
4572, 19, 333, 553, 0, 0, 63.88%, 12, 0, 8, 439.85, 2035098, 260, 52, 0
4577, 19, 61, 553, 0, 0, 63.88%, 12, 0, 8, 430.00, 2037239, 260, 53, 0
4582, 19, 487, 553, 0, 0, 63.88%, 12, 0, 8, 443.83, 2039499, 260, 53, 0
4587, 19, 464, 553, 0, 0, 63.88%, 12, 0, 8, 416.01, 2041586, 260, 53, 0
4592, 19, 256, 553, 0, 0, 63.88%, 12, 0, 8, 435.07, 2043803, 260, 53, 0
4597, 19, 176, 553, 0, 0, 63.88%, 12, 0, 8, 416.64, 2045922, 260, 53, 0
4602, 19, 494, 553, 0, 0, 63.88%, 12, 0, 8, 428.91, 2048109, 260, 54, 0
4607, 19, 493, 553, 0, 0, 63.88%, 12, 0, 8, 449.57, 2050391, 260, 54, 0
4612, 19, 353, 553, 0, 0, 63.88%, 12, 0, 8, 447.02, 2052641, 260, 54, 0
4617, 19, 348, 553, 0, 0, 63.88%, 12, 0, 8, 461.01, 2054918, 260, 54, 0
4623, 19, 506, 553, 0, 0, 63.88%, 12, 0, 8, 444.12, 2057182, 260, 54, 0
4628, 19, 348, 553, 0, 0, 63.88%, 12, 0, 8, 441.93, 2059415, 260, 54, 0
4633, 19, 461, 553, 0, 0, 63.88%, 12, 0, 8, 445.58, 2061671, 260, 54, 0
4638, 19, 57, 553, 0, 0, 63.88%, 12, 0, 8, 456.41, 2063981, 260, 54, 0
4643, 19, 529, 553, 0, 0, 63.88%, 12, 0, 8, 448.36, 2066201, 260, 54, 0
4648, 19, 69, 553, 0, 0, 63.88%, 12, 0, 8, 458.78, 2068499, 260, 54, 0
4653, 19, 69, 553, 0, 0, 63.88%, 12, 0, 8, 461.50, 2070849, 260, 54, 0
4658, 19, 518, 553, 0, 0, 63.88%, 12, 0, 8, 420.92, 2072956, 260, 54, 0
4663, 19, 543, 553, 0, 0, 63.88%, 12, 0, 8, 442.45, 2075268, 260, 54, 0
4668, 19, 269, 553, 0, 0, 63.88%, 12, 0, 8, 429.06, 2077430, 260, 54, 0
4673, 19, 28, 553, 0, 0, 63.88%, 12, 0, 8, 429.63, 2079594, 260, 54, 0
4679, 19, 177, 553, 0, 0, 63.88%, 12, 0, 8, 417.84, 2081770, 260, 55, 0
4684, 19, 487, 553, 0, 0, 63.88%, 12, 0, 8, 452.46, 2084098, 260, 55, 0
4689, 19, 77, 553, 0, 0, 63.88%, 12, 0, 8, 439.73, 2086297, 260, 55, 0
4694, 19, 464, 553, 0, 0, 63.88%, 12, 0, 8, 452.47, 2088586, 260, 55, 0
4699, 19, 98, 553, 0, 0, 63.88%, 12, 0, 8, 448.00, 2090869, 260, 55, 0
4704, 19, 338, 553, 0, 0, 63.88%, 12, 0, 8, 423.85, 2093027, 260, 55, 0
4709, 19, 61, 553, 0, 0, 63.88%, 12, 0, 8, 446.16, 2095251, 260, 55, 0
4714, 19, 451, 553, 0, 0, 63.88%, 12, 0, 8, 451.66, 2097534, 260, 55, 0
4719, 19, 471, 553, 0, 0, 63.88%, 12, 0, 8, 446.09, 2099796, 260, 55, 0
4724, 19, 149, 553, 0, 0, 63.88%, 12, 0, 8, 455.47, 2102114, 260, 55, 0
4729, 19, 121, 553, 0, 0, 63.88%, 12, 0, 8, 440.55, 2104292, 260, 55, 0
4734, 19, 61, 553, 0, 0, 63.88%, 12, 0, 8, 455.25, 2106655, 260, 55, 0
4739, 20, 487, 554, 1, 0, 63.88%, 12, 0, 8, 445.56, 2108849, 260, 55, 0
4744, 20, 348, 554, 1, 0, 63.88%, 12, 0, 8, 456.83, 2111139, 260, 55, 0
4749, 20, 275, 554, 1, 0, 63.88%, 12, 0, 8, 450.36, 2113353, 260, 55, 0
4755, 20, 348, 554, 1, 0, 63.88%, 12, 0, 8, 442.53, 2115571, 260, 55, 0
4760, 20, 215, 554, 1, 0, 63.88%, 12, 0, 8, 439.38, 2117898, 260, 55, 0
4765, 20, 104, 554, 1, 0, 63.88%, 12, 0, 8, 420.69, 2120013, 260, 55, 0
4770, 20, 485, 554, 1, 0, 63.88%, 12, 0, 8, 430.54, 2122237, 260, 55, 0
4775, 20, 338, 554, 1, 0, 63.88%, 12, 0, 8, 437.72, 2124420, 260, 55, 0
4780, 20, 69, 554, 1, 0, 63.88%, 12, 0, 8, 436.44, 2126619, 260, 56, 0
4785, 20, 215, 554, 1, 0, 63.88%, 12, 0, 8, 444.17, 2128882, 260, 56, 0
4790, 20, 486, 554, 1, 0, 63.88%, 12, 0, 8, 444.10, 2131134, 260, 56, 0
4795, 20, 464, 554, 1, 0, 63.88%, 12, 0, 8, 449.10, 2133400, 260, 56, 0
4800, 20, 351, 554, 1, 0, 63.88%, 12, 0, 8, 449.82, 2135656, 260, 56, 0
4806, 20, 553, 554, 1, 0, 63.88%, 12, 0, 8, 457.97, 2138045, 260, 56, 0
4811, 20, 351, 554, 0, 0, 63.88%, 12, 0, 8, 446.34, 2140241, 260, 56, 0
4816, 20, 351, 554, 0, 0, 63.88%, 12, 0, 8, 436.00, 2142394, 260, 57, 0
4821, 20, 120, 554, 0, 0, 63.88%, 12, 0, 8, 432.86, 2144567, 260, 57, 0
4826, 20, 487, 554, 0, 0, 63.88%, 12, 0, 8, 437.13, 2146845, 260, 58, 0
4831, 20, 328, 554, 0, 0, 63.88%, 12, 0, 8, 437.60, 2149109, 260, 58, 0
4836, 20, 264, 554, 0, 0, 63.88%, 12, 0, 8, 445.36, 2151375, 260, 58, 0
4841, 20, 388, 554, 0, 0, 63.88%, 12, 0, 8, 449.87, 2153678, 260, 58, 0
4846, 20, 137, 554, 0, 0, 63.88%, 12, 0, 8, 423.46, 2155789, 260, 58, 0
4851, 20, 256, 554, 0, 0, 63.88%, 12, 0, 8, 422.61, 2157942, 260, 58, 0
4856, 20, 120, 554, 0, 0, 63.88%, 12, 0, 8, 423.78, 2160107, 260, 58, 0
4861, 20, 101, 554, 0, 0, 63.88%, 12, 0, 8, 466.88, 2162561, 260, 58, 0
4866, 20, 485, 554, 0, 0, 63.88%, 12, 0, 8, 467.90, 2164898, 260, 58, 0
4871, 20, 312, 554, 0, 0, 63.88%, 12, 0, 8, 444.95, 2167132, 260, 58, 0
4876, 20, 348, 554, 0, 0, 63.88%, 12, 0, 8, 422.66, 2169257, 260, 58, 0
4882, 20, 487, 554, 0, 0, 63.88%, 12, 0, 8, 418.45, 2171363, 260, 58, 0
4887, 20, 215, 554, 0, 0, 63.88%, 12, 0, 8, 417.41, 2173484, 260, 58, 0
4892, 20, 485, 554, 0, 0, 63.88%, 12, 0, 8, 418.41, 2175584, 260, 58, 0
4897, 20, 353, 554, 0, 0, 63.88%, 12, 0, 8, 433.39, 2177796, 260, 58, 0
4902, 20, 312, 554, 0, 0, 63.88%, 12, 0, 8, 418.68, 2179910, 260, 58, 0
4907, 20, 135, 554, 0, 0, 63.88%, 12, 0, 8, 427.32, 2182098, 260, 58, 0
4912, 20, 141, 554, 0, 0, 63.88%, 12, 0, 8, 448.77, 2184324, 260, 58, 0
4917, 20, 98, 554, 0, 0, 63.88%, 12, 0, 8, 430.36, 2186446, 260, 58, 0
4922, 20, 348, 554, 0, 0, 63.88%, 12, 0, 8, 430.63, 2188573, 260, 58, 0
4927, 20, 170, 554, 0, 0, 63.88%, 12, 0, 8, 429.48, 2190741, 260, 58, 0
4932, 21, 97, 554, 0, 0, 63.88%, 12, 0, 8, 464.24, 2193031, 260, 58, 0
4937, 21, 450, 554, 0, 0, 63.88%, 12, 0, 8, 455.58, 2195262, 260, 58, 0
4942, 21, 215, 554, 0, 0, 63.88%, 12, 0, 8, 451.79, 2197630, 260, 58, 0
4947, 21, 358, 554, 0, 0, 63.88%, 12, 0, 8, 429.27, 2199781, 260, 58, 0
4952, 21, 69, 554, 0, 0, 63.88%, 12, 0, 8, 446.29, 2202009, 260, 58, 0
4957, 21, 399, 554, 0, 0, 63.88%, 13, 0, 8, 426.19, 2204192, 260, 59, 0
4962, 21, 544, 554, 0, 0, 63.88%, 13, 0, 8, 446.22, 2206494, 260, 59, 0
4967, 21, 213, 554, 0, 0, 63.88%, 13, 0, 8, 431.85, 2208643, 260, 59, 0
4972, 21, 506, 554, 0, 0, 63.88%, 13, 0, 8, 444.76, 2210944, 260, 59, 0
4977, 21, 487, 554, 0, 0, 63.88%, 13, 0, 8, 464.05, 2213339, 260, 59, 0
4982, 21, 348, 554, 0, 0, 63.88%, 13, 0, 8, 431.19, 2215478, 260, 59, 0
4988, 21, 523, 554, 0, 0, 63.88%, 13, 0, 8, 429.04, 2217706, 260, 59, 0
4993, 21, 282, 554, 0, 0, 63.88%, 13, 0, 8, 439.27, 2219976, 260, 59, 0
4998, 21, 170, 554, 0, 0, 63.88%, 13, 0, 8, 450.60, 2222329, 260, 59, 0
5003, 21, 529, 554, 0, 0, 63.88%, 13, 0, 8, 447.37, 2224581, 260, 59, 0
5008, 21, 182, 554, 0, 0, 63.88%, 13, 0, 8, 430.09, 2226800, 260, 59, 0
5013, 21, 312, 554, 0, 0, 63.88%, 13, 0, 8, 452.54, 2229105, 260, 59, 0
5018, 21, 306, 554, 0, 0, 63.88%, 13, 0, 8, 444.51, 2231305, 260, 59, 0
5023, 21, 143, 554, 0, 0, 63.88%, 13, 0, 8, 411.52, 2233367, 260, 59, 0
5028, 21, 523, 554, 0, 0, 63.88%, 13, 0, 8, 434.97, 2235564, 260, 59, 0
5033, 21, 461, 554, 0, 0, 63.88%, 13, 0, 8, 439.08, 2237840, 260, 59, 0
5038, 21, 474, 554, 0, 0, 63.88%, 13, 0, 8, 426.38, 2239940, 260, 59, 0
5044, 21, 464, 554, 0, 0, 63.88%, 13, 0, 8, 433.03, 2242202, 260, 59, 0
5049, 21, 451, 554, 0, 0, 63.88%, 13, 0, 8, 442.54, 2244441, 260, 59, 0
5054, 21, 120, 554, 0, 0, 63.88%, 13, 0, 8, 463.88, 2246743, 260, 59, 0
5059, 21, 446, 554, 0, 0, 63.88%, 13, 0, 8, 445.17, 2248961, 260, 59, 0
5064, 21, 487, 554, 0, 0, 63.88%, 13, 0, 8, 437.34, 2251130, 260, 59, 0
5069, 21, 170, 554, 0, 0, 63.88%, 13, 0, 8, 453.94, 2253433, 260, 59, 0
5074, 21, 348, 554, 0, 0, 63.88%, 13, 0, 8, 460.14, 2255743, 260, 59, 0
5079, 21, 493, 554, 0, 0, 63.88%, 13, 0, 8, 461.32, 2258081, 260, 59, 0
5084, 21, 420, 554, 0, 0, 63.88%, 13, 0, 8, 433.48, 2260245, 260, 60, 0
5089, 21, 348, 554, 0, 0, 63.88%, 13, 0, 8, 438.94, 2262430, 260, 60, 0
5094, 21, 69, 554, 0, 0, 63.88%, 13, 0, 8, 435.91, 2264638, 260, 60, 0
5099, 21, 147, 554, 0, 0, 63.88%, 13, 0, 8, 457.06, 2267082, 260, 60, 0
5104, 21, 427, 554, 0, 0, 63.88%, 13, 0, 8, 452.95, 2269329, 260, 60, 0
5109, 22, 420, 560, 6, 0, 63.88%, 13, 0, 8, 463.90, 2271620, 260, 60, 0
5115, 22, 348, 560, 6, 0, 63.88%, 13, 0, 8, 455.43, 2273981, 260, 60, 0
5120, 22, 558, 560, 6, 0, 63.88%, 13, 0, 8, 434.94, 2276221, 260, 60, 0
5125, 22, 555, 560, 5, 0, 63.88%, 13, 0, 8, 452.87, 2278503, 260, 60, 0
5130, 22, 215, 560, 4, 0, 63.88%, 13, 0, 8, 440.08, 2280715, 260, 60, 0
5135, 22, 420, 560, 4, 0, 63.88%, 13, 0, 8, 457.52, 2283028, 260, 60, 0
5140, 22, 473, 560, 4, 0, 63.88%, 13, 0, 8, 447.95, 2285295, 260, 60, 0
5145, 22, 178, 560, 4, 0, 63.88%, 13, 0, 8, 451.30, 2287614, 260, 60, 0
5150, 22, 69, 560, 3, 0, 63.88%, 13, 0, 8, 447.73, 2289880, 260, 61, 0
5155, 22, 557, 560, 3, 0, 63.88%, 13, 0, 8, 453.95, 2292188, 260, 61, 0
5160, 22, 69, 560, 2, 0, 63.88%, 13, 0, 8, 437.94, 2294440, 260, 61, 0
5165, 22, 135, 560, 2, 0, 63.88%, 13, 0, 8, 449.37, 2296752, 260, 61, 0
5170, 22, 348, 560, 2, 0, 63.88%, 13, 0, 8, 436.30, 2298885, 260, 61, 0
5175, 22, 559, 560, 2, 0, 63.88%, 13, 0, 8, 435.33, 2301082, 260, 61, 0
5180, 22, 13, 560, 1, 0, 63.88%, 13, 0, 8, 440.66, 2303305, 260, 61, 0
5185, 22, 15, 561, 2, 0, 63.88%, 13, 0, 8, 441.33, 2305596, 260, 62, 0
5190, 22, 485, 561, 2, 0, 63.88%, 13, 0, 8, 441.53, 2307840, 260, 62, 0
5195, 22, 143, 561, 2, 0, 63.88%, 13, 0, 8, 438.65, 2310008, 260, 62, 0
5201, 22, 560, 561, 2, 0, 63.88%, 13, 0, 8, 419.28, 2312166, 260, 62, 0
5206, 22, 520, 561, 1, 0, 63.88%, 13, 0, 8, 450.41, 2314443, 260, 62, 0
5211, 22, 487, 561, 1, 0, 63.88%, 13, 0, 8, 461.51, 2316738, 260, 62, 0
5216, 22, 485, 561, 1, 0, 63.88%, 13, 0, 8, 435.94, 2318889, 260, 62, 0
5221, 22, 3, 561, 1, 0, 63.88%, 13, 0, 8, 490.43, 2321364, 260, 62, 0
5226, 22, 301, 561, 1, 0, 63.88%, 13, 0, 8, 450.90, 2323601, 260, 62, 0
5231, 22, 487, 561, 1, 0, 63.88%, 13, 0, 8, 446.11, 2325803, 260, 62, 0
5236, 22, 427, 561, 1, 0, 63.88%, 13, 0, 8, 445.63, 2328039, 260, 62, 0
5241, 22, 196, 561, 1, 0, 63.88%, 13, 0, 8, 437.93, 2330200, 260, 62, 0
5246, 22, 362, 561, 1, 0, 63.88%, 13, 0, 8, 432.42, 2332356, 260, 62, 0
5251, 22, 504, 561, 1, 0, 63.88%, 13, 0, 8, 437.60, 2334543, 260, 62, 0
5256, 22, 312, 561, 1, 0, 63.88%, 13, 0, 8, 437.22, 2336794, 260, 62, 0
5261, 22, 469, 561, 1, 0, 63.88%, 13, 0, 8, 450.30, 2339017, 260, 62, 0
5266, 22, 518, 561, 1, 0, 63.88%, 13, 0, 8, 428.87, 2341240, 260, 62, 0
5271, 22, 464, 561, 1, 0, 63.88%, 13, 0, 8, 438.80, 2343447, 260, 62, 0
5277, 22, 201, 561, 1, 0, 63.88%, 13, 0, 8, 437.26, 2345684, 260, 62, 0
5282, 22, 487, 561, 0, 0, 63.88%, 13, 0, 8, 430.09, 2347923, 260, 62, 0
5287, 22, 530, 561, 0, 0, 63.88%, 13, 0, 8, 425.88, 2350066, 260, 62, 0
5292, 22, 215, 561, 0, 0, 63.88%, 13, 0, 8, 443.04, 2352325, 260, 62, 0
5297, 22, 523, 561, 0, 0, 63.88%, 13, 0, 8, 446.88, 2354599, 260, 62, 0
5302, 22, 9, 561, 0, 0, 63.88%, 13, 0, 8, 456.70, 2357003, 260, 62, 0
5307, 23, 359, 561, 0, 0, 63.88%, 13, 0, 8, 450.83, 2359270, 260, 62, 0
5312, 23, 459, 561, 0, 0, 63.88%, 13, 0, 8, 453.30, 2361578, 260, 62, 0
5317, 23, 215, 561, 0, 0, 63.88%, 13, 0, 8, 432.55, 2363774, 260, 62, 0
5322, 23, 324, 561, 0, 0, 63.88%, 13, 0, 8, 435.22, 2365941, 260, 62, 0
5327, 23, 10, 561, 0, 0, 63.88%, 13, 0, 8, 456.84, 2368260, 260, 62, 0
5332, 23, 434, 561, 0, 0, 63.88%, 13, 0, 8, 457.02, 2370526, 260, 62, 0
5338, 23, 459, 561, 0, 0, 63.88%, 13, 0, 8, 442.28, 2372722, 260, 62, 0
5343, 23, 490, 561, 0, 0, 63.88%, 13, 0, 8, 440.37, 2374929, 260, 62, 0
5348, 23, 312, 561, 0, 0, 63.88%, 13, 0, 8, 437.00, 2377173, 260, 62, 0
5353, 23, 291, 561, 0, 0, 63.88%, 13, 0, 8, 450.31, 2379487, 260, 62, 0
5358, 23, 523, 561, 0, 0, 63.88%, 13, 0, 8, 466.49, 2381808, 260, 62, 0
5363, 23, 520, 561, 0, 0, 63.88%, 13, 0, 8, 450.90, 2384047, 260, 62, 0
5368, 23, 256, 561, 0, 0, 63.88%, 13, 0, 8, 473.81, 2386661, 260, 62, 0
5373, 23, 264, 561, 0, 0, 63.88%, 13, 0, 8, 441.93, 2388854, 260, 62, 0
5378, 23, 179, 561, 0, 0, 63.88%, 13, 0, 8, 459.60, 2391177, 260, 63, 0
5383, 23, 506, 561, 0, 0, 63.88%, 13, 0, 8, 451.39, 2393451, 260, 63, 0
5388, 23, 14, 561, 0, 0, 63.88%, 13, 0, 8, 456.89, 2395755, 260, 63, 0
5393, 23, 543, 561, 0, 0, 63.88%, 13, 0, 8, 441.02, 2397930, 260, 63, 0
5398, 23, 461, 561, 0, 0, 63.88%, 13, 0, 8, 467.66, 2400294, 260, 64, 0
5403, 23, 318, 561, 0, 0, 63.88%, 13, 0, 8, 462.45, 2402665, 260, 64, 0
5408, 23, 464, 561, 0, 0, 63.88%, 13, 0, 8, 473.29, 2405039, 260, 64, 0
5413, 23, 24, 561, 0, 0, 63.88%, 13, 0, 8, 464.42, 2407338, 260, 64, 0
5418, 23, 419, 561, 0, 0, 63.88%, 13, 0, 8, 463.47, 2409670, 260, 64, 0
5424, 23, 182, 561, 0, 0, 63.88%, 13, 0, 8, 418.45, 2411723, 260, 64, 0
5429, 23, 234, 561, 0, 0, 63.88%, 13, 0, 8, 418.33, 2413754, 260, 64, 0
5434, 23, 530, 561, 0, 0, 63.88%, 13, 0, 8, 423.29, 2415978, 260, 64, 0
5439, 23, 120, 561, 0, 0, 63.88%, 13, 0, 8, 406.58, 2418062, 260, 64, 0
5444, 23, 144, 561, 0, 0, 63.88%, 13, 0, 8, 428.82, 2420272, 260, 64, 0
5449, 23, 312, 561, 0, 0, 63.88%, 13, 0, 8, 438.29, 2422504, 260, 65, 0
5454, 23, 372, 561, 0, 0, 63.88%, 13, 0, 8, 443.09, 2424736, 260, 65, 0
5459, 23, 518, 561, 0, 0, 63.88%, 13, 0, 8, 440.25, 2426920, 260, 65, 0
5464, 23, 46, 561, 0, 0, 63.88%, 13, 0, 8, 452.12, 2429165, 260, 65, 0
5469, 23, 143, 561, 0, 0, 63.88%, 13, 0, 8, 440.13, 2431328, 260, 65, 0
5474, 23, 523, 561, 0, 0, 63.88%, 13, 0, 8, 423.59, 2433475, 260, 65, 0
5479, 23, 351, 561, 0, 0, 63.88%, 13, 0, 8, 453.97, 2435818, 260, 65, 0
5484, 23, 461, 561, 0, 0, 63.88%, 13, 0, 8, 450.10, 2438023, 260, 66, 0
5489, 24, 464, 561, 0, 0, 63.88%, 13, 0, 8, 452.65, 2440300, 260, 66, 0
5494, 24, 523, 561, 0, 0, 63.88%, 13, 0, 8, 447.84, 2442550, 260, 66, 0
5500, 24, 518, 561, 0, 0, 63.88%, 13, 0, 8, 425.66, 2444745, 260, 66, 0
5505, 24, 487, 561, 0, 0, 63.88%, 13, 0, 8, 436.66, 2446944, 260, 66, 0
5510, 24, 351, 561, 0, 0, 63.88%, 13, 0, 8, 436.71, 2449166, 260, 66, 0
5515, 24, 264, 561, 0, 0, 63.88%, 13, 0, 8, 403.54, 2451150, 260, 66, 0
5520, 24, 215, 561, 0, 0, 63.88%, 13, 0, 8, 459.69, 2453451, 260, 66, 0
5525, 24, 540, 561, 0, 0, 63.88%, 13, 0, 8, 472.50, 2455910, 260, 66, 0
5530, 24, 393, 561, 0, 0, 63.88%, 13, 0, 8, 459.45, 2458221, 260, 67, 0
5535, 24, 487, 561, 0, 0, 63.88%, 13, 0, 8, 449.12, 2460490, 260, 67, 0
5540, 24, 317, 561, 0, 0, 63.88%, 13, 0, 8, 477.06, 2462990, 260, 67, 0
5545, 24, 487, 561, 0, 0, 63.88%, 13, 0, 8, 451.74, 2465288, 260, 67, 0
5550, 24, 338, 561, 0, 0, 63.88%, 13, 0, 8, 458.93, 2467589, 260, 67, 0
5555, 24, 470, 561, 0, 0, 63.88%, 13, 0, 8, 437.22, 2469814, 260, 67, 0
5561, 24, 41, 561, 0, 0, 63.88%, 13, 0, 8, 456.54, 2472209, 260, 67, 0
5566, 24, 553, 561, 0, 0, 63.88%, 13, 0, 8, 440.91, 2474357, 260, 67, 0
5571, 24, 523, 561, 0, 0, 63.88%, 13, 0, 8, 452.98, 2476657, 260, 68, 0
5576, 24, 292, 561, 0, 0, 63.88%, 13, 0, 8, 455.62, 2478934, 260, 68, 0
5581, 24, 215, 561, 0, 0, 63.88%, 13, 0, 8, 457.56, 2481235, 260, 68, 0
5586, 24, 452, 561, 0, 0, 63.88%, 13, 0, 8, 433.42, 2483409, 260, 68, 0
5591, 24, 312, 561, 0, 0, 63.88%, 13, 0, 8, 448.05, 2485734, 260, 68, 0
5596, 24, 459, 561, 0, 0, 63.88%, 13, 0, 8, 452.39, 2488038, 260, 68, 0
5601, 24, 215, 561, 0, 0, 63.88%, 13, 0, 8, 459.85, 2490359, 260, 68, 0
5606, 24, 515, 561, 0, 0, 63.88%, 13, 0, 8, 458.07, 2492666, 260, 68, 0
5611, 24, 306, 561, 0, 0, 63.88%, 13, 0, 8, 435.20, 2494875, 260, 69, 0
5616, 24, 313, 561, 0, 0, 63.88%, 13, 0, 8, 437.76, 2497090, 260, 69, 0
5621, 24, 486, 561, 0, 0, 63.88%, 13, 0, 8, 429.60, 2499273, 260, 69, 0
5626, 24, 143, 561, 0, 0, 63.88%, 13, 0, 8, 449.27, 2501576, 260, 69, 0
5631, 24, 312, 561, 0, 0, 63.88%, 13, 0, 8, 426.64, 2503767, 260, 69, 0
5636, 24, 486, 561, 0, 0, 63.88%, 13, 0, 8, 441.67, 2505947, 260, 69, 0
5641, 24, 464, 561, 0, 0, 63.88%, 13, 0, 8, 432.95, 2508115, 260, 69, 0
5646, 24, 120, 561, 0, 0, 63.88%, 13, 0, 8, 429.10, 2510276, 260, 69, 0
5651, 24, 351, 561, 0, 0, 63.88%, 13, 0, 8, 425.03, 2512352, 260, 69, 0
5657, 24, 487, 561, 0, 0, 63.88%, 13, 0, 8, 431.51, 2514505, 260, 69, 0
5662, 24, 170, 561, 0, 0, 63.88%, 13, 0, 8, 421.32, 2516704, 260, 69, 0
5667, 25, 348, 561, 0, 0, 63.88%, 13, 0, 8, 423.05, 2518829, 260, 69, 0
5672, 25, 451, 561, 0, 0, 63.88%, 13, 0, 8, 430.18, 2521012, 260, 69, 0
5677, 25, 306, 561, 0, 0, 63.88%, 13, 0, 8, 438.42, 2523328, 260, 69, 0
5682, 25, 221, 561, 0, 0, 63.88%, 13, 0, 8, 432.92, 2525544, 260, 69, 0
5687, 25, 338, 561, 0, 0, 63.88%, 13, 0, 8, 441.92, 2527766, 260, 69, 0
5692, 25, 487, 561, 0, 0, 63.88%, 13, 0, 8, 443.42, 2530043, 260, 69, 0
5697, 25, 8, 561, 0, 0, 63.88%, 13, 0, 8, 417.54, 2532180, 260, 69, 0
5702, 25, 251, 561, 0, 0, 63.88%, 13, 0, 8, 433.11, 2534418, 260, 69, 0
5707, 25, 215, 561, 0, 0, 63.88%, 13, 0, 8, 437.19, 2536673, 260, 69, 0
5712, 25, 338, 561, 0, 0, 63.88%, 13, 0, 8, 435.71, 2538896, 260, 69, 0
5718, 25, 472, 561, 0, 0, 63.88%, 13, 0, 8, 436.24, 2541173, 260, 69, 0
5723, 25, 61, 561, 0, 0, 63.88%, 13, 0, 8, 455.88, 2543459, 260, 69, 0
5728, 25, 338, 561, 0, 0, 63.88%, 13, 0, 8, 441.24, 2545664, 260, 69, 0
5733, 25, 485, 561, 0, 0, 63.88%, 13, 0, 8, 430.19, 2547806, 260, 69, 0
5738, 25, 523, 561, 0, 0, 63.88%, 13, 0, 8, 453.10, 2550131, 260, 69, 0
5743, 25, 487, 561, 0, 0, 63.88%, 13, 0, 8, 445.09, 2552347, 260, 69, 0
5748, 25, 383, 561, 0, 0, 63.88%, 13, 0, 8, 423.44, 2554478, 260, 69, 0
5753, 25, 487, 561, 0, 0, 63.88%, 13, 0, 8, 405.89, 2556476, 260, 69, 0
5758, 25, 328, 561, 0, 0, 63.88%, 13, 0, 8, 411.61, 2558547, 260, 69, 0
5763, 25, 348, 561, 0, 0, 63.88%, 13, 0, 8, 426.46, 2560749, 260, 69, 0
5768, 25, 301, 561, 0, 0, 63.88%, 13, 0, 8, 441.83, 2563062, 260, 69, 0
5773, 25, 351, 561, 0, 0, 63.88%, 13, 0, 8, 442.79, 2565270, 260, 69, 0
5778, 25, 420, 561, 0, 0, 63.88%, 13, 0, 8, 453.43, 2567559, 260, 69, 0
5783, 25, 234, 561, 0, 0, 63.88%, 13, 0, 8, 424.00, 2569756, 260, 70, 0
5789, 25, 523, 561, 0, 0, 63.88%, 13, 0, 8, 444.76, 2572029, 260, 70, 0
5794, 25, 216, 561, 0, 0, 63.88%, 13, 0, 8, 424.84, 2574159, 260, 70, 0
5799, 25, 456, 561, 0, 0, 63.88%, 13, 0, 8, 450.37, 2576450, 260, 70, 0
5804, 25, 485, 561, 0, 0, 63.88%, 13, 0, 8, 478.67, 2578850, 260, 70, 0
5809, 25, 69, 561, 0, 0, 63.88%, 13, 0, 8, 430.57, 2581003, 260, 70, 0
5814, 25, 543, 561, 0, 0, 63.88%, 13, 0, 8, 425.32, 2583103, 260, 70, 0
5819, 25, 312, 561, 0, 0, 63.88%, 13, 0, 8, 438.79, 2585379, 260, 70, 0
5824, 25, 543, 561, 0, 0, 63.88%, 13, 0, 8, 439.64, 2587612, 260, 70, 0
5829, 25, 306, 561, 0, 0, 63.88%, 13, 0, 8, 461.84, 2589935, 260, 70, 0
5834, 25, 61, 561, 0, 0, 63.88%, 13, 0, 8, 385.55, 2591920, 260, 70, 0
5839, 25, 338, 561, 0, 0, 63.88%, 13, 0, 8, 315.67, 2593443, 260, 70, 0
5844, 25, 419, 561, 0, 0, 63.88%, 13, 0, 8, 320.05, 2595048, 260, 70, 0
5849, 25, 420, 561, 0, 0, 63.88%, 13, 0, 8, 303.41, 2596575, 260, 70, 0
5854, 25, 487, 561, 0, 0, 63.88%, 13, 0, 8, 308.22, 2598147, 260, 70, 0
5860, 25, 557, 561, 0, 0, 63.88%, 13, 0, 8, 287.07, 2599644, 260, 71, 0
5865, 25, 206, 561, 0, 0, 63.88%, 13, 0, 8, 274.16, 2601057, 260, 71, 0
5870, 25, 487, 561, 0, 0, 63.88%, 13, 0, 8, 290.07, 2602553, 260, 71, 0
5875, 25, 372, 561, 0, 0, 63.88%, 13, 0, 8, 282.41, 2604004, 260, 71, 0
5880, 26, 518, 561, 0, 0, 63.88%, 13, 0, 8, 302.08, 2605609, 260, 71, 0
5885, 26, 396, 561, 0, 0, 63.88%, 13, 0, 8, 316.43, 2607252, 260, 72, 0
5890, 26, 215, 561, 0, 0, 63.88%, 13, 0, 8, 350.66, 2609061, 260, 72, 0
5895, 26, 471, 561, 0, 0, 63.88%, 13, 0, 8, 384.33, 2611031, 260, 72, 0
5900, 26, 504, 561, 0, 0, 63.88%, 13, 0, 8, 376.82, 2612924, 260, 72, 0
5905, 26, 487, 561, 0, 0, 63.88%, 13, 0, 8, 395.45, 2614873, 260, 72, 0
5910, 26, 327, 561, 0, 0, 63.88%, 13, 0, 8, 401.03, 2616867, 260, 72, 0
5916, 26, 506, 561, 0, 0, 63.88%, 13, 0, 8, 390.87, 2618883, 260, 72, 0
5921, 26, 143, 561, 0, 0, 63.88%, 13, 0, 8, 374.98, 2620759, 260, 72, 0
5926, 26, 260, 561, 0, 0, 63.88%, 13, 0, 8, 386.00, 2622753, 260, 72, 0
5931, 26, 493, 561, 0, 0, 63.88%, 13, 0, 8, 363.19, 2624634, 260, 72, 0
5936, 26, 306, 561, 0, 0, 63.88%, 13, 0, 8, 335.92, 2626344, 260, 72, 0
5941, 26, 312, 561, 0, 0, 63.88%, 13, 0, 8, 383.81, 2628294, 260, 72, 0
5946, 26, 487, 561, 0, 0, 63.88%, 13, 0, 8, 348.17, 2630032, 260, 72, 0
5951, 26, 520, 561, 0, 0, 63.88%, 13, 0, 8, 361.83, 2631829, 260, 72, 0
5956, 26, 250, 561, 0, 0, 63.88%, 13, 0, 8, 344.63, 2633563, 260, 72, 0
5961, 26, 213, 561, 0, 0, 63.88%, 13, 0, 8, 361.54, 2635405, 260, 72, 0
5966, 26, 485, 561, 0, 0, 63.88%, 13, 0, 8, 348.41, 2637182, 260, 72, 0
5971, 26, 137, 561, 0, 0, 63.88%, 13, 0, 8, 325.14, 2638820, 260, 72, 0
5976, 26, 420, 561, 0, 0, 63.88%, 13, 0, 8, 348.16, 2640587, 260, 72, 0
5981, 26, 485, 561, 0, 0, 63.88%, 13, 0, 8, 362.38, 2642429, 260, 72, 0
5986, 26, 180, 561, 0, 0, 63.88%, 13, 0, 8, 385.97, 2644355, 260, 72, 0
5991, 26, 486, 561, 0, 0, 63.88%, 13, 0, 8, 456.59, 2646743, 260, 72, 0
5996, 26, 348, 561, 0, 0, 63.88%, 13, 0, 8, 448.10, 2648936, 260, 72, 0
6002, 26, 119, 561, 0, 0, 63.88%, 13, 0, 8, 457.60, 2651313, 260, 72, 0
6007, 26, 338, 561, 0, 0, 63.88%, 13, 0, 8, 433.85, 2653510, 260, 73, 0
6012, 26, 216, 561, 0, 0, 63.88%, 13, 0, 8, 441.87, 2655774, 260, 73, 0
6017, 26, 336, 561, 0, 0, 63.88%, 13, 0, 8, 438.89, 2657999, 260, 73, 0
6022, 26, 61, 561, 0, 0, 63.88%, 13, 0, 8, 436.57, 2660190, 260, 73, 0
6027, 26, 485, 561, 0, 0, 63.88%, 13, 0, 8, 421.30, 2662298, 260, 73, 0
6032, 26, 384, 561, 0, 0, 63.88%, 13, 0, 8, 439.23, 2664579, 260, 73, 0
6037, 26, 87, 561, 0, 0, 63.88%, 13, 0, 8, 429.53, 2666741, 260, 73, 0
6042, 26, 493, 561, 0, 0, 63.88%, 13, 0, 8, 457.86, 2669077, 260, 73, 0
6047, 26, 523, 561, 0, 0, 63.88%, 13, 0, 8, 443.55, 2671273, 260, 73, 0
6052, 26, 348, 561, 0, 0, 63.88%, 13, 0, 8, 423.15, 2673397, 260, 73, 0
6057, 26, 420, 561, 0, 0, 63.88%, 13, 0, 8, 467.38, 2675781, 260, 73, 0
6062, 26, 358, 561, 0, 0, 63.88%, 13, 0, 8, 452.79, 2678034, 260, 73, 0
6067, 26, 543, 561, 0, 0, 63.88%, 13, 0, 8, 437.40, 2680207, 260, 73, 0
6073, 26, 351, 561, 0, 0, 63.88%, 13, 0, 8, 446.27, 2682518, 260, 73, 0
6078, 26, 201, 561, 0, 0, 63.88%, 13, 0, 8, 462.83, 2684849, 260, 73, 0
6083, 26, 358, 561, 0, 0, 63.88%, 13, 0, 8, 467.42, 2687146, 260, 73, 0
6088, 27, 61, 561, 0, 0, 63.88%, 13, 0, 8, 465.71, 2689496, 260, 74, 0
6093, 27, 338, 561, 0, 0, 63.88%, 13, 0, 8, 434.15, 2691648, 260, 74, 0
6098, 27, 558, 561, 0, 0, 63.88%, 13, 0, 8, 429.12, 2693819, 260, 74, 0
6103, 27, 85, 561, 0, 0, 63.88%, 13, 0, 8, 443.62, 2696060, 260, 74, 0
6108, 27, 523, 561, 0, 0, 63.88%, 13, 0, 8, 459.72, 2698401, 260, 74, 0
6113, 27, 69, 561, 0, 0, 63.88%, 13, 0, 8, 458.65, 2700639, 260, 74, 0
6118, 27, 487, 561, 0, 0, 63.88%, 13, 0, 8, 446.00, 2702851, 260, 74, 0
6123, 27, 183, 561, 0, 0, 63.88%, 13, 0, 8, 445.37, 2705134, 260, 74, 0
6128, 27, 69, 561, 0, 0, 63.88%, 13, 0, 8, 439.49, 2707325, 260, 74, 0
6133, 27, 543, 561, 0, 0, 63.88%, 13, 0, 8, 484.31, 2709814, 260, 74, 0
6138, 27, 175, 561, 0, 0, 63.88%, 13, 0, 8, 451.74, 2712108, 260, 74, 0
6143, 27, 312, 561, 0, 0, 63.88%, 13, 0, 8, 455.29, 2714412, 260, 74, 0
6148, 27, 487, 561, 0, 0, 63.88%, 13, 0, 8, 466.49, 2716727, 260, 74, 0
6153, 27, 543, 561, 0, 0, 63.88%, 13, 0, 8, 468.69, 2719081, 260, 74, 0
6158, 27, 348, 561, 0, 0, 63.88%, 13, 0, 8, 449.29, 2721313, 260, 74, 0
6163, 27, 518, 561, 0, 0, 63.88%, 13, 0, 8, 461.05, 2723657, 260, 74, 0
6169, 27, 434, 561, 0, 0, 63.88%, 13, 0, 8, 467.95, 2726110, 260, 74, 0
6174, 27, 232, 561, 0, 0, 63.88%, 13, 0, 8, 483.87, 2728542, 260, 74, 0
6179, 27, 388, 561, 0, 0, 63.88%, 13, 0, 8, 462.25, 2730920, 260, 74, 0
6184, 27, 328, 561, 0, 0, 63.88%, 13, 0, 8, 460.64, 2733358, 260, 74, 0
6189, 27, 520, 561, 0, 0, 63.88%, 13, 0, 8, 440.37, 2735535, 260, 74, 0
6194, 27, 174, 561, 0, 0, 63.88%, 13, 0, 8, 460.58, 2737861, 260, 74, 0
6199, 27, 234, 561, 0, 0, 63.88%, 13, 0, 8, 436.39, 2740075, 260, 74, 0
6204, 27, 530, 561, 0, 0, 63.88%, 13, 0, 8, 423.23, 2742252, 260, 74, 0
6209, 27, 338, 561, 0, 0, 63.88%, 13, 0, 8, 431.70, 2744425, 260, 74, 0
6214, 27, 312, 561, 0, 0, 63.88%, 13, 0, 8, 433.41, 2746605, 260, 74, 0
6219, 27, 215, 561, 0, 0, 63.88%, 13, 0, 8, 424.46, 2748752, 260, 74, 0
6224, 27, 487, 561, 0, 0, 63.88%, 13, 0, 8, 425.00, 2750931, 260, 74, 0
6230, 27, 64, 561, 0, 0, 63.88%, 13, 0, 8, 426.47, 2753177, 260, 74, 0
6235, 27, 461, 561, 0, 0, 63.88%, 13, 0, 8, 439.54, 2755442, 260, 76, 0
6240, 27, 461, 561, 0, 0, 63.88%, 13, 0, 8, 437.97, 2757620, 260, 76, 0
6245, 27, 234, 561, 0, 0, 63.88%, 13, 0, 8, 449.22, 2759936, 260, 77, 0
6250, 27, 351, 561, 0, 0, 63.88%, 13, 0, 8, 436.28, 2762064, 260, 77, 0
6255, 27, 456, 561, 0, 0, 63.88%, 13, 0, 8, 451.53, 2764372, 260, 77, 0
6260, 27, 487, 561, 0, 0, 63.88%, 13, 0, 8, 440.74, 2766540, 260, 78, 0
6265, 28, 376, 561, 0, 0, 63.88%, 13, 0, 8, 457.29, 2768935, 260, 78, 0
6270, 28, 451, 561, 0, 0, 63.88%, 13, 0, 8, 444.31, 2771116, 260, 78, 0
6275, 28, 282, 561, 0, 0, 63.88%, 13, 0, 8, 458.44, 2773447, 260, 78, 0
6280, 28, 348, 561, 0, 0, 63.88%, 13, 0, 8, 446.82, 2775723, 260, 78, 0
6285, 28, 328, 561, 0, 0, 63.88%, 13, 0, 8, 446.32, 2777913, 260, 78, 0
6290, 28, 456, 561, 0, 0, 63.88%, 13, 0, 8, 459.27, 2780177, 260, 78, 0
6295, 28, 178, 561, 0, 0, 63.88%, 13, 0, 8, 476.62, 2782684, 260, 78, 0
6300, 28, 238, 561, 0, 0, 63.88%, 13, 0, 8, 431.00, 2784813, 260, 78, 0
6305, 28, 256, 561, 0, 0, 63.88%, 13, 0, 8, 459.50, 2787236, 260, 78, 0
6310, 28, 523, 561, 0, 0, 63.88%, 13, 0, 8, 446.12, 2789494, 260, 78, 0
6315, 28, 523, 561, 0, 0, 63.88%, 13, 0, 8, 429.66, 2791612, 260, 78, 0
6320, 28, 69, 561, 0, 0, 63.88%, 13, 0, 8, 448.51, 2793869, 260, 78, 0
6326, 28, 215, 561, 0, 0, 63.88%, 13, 0, 8, 459.35, 2796302, 260, 78, 0
6331, 28, 339, 561, 0, 0, 63.88%, 13, 0, 8, 460.75, 2798690, 260, 78, 0
6336, 28, 215, 561, 0, 0, 63.88%, 13, 0, 8, 437.74, 2800842, 260, 78, 0
6341, 28, 366, 561, 0, 0, 63.88%, 13, 0, 8, 453.37, 2803172, 260, 78, 0
6346, 28, 69, 561, 0, 0, 63.88%, 13, 0, 8, 445.55, 2805424, 260, 78, 0
6351, 28, 158, 561, 0, 0, 63.88%, 13, 0, 8, 426.66, 2807533, 260, 78, 0
6356, 28, 69, 561, 0, 0, 63.88%, 13, 0, 8, 415.08, 2809656, 260, 79, 0
6361, 28, 69, 561, 0, 0, 63.88%, 13, 0, 8, 425.68, 2811809, 260, 79, 0
6366, 28, 471, 561, 0, 0, 63.88%, 13, 0, 8, 446.93, 2814195, 260, 79, 0
6371, 28, 357, 561, 0, 0, 63.88%, 13, 0, 8, 459.17, 2816505, 260, 79, 0
6376, 28, 485, 561, 0, 0, 63.88%, 13, 0, 8, 437.61, 2818742, 260, 80, 0
6381, 28, 127, 561, 0, 0, 63.88%, 13, 0, 8, 444.82, 2820991, 260, 80, 0
6387, 28, 451, 561, 0, 0, 63.88%, 13, 0, 8, 447.88, 2823306, 260, 80, 0
6392, 28, 372, 561, 0, 0, 63.88%, 13, 0, 8, 426.44, 2825404, 260, 80, 0
6397, 28, 348, 561, 0, 0, 63.88%, 13, 0, 8, 433.73, 2827622, 260, 80, 0
6402, 28, 353, 561, 0, 0, 63.88%, 13, 0, 8, 432.79, 2829815, 260, 80, 0
6407, 28, 358, 561, 0, 0, 63.88%, 13, 0, 8, 420.19, 2831900, 260, 80, 0
6412, 28, 358, 561, 0, 0, 63.88%, 13, 0, 8, 423.46, 2834065, 260, 80, 0
6417, 28, 525, 561, 0, 0, 63.88%, 13, 0, 8, 440.88, 2836328, 260, 80, 0
6422, 28, 215, 561, 0, 0, 63.88%, 13, 0, 8, 446.40, 2838587, 260, 80, 0
6427, 28, 338, 561, 0, 0, 63.88%, 13, 0, 8, 472.98, 2841050, 260, 80, 0
6432, 28, 471, 561, 0, 0, 63.88%, 13, 0, 8, 433.14, 2843198, 260, 80, 0
6437, 28, 234, 561, 0, 0, 63.88%, 13, 0, 8, 453.75, 2845489, 260, 80, 0
6443, 28, 513, 561, 0, 0, 63.88%, 13, 0, 8, 439.17, 2847756, 260, 80, 0
6448, 28, 543, 561, 0, 0, 63.88%, 13, 0, 8, 463.37, 2850041, 260, 80, 0
6453, 29, 338, 561, 0, 0, 63.88%, 13, 0, 8, 464.35, 2852443, 260, 80, 0
6458, 29, 189, 561, 0, 0, 63.88%, 13, 0, 8, 440.66, 2854628, 260, 80, 0
6463, 29, 538, 561, 0, 0, 63.88%, 13, 0, 8, 438.64, 2856888, 260, 80, 0
6468, 29, 523, 561, 0, 0, 63.88%, 13, 0, 8, 446.43, 2859061, 260, 80, 0
6473, 29, 338, 561, 0, 0, 63.88%, 13, 0, 8, 466.91, 2861502, 260, 80, 0
6478, 29, 348, 561, 0, 0, 63.88%, 13, 0, 8, 445.98, 2863723, 260, 80, 0
6483, 29, 215, 561, 0, 0, 63.88%, 13, 0, 8, 462.01, 2866051, 260, 80, 0
6488, 29, 15, 561, 0, 0, 63.88%, 13, 0, 8, 448.19, 2868343, 260, 80, 0
6494, 29, 298, 561, 0, 0, 63.88%, 13, 0, 8, 459.97, 2870715, 260, 80, 0
6499, 29, 348, 561, 0, 0, 63.88%, 13, 0, 8, 446.97, 2872971, 260, 80, 0
6504, 29, 362, 561, 0, 0, 63.88%, 13, 0, 8, 455.82, 2875309, 260, 80, 0
6509, 29, 61, 561, 0, 0, 63.88%, 13, 0, 8, 468.30, 2877717, 260, 80, 0
6514, 29, 486, 561, 0, 0, 63.88%, 13, 0, 8, 410.74, 2879743, 260, 80, 0
6519, 29, 451, 561, 0, 0, 63.88%, 13, 0, 8, 428.24, 2881948, 260, 80, 0
6524, 29, 520, 561, 0, 0, 63.88%, 13, 0, 8, 459.12, 2884236, 260, 80, 0
6529, 29, 143, 561, 0, 0, 63.88%, 13, 0, 8, 458.22, 2886646, 260, 80, 0
6534, 29, 185, 561, 0, 0, 63.88%, 13, 0, 8, 453.68, 2888902, 260, 80, 0
6539, 29, 543, 561, 0, 0, 63.88%, 13, 0, 8, 466.82, 2891344, 260, 80, 0
6544, 29, 487, 561, 0, 0, 63.88%, 13, 0, 8, 466.86, 2893674, 260, 80, 0
6549, 29, 69, 561, 0, 0, 63.88%, 13, 0, 8, 455.60, 2895951, 260, 80, 0
6554, 29, 61, 561, 0, 0, 63.88%, 13, 0, 8, 443.03, 2898162, 260, 80, 0
6559, 29, 142, 561, 0, 0, 63.88%, 13, 0, 8, 464.88, 2900522, 260, 80, 0
6565, 29, 338, 561, 0, 0, 63.88%, 13, 0, 8, 461.55, 2902803, 260, 80, 0
6570, 29, 487, 561, 0, 0, 63.88%, 13, 0, 8, 440.86, 2905003, 260, 80, 0
6575, 29, 348, 561, 0, 0, 63.88%, 13, 0, 8, 446.91, 2907299, 260, 80, 0
6580, 29, 312, 561, 0, 0, 63.88%, 13, 0, 8, 462.94, 2909692, 260, 80, 0
6585, 29, 212, 561, 0, 0, 63.88%, 13, 0, 8, 453.30, 2911933, 260, 80, 0
6590, 29, 493, 561, 0, 0, 63.88%, 13, 0, 8, 429.85, 2914185, 260, 80, 0
6595, 29, 353, 561, 0, 0, 63.88%, 13, 0, 8, 424.90, 2916312, 260, 80, 0
6600, 29, 530, 561, 0, 0, 63.88%, 13, 0, 8, 442.05, 2918500, 260, 80, 0
6605, 29, 461, 561, 0, 0, 63.88%, 13, 0, 8, 436.73, 2920703, 260, 80, 0
6610, 29, 487, 561, 0, 0, 63.88%, 13, 0, 8, 430.44, 2922886, 260, 80, 0
6615, 29, 338, 561, 0, 0, 63.88%, 13, 0, 8, 438.94, 2925146, 260, 80, 0
6620, 29, 487, 561, 0, 0, 63.88%, 13, 0, 8, 416.32, 2927244, 260, 80, 0
6625, 29, 362, 561, 0, 0, 63.88%, 13, 0, 8, 408.76, 2929297, 260, 80, 0
6630, 29, 451, 561, 0, 0, 63.88%, 13, 0, 8, 460.70, 2931654, 260, 80, 0
6635, 30, 348, 561, 0, 0, 63.88%, 13, 0, 8, 466.88, 2933985, 260, 80, 0
6640, 30, 471, 561, 0, 0, 63.88%, 13, 0, 8, 449.92, 2936288, 260, 80, 0
6645, 30, 215, 561, 0, 0, 63.88%, 13, 0, 8, 437.93, 2938462, 260, 80, 0
6650, 30, 312, 561, 0, 0, 63.88%, 13, 0, 8, 446.43, 2940736, 260, 80, 0
6655, 30, 338, 561, 0, 0, 63.88%, 13, 0, 8, 423.99, 2942914, 260, 80, 0
6661, 30, 487, 561, 0, 0, 63.88%, 13, 0, 8, 423.62, 2945024, 260, 83, 0
6666, 30, 487, 561, 0, 0, 63.88%, 13, 0, 8, 453.04, 2947293, 260, 83, 0
6671, 30, 485, 561, 0, 0, 63.88%, 13, 0, 8, 469.83, 2949606, 260, 83, 0
6676, 30, 215, 561, 0, 0, 63.88%, 13, 0, 8, 458.92, 2951895, 260, 83, 0
6681, 30, 3, 561, 0, 0, 63.88%, 13, 0, 8, 451.92, 2954224, 260, 83, 0
6686, 30, 306, 561, 0, 0, 63.88%, 13, 0, 8, 437.57, 2956371, 260, 83, 0
6691, 30, 215, 561, 0, 0, 63.88%, 13, 0, 8, 470.73, 2958741, 260, 83, 0
6696, 30, 61, 561, 0, 0, 63.88%, 13, 0, 8, 469.64, 2961167, 260, 83, 0
6701, 30, 98, 561, 0, 0, 63.88%, 13, 0, 8, 453.50, 2963471, 260, 83, 0
6706, 30, 393, 561, 0, 0, 63.88%, 13, 0, 8, 448.18, 2965730, 260, 83, 0
6711, 30, 493, 561, 0, 0, 63.88%, 13, 0, 8, 444.12, 2967978, 260, 83, 0
6716, 30, 485, 561, 0, 0, 63.88%, 13, 0, 8, 457.11, 2970294, 260, 83, 0
6721, 30, 464, 561, 0, 0, 63.88%, 13, 0, 8, 452.35, 2972511, 260, 84, 0
6726, 30, 234, 561, 0, 0, 63.88%, 13, 0, 8, 448.63, 2974738, 260, 84, 0
6731, 30, 506, 561, 0, 0, 63.88%, 13, 0, 8, 446.88, 2977043, 260, 84, 0
6737, 30, 487, 561, 0, 0, 63.88%, 13, 0, 8, 454.71, 2979358, 260, 84, 0
6742, 30, 69, 561, 0, 0, 63.88%, 13, 0, 8, 431.19, 2981516, 260, 84, 0
6747, 30, 503, 561, 0, 0, 63.88%, 13, 0, 8, 401.73, 2983604, 260, 84, 0
6752, 30, 327, 561, 0, 0, 63.88%, 13, 0, 8, 424.19, 2985754, 260, 84, 0
6757, 30, 312, 561, 0, 0, 63.88%, 13, 0, 8, 460.73, 2988100, 260, 84, 0
6762, 30, 119, 561, 0, 0, 63.88%, 13, 0, 8, 452.28, 2990393, 260, 85, 0
6767, 30, 470, 561, 0, 0, 63.88%, 13, 0, 8, 442.98, 2992666, 260, 85, 0
6772, 30, 338, 561, 0, 0, 63.88%, 13, 0, 8, 446.66, 2994975, 260, 85, 0
6777, 30, 543, 561, 0, 0, 63.88%, 13, 0, 8, 453.86, 2997209, 260, 86, 0
6782, 30, 470, 561, 0, 0, 63.88%, 13, 0, 8, 450.95, 2999469, 260, 86, 0
6787, 30, 464, 561, 0, 0, 63.88%, 13, 0, 8, 441.06, 3001706, 260, 86, 0
6792, 30, 226, 561, 0, 0, 63.88%, 13, 0, 8, 436.40, 3003888, 260, 86, 0
6797, 30, 264, 561, 0, 0, 63.88%, 13, 0, 8, 458.83, 3006251, 260, 86, 0
6802, 30, 487, 561, 0, 0, 63.88%, 13, 0, 8, 452.36, 3008534, 260, 86, 0
6808, 30, 487, 561, 0, 0, 63.88%, 13, 0, 8, 460.64, 3010822, 260, 86, 0
6813, 30, 358, 561, 0, 0, 63.88%, 13, 0, 8, 450.69, 3013117, 260, 86, 0
6818, 30, 338, 561, 0, 0, 63.88%, 13, 0, 8, 445.94, 3015399, 260, 86, 0
6823, 31, 362, 561, 0, 0, 63.88%, 13, 0, 8, 455.10, 3017703, 260, 86, 0
6828, 31, 351, 561, 0, 0, 63.88%, 13, 0, 8, 460.35, 3019997, 260, 86, 0
6833, 31, 543, 561, 0, 0, 63.88%, 13, 0, 8, 431.52, 3022167, 260, 86, 0
6838, 31, 465, 561, 0, 0, 63.88%, 13, 0, 8, 441.77, 3024381, 260, 86, 0
6843, 31, 451, 561, 0, 0, 63.88%, 13, 0, 8, 478.99, 3026824, 260, 86, 0
6848, 31, 264, 561, 0, 0, 63.88%, 13, 0, 8, 439.81, 3028922, 260, 86, 0
6853, 31, 485, 561, 0, 0, 63.88%, 13, 0, 8, 493.28, 3031554, 260, 86, 0
6858, 31, 239, 561, 0, 0, 63.88%, 13, 0, 8, 445.84, 3033782, 260, 87, 0
6863, 31, 348, 561, 0, 0, 63.88%, 13, 0, 8, 436.33, 3035950, 260, 87, 0
6868, 31, 143, 561, 0, 0, 63.88%, 13, 0, 8, 424.11, 3038091, 260, 88, 0
6874, 31, 12, 561, 0, 0, 63.88%, 13, 0, 8, 437.24, 3040336, 260, 90, 0
6879, 31, 61, 561, 0, 0, 63.88%, 13, 0, 8, 460.58, 3042677, 260, 90, 0
6884, 31, 357, 561, 0, 0, 63.88%, 13, 0, 8, 465.15, 3044970, 260, 90, 0
6889, 31, 312, 561, 0, 0, 63.88%, 13, 0, 8, 439.45, 3047202, 260, 90, 0
6894, 31, 446, 561, 0, 0, 63.88%, 13, 0, 8, 440.26, 3049484, 260, 90, 0
6899, 31, 215, 561, 0, 0, 63.88%, 13, 0, 8, 447.46, 3051769, 260, 90, 0
6904, 31, 341, 561, 0, 0, 63.88%, 13, 0, 8, 470.49, 3054095, 260, 90, 0
6909, 31, 306, 561, 0, 0, 63.88%, 13, 0, 8, 434.08, 3056356, 260, 90, 0
6914, 31, 504, 561, 0, 0, 63.88%, 13, 0, 8, 451.49, 3058592, 260, 90, 0
6919, 31, 287, 561, 0, 0, 63.88%, 13, 0, 8, 439.78, 3060810, 260, 90, 0
6924, 31, 299, 561, 0, 0, 63.88%, 13, 0, 8, 412.84, 3062884, 260, 90, 0
6930, 31, 427, 561, 0, 0, 63.88%, 13, 0, 8, 422.68, 3065054, 260, 90, 0
6935, 31, 469, 561, 0, 0, 63.88%, 13, 0, 8, 415.98, 3067117, 260, 90, 0
6940, 31, 486, 561, 0, 0, 63.88%, 13, 0, 8, 412.40, 3069330, 260, 90, 0
6945, 31, 69, 561, 0, 0, 63.88%, 13, 0, 8, 403.00, 3071386, 260, 90, 0
6950, 31, 256, 561, 0, 0, 63.88%, 13, 0, 8, 414.53, 3073509, 260, 90, 0
6955, 31, 358, 561, 0, 0, 63.88%, 13, 0, 8, 434.27, 3075638, 260, 90, 0
6960, 31, 530, 561, 0, 0, 63.88%, 13, 0, 8, 433.83, 3077880, 260, 90, 0
6965, 31, 170, 561, 0, 0, 63.88%, 13, 0, 8, 448.95, 3080086, 260, 90, 0
6970, 31, 24, 561, 0, 0, 63.88%, 13, 0, 8, 463.17, 3082442, 260, 90, 0
6975, 31, 543, 561, 0, 0, 63.88%, 13, 0, 8, 440.82, 3084647, 260, 90, 0
6980, 31, 487, 561, 0, 0, 63.88%, 13, 0, 8, 445.54, 3086886, 260, 90, 0
6985, 31, 543, 561, 0, 0, 63.88%, 13, 0, 8, 459.53, 3089316, 260, 91, 0
6990, 31, 173, 561, 0, 0, 63.88%, 13, 0, 8, 464.22, 3091608, 260, 91, 0
6995, 31, 506, 561, 0, 0, 63.88%, 13, 0, 8, 435.17, 3093788, 260, 91, 0
7000, 31, 348, 561, 0, 0, 63.88%, 13, 0, 8, 443.92, 3095997, 260, 91, 0
7006, 31, 119, 561, 0, 0, 63.88%, 13, 0, 8, 438.59, 3098211, 260, 91, 0
7011, 32, 487, 561, 0, 0, 63.88%, 13, 0, 8, 408.62, 3100197, 260, 91, 0
7016, 32, 523, 561, 0, 0, 63.88%, 13, 0, 8, 433.74, 3102426, 260, 91, 0
7021, 32, 358, 561, 0, 0, 63.88%, 13, 0, 8, 450.61, 3104776, 260, 91, 0
7026, 32, 343, 561, 0, 0, 63.88%, 13, 0, 8, 428.14, 3106891, 260, 91, 0
7031, 32, 355, 561, 0, 0, 63.88%, 13, 0, 8, 447.87, 3109248, 260, 91, 0
7036, 32, 487, 561, 0, 0, 63.88%, 13, 0, 8, 440.44, 3111442, 260, 91, 0
7041, 32, 425, 561, 0, 0, 63.88%, 13, 0, 8, 423.30, 3113519, 260, 91, 0
7046, 32, 338, 561, 0, 0, 63.88%, 13, 0, 8, 445.13, 3115766, 260, 91, 0
7051, 32, 215, 561, 0, 0, 63.88%, 13, 0, 8, 427.72, 3117872, 260, 91, 0
7056, 32, 69, 561, 0, 0, 63.88%, 13, 0, 8, 432.47, 3120065, 260, 91, 0
7061, 32, 338, 561, 0, 0, 63.88%, 13, 0, 8, 449.45, 3122335, 260, 91, 0
7066, 32, 234, 561, 0, 0, 63.88%, 13, 0, 8, 461.92, 3124593, 260, 91, 0
7071, 32, 306, 561, 0, 0, 63.88%, 13, 0, 8, 428.32, 3126719, 260, 91, 0
7077, 32, 504, 561, 0, 0, 63.88%, 13, 0, 8, 441.11, 3129019, 260, 91, 0
7082, 32, 335, 561, 0, 0, 63.88%, 13, 0, 8, 462.75, 3131406, 260, 91, 0
7087, 32, 348, 561, 0, 0, 63.88%, 13, 0, 8, 452.96, 3133651, 260, 91, 0
7092, 32, 506, 561, 0, 0, 63.88%, 13, 0, 8, 465.50, 3136005, 260, 91, 0
7097, 32, 312, 561, 0, 0, 63.88%, 13, 0, 8, 431.45, 3138100, 260, 91, 0
7102, 32, 61, 561, 0, 0, 63.88%, 13, 0, 8, 429.55, 3140231, 260, 92, 0
7107, 32, 351, 561, 0, 0, 63.88%, 13, 0, 8, 446.18, 3142510, 260, 92, 0
7112, 32, 214, 561, 0, 0, 63.88%, 13, 0, 8, 450.60, 3144781, 260, 92, 0
7117, 32, 215, 561, 0, 0, 63.88%, 13, 0, 8, 462.08, 3147077, 260, 92, 0
7122, 32, 493, 561, 0, 0, 63.88%, 13, 0, 8, 480.09, 3149440, 260, 92, 0
7127, 32, 312, 561, 0, 0, 63.88%, 13, 0, 8, 468.06, 3151858, 260, 92, 0
7132, 32, 461, 562, 1, 0, 63.88%, 13, 0, 8, 447.72, 3154087, 260, 92, 0
7137, 32, 301, 562, 1, 0, 63.88%, 13, 0, 8, 444.42, 3156339, 260, 92, 0
7142, 32, 31, 562, 1, 0, 63.88%, 13, 0, 8, 452.13, 3158599, 260, 92, 0
7147, 32, 69, 562, 1, 0, 63.88%, 13, 0, 8, 442.99, 3160861, 260, 92, 0
7152, 32, 485, 563, 2, 0, 63.88%, 13, 0, 8, 448.25, 3163167, 260, 93, 0
7157, 32, 215, 563, 2, 0, 63.88%, 13, 0, 8, 427.29, 3165294, 260, 93, 0
7163, 32, 143, 563, 2, 0, 63.88%, 13, 0, 8, 426.47, 3167556, 260, 93, 0
7168, 32, 256, 563, 1, 0, 63.88%, 13, 0, 8, 428.08, 3169723, 260, 93, 0
7173, 32, 493, 563, 1, 0, 63.88%, 13, 0, 8, 436.74, 3171925, 260, 93, 0
7178, 32, 487, 563, 1, 0, 63.88%, 13, 0, 8, 447.76, 3174208, 260, 93, 0
7183, 32, 434, 563, 1, 0, 63.88%, 13, 0, 8, 430.82, 3176360, 260, 93, 0
7188, 32, 358, 563, 1, 0, 63.88%, 13, 0, 8, 430.17, 3178551, 260, 93, 0
7193, 32, 61, 563, 1, 0, 63.88%, 13, 0, 8, 442.78, 3180757, 260, 93, 0
7198, 32, 282, 563, 1, 0, 63.88%, 13, 0, 8, 448.83, 3183012, 260, 93, 0
7203, 32, 487, 563, 1, 0, 63.88%, 13, 0, 8, 444.53, 3185234, 260, 93, 0
7208, 33, 3, 563, 1, 0, 63.88%, 13, 0, 8, 434.34, 3187458, 260, 93, 0
7213, 33, 306, 563, 1, 0, 63.88%, 13, 0, 8, 441.69, 3189629, 260, 93, 0
7218, 33, 356, 563, 0, 0, 63.88%, 13, 0, 8, 462.36, 3191920, 260, 93, 0
7223, 33, 139, 563, 0, 0, 63.88%, 13, 0, 8, 442.10, 3194165, 260, 93, 0
7228, 33, 348, 563, 0, 0, 63.88%, 13, 0, 8, 449.26, 3196452, 260, 93, 0
7233, 33, 487, 563, 0, 0, 63.88%, 13, 0, 8, 449.80, 3198717, 260, 93, 0
7238, 33, 523, 563, 0, 0, 63.88%, 13, 0, 8, 449.56, 3200966, 260, 95, 0
7244, 33, 143, 563, 0, 0, 63.88%, 13, 0, 8, 438.13, 3203225, 260, 95, 0
7249, 33, 485, 563, 0, 0, 63.88%, 13, 0, 8, 475.27, 3205592, 260, 98, 0
7254, 33, 529, 563, 0, 0, 63.88%, 13, 0, 8, 453.21, 3207857, 260, 98, 0
7259, 33, 561, 563, 0, 0, 63.88%, 13, 0, 8, 424.23, 3209987, 260, 98, 0
7264, 33, 464, 563, 0, 0, 63.88%, 13, 0, 8, 449.29, 3212359, 260, 98, 0
7269, 33, 470, 563, 0, 0, 63.88%, 13, 0, 8, 454.26, 3214666, 260, 98, 0
7274, 33, 529, 563, 0, 0, 63.88%, 13, 0, 8, 460.41, 3216937, 260, 98, 0
7279, 33, 487, 563, 0, 0, 63.88%, 13, 0, 8, 436.51, 3219075, 260, 98, 0
7284, 33, 126, 563, 0, 0, 63.88%, 13, 0, 8, 466.49, 3221442, 260, 99, 0
7289, 33, 461, 563, 0, 0, 63.88%, 13, 0, 8, 452.74, 3223696, 260, 99, 0
7294, 33, 427, 563, 0, 0, 63.88%, 13, 0, 8, 446.35, 3225989, 260, 99, 0
7299, 33, 405, 563, 0, 0, 63.88%, 13, 0, 8, 453.43, 3228329, 260, 99, 0
7304, 33, 36, 563, 0, 0, 63.88%, 13, 0, 8, 413.22, 3230433, 260, 99, 0
7309, 33, 293, 563, 0, 0, 63.88%, 13, 0, 8, 409.94, 3232531, 260, 99, 0
7315, 33, 471, 563, 0, 0, 63.88%, 13, 0, 8, 424.54, 3234714, 260, 99, 0
7320, 33, 515, 563, 0, 0, 63.88%, 13, 0, 8, 439.60, 3236928, 260, 99, 0
7325, 33, 3, 563, 0, 0, 63.88%, 13, 0, 8, 444.65, 3239255, 260, 99, 0
7330, 33, 485, 563, 0, 0, 63.88%, 13, 0, 8, 422.75, 3241360, 260, 99, 0
7335, 33, 182, 563, 0, 0, 63.88%, 13, 0, 8, 433.37, 3243573, 260, 99, 0
7340, 33, 340, 563, 0, 0, 63.88%, 13, 0, 8, 432.96, 3245764, 260, 99, 0
7345, 33, 388, 563, 0, 0, 63.88%, 13, 0, 8, 422.25, 3247942, 260, 99, 0
7350, 33, 186, 563, 0, 0, 63.88%, 13, 0, 8, 448.80, 3250189, 260, 99, 0
7355, 33, 3, 563, 0, 0, 63.88%, 13, 0, 8, 453.81, 3252480, 260, 99, 0
7360, 33, 523, 563, 0, 0, 63.88%, 13, 0, 8, 434.59, 3254646, 260, 99, 0
7365, 33, 176, 563, 0, 0, 63.88%, 13, 0, 8, 472.97, 3257144, 260, 99, 0
7370, 33, 451, 563, 0, 0, 63.88%, 13, 0, 8, 459.94, 3259415, 260, 99, 0
7375, 33, 301, 563, 0, 0, 63.88%, 13, 0, 8, 445.79, 3261608, 260, 99, 0
7380, 33, 427, 563, 0, 0, 63.88%, 13, 0, 8, 444.65, 3263866, 260, 99, 0
7386, 33, 306, 563, 0, 0, 63.88%, 13, 0, 8, 431.92, 3266031, 260, 99, 0
7391, 33, 487, 563, 0, 0, 63.88%, 13, 0, 8, 446.99, 3268309, 260, 99, 0
7396, 33, 301, 563, 0, 0, 63.88%, 13, 0, 8, 436.74, 3270512, 260, 99, 0
7401, 34, 529, 563, 0, 0, 63.88%, 13, 0, 8, 456.89, 3272871, 260, 99, 0
7406, 34, 487, 563, 0, 0, 63.88%, 13, 0, 8, 447.92, 3275135, 260, 99, 0
7411, 34, 520, 563, 0, 0, 63.88%, 13, 0, 8, 448.70, 3277413, 260, 99, 0
7416, 34, 459, 563, 0, 0, 63.88%, 13, 0, 8, 459.64, 3279686, 260, 99, 0
7421, 34, 69, 563, 0, 0, 63.88%, 13, 0, 8, 453.26, 3281989, 260, 99, 0
7426, 34, 487, 563, 0, 0, 63.88%, 13, 0, 8, 469.06, 3284350, 260, 99, 0
7431, 34, 486, 563, 0, 0, 63.88%, 13, 0, 8, 464.30, 3286640, 260, 99, 0
7436, 34, 69, 563, 0, 0, 63.88%, 13, 0, 8, 469.26, 3289000, 260, 99, 0
7441, 34, 215, 563, 0, 0, 63.88%, 13, 0, 8, 467.31, 3291297, 260, 99, 0
7446, 34, 234, 563, 0, 0, 63.88%, 13, 0, 8, 457.37, 3293633, 260, 99, 0
7451, 34, 341, 563, 0, 0, 63.88%, 13, 0, 8, 462.71, 3295998, 260, 99, 0
7456, 34, 61, 563, 0, 0, 63.88%, 13, 0, 8, 436.02, 3298156, 260, 99, 0
7461, 34, 464, 563, 0, 0, 63.88%, 13, 0, 8, 440.05, 3300373, 260, 99, 0
7466, 34, 543, 563, 0, 0, 63.88%, 13, 0, 8, 463.80, 3302715, 260, 100, 0
7471, 34, 372, 563, 0, 0, 63.88%, 13, 0, 8, 432.34, 3304927, 260, 100, 0
7477, 34, 486, 563, 0, 0, 63.88%, 13, 0, 8, 449.19, 3307168, 260, 100, 0
7482, 34, 520, 563, 0, 0, 63.88%, 13, 0, 8, 422.00, 3309366, 260, 100, 0
7487, 34, 464, 563, 0, 0, 63.88%, 13, 0, 8, 459.19, 3311693, 260, 100, 0
7492, 34, 487, 563, 0, 0, 63.88%, 13, 0, 8, 460.72, 3314005, 260, 100, 0
7497, 34, 17, 563, 0, 0, 63.88%, 13, 0, 8, 432.22, 3316231, 260, 100, 0
7502, 34, 143, 563, 0, 0, 63.88%, 13, 0, 8, 442.66, 3318469, 260, 100, 0
7507, 34, 487, 563, 0, 0, 63.88%, 13, 0, 8, 423.20, 3320552, 260, 100, 0
7512, 34, 362, 563, 0, 0, 63.88%, 13, 0, 8, 435.66, 3322718, 260, 100, 0
7517, 34, 520, 563, 0, 0, 63.88%, 13, 0, 8, 459.65, 3325085, 260, 100, 0
7522, 34, 270, 563, 0, 0, 63.88%, 13, 0, 8, 437.30, 3327249, 260, 101, 0
7527, 34, 561, 563, 0, 0, 63.88%, 13, 0, 8, 463.74, 3329601, 260, 101, 0
7532, 34, 143, 563, 0, 0, 63.88%, 13, 0, 8, 449.69, 3331868, 260, 101, 0
7538, 34, 487, 563, 0, 0, 63.88%, 13, 0, 8, 449.63, 3334113, 260, 101, 0
7543, 34, 216, 563, 0, 0, 63.88%, 13, 0, 8, 443.06, 3336299, 260, 101, 0
7548, 34, 362, 563, 0, 0, 63.88%, 13, 0, 8, 447.25, 3338587, 260, 101, 0
7553, 34, 143, 563, 0, 0, 63.88%, 13, 0, 8, 450.75, 3340850, 260, 101, 0
7558, 34, 422, 563, 0, 0, 63.88%, 13, 0, 8, 452.60, 3343218, 260, 101, 0
7563, 34, 523, 563, 0, 0, 63.88%, 13, 0, 8, 424.07, 3345337, 260, 101, 0
7568, 34, 121, 563, 0, 0, 63.88%, 13, 0, 8, 440.73, 3347494, 260, 101, 0
7573, 34, 330, 563, 0, 0, 63.88%, 13, 0, 8, 432.66, 3349746, 260, 101, 0
7578, 34, 523, 563, 0, 0, 63.88%, 13, 0, 8, 463.51, 3352089, 260, 101, 0
7583, 34, 487, 563, 0, 0, 63.88%, 13, 0, 8, 441.90, 3354273, 260, 101, 0
7588, 35, 561, 563, 0, 0, 63.88%, 13, 0, 8, 487.35, 3356743, 260, 101, 0
7593, 35, 61, 563, 0, 0, 63.88%, 13, 0, 8, 473.35, 3359142, 260, 101, 0
7598, 35, 178, 563, 0, 0, 63.88%, 13, 0, 8, 462.59, 3361482, 260, 101, 0
7603, 35, 173, 563, 0, 0, 63.88%, 13, 0, 8, 457.73, 3363744, 260, 101, 0
7608, 35, 461, 563, 0, 0, 63.88%, 13, 0, 8, 429.97, 3365931, 260, 101, 0
7613, 35, 470, 563, 0, 0, 63.88%, 13, 0, 8, 439.86, 3368129, 260, 101, 0
7618, 35, 362, 563, 0, 0, 63.88%, 13, 0, 8, 452.47, 3370392, 260, 101, 0
7624, 35, 306, 563, 0, 0, 63.88%, 13, 0, 8, 465.71, 3372727, 260, 101, 0
7629, 35, 312, 563, 0, 0, 63.88%, 13, 0, 8, 467.80, 3375082, 260, 101, 0
7634, 35, 234, 563, 0, 0, 63.88%, 13, 0, 8, 481.91, 3377567, 260, 101, 0
7639, 35, 301, 563, 0, 0, 63.88%, 13, 0, 8, 458.64, 3379950, 260, 101, 0
7644, 35, 338, 563, 0, 0, 63.88%, 13, 0, 8, 472.44, 3382361, 260, 101, 0
7649, 35, 518, 563, 0, 0, 63.88%, 13, 0, 8, 460.93, 3384691, 260, 101, 0
7654, 35, 312, 563, 0, 0, 63.88%, 13, 0, 8, 476.27, 3387110, 260, 101, 0
7659, 35, 38, 563, 0, 0, 63.88%, 13, 0, 8, 479.30, 3389541, 260, 101, 0
7664, 35, 561, 563, 0, 0, 63.88%, 13, 0, 8, 442.61, 3391736, 260, 101, 0
7669, 35, 493, 563, 0, 0, 63.88%, 13, 0, 8, 461.58, 3394018, 260, 101, 0
7674, 35, 306, 563, 0, 0, 63.88%, 13, 0, 8, 438.62, 3396177, 260, 101, 0
7680, 35, 52, 563, 0, 0, 63.88%, 13, 0, 8, 449.26, 3398524, 260, 101, 0
7685, 35, 312, 563, 0, 0, 63.88%, 13, 0, 8, 449.07, 3400785, 260, 101, 0
7690, 35, 408, 563, 0, 0, 63.88%, 13, 0, 8, 455.98, 3403091, 260, 101, 0
7695, 35, 351, 563, 0, 0, 63.88%, 13, 0, 8, 442.62, 3405359, 260, 101, 0
7700, 35, 561, 563, 0, 0, 63.88%, 13, 0, 8, 474.25, 3407747, 260, 101, 0
7705, 35, 487, 563, 0, 0, 63.88%, 13, 0, 8, 463.17, 3410033, 260, 102, 0
7710, 35, 427, 563, 0, 0, 63.88%, 13, 0, 8, 476.27, 3412361, 260, 102, 0
7715, 35, 487, 563, 0, 0, 63.88%, 13, 0, 8, 458.76, 3414671, 260, 102, 0
7720, 35, 306, 563, 0, 0, 63.88%, 13, 0, 8, 448.77, 3416880, 260, 102, 0
7725, 35, 487, 563, 0, 0, 63.88%, 13, 0, 8, 453.70, 3419197, 260, 102, 0
7730, 35, 170, 563, 0, 0, 63.88%, 13, 0, 8, 451.43, 3421488, 260, 102, 0
7735, 35, 485, 563, 0, 0, 63.88%, 13, 0, 8, 465.40, 3423813, 260, 102, 0
7740, 35, 183, 563, 0, 0, 63.88%, 13, 0, 8, 433.43, 3425999, 260, 102, 0
7745, 35, 215, 563, 0, 0, 63.88%, 13, 0, 8, 437.70, 3428255, 260, 102, 0
7750, 35, 561, 563, 0, 0, 63.88%, 13, 0, 8, 468.04, 3430597, 260, 102, 0
7755, 35, 61, 563, 0, 0, 63.88%, 13, 0, 8, 469.83, 3432971, 260, 102, 0
7760, 35, 255, 563, 0, 0, 63.88%, 13, 0, 8, 441.88, 3435193, 260, 102, 0
7765, 35, 362, 563, 0, 0, 63.88%, 13, 0, 8, 463.89, 3437533, 260, 102, 0
7770, 36, 487, 563, 0, 0, 63.88%, 13, 0, 8, 437.42, 3439719, 260, 102, 0
7775, 36, 461, 563, 0, 0, 63.88%, 13, 0, 8, 429.55, 3441879, 260, 102, 0
7780, 36, 344, 563, 0, 0, 63.88%, 13, 0, 8, 432.90, 3444111, 260, 102, 0
7786, 36, 69, 563, 0, 0, 63.88%, 13, 0, 8, 459.06, 3446470, 260, 102, 0
7791, 36, 372, 563, 0, 0, 63.88%, 13, 0, 8, 449.63, 3448712, 260, 102, 0
7796, 36, 215, 563, 0, 0, 63.88%, 13, 0, 8, 463.38, 3450993, 260, 102, 0
7801, 36, 348, 563, 0, 0, 63.88%, 13, 0, 8, 431.03, 3453191, 260, 102, 0
7806, 36, 464, 563, 0, 0, 63.88%, 13, 0, 8, 442.96, 3455450, 260, 102, 0
7811, 36, 493, 563, 0, 0, 63.88%, 13, 0, 8, 435.50, 3457604, 260, 102, 0
7816, 36, 493, 563, 0, 0, 63.88%, 13, 0, 8, 433.46, 3459806, 260, 104, 0
7821, 36, 46, 563, 0, 0, 63.88%, 13, 0, 8, 440.90, 3461961, 260, 104, 0
7826, 36, 485, 563, 0, 0, 63.88%, 13, 0, 8, 418.54, 3464115, 260, 104, 0
7831, 36, 487, 563, 0, 0, 63.88%, 13, 0, 8, 426.37, 3466330, 260, 104, 0
7836, 36, 61, 563, 0, 0, 63.88%, 13, 0, 8, 447.53, 3468577, 260, 104, 0
7841, 36, 487, 563, 0, 0, 63.88%, 13, 0, 8, 443.30, 3470849, 260, 104, 0
7846, 36, 234, 563, 0, 0, 63.88%, 13, 0, 8, 448.32, 3473041, 260, 104, 0
7851, 36, 306, 563, 0, 0, 63.88%, 13, 0, 8, 452.43, 3475362, 260, 104, 0
7856, 36, 523, 563, 0, 0, 63.88%, 13, 0, 8, 436.33, 3477553, 260, 104, 0
7861, 36, 487, 563, 0, 0, 63.88%, 13, 0, 8, 448.50, 3479896, 260, 104, 0
7866, 36, 543, 563, 0, 0, 63.88%, 13, 0, 8, 419.95, 3482051, 260, 104, 0
7871, 36, 561, 563, 0, 0, 63.88%, 13, 0, 8, 448.47, 3484363, 260, 104, 0
7876, 36, 234, 563, 0, 0, 63.88%, 13, 0, 8, 440.68, 3486563, 260, 104, 0
7881, 36, 215, 563, 0, 0, 63.88%, 13, 0, 8, 435.12, 3488785, 260, 104, 0
7887, 36, 518, 563, 0, 0, 63.88%, 13, 0, 8, 447.65, 3491062, 260, 104, 0
7892, 36, 487, 563, 0, 0, 63.88%, 13, 0, 8, 474.58, 3493579, 260, 104, 0
7897, 36, 143, 563, 0, 0, 63.88%, 13, 0, 8, 471.91, 3495967, 260, 104, 0
7902, 36, 234, 563, 0, 0, 63.88%, 13, 0, 8, 459.03, 3498264, 260, 104, 0
7907, 36, 151, 563, 0, 0, 63.88%, 13, 0, 8, 453.72, 3500554, 260, 104, 0
7912, 36, 104, 563, 0, 0, 63.88%, 13, 0, 8, 428.45, 3502758, 260, 104, 0
7917, 36, 338, 563, 0, 0, 63.88%, 13, 0, 8, 427.44, 3504930, 260, 104, 0
7922, 36, 234, 563, 0, 0, 63.88%, 13, 0, 8, 465.21, 3507324, 260, 104, 0
7927, 36, 312, 563, 0, 0, 63.88%, 13, 0, 8, 465.00, 3509755, 260, 104, 0
7932, 36, 312, 563, 0, 0, 63.88%, 13, 0, 8, 447.37, 3512028, 260, 104, 0
7937, 36, 136, 563, 0, 0, 63.88%, 13, 0, 8, 434.17, 3514210, 260, 104, 0
7942, 36, 486, 563, 0, 0, 63.88%, 13, 0, 8, 415.82, 3516304, 260, 104, 0
7948, 36, 170, 563, 0, 0, 63.88%, 13, 0, 8, 447.08, 3518555, 260, 104, 0
7953, 36, 486, 563, 0, 0, 63.88%, 13, 0, 8, 464.91, 3520907, 260, 104, 0
7958, 37, 485, 563, 0, 0, 63.88%, 13, 0, 8, 445.46, 3523086, 260, 104, 0
7963, 37, 434, 563, 0, 0, 63.88%, 13, 0, 8, 422.80, 3525230, 260, 104, 0
7968, 37, 434, 563, 0, 0, 63.88%, 13, 0, 8, 444.38, 3527483, 260, 104, 0
7973, 37, 487, 563, 0, 0, 63.88%, 13, 0, 8, 466.55, 3529886, 260, 104, 0
7978, 37, 338, 563, 0, 0, 63.88%, 13, 0, 8, 449.99, 3532119, 260, 104, 0
7983, 37, 353, 563, 0, 0, 63.88%, 13, 0, 8, 473.62, 3534492, 260, 104, 0
7988, 37, 121, 563, 0, 0, 63.88%, 13, 0, 8, 442.45, 3536762, 260, 104, 0
7993, 37, 388, 563, 0, 0, 63.88%, 13, 0, 8, 443.10, 3538961, 260, 105, 0
7998, 37, 338, 563, 0, 0, 63.88%, 13, 0, 8, 449.72, 3541213, 260, 105, 0
8003, 37, 561, 563, 0, 0, 63.88%, 13, 0, 8, 421.78, 3543334, 260, 105, 0
8008, 37, 523, 563, 0, 0, 63.88%, 13, 0, 8, 416.93, 3545461, 260, 106, 0
8013, 37, 490, 563, 0, 0, 63.88%, 13, 0, 8, 448.49, 3547769, 260, 106, 0
8018, 37, 301, 563, 0, 0, 63.88%, 13, 0, 8, 438.64, 3549994, 260, 107, 0
8023, 37, 81, 563, 0, 0, 63.88%, 13, 0, 8, 446.22, 3552278, 260, 107, 0
8029, 37, 543, 563, 0, 0, 63.88%, 13, 0, 8, 450.58, 3554520, 260, 107, 0
8034, 37, 215, 563, 0, 0, 63.88%, 13, 0, 8, 449.88, 3556732, 260, 108, 0
8039, 37, 324, 563, 0, 0, 63.88%, 13, 0, 8, 453.78, 3559008, 260, 108, 0
8044, 37, 362, 563, 0, 0, 63.88%, 13, 0, 8, 448.94, 3561275, 260, 108, 0
8049, 37, 525, 564, 1, 0, 63.88%, 13, 0, 8, 451.87, 3563575, 260, 108, 0
8054, 37, 563, 564, 1, 0, 63.88%, 13, 0, 8, 446.26, 3565828, 260, 108, 0
8059, 37, 348, 564, 0, 0, 63.88%, 13, 0, 8, 425.95, 3567979, 260, 108, 0
8064, 37, 215, 564, 0, 0, 63.88%, 13, 0, 8, 448.57, 3570189, 260, 108, 0
8069, 37, 348, 564, 0, 0, 63.88%, 13, 0, 8, 441.33, 3572422, 260, 108, 0
8074, 37, 306, 564, 0, 0, 63.88%, 13, 0, 8, 438.68, 3574695, 260, 108, 0
8079, 37, 143, 564, 0, 0, 63.88%, 13, 0, 8, 425.40, 3576756, 260, 109, 0
8084, 37, 69, 564, 0, 0, 63.88%, 13, 0, 8, 451.98, 3579042, 260, 109, 0
8089, 37, 61, 564, 0, 0, 63.88%, 13, 0, 8, 452.70, 3581304, 260, 109, 0
8094, 37, 487, 564, 0, 0, 63.88%, 13, 0, 8, 424.92, 3583402, 260, 109, 0
8099, 37, 372, 564, 0, 0, 63.88%, 13, 0, 8, 444.37, 3585710, 260, 109, 0
8104, 37, 348, 564, 0, 0, 63.88%, 13, 0, 8, 423.89, 3587870, 260, 109, 0
8109, 37, 529, 564, 0, 0, 63.88%, 13, 0, 8, 437.26, 3590107, 260, 109, 0
8115, 37, 276, 564, 0, 0, 63.88%, 13, 0, 8, 452.01, 3592414, 260, 110, 0
8120, 37, 475, 564, 0, 0, 63.88%, 13, 0, 8, 453.32, 3594668, 260, 110, 0
8125, 37, 518, 564, 0, 0, 63.88%, 13, 0, 8, 438.84, 3596901, 260, 110, 0
8130, 37, 420, 564, 0, 0, 63.88%, 13, 0, 8, 444.60, 3599176, 260, 110, 0
8135, 37, 529, 564, 0, 0, 63.88%, 13, 0, 8, 426.01, 3601360, 260, 110, 0
8140, 37, 338, 564, 0, 0, 63.88%, 13, 0, 8, 436.63, 3603554, 260, 110, 0
8145, 37, 234, 564, 0, 0, 63.88%, 13, 0, 8, 439.12, 3605749, 260, 110, 0
8150, 38, 338, 564, 0, 0, 63.88%, 13, 0, 8, 438.20, 3607915, 260, 110, 0
8155, 38, 143, 564, 0, 0, 63.88%, 13, 0, 8, 441.37, 3610236, 260, 110, 0
8160, 38, 393, 564, 0, 0, 63.88%, 13, 0, 8, 430.81, 3612457, 260, 110, 0
8165, 38, 561, 564, 0, 0, 63.88%, 13, 0, 8, 439.85, 3614668, 260, 110, 0
8171, 38, 540, 564, 0, 0, 63.88%, 13, 0, 8, 400.88, 3616712, 260, 110, 0
8176, 38, 215, 564, 0, 0, 63.88%, 13, 0, 8, 412.42, 3618796, 260, 110, 0
8181, 38, 358, 564, 0, 0, 63.88%, 13, 0, 8, 442.20, 3621077, 260, 110, 0
8186, 38, 487, 564, 0, 0, 63.88%, 13, 0, 8, 417.65, 3623209, 260, 110, 0
8191, 38, 284, 564, 0, 0, 63.88%, 13, 0, 8, 449.17, 3625474, 260, 110, 0
8196, 38, 157, 564, 0, 0, 63.88%, 13, 0, 8, 432.52, 3627646, 260, 110, 0
8201, 38, 170, 564, 0, 0, 63.88%, 13, 0, 8, 445.54, 3629899, 260, 111, 0
8206, 38, 358, 564, 0, 0, 63.88%, 13, 0, 8, 423.18, 3632016, 260, 111, 0
8211, 38, 551, 564, 0, 0, 63.88%, 13, 0, 8, 446.06, 3634265, 260, 111, 0
8216, 38, 215, 564, 0, 0, 63.88%, 13, 0, 8, 418.62, 3636370, 260, 111, 0
8221, 38, 459, 564, 0, 0, 63.88%, 13, 0, 8, 428.83, 3638617, 260, 111, 0
8226, 38, 486, 564, 0, 0, 63.88%, 13, 0, 8, 413.56, 3640695, 260, 111, 0
8231, 38, 119, 564, 0, 0, 63.88%, 13, 0, 8, 427.33, 3642983, 260, 111, 0
8236, 38, 300, 564, 0, 0, 63.88%, 13, 0, 8, 427.89, 3645119, 260, 111, 0
8241, 38, 201, 564, 0, 0, 63.88%, 13, 0, 8, 447.51, 3647432, 260, 111, 0
8246, 38, 358, 564, 0, 0, 63.88%, 13, 0, 8, 457.71, 3649742, 260, 111, 0
8251, 38, 287, 564, 0, 0, 63.88%, 13, 0, 8, 452.58, 3652011, 260, 111, 0
8256, 38, 170, 564, 0, 0, 63.88%, 13, 0, 8, 420.54, 3654102, 260, 111, 0
8261, 38, 236, 564, 0, 0, 63.88%, 13, 0, 8, 430.13, 3656262, 260, 114, 0
8266, 38, 301, 564, 0, 0, 63.88%, 13, 0, 8, 466.54, 3658633, 260, 115, 0
8272, 38, 358, 564, 0, 0, 63.88%, 13, 0, 8, 447.71, 3660829, 260, 115, 0
8277, 38, 348, 564, 0, 0, 63.88%, 13, 0, 8, 454.80, 3663099, 260, 115, 0
8282, 38, 312, 564, 0, 0, 63.88%, 13, 0, 8, 449.90, 3665354, 260, 115, 0
8287, 38, 520, 564, 0, 0, 63.88%, 13, 0, 8, 455.09, 3667761, 260, 115, 0
8292, 38, 312, 564, 0, 0, 63.88%, 13, 0, 8, 455.74, 3670057, 260, 115, 0
8297, 38, 301, 564, 0, 0, 63.88%, 13, 0, 8, 431.44, 3672211, 260, 115, 0
8302, 38, 520, 564, 0, 0, 63.88%, 13, 0, 8, 450.13, 3674520, 260, 115, 0
8307, 38, 362, 564, 0, 0, 63.88%, 13, 0, 8, 434.66, 3676704, 260, 115, 0
8312, 38, 561, 564, 0, 0, 63.88%, 13, 0, 8, 436.94, 3678917, 260, 115, 0
8317, 38, 348, 564, 0, 0, 63.88%, 13, 0, 8, 456.79, 3681280, 260, 115, 0
8322, 38, 351, 564, 0, 0, 63.88%, 13, 0, 8, 423.97, 3683415, 260, 115, 0
8327, 39, 537, 564, 0, 0, 63.88%, 13, 0, 8, 433.18, 3685538, 260, 115, 0
8332, 39, 461, 564, 0, 0, 63.88%, 13, 0, 8, 432.19, 3687742, 260, 115, 0
8337, 39, 61, 564, 0, 0, 63.88%, 13, 0, 8, 427.52, 3689964, 260, 115, 0
8342, 39, 234, 564, 0, 0, 63.88%, 13, 0, 8, 432.93, 3692143, 260, 115, 0
8347, 39, 338, 564, 0, 0, 63.88%, 13, 0, 8, 437.43, 3694413, 260, 115, 0
8352, 39, 504, 564, 0, 0, 63.88%, 13, 0, 8, 416.41, 3696488, 260, 115, 0
8358, 39, 49, 564, 0, 0, 63.88%, 13, 0, 8, 428.92, 3698695, 260, 115, 0
8363, 39, 348, 564, 0, 0, 63.88%, 13, 0, 8, 437.85, 3700964, 260, 115, 0
8368, 39, 543, 564, 0, 0, 63.88%, 13, 0, 8, 410.91, 3702981, 260, 115, 0
8373, 39, 401, 564, 0, 0, 63.88%, 13, 0, 8, 436.16, 3705258, 260, 115, 0
8378, 39, 487, 564, 0, 0, 63.88%, 13, 0, 8, 446.43, 3707514, 260, 115, 0
8383, 39, 451, 564, 0, 0, 63.88%, 13, 0, 8, 406.35, 3709555, 260, 115, 0
8388, 39, 338, 564, 0, 0, 63.88%, 13, 0, 8, 422.67, 3711735, 260, 115, 0
8393, 39, 338, 564, 0, 0, 63.88%, 13, 0, 8, 435.97, 3714000, 260, 115, 0
8398, 39, 8, 564, 0, 0, 63.88%, 13, 0, 8, 447.84, 3716301, 260, 115, 0
8403, 39, 232, 564, 0, 0, 63.88%, 13, 0, 8, 443.32, 3718540, 260, 115, 0
8408, 39, 121, 564, 0, 0, 63.88%, 13, 0, 8, 454.85, 3720851, 260, 115, 0
8413, 39, 143, 564, 0, 0, 63.88%, 13, 0, 8, 442.09, 3723109, 260, 115, 0
8418, 39, 316, 564, 0, 0, 63.88%, 13, 0, 8, 423.90, 3725285, 260, 115, 0
8423, 39, 393, 564, 0, 0, 63.88%, 13, 0, 8, 437.28, 3727503, 260, 116, 0
8428, 39, 357, 564, 0, 0, 63.88%, 13, 0, 8, 433.00, 3729669, 260, 116, 0
8434, 39, 353, 564, 0, 0, 63.88%, 13, 0, 8, 458.13, 3732064, 260, 116, 0
8439, 39, 312, 564, 0, 0, 63.88%, 13, 0, 8, 464.25, 3734398, 260, 116, 0
8444, 39, 61, 564, 0, 0, 63.88%, 13, 0, 8, 466.03, 3736704, 260, 116, 0
8449, 39, 330, 564, 0, 0, 63.88%, 13, 0, 8, 455.55, 3739012, 260, 116, 0
8454, 39, 83, 564, 0, 0, 63.88%, 13, 0, 8, 470.01, 3741404, 260, 116, 0
8459, 39, 351, 564, 0, 0, 63.88%, 13, 0, 8, 442.75, 3743630, 260, 116, 0
8464, 39, 420, 564, 0, 0, 63.88%, 13, 0, 8, 425.80, 3745739, 260, 116, 0
8469, 39, 420, 564, 0, 0, 63.88%, 13, 0, 8, 425.38, 3747928, 260, 116, 0
8474, 39, 338, 564, 0, 0, 63.88%, 13, 0, 8, 417.40, 3750007, 260, 116, 0
8479, 39, 470, 564, 0, 0, 63.88%, 13, 0, 8, 417.63, 3752134, 260, 116, 0
8484, 39, 506, 564, 0, 0, 63.88%, 13, 0, 8, 447.61, 3754438, 260, 116, 0
8489, 39, 485, 564, 0, 0, 63.88%, 13, 0, 8, 444.40, 3756707, 260, 116, 0
8494, 39, 486, 564, 0, 0, 63.88%, 13, 0, 8, 434.15, 3758860, 260, 116, 0
8500, 39, 215, 564, 0, 0, 63.88%, 13, 0, 8, 431.28, 3761075, 260, 116, 0
8505, 39, 464, 564, 0, 0, 63.88%, 13, 0, 8, 433.95, 3763287, 260, 116, 0
8510, 39, 487, 564, 0, 0, 63.88%, 13, 0, 8, 437.18, 3765438, 260, 116, 0
8515, 40, 351, 564, 0, 0, 63.88%, 13, 0, 8, 429.74, 3767650, 260, 116, 0
8520, 40, 143, 564, 0, 0, 63.88%, 13, 0, 8, 444.72, 3769929, 260, 116, 0
8525, 40, 523, 564, 0, 0, 63.88%, 13, 0, 8, 418.72, 3771979, 260, 116, 0
8530, 40, 69, 564, 0, 0, 63.88%, 13, 0, 8, 426.38, 3774113, 260, 116, 0
8535, 40, 487, 564, 0, 0, 63.88%, 13, 0, 8, 427.63, 3776278, 260, 116, 0
8540, 40, 300, 564, 0, 0, 63.88%, 13, 0, 8, 449.81, 3778548, 260, 116, 0
8545, 40, 451, 564, 0, 0, 63.88%, 13, 0, 8, 458.78, 3780855, 260, 116, 0
8550, 40, 143, 564, 0, 0, 63.88%, 13, 0, 8, 419.63, 3782917, 260, 116, 0
8555, 40, 394, 564, 0, 0, 63.88%, 13, 0, 8, 409.70, 3784997, 260, 117, 0
8560, 40, 312, 564, 0, 0, 63.88%, 13, 0, 8, 430.03, 3787130, 260, 117, 0
8566, 40, 35, 564, 0, 0, 63.88%, 13, 0, 8, 436.27, 3789414, 260, 117, 0
8571, 40, 301, 564, 0, 0, 63.88%, 13, 0, 8, 442.40, 3791701, 260, 117, 0
8576, 40, 470, 564, 0, 0, 63.88%, 13, 0, 8, 435.33, 3793884, 260, 117, 0
8581, 40, 487, 564, 0, 0, 63.88%, 13, 0, 8, 468.67, 3796249, 260, 117, 0
8586, 40, 14, 564, 0, 0, 63.88%, 13, 0, 8, 427.30, 3798355, 260, 117, 0
8591, 40, 523, 564, 0, 0, 63.88%, 13, 0, 8, 461.76, 3800720, 260, 117, 0
8596, 40, 486, 564, 0, 0, 63.88%, 13, 0, 8, 441.62, 3802950, 260, 117, 0
8601, 40, 143, 564, 0, 0, 63.88%, 13, 0, 8, 435.16, 3805178, 260, 117, 0
8606, 40, 523, 564, 0, 0, 63.88%, 13, 0, 8, 410.99, 3807275, 260, 117, 0
8611, 40, 69, 564, 0, 0, 63.88%, 13, 0, 8, 430.32, 3809583, 260, 117, 0
8616, 40, 485, 564, 0, 0, 63.88%, 13, 0, 8, 448.98, 3811874, 260, 117, 0
8621, 40, 215, 564, 0, 0, 63.88%, 13, 0, 8, 465.13, 3814234, 260, 117, 0
8626, 40, 523, 564, 0, 0, 63.88%, 13, 0, 8, 436.64, 3816402, 260, 117, 0
8632, 40, 563, 564, 0, 0, 63.88%, 13, 0, 8, 442.99, 3818706, 260, 117, 0
8637, 40, 470, 564, 0, 0, 63.88%, 13, 0, 8, 464.82, 3821030, 260, 118, 0
8642, 40, 493, 564, 0, 0, 63.88%, 13, 0, 8, 433.18, 3823247, 260, 118, 0
8647, 40, 461, 564, 0, 0, 63.88%, 13, 0, 8, 443.36, 3825429, 260, 118, 0
8652, 40, 487, 564, 0, 0, 63.88%, 13, 0, 8, 460.73, 3827863, 260, 119, 0
8657, 40, 312, 564, 0, 0, 63.88%, 13, 0, 8, 462.25, 3830138, 260, 119, 0
8662, 40, 362, 564, 0, 0, 63.88%, 13, 0, 8, 428.10, 3832264, 260, 119, 0
8667, 40, 487, 564, 0, 0, 63.88%, 13, 0, 8, 441.49, 3834521, 260, 119, 0
8672, 40, 461, 564, 0, 0, 63.88%, 13, 0, 8, 425.07, 3836611, 260, 119, 0
8677, 40, 537, 564, 0, 0, 63.88%, 13, 0, 8, 433.41, 3838792, 260, 119, 0
8682, 40, 143, 564, 0, 0, 63.88%, 13, 0, 8, 441.20, 3841030, 260, 119, 0
8687, 40, 15, 564, 0, 0, 63.88%, 13, 0, 8, 470.13, 3843444, 260, 119, 0
8692, 40, 461, 564, 0, 0, 63.88%, 13, 0, 8, 452.94, 3845712, 260, 120, 0
8697, 40, 306, 564, 0, 0, 63.88%, 13, 0, 8, 454.06, 3847999, 260, 120, 0
8703, 40, 154, 564, 0, 0, 63.88%, 13, 0, 8, 453.25, 3850323, 260, 120, 0
8708, 40, 561, 564, 0, 0, 63.88%, 13, 0, 8, 467.05, 3852698, 260, 120, 0
8713, 41, 451, 564, 0, 0, 63.88%, 13, 0, 8, 424.66, 3854826, 260, 120, 0
8718, 41, 543, 564, 0, 0, 63.88%, 13, 0, 8, 432.02, 3857095, 260, 120, 0
8723, 41, 312, 564, 0, 0, 63.88%, 13, 0, 8, 452.02, 3859425, 260, 120, 0
8728, 41, 338, 564, 0, 0, 63.88%, 13, 0, 8, 469.12, 3861825, 260, 120, 0
8733, 41, 351, 564, 0, 0, 63.88%, 13, 0, 8, 424.94, 3863933, 260, 120, 0
8738, 41, 179, 564, 0, 0, 63.88%, 13, 0, 8, 458.13, 3866285, 260, 120, 0
8743, 41, 301, 564, 0, 0, 63.88%, 13, 0, 8, 458.71, 3868576, 260, 120, 0
8748, 41, 312, 564, 0, 0, 63.88%, 13, 0, 8, 453.40, 3870846, 260, 120, 0
8753, 41, 485, 564, 0, 0, 63.88%, 13, 0, 8, 449.69, 3873124, 260, 120, 0
8759, 41, 506, 564, 0, 0, 63.88%, 13, 0, 8, 447.44, 3875415, 260, 120, 0
8764, 41, 273, 564, 0, 0, 63.88%, 13, 0, 8, 434.53, 3877597, 260, 120, 0
8769, 41, 157, 564, 0, 0, 63.88%, 13, 0, 8, 438.18, 3879835, 260, 120, 0
8774, 41, 351, 564, 0, 0, 63.88%, 13, 0, 8, 432.98, 3882057, 260, 120, 0
8779, 41, 338, 564, 0, 0, 63.88%, 13, 0, 8, 472.45, 3884465, 260, 120, 0
8784, 41, 353, 564, 0, 0, 63.88%, 13, 0, 8, 446.68, 3886684, 260, 120, 0
8789, 41, 141, 564, 0, 0, 63.88%, 13, 0, 8, 458.75, 3888958, 260, 120, 0
8794, 41, 464, 564, 0, 0, 63.88%, 13, 0, 8, 468.55, 3891380, 260, 120, 0
8799, 41, 233, 564, 0, 0, 63.88%, 13, 0, 8, 426.75, 3893500, 260, 120, 0
8804, 41, 343, 564, 0, 0, 63.88%, 13, 0, 8, 433.37, 3895702, 260, 123, 0
8809, 41, 312, 564, 0, 0, 63.88%, 13, 0, 8, 454.61, 3897926, 260, 123, 0
8814, 41, 543, 564, 0, 0, 63.88%, 13, 0, 8, 446.36, 3900122, 260, 123, 0
8820, 41, 492, 564, 0, 0, 63.88%, 13, 0, 8, 448.54, 3902467, 260, 123, 0
8825, 41, 312, 564, 0, 0, 63.88%, 13, 0, 8, 407.80, 3904504, 260, 123, 0
8830, 41, 518, 564, 0, 0, 63.88%, 13, 0, 8, 410.39, 3906700, 260, 123, 0
8835, 41, 393, 564, 0, 0, 63.88%, 13, 0, 8, 450.83, 3909070, 260, 123, 0
8840, 41, 464, 564, 0, 0, 63.88%, 13, 0, 8, 435.89, 3911260, 260, 123, 0
8845, 41, 348, 564, 0, 0, 63.88%, 13, 0, 8, 454.29, 3913601, 260, 123, 0
8850, 41, 464, 564, 0, 0, 63.88%, 13, 0, 8, 433.69, 3915756, 260, 123, 0
8855, 41, 487, 564, 0, 0, 63.88%, 13, 0, 8, 437.86, 3917971, 260, 123, 0
8860, 41, 523, 564, 0, 0, 63.88%, 13, 0, 8, 431.07, 3920175, 260, 123, 0
8865, 41, 9, 564, 0, 0, 63.88%, 13, 0, 8, 440.79, 3922439, 260, 124, 0
8870, 41, 487, 564, 0, 0, 63.88%, 13, 0, 8, 445.69, 3924691, 260, 124, 0
8875, 41, 15, 564, 0, 0, 63.88%, 13, 0, 8, 422.77, 3926840, 260, 124, 0
8881, 41, 174, 564, 0, 0, 63.88%, 13, 0, 8, 429.09, 3928983, 260, 125, 0
8886, 41, 338, 564, 0, 0, 63.88%, 13, 0, 8, 433.37, 3931214, 260, 125, 0
8891, 41, 338, 564, 0, 0, 63.88%, 13, 0, 8, 457.77, 3933607, 260, 125, 0
8896, 42, 487, 564, 0, 0, 63.88%, 13, 0, 8, 429.72, 3935722, 260, 125, 0
8901, 42, 487, 564, 0, 0, 63.88%, 13, 0, 8, 448.24, 3938034, 260, 126, 0
8906, 42, 215, 564, 0, 0, 63.88%, 13, 0, 8, 454.14, 3940352, 260, 126, 0
8911, 42, 433, 564, 0, 0, 63.88%, 13, 0, 8, 440.46, 3942611, 260, 126, 0
8916, 42, 486, 564, 0, 0, 63.88%, 13, 0, 8, 432.06, 3944787, 260, 126, 0
8921, 42, 515, 564, 0, 0, 63.88%, 13, 0, 8, 477.81, 3947200, 260, 126, 0
8926, 42, 333, 564, 0, 0, 63.88%, 13, 0, 8, 440.53, 3949410, 260, 126, 0
8931, 42, 422, 564, 0, 0, 63.88%, 13, 0, 8, 465.88, 3951769, 260, 126, 0
8936, 42, 487, 564, 0, 0, 63.88%, 13, 0, 8, 456.38, 3954068, 260, 126, 0
8941, 42, 183, 564, 0, 0, 63.88%, 13, 0, 8, 455.00, 3956349, 260, 126, 0
8947, 42, 522, 564, 0, 0, 63.88%, 13, 0, 8, 417.59, 3958426, 260, 126, 0
8952, 42, 61, 564, 0, 0, 63.88%, 13, 0, 8, 427.40, 3960635, 260, 127, 0
8957, 42, 485, 564, 0, 0, 63.88%, 13, 0, 8, 420.96, 3962847, 260, 127, 0
8962, 42, 464, 564, 0, 0, 63.88%, 13, 0, 8, 439.88, 3965090, 260, 128, 0
8967, 42, 143, 564, 0, 0, 63.88%, 13, 0, 8, 453.21, 3967420, 260, 128, 0
8972, 42, 104, 564, 0, 0, 63.88%, 13, 0, 8, 424.92, 3969504, 260, 128, 0
8977, 42, 61, 564, 0, 0, 63.88%, 13, 0, 8, 439.12, 3971725, 260, 128, 0
8982, 42, 543, 564, 0, 0, 63.88%, 13, 0, 8, 436.24, 3973904, 260, 128, 0
8987, 42, 487, 564, 0, 0, 63.88%, 13, 0, 8, 413.98, 3976046, 260, 128, 0
8992, 42, 525, 564, 0, 0, 63.88%, 13, 0, 8, 434.17, 3978248, 260, 128, 0
8997, 42, 348, 564, 0, 0, 63.88%, 13, 0, 8, 442.15, 3980507, 260, 128, 0
9002, 42, 188, 564, 0, 0, 63.88%, 13, 0, 8, 425.25, 3982571, 260, 128, 0
9007, 42, 543, 564, 0, 0, 63.88%, 13, 0, 8, 424.11, 3984707, 260, 128, 0
9013, 42, 143, 564, 0, 0, 63.88%, 13, 0, 8, 408.56, 3986757, 260, 128, 0
9018, 42, 256, 564, 0, 0, 63.88%, 13, 0, 8, 410.64, 3988875, 260, 128, 0
9023, 42, 213, 564, 0, 0, 63.88%, 13, 0, 8, 438.70, 3991157, 260, 128, 0
9028, 42, 485, 564, 0, 0, 63.88%, 13, 0, 8, 439.35, 3993361, 260, 128, 0
9033, 42, 143, 564, 0, 0, 63.88%, 13, 0, 8, 422.17, 3995483, 260, 128, 0
9038, 42, 487, 564, 0, 0, 63.88%, 13, 0, 8, 448.39, 3997731, 260, 128, 0
9043, 42, 121, 564, 0, 0, 63.88%, 13, 0, 8, 445.78, 3999941, 260, 128, 0
9048, 42, 470, 564, 0, 0, 63.88%, 13, 0, 8, 456.47, 4002254, 260, 128, 0
9053, 42, 487, 564, 0, 0, 63.88%, 13, 0, 8, 455.91, 4004533, 260, 128, 0
9058, 42, 471, 564, 0, 0, 63.88%, 13, 0, 8, 468.31, 4006937, 260, 128, 0
9063, 42, 543, 564, 0, 0, 63.88%, 13, 0, 8, 442.42, 4009150, 260, 128, 0
9068, 42, 487, 564, 0, 0, 63.88%, 13, 0, 8, 415.89, 4011253, 260, 128, 0
9074, 42, 358, 564, 0, 0, 63.88%, 13, 0, 8, 426.56, 4013505, 260, 128, 0
9079, 42, 486, 564, 0, 0, 63.88%, 13, 0, 8, 429.91, 4015691, 260, 128, 0
9084, 42, 63, 564, 0, 0, 63.88%, 13, 0, 8, 443.75, 4017876, 260, 128, 0
9089, 42, 471, 564, 0, 0, 63.88%, 13, 0, 8, 449.45, 4020143, 260, 128, 0
9094, 43, 353, 564, 0, 0, 63.88%, 13, 0, 8, 462.85, 4022493, 260, 128, 0
9099, 43, 306, 564, 0, 0, 63.88%, 13, 0, 8, 429.08, 4024649, 260, 128, 0
9104, 43, 459, 564, 0, 0, 63.88%, 13, 0, 8, 448.02, 4026909, 260, 128, 0
9109, 43, 427, 564, 0, 0, 63.88%, 13, 0, 8, 433.45, 4029085, 260, 128, 0
9114, 43, 465, 564, 0, 0, 63.88%, 13, 0, 8, 448.37, 4031355, 260, 130, 0
9119, 43, 543, 564, 0, 0, 63.88%, 13, 0, 8, 440.52, 4033547, 260, 131, 0
9124, 43, 372, 564, 0, 0, 63.88%, 13, 0, 8, 450.42, 4035822, 260, 131, 0
9129, 43, 264, 564, 0, 0, 63.88%, 13, 0, 8, 450.70, 4038066, 260, 132, 0
9134, 43, 451, 564, 0, 0, 63.88%, 13, 0, 8, 447.20, 4040309, 260, 132, 0
9139, 43, 192, 564, 0, 0, 63.88%, 13, 0, 8, 467.53, 4042662, 260, 132, 0
9144, 43, 451, 564, 0, 0, 63.88%, 13, 0, 8, 464.95, 4045093, 260, 132, 0
9149, 43, 312, 564, 0, 0, 63.88%, 13, 0, 8, 438.41, 4047315, 260, 132, 0
9154, 43, 45, 564, 0, 0, 63.88%, 13, 0, 8, 445.83, 4049608, 260, 132, 0
9159, 43, 358, 564, 0, 0, 63.88%, 13, 0, 8, 436.99, 4051829, 260, 132, 0
9164, 43, 348, 564, 0, 0, 63.88%, 13, 0, 8, 462.91, 4054196, 260, 132, 0
9169, 43, 493, 564, 0, 0, 63.88%, 13, 0, 8, 432.08, 4056368, 260, 132, 0
9175, 43, 143, 564, 0, 0, 63.88%, 13, 0, 8, 440.27, 4058650, 260, 132, 0
9180, 43, 329, 564, 0, 0, 63.88%, 13, 0, 8, 447.02, 4060865, 260, 132, 0
9185, 43, 226, 564, 0, 0, 63.88%, 13, 0, 8, 415.48, 4062955, 260, 132, 0
9190, 43, 234, 564, 0, 0, 63.88%, 13, 0, 8, 436.66, 4065233, 260, 132, 0
9195, 43, 306, 564, 0, 0, 63.88%, 13, 0, 8, 450.01, 4067591, 260, 132, 0
9200, 43, 523, 564, 0, 0, 63.88%, 13, 0, 8, 402.55, 4069484, 260, 132, 0
9205, 43, 351, 564, 0, 0, 63.88%, 13, 0, 8, 404.32, 4071530, 260, 132, 0
9210, 43, 451, 564, 0, 0, 63.88%, 13, 0, 8, 410.20, 4073625, 260, 132, 0
9215, 43, 420, 564, 0, 0, 63.88%, 13, 0, 8, 439.13, 4075916, 260, 133, 0
9220, 43, 312, 564, 0, 0, 63.88%, 13, 0, 8, 430.29, 4078038, 260, 133, 0
9225, 43, 451, 564, 0, 0, 63.88%, 13, 0, 8, 439.37, 4080251, 260, 134, 0
9230, 43, 351, 564, 0, 0, 63.88%, 13, 0, 8, 444.71, 4082463, 260, 134, 0
9235, 43, 306, 564, 0, 0, 63.88%, 13, 0, 8, 446.02, 4084767, 260, 134, 0
9241, 43, 143, 564, 0, 0, 63.88%, 13, 0, 8, 455.97, 4087129, 260, 134, 0
9246, 43, 312, 564, 0, 0, 63.88%, 13, 0, 8, 428.00, 4089398, 260, 135, 0
9251, 43, 136, 564, 0, 0, 63.88%, 13, 0, 8, 447.99, 4091673, 260, 135, 0
9256, 43, 18, 564, 0, 0, 63.88%, 13, 0, 8, 443.11, 4093917, 260, 135, 0
9261, 43, 301, 564, 0, 0, 63.88%, 13, 0, 8, 429.28, 4096091, 260, 135, 0
9266, 43, 487, 564, 0, 0, 63.88%, 13, 0, 8, 444.56, 4098316, 260, 135, 0
9271, 43, 10, 564, 0, 0, 63.88%, 13, 0, 8, 406.20, 4100379, 260, 135, 0
9276, 43, 264, 564, 0, 0, 63.88%, 13, 0, 8, 440.36, 4102651, 260, 135, 0
9281, 44, 504, 564, 0, 0, 63.88%, 13, 0, 8, 475.81, 4105088, 260, 135, 0
9286, 44, 561, 564, 0, 0, 63.88%, 13, 0, 8, 445.97, 4107387, 260, 135, 0
9291, 44, 506, 564, 0, 0, 63.88%, 13, 0, 8, 445.97, 4109639, 260, 135, 0
9297, 44, 338, 564, 0, 0, 63.88%, 13, 0, 8, 456.78, 4112043, 260, 135, 0
9302, 44, 332, 564, 0, 0, 63.88%, 13, 0, 8, 418.76, 4114145, 260, 135, 0
9307, 44, 459, 564, 0, 0, 63.88%, 13, 0, 8, 434.52, 4116350, 260, 135, 0
9312, 44, 485, 564, 0, 0, 63.88%, 13, 0, 8, 446.92, 4118577, 260, 135, 0
9317, 44, 234, 564, 0, 0, 63.88%, 13, 0, 8, 447.86, 4120870, 260, 135, 0
9322, 44, 464, 564, 0, 0, 63.88%, 13, 0, 8, 435.19, 4123124, 260, 135, 0
9327, 44, 215, 564, 0, 0, 63.88%, 13, 0, 8, 439.14, 4125319, 260, 135, 0
9332, 44, 61, 564, 0, 0, 63.88%, 13, 0, 8, 449.35, 4127537, 260, 135, 0
9337, 44, 420, 564, 0, 0, 63.88%, 13, 0, 8, 438.39, 4129751, 260, 135, 0
9342, 44, 487, 564, 0, 0, 63.88%, 13, 0, 8, 426.92, 4131905, 260, 135, 0
9347, 44, 493, 564, 0, 0, 63.88%, 13, 0, 8, 448.64, 4134167, 260, 135, 0
9352, 44, 393, 564, 0, 0, 63.88%, 13, 0, 8, 426.53, 4136293, 260, 135, 0
9357, 44, 229, 564, 0, 0, 63.88%, 13, 0, 8, 445.09, 4138514, 260, 135, 0
9362, 44, 504, 564, 0, 0, 63.88%, 13, 0, 8, 456.13, 4140782, 260, 135, 0
9367, 44, 561, 564, 0, 0, 63.88%, 13, 0, 8, 449.99, 4143085, 260, 135, 0
9373, 44, 264, 564, 0, 0, 63.88%, 13, 0, 8, 418.93, 4145199, 260, 135, 0
9378, 44, 486, 564, 0, 0, 63.88%, 13, 0, 8, 369.80, 4147058, 260, 136, 0
9383, 44, 543, 564, 0, 0, 63.88%, 13, 0, 8, 406.11, 4149140, 260, 136, 0
9388, 44, 487, 564, 0, 0, 63.88%, 13, 0, 8, 423.86, 4151300, 260, 136, 0
9393, 44, 147, 564, 0, 0, 63.88%, 13, 0, 8, 434.70, 4153593, 260, 136, 0
9398, 44, 216, 564, 0, 0, 63.88%, 13, 0, 8, 439.24, 4155842, 260, 136, 0
9403, 44, 15, 564, 0, 0, 63.88%, 13, 0, 8, 431.95, 4158029, 260, 136, 0
9408, 44, 362, 564, 0, 0, 63.88%, 13, 0, 8, 434.72, 4160182, 260, 137, 0
9413, 44, 73, 564, 0, 0, 63.88%, 13, 0, 8, 439.85, 4162494, 260, 137, 0
9418, 44, 543, 564, 0, 0, 63.88%, 13, 0, 8, 437.03, 4164684, 260, 137, 0
9423, 44, 104, 564, 0, 0, 63.88%, 13, 0, 8, 471.23, 4167083, 260, 137, 0
9428, 44, 512, 564, 0, 0, 63.88%, 13, 0, 8, 473.06, 4169441, 260, 137, 0
9433, 44, 561, 564, 0, 0, 63.88%, 13, 0, 8, 449.65, 4171630, 260, 137, 0
9439, 44, 215, 564, 0, 0, 63.88%, 13, 0, 8, 434.32, 4173865, 260, 137, 0
9444, 44, 119, 564, 0, 0, 63.88%, 13, 0, 8, 467.50, 4176207, 260, 138, 0
9449, 44, 358, 564, 0, 0, 63.88%, 13, 0, 8, 476.28, 4178589, 260, 138, 0
9454, 44, 80, 564, 0, 0, 63.88%, 13, 0, 8, 439.27, 4180805, 260, 138, 0
9459, 44, 344, 564, 0, 0, 63.88%, 13, 0, 8, 441.13, 4183013, 260, 139, 0
9464, 44, 348, 564, 0, 0, 63.88%, 13, 0, 8, 454.32, 4185391, 260, 139, 0
9469, 44, 256, 564, 0, 0, 63.88%, 13, 0, 8, 443.34, 4187602, 260, 139, 0
9474, 45, 69, 564, 0, 0, 63.88%, 13, 0, 8, 446.78, 4189869, 260, 139, 0
9479, 45, 234, 564, 0, 0, 63.88%, 13, 0, 8, 440.29, 4192041, 260, 139, 0
9484, 45, 464, 564, 0, 0, 63.88%, 13, 0, 8, 450.66, 4194327, 260, 139, 0
9489, 45, 493, 564, 0, 0, 63.88%, 13, 0, 8, 431.28, 4196535, 260, 139, 0
9494, 45, 523, 564, 0, 0, 63.88%, 13, 0, 8, 443.14, 4198791, 260, 139, 0
9499, 45, 459, 564, 0, 0, 63.88%, 13, 0, 8, 449.71, 4201065, 260, 139, 0
9504, 45, 561, 564, 0, 0, 63.88%, 13, 0, 8, 444.50, 4203300, 260, 139, 0
9509, 45, 487, 564, 0, 0, 63.88%, 13, 0, 8, 446.05, 4205603, 260, 139, 0
9514, 45, 19, 564, 0, 0, 63.88%, 13, 0, 8, 427.36, 4207699, 260, 139, 0
9520, 45, 459, 564, 0, 0, 63.88%, 13, 0, 8, 457.68, 4210133, 260, 139, 0
9525, 45, 487, 564, 0, 0, 63.88%, 13, 0, 8, 453.89, 4212424, 260, 139, 0
9530, 45, 143, 564, 0, 0, 63.88%, 13, 0, 8, 447.51, 4214684, 260, 139, 0
9535, 45, 393, 564, 0, 0, 63.88%, 13, 0, 8, 454.31, 4216932, 260, 139, 0
9540, 45, 538, 564, 0, 0, 63.88%, 13, 0, 8, 445.29, 4219136, 260, 139, 0
9545, 45, 312, 564, 0, 0, 63.88%, 13, 0, 8, 444.43, 4221380, 260, 139, 0
9550, 45, 306, 564, 0, 0, 63.88%, 13, 0, 8, 440.28, 4223682, 260, 139, 0
9555, 45, 450, 564, 0, 0, 63.88%, 13, 0, 8, 422.05, 4225801, 260, 140, 0
9560, 45, 523, 564, 0, 0, 63.88%, 13, 0, 8, 443.35, 4228126, 260, 140, 0
9565, 45, 487, 564, 0, 0, 63.88%, 13, 0, 8, 450.92, 4230473, 260, 140, 0
9570, 45, 487, 564, 0, 0, 63.88%, 13, 0, 8, 441.29, 4232713, 260, 141, 0
9575, 45, 279, 564, 0, 0, 63.88%, 13, 0, 8, 448.89, 4234978, 260, 141, 0
9580, 45, 561, 564, 0, 0, 63.88%, 13, 0, 8, 440.36, 4237192, 260, 141, 0
9586, 45, 312, 564, 0, 0, 63.88%, 13, 0, 8, 425.99, 4239396, 260, 141, 0
9591, 45, 264, 564, 0, 0, 63.88%, 13, 0, 8, 446.33, 4241671, 260, 141, 0
9596, 45, 523, 564, 0, 0, 63.88%, 13, 0, 8, 432.02, 4243865, 260, 141, 0
9601, 45, 104, 564, 0, 0, 63.88%, 13, 0, 8, 420.54, 4245953, 260, 141, 0
9606, 45, 487, 564, 0, 0, 63.88%, 13, 0, 8, 454.30, 4248253, 260, 141, 0
9611, 45, 420, 564, 0, 0, 63.88%, 13, 0, 8, 437.70, 4250494, 260, 141, 0
9616, 45, 374, 564, 0, 0, 63.88%, 13, 0, 8, 428.56, 4252672, 260, 141, 0
9621, 45, 486, 564, 0, 0, 63.88%, 13, 0, 8, 445.37, 4254930, 260, 141, 0
9626, 45, 204, 564, 0, 0, 63.88%, 13, 0, 8, 444.31, 4257254, 260, 141, 0
9631, 45, 12, 564, 0, 0, 63.88%, 13, 0, 8, 447.81, 4259498, 260, 141, 0
9636, 45, 211, 564, 0, 0, 63.88%, 13, 0, 8, 442.00, 4261741, 260, 141, 0
9641, 45, 530, 564, 0, 0, 63.88%, 13, 0, 8, 438.48, 4264018, 260, 141, 0
9646, 45, 353, 564, 0, 0, 63.88%, 13, 0, 8, 431.77, 4266151, 260, 142, 0
9651, 46, 257, 564, 0, 0, 63.88%, 13, 0, 8, 416.64, 4268244, 260, 142, 0
9657, 46, 65, 564, 0, 0, 63.88%, 13, 0, 8, 445.60, 4270579, 260, 143, 0
9662, 46, 234, 564, 0, 0, 63.88%, 13, 0, 8, 448.40, 4272839, 260, 143, 0
9667, 46, 434, 564, 0, 0, 63.88%, 13, 0, 8, 439.46, 4275087, 260, 143, 0
9672, 46, 343, 564, 0, 0, 63.88%, 13, 0, 8, 431.37, 4277273, 260, 143, 0
9677, 46, 69, 564, 0, 0, 63.88%, 13, 0, 8, 438.57, 4279488, 260, 143, 0
9682, 46, 234, 564, 0, 0, 63.88%, 13, 0, 8, 459.60, 4281745, 260, 143, 0
9687, 46, 312, 564, 0, 0, 63.88%, 13, 0, 8, 445.40, 4283957, 260, 143, 0
9692, 46, 530, 564, 0, 0, 63.88%, 13, 0, 8, 424.94, 4286076, 260, 143, 0
9697, 46, 121, 564, 0, 0, 63.88%, 13, 0, 8, 448.05, 4288364, 260, 143, 0
9702, 46, 464, 564, 0, 0, 63.88%, 13, 0, 8, 426.94, 4290573, 260, 143, 0
9708, 46, 348, 564, 0, 0, 63.88%, 13, 0, 8, 413.63, 4292631, 260, 143, 0
9713, 46, 143, 564, 0, 0, 63.88%, 13, 0, 8, 422.09, 4294789, 260, 143, 0
9718, 46, 256, 564, 0, 0, 63.88%, 13, 0, 8, 422.11, 4296980, 260, 143, 0
9723, 46, 504, 564, 0, 0, 63.88%, 13, 0, 8, 437.50, 4299211, 260, 143, 0
9728, 46, 301, 564, 0, 0, 63.88%, 13, 0, 8, 447.78, 4301515, 260, 143, 0
9733, 46, 487, 564, 0, 0, 63.88%, 13, 0, 8, 443.06, 4303608, 260, 143, 0
9738, 46, 561, 564, 0, 0, 63.88%, 13, 0, 8, 459.17, 4305911, 260, 143, 0
9743, 46, 254, 564, 0, 0, 63.88%, 13, 0, 8, 442.80, 4308155, 260, 143, 0
9748, 46, 118, 564, 0, 0, 63.88%, 13, 0, 8, 427.85, 4310318, 260, 143, 0
9753, 46, 486, 564, 0, 0, 63.88%, 13, 0, 8, 428.13, 4312457, 260, 143, 0
9758, 46, 487, 564, 0, 0, 63.88%, 13, 0, 8, 450.23, 4314769, 260, 143, 0
9763, 46, 338, 564, 0, 0, 63.88%, 13, 0, 8, 457.51, 4317100, 260, 143, 0
9768, 46, 129, 564, 0, 0, 63.88%, 13, 0, 8, 447.16, 4319365, 260, 143, 0
9773, 46, 464, 564, 0, 0, 63.88%, 13, 0, 8, 439.27, 4321613, 260, 143, 0
9778, 46, 523, 564, 0, 0, 63.88%, 13, 0, 8, 448.53, 4323876, 260, 143, 0
9783, 46, 485, 564, 0, 0, 63.88%, 13, 0, 8, 450.77, 4326170, 260, 143, 0
9789, 46, 279, 564, 0, 0, 63.88%, 13, 0, 8, 446.83, 4328389, 260, 143, 0
9794, 46, 49, 564, 0, 0, 63.88%, 13, 0, 8, 428.13, 4330520, 260, 143, 0
9799, 46, 464, 564, 0, 0, 63.88%, 13, 0, 8, 430.52, 4332712, 260, 143, 0
9804, 46, 338, 564, 0, 0, 63.88%, 13, 0, 8, 460.69, 4335052, 260, 143, 0
9809, 46, 326, 564, 0, 0, 63.88%, 13, 0, 8, 456.27, 4337276, 260, 144, 0
9814, 46, 397, 564, 0, 0, 63.88%, 13, 0, 8, 458.10, 4339579, 260, 144, 0
9819, 46, 434, 564, 0, 0, 63.88%, 13, 0, 8, 453.91, 4341831, 260, 144, 0
9824, 46, 504, 564, 0, 0, 63.88%, 13, 0, 8, 408.32, 4343835, 260, 144, 0
9829, 46, 469, 564, 0, 0, 63.88%, 13, 0, 8, 450.23, 4346144, 260, 144, 0
9834, 46, 493, 564, 0, 0, 63.88%, 13, 0, 8, 454.58, 4348466, 260, 144, 0
9839, 46, 234, 564, 0, 0, 63.88%, 13, 0, 8, 445.38, 4350688, 260, 144, 0
9844, 47, 201, 564, 0, 0, 63.88%, 13, 0, 8, 445.29, 4352959, 260, 144, 0
9849, 47, 265, 564, 0, 0, 63.88%, 13, 0, 8, 449.72, 4355216, 260, 144, 0
9854, 47, 420, 564, 0, 0, 63.88%, 13, 0, 8, 443.55, 4357443, 260, 145, 0
9859, 47, 543, 564, 0, 0, 63.88%, 13, 0, 8, 438.33, 4359629, 260, 145, 0
9864, 47, 312, 564, 0, 0, 63.88%, 13, 0, 8, 434.91, 4361824, 260, 145, 0
9869, 47, 312, 564, 0, 0, 63.88%, 13, 0, 8, 439.43, 4363996, 260, 145, 0
9874, 47, 26, 564, 0, 0, 63.88%, 13, 0, 8, 439.51, 4366205, 260, 145, 0
9880, 47, 160, 564, 0, 0, 63.88%, 13, 0, 8, 437.20, 4368409, 260, 145, 0
9885, 47, 338, 564, 0, 0, 63.88%, 13, 0, 8, 438.35, 4370601, 260, 145, 0
9890, 47, 312, 564, 0, 0, 63.88%, 13, 0, 8, 455.26, 4372940, 260, 145, 0
9895, 47, 435, 564, 0, 0, 63.88%, 13, 0, 8, 442.84, 4375166, 260, 145, 0
9900, 47, 348, 564, 0, 0, 63.88%, 13, 0, 8, 439.63, 4377396, 260, 145, 0
9905, 47, 312, 564, 0, 0, 63.88%, 13, 0, 8, 436.40, 4379568, 260, 145, 0
9910, 47, 487, 564, 0, 0, 63.88%, 13, 0, 8, 438.21, 4381819, 260, 145, 0
9915, 47, 353, 564, 0, 0, 63.88%, 13, 0, 8, 437.90, 4384076, 260, 145, 0
9920, 47, 461, 564, 0, 0, 63.88%, 13, 0, 8, 447.95, 4386324, 260, 147, 0
9925, 47, 264, 564, 0, 0, 63.88%, 13, 0, 8, 440.08, 4388662, 260, 147, 0
9930, 47, 420, 564, 0, 0, 63.88%, 13, 0, 8, 454.40, 4390915, 260, 147, 0
9935, 47, 561, 564, 0, 0, 63.88%, 13, 0, 8, 467.27, 4393311, 260, 147, 0
9940, 47, 561, 564, 0, 0, 63.88%, 13, 0, 8, 442.81, 4395513, 260, 147, 0
9945, 47, 417, 564, 0, 0, 63.88%, 13, 0, 8, 452.49, 4397815, 260, 147, 0
9951, 47, 306, 564, 0, 0, 63.88%, 13, 0, 8, 458.55, 4400161, 260, 147, 0
9956, 47, 464, 564, 0, 0, 63.88%, 13, 0, 8, 429.31, 4402298, 260, 147, 0
9961, 47, 312, 564, 0, 0, 63.88%, 13, 0, 8, 455.00, 4404587, 260, 147, 0
9966, 47, 543, 564, 0, 0, 63.88%, 13, 0, 8, 452.42, 4406868, 260, 147, 0
9971, 47, 530, 564, 0, 0, 63.88%, 13, 0, 8, 444.20, 4409124, 260, 147, 0
9976, 47, 487, 564, 0, 0, 63.88%, 13, 0, 8, 434.52, 4411386, 260, 147, 0
9981, 47, 506, 564, 0, 0, 63.88%, 13, 0, 8, 470.51, 4413811, 260, 147, 0
9986, 47, 348, 564, 0, 0, 63.88%, 13, 0, 8, 433.39, 4415946, 260, 147, 0
9991, 47, 481, 564, 0, 0, 63.88%, 13, 0, 8, 471.37, 4418366, 260, 147, 0
9996, 47, 210, 564, 0, 0, 63.88%, 13, 0, 8, 459.68, 4420749, 260, 147, 0
10001, 47, 215, 564, 0, 0, 63.88%, 13, 0, 8, 457.60, 4423142, 260, 147, 0
10007, 47, 487, 564, 0, 0, 63.88%, 13, 0, 8, 460.19, 4425456, 260, 147, 0
10012, 47, 312, 564, 0, 0, 63.88%, 13, 0, 8, 455.19, 4427735, 260, 147, 0
10017, 47, 487, 564, 0, 0, 63.88%, 13, 0, 8, 463.44, 4430110, 260, 147, 0
10022, 47, 545, 564, 0, 0, 63.88%, 13, 0, 8, 459.79, 4432375, 260, 147, 0
10027, 47, 61, 564, 0, 0, 63.88%, 13, 0, 8, 458.23, 4434650, 260, 147, 0
10032, 47, 485, 564, 0, 0, 63.88%, 13, 0, 8, 432.77, 4436785, 260, 148, 0
10037, 48, 220, 564, 0, 0, 63.88%, 13, 0, 8, 449.87, 4439140, 260, 148, 0
10042, 48, 174, 564, 0, 0, 63.88%, 13, 0, 8, 473.69, 4441545, 260, 148, 0
10047, 48, 3, 564, 0, 0, 63.88%, 13, 0, 8, 466.03, 4443843, 260, 148, 0
10052, 48, 451, 564, 0, 0, 63.88%, 13, 0, 8, 448.14, 4446102, 260, 148, 0
10057, 48, 456, 564, 0, 0, 63.88%, 13, 0, 8, 448.39, 4448388, 260, 148, 0
10062, 48, 301, 564, 0, 0, 63.88%, 13, 0, 8, 448.59, 4450692, 260, 148, 0
10067, 48, 364, 564, 0, 0, 63.88%, 13, 0, 8, 449.07, 4452981, 260, 148, 0
10073, 48, 551, 564, 0, 0, 63.88%, 13, 0, 8, 441.66, 4455235, 260, 148, 0
10078, 48, 273, 564, 0, 0, 63.88%, 13, 0, 8, 435.06, 4457394, 260, 148, 0
10083, 48, 338, 564, 0, 0, 63.88%, 13, 0, 8, 407.79, 4459441, 260, 148, 0
10088, 48, 561, 564, 0, 0, 63.88%, 13, 0, 8, 437.34, 4461636, 260, 148, 0
10093, 48, 487, 564, 0, 0, 63.88%, 13, 0, 8, 477.01, 4463998, 260, 148, 0
10098, 48, 504, 564, 0, 0, 63.88%, 13, 0, 8, 465.26, 4466353, 260, 148, 0
10103, 48, 61, 564, 0, 0, 63.88%, 13, 0, 8, 456.74, 4468707, 260, 148, 0
10108, 48, 351, 564, 0, 0, 63.88%, 13, 0, 8, 452.06, 4470927, 260, 148, 0
10113, 48, 301, 564, 0, 0, 63.88%, 13, 0, 8, 457.99, 4473243, 260, 148, 0
10118, 48, 143, 564, 0, 0, 63.88%, 13, 0, 8, 455.36, 4475567, 260, 148, 0
10123, 48, 312, 564, 0, 0, 63.88%, 13, 0, 8, 440.78, 4477792, 260, 148, 0
10128, 48, 282, 564, 0, 0, 63.88%, 13, 0, 8, 465.03, 4480140, 260, 148, 0
10133, 48, 471, 564, 0, 0, 63.88%, 13, 0, 8, 452.06, 4482542, 260, 149, 0
10138, 48, 469, 564, 0, 0, 63.88%, 13, 0, 8, 464.04, 4484895, 260, 149, 0
10144, 48, 312, 564, 0, 0, 63.88%, 13, 0, 8, 445.22, 4487251, 260, 149, 0
10149, 48, 351, 564, 0, 0, 63.88%, 13, 0, 8, 440.43, 4489468, 260, 149, 0
10154, 48, 85, 564, 0, 0, 63.88%, 13, 0, 8, 448.60, 4491730, 260, 149, 0
10159, 48, 212, 564, 0, 0, 63.88%, 13, 0, 8, 428.52, 4493774, 260, 149, 0
10164, 48, 215, 564, 0, 0, 63.88%, 13, 0, 8, 442.95, 4496083, 260, 149, 0
10169, 48, 172, 564, 0, 0, 63.88%, 13, 0, 8, 448.12, 4498393, 260, 149, 0
10174, 48, 215, 564, 0, 0, 63.88%, 13, 0, 8, 463.46, 4500788, 260, 149, 0
10179, 48, 226, 564, 0, 0, 63.88%, 13, 0, 8, 452.73, 4503079, 260, 150, 0
10184, 48, 543, 564, 0, 0, 63.88%, 13, 0, 8, 440.28, 4505349, 260, 150, 0
10189, 48, 487, 564, 0, 0, 63.88%, 13, 0, 8, 422.74, 4507553, 260, 150, 0
10194, 48, 504, 564, 0, 0, 63.88%, 13, 0, 8, 447.37, 4509845, 260, 150, 0
10200, 48, 26, 564, 0, 0, 63.88%, 13, 0, 8, 446.80, 4512241, 260, 150, 0
10205, 48, 485, 564, 0, 0, 63.88%, 13, 0, 8, 476.23, 4514682, 260, 150, 0
10210, 48, 485, 564, 0, 0, 63.88%, 13, 0, 8, 451.49, 4516913, 260, 150, 0
10215, 48, 504, 564, 0, 0, 63.88%, 13, 0, 8, 469.40, 4519318, 260, 150, 0
10220, 48, 486, 564, 0, 0, 63.88%, 13, 0, 8, 463.60, 4521637, 260, 150, 0
10225, 48, 487, 564, 0, 0, 63.88%, 13, 0, 8, 414.53, 4523678, 260, 150, 0
10230, 49, 312, 564, 0, 0, 63.88%, 13, 0, 8, 456.24, 4526056, 260, 150, 0
10235, 49, 358, 564, 0, 0, 63.88%, 13, 0, 8, 444.59, 4528259, 260, 150, 0
10240, 49, 132, 564, 0, 0, 63.88%, 13, 0, 8, 457.68, 4530635, 260, 150, 0
10245, 49, 154, 564, 0, 0, 63.88%, 13, 0, 8, 443.31, 4532848, 260, 150, 0
10251, 49, 561, 564, 0, 0, 63.88%, 13, 0, 8, 451.39, 4535193, 260, 150, 0
10256, 49, 510, 564, 0, 0, 63.88%, 13, 0, 8, 467.35, 4537558, 260, 150, 0
10261, 49, 348, 564, 0, 0, 63.88%, 13, 0, 8, 452.55, 4539813, 260, 150, 0
10266, 49, 453, 564, 0, 0, 63.88%, 13, 0, 8, 431.79, 4541942, 260, 150, 0
10271, 49, 561, 564, 0, 0, 63.88%, 13, 0, 8, 437.89, 4544149, 260, 150, 0
10276, 49, 338, 564, 0, 0, 63.88%, 13, 0, 8, 433.63, 4546304, 260, 150, 0
10281, 49, 3, 564, 0, 0, 63.88%, 13, 0, 8, 446.89, 4548536, 260, 150, 0
10286, 49, 172, 564, 0, 0, 63.88%, 13, 0, 8, 418.65, 4550620, 260, 150, 0
10291, 49, 434, 564, 0, 0, 63.88%, 13, 0, 8, 447.97, 4552897, 260, 150, 0
10296, 49, 485, 564, 0, 0, 63.88%, 13, 0, 8, 437.25, 4555062, 260, 150, 0
10301, 49, 3, 564, 0, 0, 63.88%, 13, 0, 8, 429.44, 4557211, 260, 150, 0
10306, 49, 561, 564, 0, 0, 63.88%, 13, 0, 8, 421.57, 4559399, 260, 150, 0
10311, 49, 322, 564, 0, 0, 63.88%, 13, 0, 8, 450.19, 4561645, 260, 150, 0
10316, 49, 383, 564, 0, 0, 63.88%, 13, 0, 8, 453.12, 4563971, 260, 150, 0
10321, 49, 464, 564, 0, 0, 63.88%, 13, 0, 8, 469.91, 4566350, 260, 150, 0
10327, 49, 471, 564, 0, 0, 63.88%, 13, 0, 8, 473.61, 4568764, 260, 150, 0
10332, 49, 256, 564, 0, 0, 63.88%, 13, 0, 8, 434.82, 4570947, 260, 150, 0
10337, 49, 561, 564, 0, 0, 63.88%, 13, 0, 8, 429.84, 4573155, 260, 150, 0
10342, 49, 486, 564, 0, 0, 63.88%, 13, 0, 8, 448.97, 4575437, 260, 150, 0
10347, 49, 127, 564, 0, 0, 63.88%, 13, 0, 8, 462.84, 4577820, 260, 150, 0
10352, 49, 215, 564, 0, 0, 63.88%, 13, 0, 8, 465.03, 4580121, 260, 150, 0
10357, 49, 276, 564, 0, 0, 63.88%, 13, 0, 8, 453.45, 4582467, 260, 150, 0
10362, 49, 486, 564, 0, 0, 63.88%, 13, 0, 8, 464.65, 4584843, 260, 150, 0
10367, 49, 561, 564, 0, 0, 63.88%, 13, 0, 8, 480.75, 4587247, 260, 150, 0
10372, 49, 143, 564, 0, 0, 63.88%, 13, 0, 8, 459.25, 4589571, 260, 150, 0
10377, 49, 264, 564, 0, 0, 63.88%, 13, 0, 8, 453.66, 4591874, 260, 150, 0
10382, 49, 487, 564, 0, 0, 63.88%, 13, 0, 8, 440.39, 4594133, 260, 150, 0
10387, 49, 519, 564, 0, 0, 63.88%, 13, 0, 8, 455.98, 4596438, 260, 150, 0
10392, 49, 85, 564, 0, 0, 63.88%, 13, 0, 8, 433.26, 4598581, 260, 150, 0
10398, 49, 148, 564, 0, 0, 63.88%, 13, 0, 8, 444.09, 4600826, 260, 150, 0
10403, 49, 143, 564, 0, 0, 63.88%, 13, 0, 8, 429.69, 4603010, 260, 150, 0
10408, 49, 485, 564, 0, 0, 63.88%, 13, 0, 8, 427.25, 4605191, 260, 150, 0
10413, 49, 52, 564, 0, 0, 63.88%, 13, 0, 8, 427.13, 4607376, 260, 150, 0
10418, 50, 456, 564, 0, 0, 63.88%, 13, 0, 8, 462.12, 4609830, 260, 150, 0
10423, 50, 469, 564, 0, 0, 63.88%, 13, 0, 8, 437.67, 4612055, 260, 150, 0
10428, 50, 312, 564, 0, 0, 63.88%, 13, 0, 8, 441.58, 4614245, 260, 150, 0
10433, 50, 288, 564, 0, 0, 63.88%, 13, 0, 8, 468.87, 4616572, 260, 150, 0
10438, 50, 348, 564, 0, 0, 63.88%, 13, 0, 8, 462.85, 4618855, 260, 150, 0
10443, 50, 121, 564, 0, 0, 63.88%, 13, 0, 8, 459.70, 4621207, 260, 150, 0
10448, 50, 353, 564, 0, 0, 63.88%, 13, 0, 8, 455.79, 4623568, 260, 150, 0
10454, 50, 362, 564, 0, 0, 63.88%, 13, 0, 8, 465.38, 4625985, 260, 150, 0
10459, 50, 83, 564, 0, 0, 63.88%, 13, 0, 8, 486.23, 4628439, 260, 150, 0
10464, 50, 461, 564, 0, 0, 63.88%, 13, 0, 8, 457.09, 4630721, 260, 150, 0
10469, 50, 427, 564, 0, 0, 63.88%, 13, 0, 8, 472.31, 4633077, 260, 150, 0
10474, 50, 351, 564, 0, 0, 63.88%, 13, 0, 8, 436.96, 4635247, 260, 150, 0
10479, 50, 348, 564, 0, 0, 63.88%, 13, 0, 8, 438.54, 4637476, 260, 150, 0
10484, 50, 487, 564, 0, 0, 63.88%, 13, 0, 8, 461.87, 4639908, 260, 150, 0
10489, 50, 487, 564, 0, 0, 63.88%, 13, 0, 8, 457.25, 4642148, 260, 150, 0
10494, 50, 464, 564, 0, 0, 63.88%, 13, 0, 8, 440.16, 4644357, 260, 150, 0
10499, 50, 61, 564, 0, 0, 63.88%, 13, 0, 8, 432.13, 4646527, 260, 150, 0
10504, 50, 563, 564, 0, 0, 63.88%, 13, 0, 8, 453.61, 4648849, 260, 150, 0
10509, 50, 542, 564, 0, 0, 63.88%, 13, 0, 8, 439.51, 4651104, 260, 150, 0
10514, 50, 540, 564, 0, 0, 63.88%, 13, 0, 8, 430.53, 4653251, 260, 150, 0
10519, 50, 561, 564, 0, 0, 63.88%, 13, 0, 8, 454.21, 4655476, 260, 150, 0
10524, 50, 487, 564, 0, 0, 63.88%, 13, 0, 8, 442.33, 4657721, 260, 150, 0
10529, 50, 306, 564, 0, 0, 63.88%, 13, 0, 8, 418.44, 4659833, 260, 150, 0
10535, 50, 14, 564, 0, 0, 63.88%, 13, 0, 8, 424.35, 4661977, 260, 150, 0
10540, 50, 69, 564, 0, 0, 63.88%, 13, 0, 8, 452.27, 4664325, 260, 150, 0
10545, 50, 506, 564, 0, 0, 63.88%, 13, 0, 8, 443.36, 4666591, 260, 150, 0
10550, 50, 353, 564, 0, 0, 63.88%, 13, 0, 8, 444.67, 4668831, 260, 150, 0
10555, 50, 312, 564, 0, 0, 63.88%, 13, 0, 8, 443.37, 4671097, 260, 150, 0
10560, 50, 487, 564, 0, 0, 63.88%, 13, 0, 8, 404.83, 4673134, 260, 150, 0
10565, 50, 312, 564, 0, 0, 63.88%, 13, 0, 8, 423.03, 4675330, 260, 150, 0
10570, 50, 272, 564, 0, 0, 63.88%, 13, 0, 8, 437.72, 4677543, 260, 150, 0
10575, 50, 487, 564, 0, 0, 63.88%, 13, 0, 8, 445.62, 4679849, 260, 150, 0
10580, 50, 530, 564, 0, 0, 63.88%, 13, 0, 8, 445.96, 4682142, 260, 150, 0
10585, 50, 523, 564, 0, 0, 63.88%, 13, 0, 8, 446.45, 4684366, 260, 150, 0
10590, 50, 464, 564, 0, 0, 63.88%, 13, 0, 8, 424.30, 4686492, 260, 150, 0
10595, 50, 69, 564, 0, 0, 63.88%, 13, 0, 8, 430.23, 4688667, 260, 150, 0
10601, 50, 104, 564, 0, 0, 63.88%, 13, 0, 8, 435.72, 4690868, 260, 150, 0
10606, 50, 348, 564, 0, 0, 63.88%, 13, 0, 8, 453.86, 4693107, 260, 150, 0
10611, 51, 11, 564, 0, 0, 63.88%, 13, 0, 8, 445.23, 4695343, 260, 150, 0
10616, 51, 312, 564, 0, 0, 63.88%, 13, 0, 8, 447.04, 4697571, 260, 150, 0
10621, 51, 504, 564, 0, 0, 63.88%, 13, 0, 8, 440.03, 4699814, 260, 150, 0
10626, 51, 427, 564, 0, 0, 63.88%, 13, 0, 8, 420.67, 4701981, 260, 150, 0
10631, 51, 350, 564, 0, 0, 63.88%, 13, 0, 8, 452.12, 4704302, 260, 150, 0
10636, 51, 523, 564, 0, 0, 63.88%, 13, 0, 8, 442.49, 4706545, 260, 151, 0
10641, 51, 520, 564, 0, 0, 63.88%, 13, 0, 8, 433.46, 4708720, 260, 151, 0
10646, 51, 121, 564, 0, 0, 63.88%, 13, 0, 8, 440.58, 4710960, 260, 151, 0
10651, 51, 349, 564, 0, 0, 63.88%, 13, 0, 8, 414.93, 4713046, 260, 151, 0
10656, 51, 301, 564, 0, 0, 63.88%, 13, 0, 8, 433.66, 4715275, 260, 151, 0
10661, 51, 348, 564, 0, 0, 63.88%, 13, 0, 8, 420.46, 4717398, 260, 151, 0
10666, 51, 69, 564, 0, 0, 63.88%, 13, 0, 8, 435.47, 4719612, 260, 151, 0
10671, 51, 312, 564, 0, 0, 63.88%, 13, 0, 8, 441.04, 4721892, 260, 151, 0
10677, 51, 295, 564, 0, 0, 63.88%, 13, 0, 8, 440.22, 4724163, 260, 151, 0
10682, 51, 279, 564, 0, 0, 63.88%, 13, 0, 8, 436.66, 4726399, 260, 151, 0
10687, 51, 160, 564, 0, 0, 63.88%, 13, 0, 8, 441.73, 4728614, 260, 151, 0
10692, 51, 485, 564, 0, 0, 63.88%, 13, 0, 8, 431.71, 4730772, 260, 151, 0
10697, 51, 196, 564, 0, 0, 63.88%, 13, 0, 8, 399.24, 4732779, 260, 151, 0
10702, 51, 256, 564, 0, 0, 63.88%, 13, 0, 8, 421.21, 4734964, 260, 151, 0
10707, 51, 351, 564, 0, 0, 63.88%, 13, 0, 8, 432.59, 4737154, 260, 151, 0
10712, 51, 170, 564, 0, 0, 63.88%, 13, 0, 8, 446.03, 4739358, 260, 151, 0
10717, 51, 69, 564, 0, 0, 63.88%, 13, 0, 8, 437.44, 4741540, 260, 151, 0
10722, 51, 61, 564, 0, 0, 63.88%, 13, 0, 8, 441.60, 4743777, 260, 151, 0
10727, 51, 487, 564, 0, 0, 63.88%, 13, 0, 8, 438.08, 4745950, 260, 151, 0
10732, 51, 215, 564, 0, 0, 63.88%, 13, 0, 8, 451.84, 4748294, 260, 151, 0
10737, 51, 269, 564, 0, 0, 63.88%, 13, 0, 8, 449.10, 4750578, 260, 151, 0
10742, 51, 358, 564, 0, 0, 63.88%, 13, 0, 8, 449.68, 4752790, 260, 151, 0
10748, 51, 234, 564, 0, 0, 63.88%, 13, 0, 8, 438.71, 4755056, 260, 151, 0
10753, 51, 358, 564, 0, 0, 63.88%, 13, 0, 8, 443.15, 4757310, 260, 151, 0
10758, 51, 561, 564, 0, 0, 63.88%, 13, 0, 8, 441.85, 4759500, 260, 152, 0
10763, 51, 485, 564, 0, 0, 63.88%, 13, 0, 8, 464.64, 4761838, 260, 153, 0
10768, 51, 362, 564, 0, 0, 63.88%, 13, 0, 8, 451.98, 4764079, 260, 153, 0
10773, 51, 357, 564, 0, 0, 63.88%, 13, 0, 8, 453.71, 4766354, 260, 153, 0
10778, 51, 486, 564, 0, 0, 63.88%, 13, 0, 8, 476.15, 4768826, 260, 153, 0
10783, 51, 238, 564, 0, 0, 63.88%, 13, 0, 8, 440.44, 4771024, 260, 153, 0
10788, 51, 490, 564, 0, 0, 63.88%, 13, 0, 8, 483.01, 4773516, 260, 153, 0
10793, 51, 173, 564, 0, 0, 63.88%, 13, 0, 8, 458.16, 4775782, 260, 153, 0
10798, 51, 215, 564, 0, 0, 63.88%, 13, 0, 8, 455.41, 4778121, 260, 153, 0
10803, 52, 338, 564, 0, 0, 63.88%, 13, 0, 8, 459.39, 4780446, 260, 154, 0
10804, 52, 493, 564, 0, 0, 63.88%, 13, 0, 8, 441.60, 4780933, 260, 154, 0
