# relative_time, cycles_done, cur_item, corpus_count, pending_total, pending_favs, map_size, saved_crashes, saved_hangs, max_depth, execs_per_sec, total_execs, edges_found, total_crashes, servers_count
60, 0, 9, 101, 96, 4, 30.96%, 0, 0, 2, 462.89, 27732, 126, 0, 0
65, 0, 9, 101, 96, 4, 30.96%, 0, 0, 2, 473.34, 30171, 126, 0, 0
70, 0, 9, 101, 96, 4, 30.96%, 0, 0, 2, 492.47, 32709, 126, 0, 0
75, 0, 9, 102, 97, 4, 30.96%, 0, 0, 2, 458.53, 35012, 126, 0, 0
80, 0, 9, 102, 97, 4, 30.96%, 0, 0, 2, 459.11, 37379, 126, 0, 0
85, 0, 9, 102, 97, 4, 30.96%, 0, 0, 2, 441.46, 39550, 126, 0, 0
90, 0, 9, 103, 98, 4, 30.96%, 0, 0, 2, 462.43, 41895, 126, 0, 0
96, 0, 9, 103, 98, 4, 30.96%, 0, 0, 2, 461.16, 44271, 126, 0, 0
101, 0, 9, 103, 98, 4, 30.96%, 0, 0, 2, 488.92, 46783, 126, 0, 0
106, 0, 9, 103, 98, 4, 30.96%, 0, 0, 2, 471.50, 49177, 126, 0, 0
111, 0, 9, 104, 99, 4, 30.96%, 0, 0, 2, 473.61, 51416, 126, 0, 0
116, 0, 9, 104, 99, 4, 30.96%, 0, 0, 2, 461.62, 53765, 126, 0, 0
121, 0, 104, 118, 105, 20, 32.68%, 0, 0, 3, 502.17, 56316, 133, 0, 0
126, 0, 0, 124, 109, 19, 32.68%, 0, 0, 3, 471.60, 58639, 133, 0, 0
131, 0, 7, 127, 111, 19, 33.42%, 0, 0, 3, 452.57, 60934, 136, 0, 0
136, 0, 81, 133, 114, 20, 35.38%, 0, 0, 3, 458.33, 63324, 144, 0, 0
141, 0, 15, 139, 117, 18, 35.38%, 0, 0, 3, 485.78, 65787, 144, 0, 0
146, 0, 140, 147, 124, 19, 36.36%, 0, 0, 4, 494.63, 68253, 148, 0, 0
151, 0, 140, 150, 127, 19, 36.36%, 0, 0, 4, 457.60, 70533, 148, 0, 0
156, 0, 140, 153, 130, 19, 36.36%, 0, 0, 4, 484.21, 72984, 148, 0, 0
161, 0, 140, 153, 130, 19, 36.36%, 0, 0, 4, 463.67, 75333, 148, 0, 0
167, 0, 140, 155, 132, 19, 36.36%, 0, 0, 4, 443.13, 77588, 148, 0, 0
172, 0, 153, 155, 130, 18, 36.36%, 0, 0, 4, 443.11, 79835, 148, 0, 0
177, 0, 23, 157, 128, 16, 37.35%, 0, 0, 5, 467.06, 82271, 152, 0, 0
182, 0, 115, 159, 129, 15, 37.35%, 0, 0, 5, 451.47, 84475, 152, 0, 0
187, 0, 115, 160, 130, 15, 37.35%, 0, 0, 5, 411.90, 86520, 152, 0, 0
192, 0, 115, 161, 131, 15, 37.35%, 0, 0, 5, 416.04, 88647, 152, 0, 0
197, 0, 115, 161, 131, 15, 37.35%, 0, 0, 5, 405.82, 90727, 152, 0, 0
202, 0, 115, 162, 132, 15, 37.35%, 0, 0, 5, 414.35, 92808, 152, 0, 0
207, 0, 86, 162, 130, 13, 37.35%, 0, 0, 5, 437.40, 95011, 152, 0, 0
212, 0, 72, 162, 125, 8, 37.35%, 0, 0, 5, 459.53, 97298, 152, 0, 0
217, 0, 130, 162, 121, 5, 37.35%, 0, 0, 5, 462.69, 99563, 152, 0, 0
222, 0, 130, 182, 141, 5, 38.33%, 1, 0, 5, 435.76, 101708, 156, 1, 0
227, 0, 130, 184, 143, 5, 38.33%, 1, 0, 5, 466.51, 104141, 156, 1, 0
232, 0, 130, 187, 146, 5, 38.33%, 1, 0, 5, 444.06, 106331, 156, 1, 0
237, 0, 130, 187, 146, 5, 38.33%, 1, 0, 5, 429.33, 108519, 156, 1, 0
242, 0, 130, 187, 146, 5, 38.33%, 1, 0, 5, 430.51, 110663, 156, 1, 0
248, 0, 130, 188, 147, 5, 38.33%, 1, 0, 5, 438.87, 112878, 156, 1, 0
253, 0, 130, 188, 147, 5, 38.33%, 1, 0, 5, 416.58, 114974, 156, 1, 0
258, 0, 130, 188, 147, 5, 38.33%, 1, 0, 5, 448.94, 117390, 156, 1, 0
263, 0, 130, 188, 147, 5, 38.33%, 1, 0, 5, 454.00, 119734, 156, 1, 0
268, 0, 130, 188, 147, 5, 38.33%, 1, 0, 5, 456.30, 122025, 156, 1, 0
273, 0, 130, 188, 147, 5, 38.33%, 1, 0, 5, 439.11, 124246, 156, 1, 0
278, 0, 130, 188, 147, 5, 38.33%, 1, 0, 5, 436.34, 126414, 156, 1, 0
283, 0, 130, 189, 148, 5, 38.33%, 1, 0, 5, 465.87, 128728, 156, 1, 0
288, 0, 130, 190, 149, 5, 38.33%, 1, 0, 5, 462.33, 131021, 156, 1, 0
293, 0, 130, 190, 149, 5, 38.33%, 1, 0, 5, 432.07, 133212, 156, 1, 0
298, 0, 130, 190, 149, 5, 38.33%, 1, 0, 5, 397.02, 135130, 156, 1, 0
304, 0, 130, 190, 149, 5, 38.33%, 1, 0, 5, 433.89, 137412, 156, 1, 0
309, 0, 130, 190, 149, 5, 38.33%, 1, 0, 5, 452.53, 139740, 156, 1, 0
314, 0, 130, 190, 149, 5, 38.33%, 1, 0, 5, 440.28, 141948, 156, 1, 0
319, 0, 130, 190, 149, 5, 38.33%, 1, 0, 5, 437.70, 144108, 156, 1, 0
324, 0, 130, 190, 149, 5, 38.33%, 1, 0, 5, 474.34, 146564, 156, 1, 0
329, 0, 130, 190, 149, 5, 38.33%, 1, 0, 5, 454.90, 148850, 156, 1, 0
334, 0, 130, 190, 149, 5, 38.33%, 1, 0, 5, 444.69, 151092, 156, 1, 0
339, 0, 174, 193, 151, 7, 39.31%, 1, 0, 5, 480.29, 153588, 160, 1, 0
344, 0, 186, 195, 151, 8, 39.31%, 1, 0, 5, 475.36, 155889, 160, 1, 0
349, 0, 190, 196, 151, 7, 39.31%, 1, 0, 5, 465.16, 158251, 160, 1, 0
354, 0, 178, 196, 147, 3, 39.31%, 1, 0, 5, 461.76, 160585, 160, 1, 0
359, 0, 127, 200, 150, 2, 39.80%, 1, 0, 5, 444.46, 162832, 162, 1, 0
364, 0, 95, 201, 148, 2, 39.80%, 1, 0, 5, 433.15, 165033, 162, 1, 0
370, 0, 109, 204, 146, 1, 39.80%, 1, 0, 5, 449.47, 167492, 162, 1, 0
375, 0, 54, 205, 145, 0, 39.80%, 1, 0, 5, 459.19, 169885, 162, 1, 0
380, 0, 194, 206, 145, 0, 39.80%, 1, 0, 6, 453.74, 172177, 162, 1, 0
385, 0, 100, 206, 143, 0, 39.80%, 1, 0, 6, 444.71, 174370, 162, 1, 0
390, 0, 153, 206, 140, 0, 39.80%, 1, 0, 6, 437.50, 176535, 162, 1, 0
395, 0, 45, 206, 138, 0, 39.80%, 1, 0, 6, 415.10, 178636, 162, 1, 0
400, 0, 162, 207, 137, 0, 39.80%, 1, 0, 6, 427.84, 180852, 162, 1, 0
405, 0, 203, 212, 140, 0, 39.80%, 1, 0, 6, 427.47, 183038, 162, 1, 0
410, 0, 203, 214, 142, 0, 39.80%, 1, 0, 6, 449.01, 185305, 162, 1, 0
415, 0, 203, 214, 142, 0, 39.80%, 1, 0, 6, 455.99, 187684, 162, 1, 0
420, 0, 203, 214, 142, 0, 39.80%, 1, 0, 6, 431.11, 189844, 162, 1, 0
425, 0, 38, 215, 140, 0, 39.80%, 1, 0, 6, 466.50, 192250, 162, 1, 0
430, 0, 70, 215, 137, 0, 39.80%, 1, 0, 6, 443.07, 194413, 162, 1, 0
436, 0, 72, 215, 132, 0, 39.80%, 1, 0, 6, 442.29, 196682, 162, 1, 0
441, 0, 175, 215, 130, 0, 39.80%, 1, 0, 6, 457.21, 199013, 162, 1, 0
446, 0, 215, 216, 128, 0, 40.05%, 1, 0, 6, 467.88, 201298, 163, 1, 0
451, 0, 118, 217, 129, 0, 40.05%, 1, 0, 6, 454.10, 203608, 163, 1, 0
456, 0, 202, 217, 127, 0, 40.05%, 1, 0, 6, 446.30, 205888, 163, 1, 0
461, 0, 155, 217, 125, 0, 40.05%, 1, 0, 6, 454.76, 208179, 163, 1, 0
466, 0, 157, 217, 124, 0, 40.05%, 1, 0, 6, 441.40, 210384, 163, 1, 0
471, 0, 215, 218, 123, 0, 40.05%, 1, 0, 6, 427.95, 212591, 163, 1, 0
476, 0, 193, 218, 120, 0, 40.05%, 1, 0, 6, 459.14, 214989, 163, 1, 0
481, 1, 160, 218, 116, 0, 40.05%, 1, 0, 6, 462.98, 217282, 163, 1, 0
486, 1, 154, 218, 112, 0, 40.05%, 1, 0, 6, 475.70, 219697, 163, 1, 0
491, 1, 98, 218, 104, 0, 40.05%, 1, 0, 6, 477.85, 222111, 163, 1, 0
496, 1, 205, 218, 99, 0, 40.05%, 1, 0, 6, 481.57, 224470, 163, 1, 0
501, 1, 218, 219, 98, 1, 40.05%, 1, 0, 6, 441.34, 226697, 163, 1, 0
507, 1, 190, 219, 95, 0, 40.05%, 1, 0, 6, 434.04, 228840, 163, 1, 0
512, 1, 166, 221, 95, 0, 40.05%, 1, 0, 6, 434.56, 231067, 163, 1, 0
517, 1, 166, 232, 106, 0, 40.05%, 1, 0, 6, 421.39, 233184, 163, 1, 0
522, 1, 166, 232, 106, 0, 40.05%, 1, 0, 6, 416.48, 235296, 163, 1, 0
527, 1, 166, 233, 107, 0, 40.05%, 1, 0, 6, 436.19, 237511, 163, 1, 0
532, 1, 234, 237, 108, 0, 40.05%, 1, 0, 6, 442.61, 239766, 163, 1, 0
537, 1, 227, 238, 108, 0, 40.05%, 1, 0, 6, 474.29, 242258, 163, 1, 0
542, 1, 158, 238, 104, 0, 40.05%, 1, 0, 6, 457.90, 244625, 163, 1, 0
547, 1, 223, 238, 100, 0, 40.05%, 1, 0, 6, 439.04, 246917, 163, 1, 0
552, 1, 159, 238, 95, 0, 40.05%, 1, 0, 6, 441.39, 249131, 163, 1, 0
557, 1, 168, 238, 92, 0, 40.05%, 1, 0, 6, 438.05, 251364, 163, 1, 0
562, 1, 235, 238, 87, 0, 40.05%, 1, 0, 6, 442.27, 253599, 163, 1, 0
568, 1, 72, 238, 82, 0, 40.05%, 1, 0, 6, 444.37, 255832, 163, 1, 0
573, 1, 237, 238, 79, 0, 40.05%, 1, 0, 6, 424.31, 257997, 163, 1, 0
578, 1, 209, 238, 75, 0, 40.05%, 1, 0, 6, 436.29, 260261, 163, 1, 0
583, 1, 118, 238, 72, 0, 40.05%, 1, 0, 6, 456.25, 262588, 163, 1, 0
588, 1, 229, 238, 70, 0, 40.05%, 1, 0, 6, 451.77, 264900, 163, 1, 0
593, 1, 155, 238, 68, 0, 40.05%, 1, 0, 6, 423.69, 267012, 163, 1, 0
598, 1, 155, 238, 66, 0, 40.05%, 1, 0, 6, 443.77, 269288, 163, 1, 0
603, 1, 128, 242, 70, 0, 40.05%, 1, 0, 6, 437.47, 271484, 163, 1, 0
608, 1, 225, 242, 68, 0, 40.05%, 1, 0, 6, 433.88, 273700, 163, 1, 0
613, 1, 207, 243, 65, 0, 40.05%, 1, 0, 6, 459.76, 276095, 163, 1, 0
618, 1, 197, 243, 61, 0, 40.05%, 1, 0, 6, 442.98, 278431, 163, 1, 0
623, 1, 243, 244, 60, 1, 40.29%, 1, 0, 6, 430.82, 280608, 164, 1, 0
629, 1, 177, 244, 59, 0, 40.29%, 1, 0, 6, 422.77, 282728, 164, 1, 0
634, 1, 218, 244, 57, 0, 40.29%, 1, 0, 6, 426.86, 284942, 164, 1, 0
639, 1, 108, 244, 55, 0, 40.29%, 1, 0, 6, 413.90, 287037, 164, 1, 0
644, 1, 245, 246, 55, 1, 40.79%, 1, 0, 6, 423.61, 289191, 166, 1, 0
649, 1, 191, 247, 52, 0, 40.79%, 1, 0, 6, 430.32, 291424, 166, 1, 0
654, 1, 110, 247, 51, 0, 40.79%, 1, 0, 6, 461.94, 293748, 166, 1, 0
659, 1, 137, 247, 49, 0, 40.79%, 1, 0, 6, 436.73, 295992, 166, 1, 0
664, 1, 219, 248, 50, 0, 40.79%, 1, 0, 6, 426.74, 298147, 166, 1, 0
669, 1, 201, 248, 48, 0, 40.79%, 1, 0, 6, 383.86, 300119, 166, 1, 0
674, 1, 174, 249, 47, 0, 40.79%, 1, 0, 6, 442.85, 302364, 166, 1, 0
679, 1, 72, 249, 45, 0, 40.79%, 1, 0, 6, 419.90, 304510, 166, 1, 0
684, 1, 164, 249, 43, 0, 40.79%, 1, 0, 6, 431.87, 306759, 166, 1, 0
689, 1, 246, 250, 41, 0, 40.79%, 1, 0, 7, 411.48, 308854, 166, 1, 0
695, 2, 270, 271, 61, 6, 42.26%, 1, 0, 7, 409.44, 310943, 172, 1, 0
700, 2, 269, 271, 58, 3, 42.26%, 2, 0, 7, 448.50, 313218, 172, 2, 0
705, 2, 91, 271, 54, 0, 42.26%, 2, 0, 7, 438.51, 315426, 172, 2, 0
710, 2, 118, 271, 51, 0, 42.26%, 5, 0, 7, 452.77, 317755, 172, 5, 0
715, 2, 155, 271, 49, 0, 42.26%, 5, 0, 7, 455.10, 320045, 172, 6, 0
720, 2, 181, 271, 47, 0, 42.26%, 5, 0, 7, 438.28, 322256, 172, 7, 0
725, 2, 126, 271, 46, 0, 42.26%, 5, 0, 7, 469.09, 324627, 172, 8, 0
730, 2, 226, 271, 41, 0, 42.26%, 5, 0, 7, 458.65, 326910, 172, 9, 0
735, 2, 101, 271, 39, 0, 42.26%, 5, 0, 7, 437.14, 329104, 172, 9, 0
740, 2, 151, 271, 36, 0, 42.26%, 5, 0, 7, 424.69, 331191, 172, 11, 0
745, 2, 191, 271, 34, 0, 42.26%, 6, 0, 7, 438.49, 333440, 172, 13, 0
750, 2, 249, 271, 32, 0, 42.26%, 6, 0, 7, 439.57, 335658, 172, 14, 0
755, 2, 258, 271, 30, 0, 42.26%, 6, 0, 7, 441.30, 337835, 172, 14, 0
760, 2, 106, 271, 30, 0, 42.26%, 6, 0, 7, 441.98, 340083, 172, 14, 0
765, 2, 155, 271, 28, 0, 42.26%, 6, 0, 7, 437.28, 342284, 172, 14, 0
770, 2, 27, 271, 27, 0, 42.26%, 6, 0, 7, 472.79, 344772, 172, 14, 0
776, 2, 271, 272, 27, 1, 42.51%, 6, 0, 7, 445.03, 347024, 173, 14, 0
781, 2, 240, 272, 24, 0, 42.51%, 6, 0, 7, 463.74, 349353, 173, 14, 0
786, 2, 149, 272, 22, 0, 42.51%, 6, 0, 7, 439.07, 351584, 173, 14, 0
791, 2, 215, 272, 17, 0, 42.51%, 6, 0, 7, 441.50, 353775, 173, 14, 0
796, 2, 27, 272, 16, 0, 42.51%, 6, 0, 7, 426.89, 355987, 173, 14, 0
801, 2, 192, 273, 17, 0, 42.51%, 6, 0, 7, 423.16, 358200, 173, 15, 0
806, 2, 272, 274, 18, 0, 42.51%, 6, 0, 7, 427.51, 360401, 173, 15, 0
811, 2, 271, 275, 17, 0, 42.51%, 6, 0, 7, 475.28, 362812, 173, 15, 0
816, 2, 265, 275, 16, 0, 42.51%, 6, 0, 7, 427.38, 364977, 173, 15, 0
821, 2, 215, 275, 15, 0, 42.51%, 6, 0, 7, 468.13, 367332, 173, 15, 0
826, 2, 274, 275, 13, 0, 42.51%, 6, 0, 7, 458.80, 369577, 173, 19, 0
831, 2, 246, 275, 12, 0, 42.51%, 6, 0, 7, 440.39, 371802, 173, 20, 0
837, 2, 255, 275, 10, 0, 42.51%, 6, 0, 7, 456.20, 374211, 173, 21, 0
842, 3, 276, 278, 10, 0, 42.51%, 6, 0, 7, 466.85, 376694, 173, 21, 0
847, 3, 155, 278, 9, 0, 42.51%, 6, 0, 7, 433.88, 378918, 173, 21, 0
852, 3, 208, 278, 8, 0, 42.51%, 6, 0, 7, 436.07, 381109, 173, 21, 0
857, 3, 77, 278, 7, 0, 42.51%, 6, 0, 7, 450.84, 383402, 173, 21, 0
862, 3, 271, 278, 7, 0, 42.51%, 7, 0, 7, 446.74, 385629, 173, 26, 0
867, 3, 55, 278, 6, 0, 42.51%, 7, 0, 7, 429.75, 387785, 173, 26, 0
872, 3, 273, 278, 6, 0, 42.51%, 7, 0, 7, 435.11, 389950, 173, 26, 0
877, 3, 215, 278, 6, 0, 42.51%, 7, 0, 7, 443.97, 392145, 173, 27, 0
882, 3, 221, 279, 7, 0, 42.51%, 7, 0, 7, 439.45, 394366, 173, 27, 0
887, 3, 72, 279, 6, 0, 42.51%, 7, 0, 7, 441.69, 396596, 173, 27, 0
892, 3, 273, 279, 5, 0, 42.51%, 7, 0, 7, 436.11, 398820, 173, 29, 0
898, 3, 279, 280, 6, 1, 42.75%, 7, 0, 7, 440.44, 401080, 174, 29, 0
903, 3, 164, 280, 5, 0, 42.75%, 7, 0, 7, 460.81, 403511, 174, 29, 0
908, 3, 215, 280, 5, 0, 42.75%, 7, 0, 7, 464.60, 405907, 174, 29, 0
913, 3, 51, 280, 5, 0, 42.75%, 7, 0, 7, 447.00, 408189, 174, 31, 0
918, 3, 254, 280, 5, 0, 42.75%, 7, 0, 7, 478.88, 410586, 174, 31, 0
923, 3, 72, 280, 4, 0, 42.75%, 7, 0, 7, 448.68, 412822, 174, 31, 0
928, 3, 155, 280, 4, 0, 42.75%, 8, 0, 7, 434.87, 415065, 174, 34, 0
933, 3, 201, 280, 4, 0, 42.75%, 8, 0, 7, 425.44, 417311, 174, 38, 0
939, 3, 174, 280, 4, 0, 42.75%, 8, 0, 7, 453.56, 419593, 174, 40, 0
944, 3, 191, 280, 4, 0, 42.75%, 8, 0, 7, 459.98, 421908, 174, 45, 0
949, 3, 102, 280, 4, 0, 42.75%, 8, 0, 7, 443.53, 424113, 174, 46, 0
954, 4, 195, 284, 7, 0, 42.75%, 8, 0, 7, 442.49, 426381, 174, 46, 0
959, 4, 281, 284, 7, 0, 42.75%, 8, 0, 7, 459.37, 428777, 174, 46, 0
964, 4, 174, 284, 6, 0, 42.75%, 8, 0, 7, 444.69, 431067, 174, 46, 0
969, 4, 125, 284, 5, 0, 42.75%, 8, 0, 7, 434.28, 433342, 174, 46, 0
974, 4, 118, 284, 5, 0, 42.75%, 8, 0, 7, 473.10, 435729, 174, 49, 0
979, 4, 215, 284, 5, 0, 42.75%, 8, 0, 7, 446.74, 437904, 174, 52, 0
984, 4, 191, 284, 4, 0, 42.75%, 8, 0, 7, 442.17, 440106, 174, 52, 0
989, 4, 174, 284, 4, 0, 42.75%, 8, 0, 7, 430.93, 442262, 174, 52, 0
995, 4, 155, 284, 3, 0, 42.75%, 8, 0, 7, 420.36, 444355, 174, 52, 0
1000, 4, 215, 284, 3, 0, 42.75%, 8, 0, 7, 431.29, 446668, 174, 52, 0
1005, 4, 155, 284, 3, 0, 42.75%, 8, 0, 7, 433.86, 448903, 174, 53, 0
1010, 4, 258, 284, 3, 0, 42.75%, 8, 0, 7, 431.96, 451091, 174, 54, 0
1015, 4, 201, 284, 3, 0, 42.75%, 8, 0, 7, 440.25, 453284, 174, 54, 0
1020, 4, 20, 284, 3, 0, 42.75%, 8, 0, 7, 450.67, 455546, 174, 54, 0
1025, 4, 136, 284, 3, 0, 42.75%, 9, 0, 7, 460.16, 457838, 174, 57, 0
1030, 4, 120, 284, 2, 0, 42.75%, 9, 0, 7, 446.03, 460088, 174, 58, 0
1035, 4, 282, 284, 2, 0, 42.75%, 10, 0, 7, 430.59, 462265, 174, 59, 0
1040, 4, 273, 284, 2, 0, 42.75%, 10, 0, 7, 448.81, 464561, 174, 60, 0
1045, 4, 74, 285, 2, 0, 43.00%, 10, 0, 7, 463.52, 466859, 175, 60, 0
1050, 4, 284, 285, 2, 0, 43.00%, 10, 0, 7, 458.73, 469146, 175, 60, 0
1055, 4, 279, 285, 1, 0, 43.00%, 10, 0, 7, 444.61, 471379, 175, 60, 0
1060, 5, 288, 289, 5, 0, 43.00%, 10, 0, 7, 453.90, 473700, 175, 63, 0
1065, 5, 266, 289, 4, 0, 43.00%, 10, 0, 7, 450.20, 475935, 175, 63, 0
1070, 5, 246, 289, 4, 0, 43.00%, 10, 0, 7, 460.68, 478291, 175, 64, 0
1076, 5, 246, 289, 3, 0, 43.00%, 10, 0, 7, 463.92, 480597, 175, 70, 0
1081, 5, 52, 289, 3, 0, 43.00%, 10, 0, 7, 445.05, 482913, 175, 70, 0
1086, 5, 136, 289, 3, 0, 43.00%, 10, 0, 7, 448.40, 485140, 175, 71, 0
1091, 5, 208, 289, 3, 0, 43.00%, 10, 0, 7, 461.16, 487508, 175, 71, 0
1096, 5, 246, 289, 3, 0, 43.00%, 10, 0, 7, 475.32, 489977, 175, 71, 0
1101, 5, 282, 289, 3, 0, 43.00%, 10, 0, 7, 460.72, 492274, 175, 72, 0
1106, 5, 270, 289, 3, 0, 43.00%, 10, 0, 7, 462.11, 494653, 175, 74, 0
1111, 5, 275, 289, 3, 0, 43.00%, 10, 0, 7, 475.68, 497058, 175, 75, 0
1116, 5, 161, 289, 3, 0, 43.00%, 10, 0, 7, 459.66, 499370, 175, 77, 0
1121, 5, 246, 289, 3, 0, 43.00%, 10, 0, 7, 443.52, 501604, 175, 79, 0
1127, 5, 273, 289, 3, 0, 43.00%, 10, 0, 7, 439.69, 503880, 175, 81, 0
1132, 5, 62, 289, 3, 0, 43.00%, 10, 0, 7, 489.24, 506356, 175, 81, 0
1137, 5, 273, 289, 3, 0, 43.00%, 10, 0, 7, 467.05, 508715, 175, 81, 0
1142, 5, 275, 289, 3, 0, 43.00%, 10, 0, 7, 437.54, 510873, 175, 83, 0
1147, 5, 270, 289, 3, 0, 43.00%, 10, 0, 7, 385.76, 512810, 175, 83, 0
1152, 5, 208, 289, 3, 0, 43.00%, 10, 0, 7, 423.30, 514951, 175, 84, 0
1157, 6, 289, 291, 5, 0, 43.00%, 10, 0, 7, 455.85, 517401, 175, 85, 0
1162, 6, 222, 291, 4, 0, 43.00%, 10, 0, 7, 431.91, 519584, 175, 85, 0
1167, 6, 136, 291, 3, 0, 43.00%, 10, 0, 7, 435.70, 521760, 175, 85, 0
1172, 6, 279, 291, 3, 0, 43.00%, 10, 0, 7, 435.13, 524044, 175, 85, 0
1178, 6, 240, 291, 2, 0, 43.00%, 10, 0, 7, 458.79, 526406, 175, 85, 0
1183, 6, 273, 291, 2, 0, 43.00%, 10, 0, 7, 446.13, 528657, 175, 86, 0
1188, 6, 155, 291, 2, 0, 43.00%, 10, 0, 7, 438.29, 530813, 175, 86, 0
1193, 6, 46, 291, 2, 0, 43.00%, 10, 0, 7, 438.60, 533027, 175, 86, 0
1198, 6, 230, 291, 2, 0, 43.00%, 10, 0, 7, 427.27, 535214, 175, 86, 0
1203, 6, 131, 291, 1, 0, 43.00%, 10, 0, 7, 422.58, 537377, 175, 86, 0
1208, 6, 163, 291, 1, 0, 43.00%, 10, 0, 7, 429.04, 539619, 175, 87, 0
1213, 6, 228, 291, 1, 0, 43.00%, 10, 0, 7, 427.11, 541787, 175, 87, 0
1218, 6, 273, 291, 1, 0, 43.00%, 10, 0, 7, 444.01, 544048, 175, 87, 0
1223, 6, 246, 291, 1, 0, 43.00%, 10, 0, 7, 441.51, 546259, 175, 88, 0
1228, 6, 240, 291, 1, 0, 43.00%, 10, 0, 7, 404.25, 548380, 175, 88, 0
1233, 6, 218, 291, 1, 0, 43.00%, 10, 0, 7, 414.34, 550537, 175, 88, 0
1238, 6, 88, 291, 1, 0, 43.00%, 10, 0, 7, 426.42, 552690, 175, 88, 0
1243, 6, 91, 291, 1, 0, 43.00%, 10, 0, 7, 448.23, 554991, 175, 88, 0
1248, 6, 275, 291, 1, 0, 43.00%, 10, 0, 7, 430.25, 557140, 175, 94, 0
1254, 6, 152, 291, 1, 0, 43.00%, 10, 0, 7, 432.01, 559338, 175, 95, 0
1259, 6, 155, 291, 1, 0, 43.00%, 10, 0, 7, 453.54, 561701, 175, 95, 0
1264, 7, 324, 327, 37, 8, 51.11%, 10, 0, 7, 453.60, 563970, 208, 95, 0
1269, 7, 322, 331, 40, 7, 51.11%, 10, 0, 7, 453.06, 566262, 208, 95, 0
1274, 7, 322, 336, 45, 7, 51.11%, 10, 0, 7, 430.67, 568411, 208, 95, 0
1279, 7, 328, 336, 44, 7, 51.11%, 10, 0, 7, 431.57, 570651, 208, 95, 0
1284, 7, 316, 337, 43, 5, 51.11%, 10, 0, 7, 417.26, 572828, 208, 95, 0
1289, 7, 316, 340, 46, 5, 51.35%, 10, 0, 7, 406.25, 574892, 209, 95, 0
1294, 7, 337, 341, 46, 5, 51.35%, 10, 0, 7, 444.71, 577159, 209, 95, 0
1299, 7, 339, 341, 45, 4, 51.35%, 10, 0, 7, 439.04, 579342, 209, 95, 0
1304, 7, 292, 341, 44, 3, 51.35%, 10, 0, 7, 438.59, 581526, 209, 95, 0
1309, 7, 340, 353, 55, 2, 51.60%, 10, 0, 7, 426.11, 583781, 210, 95, 0
1314, 7, 340, 358, 60, 2, 51.60%, 10, 0, 7, 423.68, 585990, 210, 95, 0
1319, 7, 340, 361, 63, 2, 51.60%, 10, 0, 7, 423.53, 588163, 210, 95, 0
1325, 7, 340, 362, 64, 2, 51.60%, 10, 0, 7, 429.67, 590386, 210, 95, 0
1330, 7, 340, 363, 65, 2, 51.60%, 10, 0, 7, 443.42, 592697, 210, 95, 0
1335, 7, 340, 363, 65, 2, 51.60%, 10, 0, 7, 427.67, 594889, 210, 95, 0
1340, 7, 340, 364, 66, 2, 51.60%, 10, 0, 7, 435.56, 597096, 210, 95, 0
1345, 7, 340, 364, 66, 2, 51.60%, 10, 0, 7, 442.62, 599405, 210, 95, 0
1350, 7, 340, 366, 68, 2, 51.60%, 10, 0, 7, 424.75, 601535, 210, 95, 0
1355, 7, 340, 366, 68, 2, 51.60%, 10, 0, 7, 439.59, 603743, 210, 95, 0
1360, 7, 340, 366, 68, 2, 51.60%, 10, 0, 7, 442.43, 605943, 210, 95, 0
1365, 7, 340, 366, 68, 2, 51.60%, 10, 0, 7, 449.65, 608231, 210, 95, 0
1370, 7, 340, 366, 68, 2, 51.60%, 10, 0, 7, 434.94, 610375, 210, 95, 0
1375, 7, 340, 366, 68, 2, 51.60%, 10, 0, 7, 428.27, 612519, 210, 95, 0
1380, 7, 340, 366, 68, 2, 51.60%, 10, 0, 7, 440.19, 614727, 210, 95, 0
1385, 7, 340, 366, 68, 2, 51.60%, 10, 0, 7, 416.53, 616799, 210, 95, 0
1390, 7, 340, 366, 68, 2, 51.60%, 10, 0, 7, 427.57, 618975, 210, 95, 0
1396, 7, 340, 367, 69, 2, 51.84%, 10, 0, 7, 427.11, 621182, 211, 95, 0
1401, 7, 340, 367, 69, 2, 51.84%, 10, 0, 7, 450.48, 623446, 211, 95, 0
1406, 7, 340, 367, 69, 2, 51.84%, 10, 0, 7, 432.18, 625582, 211, 95, 0
1411, 7, 340, 367, 69, 2, 51.84%, 10, 0, 7, 438.48, 627790, 211, 95, 0
1416, 7, 340, 367, 69, 2, 51.84%, 10, 0, 7, 444.95, 630000, 211, 95, 0
1421, 7, 340, 367, 69, 2, 51.84%, 10, 0, 7, 421.23, 632151, 211, 95, 0
1426, 7, 340, 367, 69, 2, 51.84%, 10, 0, 7, 430.81, 634335, 211, 95, 0
1431, 7, 352, 367, 67, 3, 51.84%, 10, 0, 7, 440.64, 636577, 211, 95, 0
1436, 7, 367, 368, 67, 2, 51.84%, 10, 0, 7, 454.68, 638885, 211, 95, 0
1441, 7, 317, 368, 65, 1, 51.84%, 10, 0, 7, 440.30, 641073, 211, 95, 0
1446, 7, 366, 368, 63, 1, 51.84%, 10, 0, 7, 459.86, 643374, 211, 95, 0
1451, 7, 342, 369, 63, 0, 51.84%, 10, 0, 7, 430.95, 645495, 211, 95, 0
1456, 7, 361, 369, 62, 0, 51.84%, 10, 0, 7, 440.26, 647726, 211, 95, 0
1461, 7, 304, 370, 61, 0, 51.84%, 10, 0, 7, 449.51, 650079, 211, 95, 0
1467, 7, 300, 370, 59, 0, 51.84%, 10, 0, 7, 416.14, 652180, 211, 95, 0
1472, 7, 275, 370, 57, 0, 51.84%, 10, 0, 7, 419.13, 654288, 211, 95, 0
1477, 7, 345, 370, 56, 0, 51.84%, 10, 0, 7, 454.02, 656570, 211, 95, 0
1482, 7, 293, 370, 55, 0, 51.84%, 10, 0, 7, 437.20, 658784, 211, 95, 0
1487, 7, 346, 370, 54, 0, 51.84%, 10, 0, 7, 458.90, 661105, 211, 95, 0
1492, 7, 306, 370, 52, 0, 51.84%, 10, 0, 7, 455.46, 663375, 211, 95, 0
1497, 7, 336, 370, 50, 0, 51.84%, 10, 0, 7, 436.34, 665600, 211, 95, 0
1502, 7, 296, 370, 48, 0, 51.84%, 10, 0, 7, 451.99, 667865, 211, 95, 0
1507, 7, 284, 370, 46, 0, 51.84%, 10, 0, 7, 451.23, 670094, 211, 95, 0
1512, 7, 319, 370, 45, 0, 51.84%, 10, 0, 7, 447.58, 672400, 211, 96, 0
1517, 7, 303, 370, 44, 0, 51.84%, 10, 0, 7, 449.44, 674624, 211, 96, 0
1522, 7, 241, 370, 42, 0, 51.84%, 10, 0, 7, 442.41, 676851, 211, 99, 0
1527, 7, 218, 370, 41, 0, 51.84%, 11, 0, 7, 463.11, 679241, 211, 100, 0
1532, 7, 313, 370, 40, 0, 51.84%, 11, 0, 7, 471.77, 681581, 211, 100, 0
1537, 7, 369, 370, 38, 0, 51.84%, 11, 0, 7, 448.86, 683851, 211, 100, 0
1542, 7, 347, 370, 35, 0, 51.84%, 11, 0, 7, 448.48, 686085, 211, 100, 0
1547, 7, 325, 370, 34, 0, 51.84%, 11, 0, 7, 435.54, 688295, 211, 100, 0
1552, 7, 155, 370, 32, 0, 51.84%, 11, 0, 7, 438.61, 690471, 211, 100, 0
1557, 7, 125, 370, 31, 0, 51.84%, 12, 0, 7, 448.52, 692706, 211, 101, 0
1562, 7, 155, 371, 31, 0, 51.84%, 12, 0, 7, 435.86, 694864, 211, 101, 0
1568, 7, 310, 371, 30, 0, 51.84%, 12, 0, 7, 466.56, 697228, 211, 101, 0
1573, 7, 341, 371, 28, 0, 51.84%, 12, 0, 7, 443.98, 699423, 211, 101, 0
1578, 7, 292, 371, 26, 0, 51.84%, 12, 0, 7, 466.08, 701899, 211, 104, 0
1583, 7, 360, 371, 25, 0, 51.84%, 12, 0, 7, 454.73, 704189, 211, 104, 0
1588, 7, 129, 371, 23, 0, 51.84%, 12, 0, 7, 470.22, 706556, 211, 111, 0
1593, 7, 192, 371, 22, 0, 51.84%, 12, 0, 7, 441.96, 708785, 211, 111, 0
1598, 7, 348, 371, 20, 0, 51.84%, 12, 0, 7, 492.71, 711258, 211, 111, 0
1603, 7, 314, 371, 18, 0, 51.84%, 12, 0, 7, 450.83, 713479, 211, 111, 0
1608, 7, 338, 371, 17, 0, 51.84%, 12, 0, 7, 430.61, 715617, 211, 111, 0
1613, 7, 273, 371, 16, 0, 51.84%, 12, 0, 7, 414.29, 717652, 211, 111, 0
1618, 7, 332, 371, 15, 0, 51.84%, 12, 0, 7, 461.24, 720069, 211, 111, 0
1623, 7, 356, 371, 14, 0, 51.84%, 12, 0, 7, 441.06, 722315, 211, 111, 0
1628, 7, 305, 371, 13, 0, 51.84%, 12, 0, 7, 441.64, 724533, 211, 111, 0
1633, 7, 359, 371, 11, 0, 51.84%, 12, 0, 7, 443.56, 726709, 211, 111, 0
1638, 7, 351, 371, 9, 0, 51.84%, 12, 0, 7, 459.90, 729014, 211, 111, 0
1644, 7, 328, 371, 8, 0, 51.84%, 12, 0, 7, 461.73, 731318, 211, 111, 0
1649, 7, 271, 371, 7, 0, 51.84%, 12, 0, 7, 445.65, 733713, 211, 111, 0
1654, 7, 77, 371, 6, 0, 51.84%, 12, 0, 7, 422.28, 735842, 211, 111, 0
1659, 7, 192, 371, 5, 0, 51.84%, 12, 0, 7, 442.03, 738149, 211, 111, 0
1664, 7, 284, 371, 5, 0, 51.84%, 12, 0, 7, 446.01, 740377, 211, 111, 0
1669, 7, 155, 371, 5, 0, 51.84%, 12, 0, 7, 432.98, 742575, 211, 111, 0
1674, 7, 252, 371, 4, 0, 51.84%, 12, 0, 7, 435.95, 744840, 211, 111, 0
1679, 7, 174, 371, 4, 0, 51.84%, 12, 0, 7, 429.21, 747027, 211, 111, 0
1684, 7, 308, 371, 4, 0, 51.84%, 12, 0, 7, 430.66, 749276, 211, 111, 0
1689, 8, 372, 384, 16, 0, 51.84%, 12, 0, 7, 418.84, 751426, 211, 111, 0
1694, 8, 271, 384, 15, 0, 51.84%, 12, 0, 7, 438.13, 753647, 211, 111, 0
1700, 8, 215, 384, 15, 0, 51.84%, 12, 0, 7, 437.65, 755879, 211, 111, 0
1705, 8, 10, 384, 15, 0, 51.84%, 12, 0, 7, 431.72, 758153, 211, 111, 0
1710, 8, 269, 384, 14, 0, 51.84%, 12, 0, 7, 462.22, 760541, 211, 113, 0
1715, 8, 381, 384, 14, 0, 51.84%, 12, 0, 7, 444.80, 762810, 211, 113, 0
1720, 8, 337, 384, 13, 0, 51.84%, 12, 0, 7, 433.10, 765038, 211, 116, 0
1725, 8, 373, 384, 12, 0, 51.84%, 12, 0, 7, 437.37, 767252, 211, 117, 0
1730, 8, 155, 384, 11, 0, 51.84%, 12, 0, 7, 475.98, 769664, 211, 117, 0
1735, 8, 275, 384, 10, 0, 51.84%, 12, 0, 7, 442.12, 771925, 211, 117, 0
1740, 8, 291, 384, 10, 0, 51.84%, 12, 0, 7, 454.11, 774265, 211, 117, 0
1745, 8, 374, 384, 9, 0, 51.84%, 12, 0, 7, 454.71, 776520, 211, 121, 0
1750, 8, 371, 384, 8, 0, 51.84%, 12, 0, 7, 423.48, 778666, 211, 121, 0
1755, 8, 118, 384, 7, 0, 51.84%, 13, 0, 7, 418.85, 780842, 211, 124, 0
1760, 8, 362, 384, 7, 0, 51.84%, 13, 0, 7, 421.77, 782957, 211, 128, 0
1766, 8, 201, 384, 7, 0, 51.84%, 13, 0, 7, 442.25, 785199, 211, 131, 0
1771, 8, 246, 384, 6, 0, 51.84%, 13, 0, 7, 467.04, 787513, 211, 133, 0
1776, 8, 215, 384, 6, 0, 51.84%, 13, 0, 7, 458.49, 789743, 211, 133, 0
1781, 8, 209, 384, 6, 0, 51.84%, 13, 0, 7, 441.70, 792045, 211, 135, 0
1786, 8, 324, 384, 5, 0, 51.84%, 13, 0, 7, 456.44, 794372, 211, 135, 0
1791, 8, 118, 384, 5, 0, 51.84%, 13, 0, 7, 476.94, 796762, 211, 141, 0
1796, 8, 352, 384, 4, 0, 51.84%, 13, 0, 7, 455.15, 799090, 211, 141, 0
1801, 8, 261, 384, 4, 0, 51.84%, 13, 0, 7, 472.69, 801463, 211, 141, 0
1806, 8, 118, 384, 4, 0, 51.84%, 13, 0, 7, 444.32, 803674, 211, 147, 0
1811, 8, 214, 384, 4, 0, 51.84%, 13, 0, 7, 420.82, 805801, 211, 149, 0
1816, 8, 367, 384, 4, 0, 51.84%, 13, 0, 7, 423.63, 807968, 211, 149, 0
1821, 8, 273, 384, 4, 0, 51.84%, 13, 0, 7, 411.00, 810032, 211, 150, 0
1826, 8, 249, 384, 4, 0, 51.84%, 13, 0, 7, 413.68, 812181, 211, 153, 0
1831, 8, 191, 384, 4, 0, 51.84%, 13, 0, 7, 420.04, 814272, 211, 153, 0
1837, 9, 448, 456, 76, 7, 61.18%, 13, 0, 7, 422.06, 816337, 249, 153, 0
1842, 9, 403, 456, 75, 6, 61.18%, 13, 0, 7, 420.93, 818505, 249, 153, 0
1847, 9, 390, 456, 74, 5, 61.18%, 13, 0, 7, 436.60, 820773, 249, 153, 0
1852, 9, 395, 462, 79, 4, 61.18%, 13, 0, 7, 452.23, 823034, 249, 153, 0
1857, 9, 404, 463, 78, 3, 61.43%, 13, 0, 7, 461.33, 825347, 250, 153, 0
1862, 9, 444, 463, 76, 2, 61.43%, 13, 0, 7, 443.41, 827575, 250, 153, 0
1867, 9, 444, 464, 77, 2, 61.43%, 13, 0, 7, 449.58, 829864, 250, 153, 0
1872, 9, 444, 467, 80, 2, 61.43%, 13, 0, 7, 441.65, 832086, 250, 153, 0
1877, 9, 444, 469, 82, 2, 61.43%, 13, 0, 7, 399.90, 834094, 250, 153, 0
1882, 9, 444, 470, 83, 2, 61.43%, 13, 0, 7, 400.70, 836173, 250, 153, 0
1887, 9, 444, 470, 83, 2, 61.43%, 13, 0, 7, 471.07, 838542, 250, 153, 0
1892, 9, 444, 470, 83, 2, 61.43%, 13, 0, 7, 460.70, 840891, 250, 153, 0
1897, 9, 444, 470, 83, 2, 61.43%, 13, 0, 7, 429.03, 843037, 250, 153, 0
1902, 9, 444, 470, 83, 2, 61.43%, 13, 0, 7, 434.10, 845237, 250, 153, 0
1908, 9, 444, 470, 83, 2, 61.43%, 13, 0, 7, 433.21, 847413, 250, 153, 0
1913, 9, 444, 470, 83, 2, 61.43%, 13, 0, 7, 459.59, 849729, 250, 153, 0
1918, 9, 444, 470, 83, 2, 61.43%, 13, 0, 7, 421.27, 851853, 250, 153, 0
1923, 9, 444, 472, 85, 2, 61.43%, 13, 0, 7, 444.80, 854147, 250, 153, 0
1928, 9, 444, 472, 85, 2, 61.43%, 13, 0, 7, 435.83, 856347, 250, 153, 0
1933, 9, 444, 472, 85, 2, 61.43%, 13, 0, 7, 437.06, 858547, 250, 153, 0
1938, 9, 444, 472, 85, 2, 61.43%, 13, 0, 7, 444.84, 860739, 250, 153, 0
1943, 9, 444, 472, 85, 2, 61.43%, 13, 0, 7, 445.45, 862979, 250, 153, 0
1948, 9, 444, 472, 85, 2, 61.43%, 13, 0, 7, 429.16, 865139, 250, 153, 0
1953, 9, 444, 474, 87, 2, 61.43%, 13, 0, 7, 442.74, 867361, 250, 153, 0
1958, 9, 473, 474, 86, 2, 61.43%, 13, 0, 7, 432.67, 869521, 250, 153, 0
1963, 9, 413, 475, 85, 0, 61.43%, 13, 0, 7, 441.44, 871730, 250, 153, 0
1968, 9, 443, 475, 84, 0, 61.43%, 13, 0, 7, 427.33, 873864, 250, 153, 0
1974, 9, 445, 475, 82, 0, 61.43%, 13, 0, 7, 403.86, 875873, 250, 153, 0
1979, 9, 439, 475, 80, 0, 61.43%, 13, 0, 7, 430.14, 878084, 250, 153, 0
1984, 9, 405, 475, 79, 0, 61.43%, 13, 0, 7, 429.33, 880238, 250, 153, 0
1989, 9, 393, 475, 77, 0, 61.43%, 13, 0, 7, 449.40, 882468, 250, 153, 0
1994, 9, 218, 475, 75, 0, 61.43%, 13, 0, 7, 453.13, 884754, 250, 153, 0
1999, 9, 428, 475, 74, 0, 61.43%, 13, 0, 7, 417.90, 886859, 250, 153, 0
2004, 9, 10, 475, 72, 0, 61.43%, 13, 0, 7, 455.29, 889289, 250, 156, 0
2009, 9, 464, 475, 71, 0, 61.43%, 13, 0, 7, 431.36, 891463, 250, 156, 0
2014, 9, 118, 475, 69, 0, 61.43%, 13, 0, 7, 431.77, 893700, 250, 157, 0
2019, 9, 455, 475, 68, 0, 61.43%, 13, 0, 7, 424.04, 895857, 250, 157, 0
2024, 9, 438, 475, 66, 0, 61.43%, 13, 0, 7, 445.91, 898212, 250, 157, 0
2030, 9, 240, 475, 64, 0, 61.43%, 13, 0, 7, 453.85, 900554, 250, 157, 0
2035, 9, 437, 475, 63, 0, 61.43%, 13, 0, 7, 442.25, 902810, 250, 157, 0
2040, 9, 388, 475, 61, 0, 61.43%, 13, 0, 7, 436.70, 905034, 250, 157, 0
2045, 9, 380, 475, 59, 0, 61.43%, 13, 0, 7, 443.79, 907282, 250, 157, 0
2050, 9, 453, 475, 59, 0, 61.43%, 13, 0, 7, 424.36, 909442, 250, 157, 0
2055, 9, 436, 475, 57, 0, 61.43%, 13, 0, 7, 416.29, 911456, 250, 157, 0
2060, 9, 191, 475, 55, 0, 61.43%, 13, 0, 7, 450.78, 913718, 250, 157, 0
2065, 9, 461, 475, 54, 0, 61.43%, 13, 0, 7, 456.88, 916106, 250, 157, 0
2070, 9, 426, 476, 53, 0, 61.43%, 13, 0, 7, 435.30, 918252, 250, 157, 0
2075, 9, 384, 476, 51, 0, 61.43%, 13, 0, 7, 445.48, 920513, 250, 157, 0
2080, 9, 186, 476, 49, 0, 61.43%, 13, 0, 7, 460.33, 922830, 250, 157, 0
2085, 9, 449, 476, 48, 0, 61.43%, 13, 0, 7, 456.29, 925145, 250, 162, 0
2090, 9, 460, 476, 47, 0, 61.43%, 13, 0, 7, 439.77, 927323, 250, 162, 0
2095, 9, 433, 476, 45, 0, 61.43%, 13, 0, 7, 439.88, 929499, 250, 162, 0
2100, 9, 421, 476, 43, 0, 61.43%, 13, 0, 7, 433.41, 931703, 250, 162, 0
2105, 9, 270, 476, 41, 0, 61.43%, 13, 0, 7, 442.39, 933979, 250, 162, 0
2111, 9, 431, 476, 40, 0, 61.43%, 13, 0, 7, 436.38, 936196, 250, 162, 0
2116, 9, 416, 476, 39, 0, 61.43%, 13, 0, 7, 422.08, 938329, 250, 162, 0
2121, 9, 414, 476, 37, 0, 61.43%, 13, 0, 7, 419.07, 940463, 250, 162, 0
2126, 9, 412, 476, 36, 0, 61.43%, 13, 0, 7, 417.70, 942586, 250, 162, 0
2131, 9, 454, 476, 34, 0, 61.43%, 13, 0, 7, 460.85, 944966, 250, 162, 0
2136, 9, 77, 476, 32, 0, 61.43%, 13, 0, 7, 429.39, 947086, 250, 162, 0
2141, 9, 402, 476, 31, 0, 61.43%, 13, 0, 7, 446.70, 949321, 250, 162, 0
2146, 9, 387, 476, 30, 0, 61.43%, 13, 0, 7, 438.93, 951535, 250, 170, 0
2151, 9, 298, 476, 28, 0, 61.43%, 13, 0, 7, 462.39, 953945, 250, 170, 0
2156, 9, 218, 476, 27, 0, 61.43%, 13, 0, 7, 456.57, 956239, 250, 170, 0
2161, 9, 191, 476, 27, 0, 61.43%, 13, 0, 7, 423.66, 958279, 250, 170, 0
2167, 9, 409, 476, 26, 0, 61.43%, 13, 0, 7, 472.02, 960718, 250, 170, 0
2172, 9, 420, 476, 25, 0, 61.43%, 13, 0, 7, 439.41, 962979, 250, 170, 0
2177, 9, 459, 476, 24, 0, 61.43%, 13, 0, 7, 461.55, 965316, 250, 170, 0
2182, 9, 391, 476, 23, 0, 61.43%, 13, 0, 7, 433.44, 967522, 250, 171, 0
2187, 9, 448, 476, 22, 0, 61.43%, 13, 0, 7, 454.76, 969907, 250, 171, 0
2192, 9, 404, 478, 23, 0, 61.43%, 13, 0, 7, 456.17, 972203, 250, 171, 0
2197, 9, 476, 478, 22, 0, 61.43%, 13, 0, 7, 447.17, 974429, 250, 171, 0
2202, 9, 478, 479, 22, 1, 61.67%, 13, 0, 7, 450.95, 976758, 251, 171, 0
2207, 9, 378, 479, 20, 0, 61.67%, 13, 0, 7, 448.51, 979005, 251, 171, 0
2212, 9, 252, 479, 19, 0, 61.67%, 13, 0, 7, 419.51, 981099, 251, 173, 0
2217, 9, 258, 479, 19, 0, 61.67%, 13, 0, 7, 456.36, 983469, 251, 173, 0
2222, 9, 462, 479, 19, 0, 61.67%, 13, 0, 7, 433.20, 985665, 251, 174, 0
2227, 9, 208, 479, 19, 0, 61.67%, 13, 0, 7, 427.74, 987852, 251, 177, 0
2232, 9, 395, 479, 19, 0, 61.67%, 13, 0, 7, 433.12, 989992, 251, 177, 0
2237, 9, 465, 479, 19, 0, 61.67%, 13, 0, 7, 450.36, 992288, 251, 177, 0
2242, 9, 273, 479, 17, 0, 61.67%, 13, 0, 7, 470.80, 994676, 251, 177, 0
2247, 9, 72, 479, 16, 0, 61.67%, 13, 0, 7, 440.96, 996868, 251, 177, 0
2253, 9, 215, 479, 16, 0, 61.67%, 13, 0, 7, 437.40, 999093, 251, 177, 0
2258, 9, 457, 479, 16, 0, 61.67%, 13, 0, 7, 458.48, 1001428, 251, 177, 0
2263, 9, 389, 479, 15, 0, 61.67%, 13, 0, 7, 463.40, 1003762, 251, 177, 0
2268, 9, 324, 479, 13, 0, 61.67%, 13, 0, 7, 449.56, 1006004, 251, 177, 0
2273, 9, 394, 479, 13, 0, 61.67%, 13, 0, 7, 431.07, 1008164, 251, 181, 0
2278, 9, 271, 479, 11, 0, 61.67%, 13, 0, 7, 447.53, 1010396, 251, 181, 0
2283, 9, 460, 479, 11, 0, 61.67%, 13, 0, 7, 438.56, 1012620, 251, 184, 0
2288, 10, 482, 490, 22, 3, 61.92%, 13, 0, 7, 428.67, 1014820, 252, 187, 0
2293, 10, 486, 490, 21, 2, 61.92%, 13, 0, 7, 413.47, 1016912, 252, 187, 0
2298, 10, 271, 490, 19, 0, 61.92%, 13, 0, 7, 415.17, 1019046, 252, 187, 0
2303, 10, 415, 490, 18, 0, 61.92%, 13, 0, 7, 442.79, 1021300, 252, 188, 0
2308, 10, 215, 490, 18, 0, 61.92%, 13, 0, 7, 449.21, 1023555, 252, 190, 0
2313, 10, 480, 490, 18, 0, 61.92%, 13, 0, 7, 471.18, 1025931, 252, 191, 0
2318, 10, 485, 490, 17, 0, 61.92%, 13, 0, 7, 419.47, 1028073, 252, 191, 0
2323, 10, 240, 490, 16, 0, 61.92%, 13, 0, 7, 407.21, 1030031, 252, 192, 0
2328, 10, 218, 490, 16, 0, 61.92%, 13, 0, 7, 442.86, 1032288, 252, 197, 0
2333, 10, 91, 490, 16, 0, 61.92%, 13, 0, 7, 433.52, 1034510, 252, 206, 0
2338, 10, 0, 490, 15, 0, 61.92%, 13, 0, 7, 453.50, 1036775, 252, 206, 0
2343, 10, 489, 490, 15, 0, 61.92%, 13, 0, 7, 444.85, 1038990, 252, 206, 0
2349, 10, 174, 490, 13, 0, 61.92%, 13, 0, 7, 440.54, 1041285, 252, 206, 0
2354, 10, 451, 490, 13, 0, 61.92%, 13, 0, 7, 411.15, 1043376, 252, 207, 0
2359, 10, 271, 490, 12, 0, 61.92%, 13, 0, 7, 420.53, 1045484, 252, 207, 0
2364, 10, 270, 490, 11, 0, 61.92%, 13, 0, 7, 436.70, 1047774, 252, 207, 0
2369, 10, 246, 491, 12, 0, 61.92%, 13, 0, 7, 443.25, 1050020, 252, 219, 0
2374, 10, 440, 491, 12, 0, 61.92%, 13, 0, 7, 473.55, 1052453, 252, 220, 0
2379, 10, 467, 491, 11, 0, 61.92%, 13, 0, 7, 443.63, 1054687, 252, 220, 0
2384, 10, 273, 491, 10, 0, 61.92%, 13, 0, 7, 444.08, 1056955, 252, 225, 0
2389, 10, 487, 491, 10, 0, 61.92%, 13, 0, 7, 425.59, 1059139, 252, 225, 0
2394, 10, 452, 491, 9, 0, 61.92%, 13, 0, 7, 439.58, 1061323, 252, 226, 0
2400, 10, 403, 491, 8, 0, 61.92%, 13, 0, 7, 433.47, 1063479, 252, 229, 0
2405, 10, 284, 491, 8, 0, 61.92%, 13, 0, 7, 433.77, 1065704, 252, 229, 0
2410, 10, 284, 492, 8, 0, 61.92%, 13, 0, 7, 423.46, 1067828, 252, 229, 0
2415, 10, 218, 492, 8, 0, 61.92%, 13, 0, 7, 442.40, 1070135, 252, 229, 0
2420, 10, 450, 492, 8, 0, 61.92%, 13, 0, 7, 445.10, 1072396, 252, 229, 0
2425, 10, 77, 492, 7, 0, 61.92%, 13, 0, 7, 455.69, 1074710, 252, 231, 0
2430, 10, 246, 492, 6, 0, 61.92%, 13, 0, 7, 450.87, 1077020, 252, 233, 0
2435, 10, 282, 492, 5, 0, 61.92%, 13, 0, 7, 432.79, 1079270, 252, 233, 0
2440, 10, 155, 492, 4, 0, 61.92%, 13, 0, 7, 411.67, 1081358, 252, 233, 0
2445, 10, 491, 492, 4, 0, 61.92%, 13, 0, 7, 435.10, 1083565, 252, 234, 0
2450, 10, 275, 492, 4, 0, 61.92%, 13, 0, 7, 432.49, 1085861, 252, 234, 0
2456, 10, 328, 492, 4, 0, 61.92%, 13, 0, 7, 423.82, 1088043, 252, 235, 0
2461, 10, 155, 492, 4, 0, 61.92%, 13, 0, 7, 424.21, 1090173, 252, 236, 0
2466, 10, 491, 492, 4, 0, 61.92%, 13, 0, 7, 413.78, 1092274, 252, 236, 0
2471, 10, 398, 492, 3, 0, 61.92%, 13, 0, 7, 418.78, 1094411, 252, 236, 0
2476, 10, 145, 492, 3, 0, 61.92%, 13, 0, 7, 440.48, 1096629, 252, 236, 0
2481, 10, 271, 492, 3, 0, 61.92%, 13, 0, 7, 440.46, 1098815, 252, 237, 0
2486, 10, 174, 492, 3, 0, 61.92%, 13, 0, 7, 426.03, 1101017, 252, 239, 0
2491, 10, 246, 492, 3, 0, 61.92%, 13, 0, 7, 435.57, 1103287, 252, 241, 0
2496, 11, 493, 495, 5, 1, 62.41%, 13, 0, 7, 443.90, 1105504, 254, 242, 0
2501, 11, 282, 495, 4, 0, 62.41%, 13, 0, 7, 430.95, 1107705, 254, 242, 0
2506, 11, 403, 495, 3, 0, 62.41%, 13, 0, 7, 428.81, 1109836, 254, 242, 0
2511, 11, 229, 495, 3, 0, 62.41%, 13, 0, 7, 439.00, 1112040, 254, 242, 0
2517, 11, 260, 495, 3, 0, 62.41%, 13, 0, 7, 456.16, 1114347, 254, 242, 0
2522, 11, 449, 495, 3, 0, 62.41%, 13, 0, 7, 471.59, 1116724, 254, 242, 0
2527, 11, 266, 495, 3, 0, 62.41%, 13, 0, 7, 406.25, 1118737, 254, 242, 0
2532, 11, 208, 495, 3, 0, 62.41%, 13, 0, 7, 427.66, 1120925, 254, 246, 0
2537, 11, 273, 495, 3, 0, 62.41%, 13, 0, 7, 459.95, 1123283, 254, 246, 0
2542, 11, 362, 495, 3, 0, 62.41%, 13, 0, 7, 485.11, 1125708, 254, 246, 0
2547, 11, 284, 495, 3, 0, 62.41%, 13, 0, 7, 470.10, 1128063, 254, 249, 0
2552, 11, 154, 496, 3, 0, 62.41%, 13, 0, 7, 443.49, 1130316, 254, 249, 0
2557, 11, 215, 496, 3, 0, 62.41%, 13, 0, 7, 456.47, 1132600, 254, 249, 0
2562, 11, 404, 496, 2, 0, 62.41%, 13, 0, 7, 427.23, 1134713, 254, 249, 0
2567, 11, 273, 496, 2, 0, 62.41%, 13, 0, 7, 461.00, 1137136, 254, 251, 0
2572, 11, 275, 496, 1, 0, 62.41%, 13, 0, 7, 491.77, 1139585, 254, 251, 0
2577, 11, 324, 496, 1, 0, 62.41%, 13, 0, 7, 453.76, 1141823, 254, 253, 0
2582, 11, 25, 496, 1, 0, 62.41%, 13, 0, 7, 447.09, 1144088, 254, 255, 0
2587, 11, 448, 496, 1, 0, 62.41%, 13, 0, 7, 427.21, 1146269, 254, 256, 0
2592, 11, 271, 496, 1, 0, 62.41%, 13, 0, 7, 437.99, 1148506, 254, 256, 0
2597, 11, 482, 496, 1, 0, 62.41%, 14, 0, 7, 457.08, 1150767, 254, 257, 0
2602, 11, 240, 496, 1, 0, 62.41%, 14, 0, 7, 448.02, 1153010, 254, 263, 0
2607, 11, 273, 496, 1, 0, 62.41%, 14, 0, 7, 430.39, 1155220, 254, 263, 0
2613, 11, 246, 496, 1, 0, 62.41%, 14, 0, 7, 415.37, 1157358, 254, 263, 0
2618, 11, 246, 496, 1, 0, 62.41%, 14, 0, 7, 449.98, 1159742, 254, 268, 0
2623, 11, 240, 496, 1, 0, 62.41%, 14, 0, 7, 444.12, 1162002, 254, 269, 0
2628, 11, 225, 496, 1, 0, 62.41%, 14, 0, 7, 453.19, 1164256, 254, 271, 0
2633, 11, 218, 496, 1, 0, 62.41%, 14, 0, 7, 445.33, 1166533, 254, 271, 0
2638, 11, 275, 496, 1, 0, 62.41%, 14, 0, 7, 432.53, 1168718, 254, 276, 0
2643, 11, 449, 496, 1, 0, 62.41%, 14, 0, 7, 439.96, 1170921, 254, 279, 0
2648, 11, 282, 496, 1, 0, 62.41%, 14, 0, 7, 445.94, 1173177, 254, 279, 0
2653, 11, 273, 496, 1, 0, 62.41%, 14, 0, 7, 431.86, 1175358, 254, 279, 0
2658, 11, 404, 496, 1, 0, 62.41%, 14, 0, 7, 445.50, 1177642, 254, 279, 0
2663, 12, 208, 496, 1, 0, 62.41%, 14, 0, 7, 452.39, 1179967, 254, 285, 0
2668, 12, 237, 496, 1, 0, 62.41%, 14, 0, 7, 435.09, 1182096, 254, 288, 0
2673, 12, 273, 496, 1, 0, 62.41%, 14, 0, 7, 453.95, 1184426, 254, 294, 0
2678, 12, 246, 496, 1, 0, 62.41%, 14, 0, 7, 407.55, 1186451, 254, 294, 0
2683, 12, 175, 496, 1, 0, 62.41%, 14, 0, 7, 447.59, 1188738, 254, 295, 0
2688, 12, 118, 496, 1, 0, 62.41%, 14, 0, 7, 453.48, 1191031, 254, 301, 0
2693, 12, 203, 496, 1, 0, 62.41%, 14, 0, 7, 437.29, 1193309, 254, 303, 0
2699, 12, 208, 496, 1, 0, 62.41%, 14, 0, 7, 443.63, 1195555, 254, 304, 0
2704, 12, 191, 496, 1, 0, 62.41%, 14, 0, 7, 451.38, 1197821, 254, 304, 0
2709, 12, 191, 496, 1, 0, 62.41%, 14, 0, 7, 442.60, 1200080, 254, 304, 0
2714, 12, 118, 496, 1, 0, 62.41%, 14, 0, 7, 442.99, 1202279, 254, 307, 0
2719, 12, 23, 496, 1, 0, 62.41%, 14, 0, 7, 450.73, 1204521, 254, 308, 0
2724, 12, 118, 496, 1, 0, 62.41%, 14, 0, 7, 418.90, 1206637, 254, 311, 0
2729, 12, 72, 496, 1, 0, 62.41%, 14, 0, 7, 468.83, 1209082, 254, 312, 0
2734, 12, 478, 496, 1, 0, 62.41%, 14, 0, 7, 465.93, 1211357, 254, 312, 0
2739, 12, 261, 496, 1, 0, 62.41%, 14, 0, 7, 461.77, 1213627, 254, 316, 0
2744, 12, 404, 496, 1, 0, 62.41%, 14, 0, 7, 456.43, 1215922, 254, 316, 0
2749, 12, 258, 496, 1, 0, 62.41%, 14, 0, 7, 444.23, 1218065, 254, 316, 0
2754, 12, 273, 496, 1, 0, 62.41%, 14, 0, 7, 439.08, 1220271, 254, 316, 0
2759, 12, 282, 496, 1, 0, 62.41%, 14, 0, 7, 449.40, 1222549, 254, 316, 0
2764, 12, 77, 496, 1, 0, 62.41%, 14, 0, 7, 442.72, 1224791, 254, 320, 0
2769, 12, 462, 496, 1, 0, 62.41%, 14, 0, 7, 462.60, 1227149, 254, 321, 0
2774, 12, 337, 496, 1, 0, 62.41%, 14, 0, 7, 444.91, 1229407, 254, 324, 0
2779, 12, 490, 496, 1, 0, 62.41%, 14, 0, 7, 446.24, 1231639, 254, 325, 0
2784, 12, 374, 496, 1, 0, 62.41%, 14, 0, 7, 456.12, 1234005, 254, 331, 0
2789, 12, 246, 496, 1, 0, 62.41%, 14, 0, 7, 434.21, 1236188, 254, 332, 0
2794, 12, 246, 496, 1, 0, 62.41%, 14, 0, 7, 420.90, 1238383, 254, 345, 0
2800, 12, 249, 496, 1, 0, 62.41%, 14, 0, 7, 417.79, 1240531, 254, 347, 0
2805, 12, 208, 496, 1, 0, 62.41%, 14, 0, 7, 433.25, 1242732, 254, 348, 0
2810, 12, 269, 496, 1, 0, 62.41%, 14, 0, 7, 462.79, 1245061, 254, 348, 0
2815, 12, 270, 496, 1, 0, 62.41%, 14, 0, 7, 432.95, 1247278, 254, 348, 0
2820, 12, 404, 496, 1, 0, 62.41%, 14, 0, 7, 431.36, 1249414, 254, 349, 0
2825, 12, 337, 496, 1, 0, 62.41%, 14, 0, 7, 446.90, 1251701, 254, 349, 0
2830, 13, 240, 496, 1, 0, 62.41%, 14, 0, 7, 447.01, 1253960, 254, 349, 0
2835, 13, 482, 496, 1, 0, 62.41%, 14, 0, 7, 473.95, 1256305, 254, 349, 0
2840, 13, 77, 496, 1, 0, 62.41%, 14, 0, 7, 460.84, 1258616, 254, 349, 0
2845, 13, 423, 496, 1, 0, 62.41%, 14, 0, 7, 456.36, 1260902, 254, 349, 0
2850, 13, 385, 496, 1, 0, 62.41%, 14, 0, 7, 451.83, 1263153, 254, 353, 0
2855, 13, 395, 496, 1, 0, 62.41%, 14, 0, 7, 440.31, 1265407, 254, 353, 0
2860, 13, 58, 496, 1, 0, 62.41%, 14, 0, 7, 420.82, 1267512, 254, 353, 0
2865, 13, 155, 496, 1, 0, 62.41%, 14, 0, 7, 460.52, 1269828, 254, 353, 0
2870, 13, 125, 496, 1, 0, 62.41%, 14, 0, 7, 437.85, 1272045, 254, 353, 0
2876, 13, 27, 496, 1, 0, 62.41%, 14, 0, 7, 415.70, 1274137, 254, 353, 0
2881, 13, 246, 496, 1, 0, 62.41%, 14, 0, 7, 434.93, 1276324, 254, 353, 0
2886, 13, 155, 496, 1, 0, 62.41%, 14, 0, 7, 457.85, 1278636, 254, 357, 0
2891, 13, 171, 496, 1, 0, 62.41%, 14, 0, 7, 472.34, 1281061, 254, 361, 0
2896, 13, 208, 496, 1, 0, 62.41%, 14, 0, 7, 452.64, 1283317, 254, 364, 0
2901, 13, 491, 496, 1, 0, 62.41%, 14, 0, 7, 429.14, 1285481, 254, 367, 0
2906, 13, 129, 496, 1, 0, 62.41%, 14, 0, 7, 438.82, 1287708, 254, 368, 0
2911, 13, 337, 496, 1, 0, 62.41%, 14, 0, 7, 442.30, 1289965, 254, 372, 0
2916, 13, 240, 496, 1, 0, 62.41%, 14, 0, 7, 462.32, 1292277, 254, 378, 0
2921, 13, 349, 496, 1, 0, 62.41%, 14, 0, 7, 468.26, 1294658, 254, 378, 0
2926, 13, 155, 496, 1, 0, 62.41%, 14, 0, 7, 461.50, 1296917, 254, 378, 0
2931, 13, 128, 496, 1, 0, 62.41%, 14, 0, 7, 433.50, 1299129, 254, 379, 0
2937, 13, 275, 496, 1, 0, 62.41%, 14, 0, 7, 464.23, 1301544, 254, 379, 0
2942, 13, 240, 496, 1, 0, 62.41%, 14, 0, 7, 428.78, 1303692, 254, 379, 0
2947, 13, 490, 496, 1, 0, 62.41%, 14, 0, 7, 443.35, 1306060, 254, 380, 0
2952, 13, 273, 496, 1, 0, 62.41%, 14, 0, 7, 434.30, 1308239, 254, 380, 0
2957, 13, 118, 496, 1, 0, 62.41%, 14, 0, 7, 426.03, 1310372, 254, 380, 0
2962, 13, 328, 496, 1, 0, 62.41%, 14, 0, 7, 413.94, 1312447, 254, 381, 0
2967, 13, 198, 496, 1, 0, 62.41%, 14, 0, 7, 412.05, 1314530, 254, 381, 0
2972, 13, 455, 497, 2, 0, 62.41%, 14, 0, 7, 433.56, 1316778, 254, 381, 0
2977, 13, 490, 497, 2, 0, 62.41%, 14, 0, 7, 444.95, 1319042, 254, 385, 0
2982, 13, 246, 497, 2, 0, 62.41%, 14, 0, 7, 454.88, 1321319, 254, 392, 0
2987, 14, 155, 497, 2, 0, 62.41%, 14, 0, 7, 452.77, 1323579, 254, 398, 0
2993, 14, 279, 497, 2, 0, 62.41%, 14, 0, 7, 444.20, 1325902, 254, 401, 0
2998, 14, 273, 497, 2, 0, 62.41%, 14, 0, 7, 437.58, 1328177, 254, 401, 0
3003, 14, 240, 497, 2, 0, 62.41%, 14, 0, 7, 431.67, 1330363, 254, 401, 0
3008, 14, 269, 497, 2, 0, 62.41%, 14, 0, 7, 434.69, 1332570, 254, 403, 0
3013, 14, 425, 497, 2, 0, 62.41%, 14, 0, 7, 418.18, 1334683, 254, 407, 0
3018, 14, 273, 497, 2, 0, 62.41%, 14, 0, 7, 438.81, 1336931, 254, 415, 0
3023, 14, 270, 497, 2, 0, 62.41%, 14, 0, 7, 442.70, 1339195, 254, 415, 0
3028, 14, 192, 497, 2, 0, 62.41%, 14, 0, 7, 454.06, 1341498, 254, 418, 0
3033, 14, 292, 497, 2, 0, 62.41%, 14, 0, 7, 457.37, 1343784, 254, 418, 0
3038, 14, 192, 497, 2, 0, 62.41%, 14, 0, 7, 443.75, 1346024, 254, 419, 0
3043, 14, 118, 497, 2, 0, 62.41%, 14, 0, 7, 443.60, 1348337, 254, 421, 0
3048, 14, 333, 497, 2, 0, 62.41%, 14, 0, 7, 458.06, 1350703, 254, 423, 0
3053, 14, 72, 497, 2, 0, 62.41%, 14, 0, 7, 427.56, 1352847, 254, 423, 0
3058, 14, 337, 497, 2, 0, 62.41%, 14, 0, 7, 453.32, 1355114, 254, 423, 0
3063, 14, 273, 497, 2, 0, 62.41%, 14, 0, 7, 447.60, 1357420, 254, 423, 0
3069, 14, 337, 497, 2, 0, 62.41%, 14, 0, 7, 454.52, 1359713, 254, 423, 0
3074, 14, 158, 497, 2, 0, 62.41%, 14, 0, 7, 436.08, 1361877, 254, 426, 0
3079, 14, 308, 497, 2, 0, 62.41%, 14, 0, 7, 442.40, 1364135, 254, 429, 0
3084, 14, 337, 497, 2, 0, 62.41%, 14, 0, 7, 440.84, 1366325, 254, 429, 0
3089, 14, 404, 497, 2, 0, 62.41%, 14, 0, 7, 442.96, 1368589, 254, 429, 0
3094, 14, 227, 497, 2, 0, 62.41%, 14, 0, 7, 444.34, 1370865, 254, 429, 0
3099, 14, 174, 497, 2, 0, 62.41%, 14, 0, 7, 428.61, 1373036, 254, 429, 0
3104, 14, 233, 497, 2, 0, 62.41%, 14, 0, 7, 457.68, 1375306, 254, 429, 0
3109, 14, 352, 497, 2, 0, 62.41%, 14, 0, 7, 425.81, 1377419, 254, 432, 0
3114, 14, 246, 497, 2, 0, 62.41%, 14, 0, 7, 462.98, 1379760, 254, 432, 0
3119, 14, 246, 497, 2, 0, 62.41%, 14, 0, 7, 441.77, 1382080, 254, 435, 0
3124, 14, 493, 497, 2, 0, 62.41%, 14, 0, 7, 448.81, 1384363, 254, 435, 0
3129, 14, 273, 497, 2, 0, 62.41%, 14, 0, 7, 451.10, 1386637, 254, 435, 0
3134, 14, 458, 497, 2, 0, 62.41%, 14, 0, 7, 439.72, 1388873, 254, 435, 0
3139, 14, 235, 497, 2, 0, 62.41%, 14, 0, 7, 430.34, 1390996, 254, 435, 0
3145, 14, 497, 498, 3, 1, 62.41%, 14, 0, 7, 430.17, 1393120, 254, 436, 0
3150, 14, 197, 498, 2, 0, 62.41%, 14, 0, 7, 443.09, 1395384, 254, 436, 0
3155, 14, 339, 498, 2, 0, 62.41%, 14, 0, 7, 441.90, 1397568, 254, 438, 0
3160, 15, 81, 499, 3, 0, 62.41%, 14, 0, 7, 453.74, 1399896, 254, 438, 0
3165, 15, 269, 499, 3, 0, 62.41%, 14, 0, 7, 444.63, 1402119, 254, 439, 0
3170, 15, 270, 499, 3, 0, 62.41%, 14, 0, 7, 463.40, 1404588, 254, 446, 0
3175, 15, 155, 500, 4, 0, 62.41%, 14, 0, 7, 479.75, 1406996, 254, 446, 0
3180, 15, 496, 500, 4, 0, 62.41%, 14, 0, 7, 440.56, 1409215, 254, 446, 0
3185, 15, 478, 500, 3, 0, 62.41%, 14, 0, 7, 450.32, 1411545, 254, 447, 0
3190, 15, 152, 500, 3, 0, 62.41%, 14, 0, 7, 447.55, 1413789, 254, 447, 0
3195, 15, 382, 500, 3, 0, 62.41%, 14, 0, 7, 459.28, 1416053, 254, 448, 0
3200, 15, 273, 500, 3, 0, 62.41%, 14, 0, 7, 481.79, 1418532, 254, 448, 0
3205, 15, 492, 500, 3, 0, 62.41%, 14, 0, 7, 458.39, 1420819, 254, 448, 0
3210, 15, 192, 500, 3, 0, 62.41%, 14, 0, 7, 471.70, 1423136, 254, 457, 0
3216, 15, 499, 500, 3, 0, 62.41%, 14, 0, 7, 460.70, 1425468, 254, 460, 0
3221, 15, 438, 500, 2, 0, 62.41%, 14, 0, 7, 436.50, 1427750, 254, 461, 0
3226, 15, 266, 500, 2, 0, 62.41%, 14, 0, 7, 434.56, 1429955, 254, 461, 0
3231, 15, 218, 500, 2, 0, 62.41%, 14, 0, 7, 427.20, 1432164, 254, 463, 0
3236, 15, 303, 500, 2, 0, 62.41%, 14, 0, 7, 449.91, 1434403, 254, 467, 0
3241, 15, 257, 500, 1, 0, 62.41%, 14, 0, 7, 468.14, 1436826, 254, 467, 0
3246, 15, 493, 500, 1, 0, 62.41%, 14, 0, 7, 464.98, 1439226, 254, 468, 0
3251, 15, 231, 500, 1, 0, 62.41%, 14, 0, 7, 449.57, 1441422, 254, 468, 0
3256, 15, 218, 500, 1, 0, 62.41%, 14, 0, 7, 450.17, 1443708, 254, 468, 0
3261, 15, 155, 500, 1, 0, 62.41%, 14, 0, 7, 450.82, 1446015, 254, 473, 0
3266, 15, 173, 500, 1, 0, 62.41%, 14, 0, 7, 434.29, 1448261, 254, 473, 0
3271, 15, 270, 500, 1, 0, 62.41%, 14, 0, 7, 416.91, 1450379, 254, 475, 0
3276, 15, 288, 500, 1, 0, 62.41%, 14, 0, 7, 441.70, 1452658, 254, 476, 0
3281, 15, 366, 500, 1, 0, 62.41%, 14, 0, 7, 473.76, 1455027, 254, 476, 0
3287, 15, 240, 500, 1, 0, 62.41%, 14, 0, 7, 436.33, 1457216, 254, 476, 0
3292, 15, 282, 500, 1, 0, 62.41%, 14, 0, 7, 432.89, 1459409, 254, 476, 0
3297, 15, 25, 500, 1, 0, 62.41%, 14, 0, 7, 410.86, 1461485, 254, 476, 0
3302, 15, 192, 500, 1, 0, 62.41%, 14, 0, 7, 457.43, 1463721, 254, 476, 0
3307, 15, 491, 500, 1, 0, 62.41%, 14, 0, 7, 432.15, 1465922, 254, 480, 0
3312, 15, 497, 500, 1, 0, 62.41%, 14, 0, 7, 422.21, 1467999, 254, 487, 0
3317, 15, 237, 500, 1, 0, 62.41%, 14, 0, 7, 422.19, 1470135, 254, 487, 0
3322, 15, 249, 500, 1, 0, 62.41%, 14, 0, 7, 453.30, 1472407, 254, 487, 0
3327, 16, 343, 501, 2, 0, 62.41%, 14, 0, 7, 451.56, 1474703, 254, 488, 0
3332, 16, 500, 501, 2, 0, 62.41%, 14, 0, 7, 429.23, 1476860, 254, 488, 0
3337, 16, 367, 501, 1, 0, 62.41%, 14, 0, 7, 428.70, 1479083, 254, 488, 0
3342, 16, 328, 501, 1, 0, 62.41%, 14, 0, 7, 411.68, 1481172, 254, 491, 0
3347, 16, 258, 501, 1, 0, 62.41%, 14, 0, 7, 438.33, 1483424, 254, 491, 0
3352, 16, 155, 501, 1, 0, 62.41%, 14, 0, 7, 443.20, 1485675, 254, 491, 0
3358, 16, 362, 501, 1, 0, 62.41%, 14, 0, 7, 444.24, 1487859, 254, 491, 0
3363, 16, 246, 501, 1, 0, 62.41%, 14, 0, 7, 417.22, 1489944, 254, 492, 0
3368, 16, 273, 501, 1, 0, 62.41%, 14, 0, 7, 437.72, 1492230, 254, 494, 0
3373, 16, 72, 501, 1, 0, 62.41%, 14, 0, 7, 437.70, 1494497, 254, 494, 0
3378, 16, 497, 501, 1, 0, 62.41%, 14, 0, 7, 426.44, 1496633, 254, 494, 0
3383, 16, 77, 501, 1, 0, 62.41%, 14, 0, 7, 452.36, 1498944, 254, 494, 0
3388, 16, 246, 501, 1, 0, 62.41%, 14, 0, 7, 467.62, 1501271, 254, 497, 0
3393, 16, 482, 501, 1, 0, 62.41%, 14, 0, 7, 436.57, 1503474, 254, 502, 0
3398, 16, 165, 501, 1, 0, 62.41%, 14, 0, 7, 469.12, 1505897, 254, 503, 0
3403, 16, 23, 501, 1, 0, 62.41%, 14, 0, 7, 444.92, 1508120, 254, 508, 0
3408, 16, 336, 501, 1, 0, 62.41%, 14, 0, 7, 466.17, 1510548, 254, 514, 0
3413, 16, 208, 501, 1, 0, 62.41%, 14, 0, 7, 470.38, 1512918, 254, 515, 0
3418, 16, 270, 501, 1, 0, 62.41%, 14, 0, 7, 469.51, 1515324, 254, 515, 0
3423, 16, 129, 501, 1, 0, 62.41%, 14, 0, 7, 439.59, 1517483, 254, 520, 0
3429, 16, 266, 501, 1, 0, 62.41%, 14, 0, 7, 424.04, 1519623, 254, 520, 0
3434, 16, 72, 501, 1, 0, 62.41%, 14, 0, 7, 423.73, 1521805, 254, 520, 0
3439, 16, 395, 501, 1, 0, 62.41%, 14, 0, 7, 432.30, 1524039, 254, 523, 0
3444, 16, 366, 501, 1, 0, 62.41%, 14, 0, 7, 460.15, 1526344, 254, 523, 0
3449, 16, 251, 501, 1, 0, 62.41%, 14, 0, 7, 439.70, 1528584, 254, 526, 0
3454, 16, 282, 501, 0, 0, 62.41%, 14, 0, 7, 451.41, 1530901, 254, 526, 0
3459, 16, 279, 501, 0, 0, 62.41%, 14, 0, 7, 453.44, 1533237, 254, 526, 0
3464, 16, 118, 501, 0, 0, 62.41%, 14, 0, 7, 423.55, 1535391, 254, 526, 0
3469, 16, 366, 501, 0, 0, 62.41%, 14, 0, 7, 414.25, 1537482, 254, 530, 0
3474, 16, 403, 501, 0, 0, 62.41%, 14, 0, 7, 440.48, 1539719, 254, 530, 0
3479, 16, 0, 501, 0, 0, 62.41%, 14, 0, 7, 431.37, 1541955, 254, 530, 0
3484, 16, 273, 501, 0, 0, 62.41%, 14, 0, 7, 426.24, 1544102, 254, 530, 0
3490, 17, 240, 502, 1, 0, 62.41%, 14, 0, 7, 402.29, 1546130, 254, 530, 0
3495, 17, 367, 502, 1, 0, 62.41%, 14, 0, 7, 405.68, 1548205, 254, 530, 0
3500, 17, 313, 502, 1, 0, 62.41%, 14, 0, 7, 409.42, 1550346, 254, 532, 0
3505, 17, 72, 502, 1, 0, 62.41%, 14, 0, 7, 434.85, 1552561, 254, 532, 0
3510, 17, 180, 502, 1, 0, 62.41%, 14, 0, 7, 426.19, 1554613, 254, 532, 0
3515, 17, 482, 502, 1, 0, 62.41%, 14, 0, 7, 422.29, 1556787, 254, 532, 0
3520, 17, 202, 502, 1, 0, 62.41%, 14, 0, 7, 444.36, 1559075, 254, 537, 0
3525, 17, 491, 502, 1, 0, 62.41%, 14, 0, 7, 415.02, 1561173, 254, 537, 0
3530, 17, 118, 502, 1, 0, 62.41%, 14, 0, 7, 414.53, 1563302, 254, 543, 0
3535, 17, 488, 502, 0, 0, 62.41%, 14, 0, 7, 421.39, 1565471, 254, 548, 0
3540, 17, 275, 502, 0, 0, 62.41%, 14, 0, 7, 421.59, 1567620, 254, 548, 0
3545, 17, 25, 502, 0, 0, 62.41%, 14, 0, 7, 451.13, 1569931, 254, 548, 0
3551, 17, 491, 502, 0, 0, 62.41%, 14, 0, 7, 402.33, 1572004, 254, 552, 0
3556, 17, 324, 502, 0, 0, 62.41%, 14, 0, 7, 448.83, 1574285, 254, 554, 0
3561, 17, 275, 502, 0, 0, 62.41%, 14, 0, 7, 434.20, 1576488, 254, 554, 0
3566, 17, 326, 502, 0, 0, 62.41%, 14, 0, 7, 437.67, 1578685, 254, 555, 0
3571, 17, 275, 502, 0, 0, 62.41%, 14, 0, 7, 452.87, 1580971, 254, 557, 0
3576, 17, 261, 502, 0, 0, 62.41%, 14, 0, 7, 501.10, 1583679, 254, 557, 0
3581, 17, 14, 502, 0, 0, 62.41%, 14, 0, 7, 452.28, 1585845, 254, 561, 0
3586, 17, 271, 502, 0, 0, 62.41%, 14, 0, 7, 448.56, 1588154, 254, 561, 0
3591, 17, 339, 502, 0, 0, 62.41%, 14, 0, 7, 408.91, 1590219, 254, 561, 0
3596, 17, 155, 502, 0, 0, 62.41%, 14, 0, 7, 436.56, 1592542, 254, 561, 0
3601, 17, 401, 502, 0, 0, 62.41%, 14, 0, 7, 433.23, 1594724, 254, 561, 0
3606, 17, 386, 502, 0, 0, 62.41%, 14, 0, 7, 432.52, 1596877, 254, 569, 0
3611, 17, 270, 502, 0, 0, 62.41%, 14, 0, 7, 450.00, 1599130, 254, 573, 0
3616, 17, 246, 502, 0, 0, 62.41%, 14, 0, 7, 430.10, 1601299, 254, 575, 0
3622, 17, 173, 502, 0, 0, 62.41%, 14, 0, 7, 416.99, 1603485, 254, 575, 0
3627, 17, 82, 502, 0, 0, 62.41%, 14, 0, 7, 441.43, 1605734, 254, 578, 0
3632, 17, 155, 502, 0, 0, 62.41%, 14, 0, 7, 430.67, 1607888, 254, 578, 0
3637, 17, 275, 502, 0, 0, 62.41%, 14, 0, 7, 445.81, 1610148, 254, 580, 0
3642, 17, 337, 502, 0, 0, 62.41%, 14, 0, 7, 434.07, 1612374, 254, 580, 0
3647, 17, 331, 502, 0, 0, 62.41%, 14, 0, 7, 420.60, 1614513, 254, 580, 0
3652, 17, 155, 502, 0, 0, 62.41%, 14, 0, 7, 431.48, 1616695, 254, 587, 0
3657, 18, 502, 503, 1, 1, 62.41%, 14, 0, 7, 412.66, 1618800, 254, 587, 0
3662, 18, 502, 504, 1, 0, 62.41%, 14, 0, 7, 435.38, 1620979, 254, 587, 0
3667, 18, 246, 504, 0, 0, 62.41%, 14, 0, 7, 449.87, 1623260, 254, 587, 0
3672, 18, 208, 504, 0, 0, 62.41%, 14, 0, 7, 420.56, 1625353, 254, 589, 0
3678, 18, 125, 504, 0, 0, 62.41%, 14, 0, 7, 431.09, 1627586, 254, 590, 0
3683, 18, 492, 504, 0, 0, 62.41%, 14, 0, 7, 462.63, 1629949, 254, 591, 0
3688, 18, 218, 504, 0, 0, 62.41%, 14, 0, 7, 418.95, 1632083, 254, 591, 0
3693, 18, 118, 504, 0, 0, 62.41%, 14, 0, 7, 464.04, 1634389, 254, 593, 0
3698, 18, 232, 504, 0, 0, 62.41%, 14, 0, 7, 450.87, 1636637, 254, 595, 0
3703, 18, 305, 504, 0, 0, 62.41%, 14, 0, 7, 441.80, 1638783, 254, 596, 0
3708, 18, 118, 504, 0, 0, 62.41%, 14, 0, 7, 434.56, 1641011, 254, 604, 0
3713, 18, 155, 504, 0, 0, 62.41%, 14, 0, 7, 443.96, 1643223, 254, 607, 0
3718, 18, 490, 504, 0, 0, 62.41%, 14, 0, 7, 448.93, 1645464, 254, 611, 0
3723, 18, 155, 504, 0, 0, 62.41%, 14, 0, 7, 462.28, 1647752, 254, 612, 0
3728, 18, 324, 504, 0, 0, 62.41%, 14, 0, 7, 445.14, 1649986, 254, 615, 0
3733, 18, 88, 504, 0, 0, 62.41%, 14, 0, 7, 431.50, 1652160, 254, 616, 0
3738, 18, 218, 504, 0, 0, 62.41%, 14, 0, 7, 427.43, 1654356, 254, 618, 0
3743, 18, 490, 504, 0, 0, 62.41%, 14, 0, 7, 440.77, 1656667, 254, 622, 0
3749, 18, 261, 504, 0, 0, 62.41%, 14, 0, 7, 448.10, 1658889, 254, 622, 0
3754, 18, 491, 504, 0, 0, 62.41%, 14, 0, 7, 444.19, 1661088, 254, 624, 0
3759, 18, 490, 504, 0, 0, 62.41%, 14, 0, 7, 457.77, 1663402, 254, 631, 0
3764, 18, 215, 504, 0, 0, 62.41%, 14, 0, 7, 440.70, 1665647, 254, 632, 0
3769, 18, 271, 504, 0, 0, 62.41%, 14, 0, 7, 472.48, 1667999, 254, 633, 0
3774, 18, 249, 504, 0, 0, 62.41%, 14, 0, 7, 468.51, 1670387, 254, 636, 0
3779, 18, 497, 504, 0, 0, 62.41%, 14, 0, 7, 471.43, 1672737, 254, 636, 0
3784, 18, 328, 505, 1, 0, 62.41%, 14, 0, 7, 455.50, 1675021, 254, 646, 0
3789, 18, 504, 505, 1, 0, 62.41%, 14, 0, 7, 476.03, 1677421, 254, 646, 0
3794, 18, 486, 505, 0, 0, 62.41%, 14, 0, 7, 484.48, 1679791, 254, 646, 0
3799, 18, 231, 505, 0, 0, 62.41%, 14, 0, 7, 425.88, 1681928, 254, 651, 0
3804, 18, 246, 505, 0, 0, 62.41%, 14, 0, 7, 436.64, 1684181, 254, 657, 0
3809, 18, 25, 505, 0, 0, 62.41%, 14, 0, 7, 434.88, 1686372, 254, 659, 0
3814, 18, 486, 505, 0, 0, 62.41%, 14, 0, 7, 443.66, 1688561, 254, 663, 0
3819, 18, 503, 505, 0, 0, 62.41%, 14, 0, 7, 432.79, 1690720, 254, 663, 0
3824, 18, 367, 505, 0, 0, 62.41%, 14, 0, 7, 423.08, 1692830, 254, 663, 0
3829, 18, 266, 505, 0, 0, 62.41%, 14, 0, 7, 461.65, 1695139, 254, 670, 0
3835, 19, 488, 505, 0, 0, 62.41%, 14, 0, 7, 448.74, 1697507, 254, 672, 0
3840, 19, 337, 505, 0, 0, 62.41%, 14, 0, 7, 444.20, 1699773, 254, 672, 0
3845, 19, 395, 505, 0, 0, 62.41%, 14, 0, 7, 442.59, 1702021, 254, 677, 0
3850, 19, 0, 505, 0, 0, 62.41%, 14, 0, 7, 448.71, 1704245, 254, 681, 0
3855, 19, 208, 505, 0, 0, 62.41%, 14, 0, 7, 431.39, 1706401, 254, 681, 0
3860, 19, 249, 505, 0, 0, 62.41%, 14, 0, 7, 424.43, 1708579, 254, 682, 0
3865, 19, 118, 505, 0, 0, 62.41%, 14, 0, 7, 429.28, 1710904, 254, 684, 0
3870, 19, 386, 505, 0, 0, 62.41%, 14, 0, 7, 410.86, 1712928, 254, 686, 0
3875, 19, 184, 505, 0, 0, 62.41%, 14, 0, 7, 427.49, 1715168, 254, 690, 0
3881, 19, 488, 505, 0, 0, 62.41%, 14, 0, 7, 433.89, 1717490, 254, 694, 0
3886, 19, 273, 505, 0, 0, 62.41%, 14, 0, 7, 430.07, 1719666, 254, 694, 0
3891, 19, 192, 505, 0, 0, 62.41%, 14, 0, 7, 444.93, 1721925, 254, 698, 0
3896, 19, 271, 505, 0, 0, 62.41%, 14, 0, 7, 462.62, 1724244, 254, 700, 0
3901, 19, 246, 505, 0, 0, 62.41%, 14, 0, 7, 418.48, 1726306, 254, 704, 0
3906, 19, 482, 505, 0, 0, 62.41%, 14, 0, 7, 438.74, 1728562, 254, 704, 0
3911, 19, 282, 505, 0, 0, 62.41%, 14, 0, 7, 437.44, 1730817, 254, 705, 0
3916, 19, 42, 505, 0, 0, 62.41%, 14, 0, 7, 426.95, 1732975, 254, 709, 0
3921, 19, 503, 505, 0, 0, 62.41%, 14, 0, 7, 452.59, 1735264, 254, 709, 0
3926, 19, 270, 505, 0, 0, 62.41%, 14, 0, 7, 472.57, 1737635, 254, 709, 0
3931, 19, 462, 505, 0, 0, 62.41%, 14, 0, 7, 474.42, 1739981, 254, 709, 0
3936, 19, 218, 505, 0, 0, 62.41%, 14, 0, 7, 442.72, 1742223, 254, 709, 0
3941, 19, 491, 505, 0, 0, 62.41%, 14, 0, 7, 446.16, 1744463, 254, 709, 0
3946, 19, 197, 505, 0, 0, 62.41%, 14, 0, 7, 441.63, 1746722, 254, 710, 0
3951, 19, 129, 505, 0, 0, 62.41%, 14, 0, 7, 434.58, 1748889, 254, 714, 0
3957, 19, 270, 505, 0, 0, 62.41%, 14, 0, 7, 428.51, 1751046, 254, 717, 0
3962, 19, 270, 505, 0, 0, 62.41%, 14, 0, 7, 438.86, 1753332, 254, 720, 0
3967, 19, 246, 505, 0, 0, 62.41%, 14, 0, 7, 446.22, 1755661, 254, 723, 0
3972, 19, 125, 505, 0, 0, 62.41%, 14, 0, 7, 443.47, 1757868, 254, 727, 0
3977, 19, 367, 505, 0, 0, 62.41%, 14, 0, 7, 429.81, 1760081, 254, 727, 0
3982, 19, 478, 505, 0, 0, 62.41%, 14, 0, 7, 450.12, 1762423, 254, 727, 0
3987, 19, 191, 505, 0, 0, 62.41%, 14, 0, 7, 426.04, 1764567, 254, 727, 0
3992, 19, 273, 505, 0, 0, 62.41%, 14, 0, 7, 423.01, 1766752, 254, 733, 0
3997, 19, 273, 505, 0, 0, 62.41%, 14, 0, 7, 434.49, 1769031, 254, 734, 0
4002, 19, 339, 506, 1, 0, 62.41%, 14, 0, 7, 444.29, 1771244, 254, 735, 0
4008, 20, 155, 506, 1, 0, 62.41%, 14, 0, 7, 435.00, 1773442, 254, 735, 0
4013, 20, 337, 506, 1, 0, 62.41%, 14, 0, 7, 447.20, 1775690, 254, 737, 0
4018, 20, 155, 506, 1, 0, 62.41%, 14, 0, 7, 433.49, 1777825, 254, 737, 0
4023, 20, 118, 506, 1, 0, 62.41%, 14, 0, 7, 418.44, 1779935, 254, 740, 0
4028, 20, 153, 506, 1, 0, 62.41%, 14, 0, 7, 435.17, 1782126, 254, 741, 0
4033, 20, 136, 506, 1, 0, 62.41%, 14, 0, 7, 429.80, 1784279, 254, 741, 0
4038, 20, 297, 506, 1, 0, 62.41%, 14, 0, 7, 424.34, 1786376, 254, 742, 0
4043, 20, 252, 506, 1, 0, 62.41%, 14, 0, 7, 427.16, 1788519, 254, 742, 0
4048, 20, 505, 506, 1, 0, 62.41%, 14, 0, 7, 423.01, 1790676, 254, 742, 0
4053, 20, 412, 506, 0, 0, 62.41%, 14, 0, 7, 421.03, 1792945, 254, 745, 0
4058, 20, 267, 506, 0, 0, 62.41%, 14, 0, 7, 434.12, 1795201, 254, 745, 0
4063, 20, 478, 506, 0, 0, 62.41%, 14, 0, 7, 459.58, 1797623, 254, 745, 0
4068, 20, 273, 506, 0, 0, 62.41%, 14, 0, 7, 444.63, 1799834, 254, 745, 0
4073, 20, 208, 506, 0, 0, 62.41%, 14, 0, 7, 448.49, 1802062, 254, 749, 0
4078, 20, 271, 506, 0, 0, 62.41%, 14, 0, 7, 431.22, 1804236, 254, 749, 0
4083, 20, 271, 506, 0, 0, 62.41%, 14, 0, 7, 440.51, 1806460, 254, 749, 0
4088, 20, 191, 506, 0, 0, 62.41%, 14, 0, 7, 451.41, 1808740, 254, 749, 0
4094, 20, 10, 506, 0, 0, 62.41%, 14, 0, 7, 449.46, 1811068, 254, 757, 0
4099, 20, 282, 506, 0, 0, 62.41%, 14, 0, 7, 440.39, 1813294, 254, 757, 0
4104, 20, 282, 506, 0, 0, 62.41%, 14, 0, 7, 449.86, 1815638, 254, 757, 0
4109, 20, 497, 506, 0, 0, 62.41%, 14, 0, 7, 435.44, 1817778, 254, 757, 0
4114, 20, 504, 506, 0, 0, 62.41%, 14, 0, 7, 443.79, 1820003, 254, 759, 0
4119, 20, 184, 506, 0, 0, 62.41%, 14, 0, 7, 456.51, 1822322, 254, 760, 0
4124, 20, 337, 506, 0, 0, 62.41%, 14, 0, 7, 447.65, 1824565, 254, 762, 0
4129, 20, 112, 506, 0, 0, 62.41%, 14, 0, 7, 443.17, 1826798, 254, 768, 0
4134, 20, 273, 506, 0, 0, 62.41%, 14, 0, 7, 443.85, 1829018, 254, 768, 0
4139, 20, 273, 506, 0, 0, 62.41%, 14, 0, 7, 422.37, 1831114, 254, 768, 0
4144, 20, 404, 506, 0, 0, 62.41%, 14, 0, 7, 443.07, 1833395, 254, 773, 0
4149, 20, 150, 506, 0, 0, 62.41%, 14, 0, 7, 452.99, 1835656, 254, 773, 0
4154, 20, 366, 506, 0, 0, 62.41%, 14, 0, 7, 432.21, 1837868, 254, 773, 0
4159, 20, 155, 506, 0, 0, 62.41%, 14, 0, 7, 404.88, 1839930, 254, 773, 0
4165, 20, 42, 506, 0, 0, 62.41%, 14, 0, 7, 408.36, 1842030, 254, 775, 0
4170, 21, 449, 507, 1, 0, 62.41%, 14, 0, 7, 385.19, 1843963, 254, 775, 0
4175, 21, 482, 507, 1, 0, 62.41%, 14, 0, 7, 425.99, 1846187, 254, 776, 0
4180, 21, 497, 507, 1, 0, 62.41%, 14, 0, 7, 410.93, 1848329, 254, 778, 0
4185, 21, 246, 507, 1, 0, 62.41%, 14, 0, 7, 434.64, 1850516, 254, 778, 0
4190, 21, 324, 507, 1, 0, 62.41%, 14, 0, 7, 439.79, 1852722, 254, 785, 0
4195, 21, 258, 507, 1, 0, 62.41%, 14, 0, 7, 439.55, 1854927, 254, 785, 0
4200, 21, 448, 507, 1, 0, 62.41%, 14, 0, 7, 456.01, 1857247, 254, 785, 0
4205, 21, 89, 507, 1, 0, 62.41%, 14, 0, 7, 429.14, 1859386, 254, 787, 0
4210, 21, 282, 507, 1, 0, 62.41%, 14, 0, 7, 452.14, 1861729, 254, 788, 0
4215, 21, 271, 507, 1, 0, 62.41%, 14, 0, 7, 464.03, 1864082, 254, 792, 0
4221, 21, 249, 507, 1, 0, 62.41%, 14, 0, 7, 444.08, 1866343, 254, 792, 0
4226, 21, 273, 507, 0, 0, 62.41%, 14, 0, 7, 428.75, 1868495, 254, 792, 0
4231, 21, 395, 507, 0, 0, 62.41%, 14, 0, 7, 447.55, 1870737, 254, 794, 0
4236, 21, 249, 507, 0, 0, 62.41%, 14, 0, 7, 448.79, 1872965, 254, 794, 0
4241, 21, 272, 507, 0, 0, 62.41%, 14, 0, 7, 430.98, 1875090, 254, 794, 0
4246, 21, 339, 507, 0, 0, 62.41%, 14, 0, 7, 463.21, 1877505, 254, 797, 0
4251, 21, 337, 507, 0, 0, 62.41%, 14, 0, 7, 448.47, 1879776, 254, 810, 0
4256, 21, 395, 507, 0, 0, 62.41%, 14, 0, 7, 435.79, 1882009, 254, 811, 0
4261, 21, 271, 507, 0, 0, 62.41%, 14, 0, 7, 425.90, 1884213, 254, 813, 0
4266, 21, 490, 507, 0, 0, 62.41%, 14, 0, 7, 429.49, 1886404, 254, 815, 0
4271, 21, 395, 507, 0, 0, 62.41%, 14, 0, 7, 431.70, 1888574, 254, 817, 0
4277, 21, 270, 507, 0, 0, 62.41%, 14, 0, 7, 480.87, 1890990, 254, 822, 0
4282, 21, 249, 507, 0, 0, 62.41%, 14, 0, 7, 445.16, 1893219, 254, 822, 0
4287, 21, 267, 507, 0, 0, 62.41%, 14, 0, 7, 454.27, 1895549, 254, 822, 0
4292, 21, 213, 507, 0, 0, 62.41%, 14, 0, 7, 426.33, 1897633, 254, 822, 0
4297, 21, 231, 507, 0, 0, 62.41%, 14, 0, 7, 435.69, 1899847, 254, 822, 0
4302, 21, 249, 507, 0, 0, 62.41%, 14, 0, 7, 441.63, 1902090, 254, 822, 0
4307, 21, 249, 507, 0, 0, 62.41%, 14, 0, 7, 452.87, 1904422, 254, 827, 0
4312, 21, 271, 507, 0, 0, 62.41%, 14, 0, 7, 441.28, 1906676, 254, 827, 0
4317, 21, 88, 507, 0, 0, 62.41%, 14, 0, 7, 435.61, 1908885, 254, 828, 0
4322, 21, 98, 507, 0, 0, 62.41%, 14, 0, 7, 456.34, 1911218, 254, 829, 0
4327, 21, 155, 507, 0, 0, 62.41%, 14, 0, 7, 453.21, 1913492, 254, 829, 0
4332, 22, 488, 507, 0, 0, 62.41%, 14, 0, 7, 464.07, 1915809, 254, 829, 0
4337, 22, 362, 507, 0, 0, 62.41%, 14, 0, 7, 451.34, 1918052, 254, 829, 0
4342, 22, 497, 507, 0, 0, 62.41%, 14, 0, 7, 456.28, 1920342, 254, 829, 0
4347, 22, 246, 507, 0, 0, 62.41%, 14, 0, 7, 440.56, 1922566, 254, 831, 0
4352, 22, 489, 507, 0, 0, 62.41%, 14, 0, 7, 434.30, 1924815, 254, 831, 0
4357, 22, 497, 507, 0, 0, 62.41%, 14, 0, 7, 443.66, 1927045, 254, 831, 0
4363, 22, 292, 507, 0, 0, 62.41%, 14, 0, 7, 440.87, 1929259, 254, 834, 0
4368, 22, 0, 507, 0, 0, 62.41%, 14, 0, 7, 444.80, 1931522, 254, 834, 0
4373, 22, 189, 507, 0, 0, 62.41%, 14, 0, 7, 457.43, 1933875, 254, 834, 0
4378, 22, 362, 507, 0, 0, 62.41%, 14, 0, 7, 495.05, 1936352, 254, 834, 0
4383, 22, 367, 507, 0, 0, 62.41%, 14, 0, 7, 464.37, 1938687, 254, 834, 0
4388, 22, 313, 507, 0, 0, 62.41%, 14, 0, 7, 461.81, 1941024, 254, 834, 0
4393, 22, 488, 507, 0, 0, 62.41%, 14, 0, 7, 442.97, 1943239, 254, 835, 0
4398, 22, 136, 507, 0, 0, 62.41%, 14, 0, 7, 444.01, 1945476, 254, 836, 0
4403, 22, 129, 507, 0, 0, 62.41%, 14, 0, 7, 432.39, 1947633, 254, 836, 0
4408, 22, 397, 507, 0, 0, 62.41%, 14, 0, 7, 441.86, 1949956, 254, 836, 0
4413, 22, 218, 507, 0, 0, 62.41%, 14, 0, 7, 431.56, 1952115, 254, 836, 0
4418, 22, 266, 507, 0, 0, 62.41%, 14, 0, 7, 434.88, 1954291, 254, 840, 0
4423, 22, 240, 507, 0, 0, 62.41%, 14, 0, 7, 427.36, 1956436, 254, 842, 0
4428, 22, 267, 507, 0, 0, 62.41%, 14, 0, 7, 431.95, 1958608, 254, 842, 0
4434, 22, 244, 507, 0, 0, 62.41%, 14, 0, 7, 450.17, 1960918, 254, 843, 0
4439, 22, 362, 507, 0, 0, 62.41%, 14, 0, 7, 421.36, 1962958, 254, 843, 0
4444, 22, 490, 507, 0, 0, 62.41%, 14, 0, 7, 465.95, 1965324, 254, 845, 0
4449, 22, 362, 507, 0, 0, 62.41%, 14, 0, 7, 455.45, 1967604, 254, 850, 0
4454, 22, 172, 507, 0, 0, 62.41%, 14, 0, 7, 452.16, 1969887, 254, 853, 0
4459, 22, 222, 507, 0, 0, 62.41%, 14, 0, 7, 421.22, 1971967, 254, 853, 0
4464, 22, 254, 507, 0, 0, 62.41%, 14, 0, 7, 448.44, 1974250, 254, 853, 0
4469, 22, 215, 507, 0, 0, 62.41%, 14, 0, 7, 445.25, 1976458, 254, 855, 0
4474, 22, 486, 507, 0, 0, 62.41%, 14, 0, 7, 448.76, 1978715, 254, 856, 0
4479, 22, 258, 507, 0, 0, 62.41%, 14, 0, 7, 441.07, 1981023, 254, 858, 0
4484, 22, 270, 507, 0, 0, 62.41%, 14, 0, 7, 429.23, 1983105, 254, 858, 0
4489, 23, 332, 508, 1, 0, 62.41%, 14, 0, 7, 431.48, 1985328, 254, 858, 0
4495, 23, 12, 508, 1, 0, 62.41%, 14, 0, 7, 439.44, 1987593, 254, 859, 0
4500, 23, 337, 508, 1, 0, 62.41%, 14, 0, 7, 436.70, 1989810, 254, 859, 0
4505, 23, 218, 508, 1, 0, 62.41%, 14, 0, 7, 434.78, 1991929, 254, 859, 0
4510, 23, 507, 508, 1, 0, 62.41%, 14, 0, 7, 434.46, 1994122, 254, 859, 0
4515, 23, 337, 508, 0, 0, 62.41%, 14, 0, 7, 428.87, 1996248, 254, 861, 0
4520, 23, 482, 508, 0, 0, 62.41%, 14, 0, 7, 461.81, 1998536, 254, 865, 0
4525, 23, 328, 508, 0, 0, 62.41%, 14, 0, 7, 431.33, 2000723, 254, 868, 0
4530, 23, 362, 508, 0, 0, 62.41%, 14, 0, 7, 460.66, 2003069, 254, 874, 0
4535, 23, 501, 508, 0, 0, 62.41%, 14, 0, 7, 464.11, 2005527, 254, 876, 0
4540, 23, 279, 508, 0, 0, 62.41%, 14, 0, 7, 447.28, 2007747, 254, 876, 0
4545, 23, 482, 508, 0, 0, 62.41%, 14, 0, 7, 452.87, 2009998, 254, 878, 0
4550, 23, 271, 508, 0, 0, 62.41%, 14, 0, 7, 436.79, 2012193, 254, 878, 0
4555, 23, 34, 508, 0, 0, 62.41%, 14, 0, 7, 442.75, 2014431, 254, 878, 0
4561, 23, 269, 508, 0, 0, 62.41%, 14, 0, 7, 439.39, 2016654, 254, 879, 0
4566, 23, 337, 508, 0, 0, 62.41%, 14, 0, 7, 449.22, 2019010, 254, 880, 0
4571, 23, 491, 508, 0, 0, 62.41%, 14, 0, 7, 464.37, 2021361, 254, 880, 0
4576, 23, 249, 508, 0, 0, 62.41%, 14, 0, 7, 451.22, 2023597, 254, 880, 0
4581, 23, 319, 508, 0, 0, 62.41%, 14, 0, 7, 448.10, 2025857, 254, 883, 0
4586, 23, 328, 508, 0, 0, 62.41%, 14, 0, 7, 450.21, 2028126, 254, 883, 0
4591, 23, 449, 508, 0, 0, 62.41%, 14, 0, 7, 453.04, 2030375, 254, 887, 0
4596, 23, 271, 508, 0, 0, 62.41%, 14, 0, 7, 433.47, 2032493, 254, 890, 0
4601, 23, 292, 508, 0, 0, 62.41%, 14, 0, 7, 445.36, 2034765, 254, 890, 0
4606, 23, 292, 508, 0, 0, 62.41%, 14, 0, 7, 450.30, 2037042, 254, 892, 0
4611, 23, 491, 508, 0, 0, 62.41%, 14, 0, 7, 422.07, 2039137, 254, 892, 0
4616, 23, 107, 508, 0, 0, 62.41%, 14, 0, 7, 414.74, 2041234, 254, 892, 0
4621, 23, 155, 508, 0, 0, 62.41%, 14, 0, 7, 421.18, 2043360, 254, 892, 0
4626, 23, 337, 508, 0, 0, 62.41%, 14, 0, 7, 440.50, 2045628, 254, 893, 0
4631, 23, 273, 508, 0, 0, 62.41%, 14, 0, 7, 401.41, 2047636, 254, 901, 0
4637, 23, 275, 508, 0, 0, 62.41%, 14, 0, 7, 445.23, 2049888, 254, 901, 0
4642, 23, 191, 508, 0, 0, 62.41%, 14, 0, 7, 446.73, 2052149, 254, 901, 0
4647, 23, 362, 508, 0, 0, 62.41%, 14, 0, 7, 428.72, 2054335, 254, 905, 0
4652, 24, 366, 508, 0, 0, 62.41%, 14, 0, 7, 454.03, 2056640, 254, 910, 0
4657, 24, 72, 508, 0, 0, 62.41%, 14, 0, 7, 442.77, 2058895, 254, 910, 0
4662, 24, 367, 508, 0, 0, 62.41%, 14, 0, 7, 449.47, 2061263, 254, 911, 0
4667, 24, 275, 508, 0, 0, 62.41%, 14, 0, 7, 441.51, 2063449, 254, 912, 0
4672, 24, 362, 508, 0, 0, 62.41%, 14, 0, 7, 438.84, 2065685, 254, 912, 0
4677, 24, 291, 508, 0, 0, 62.41%, 14, 0, 7, 447.04, 2067953, 254, 912, 0
4682, 24, 0, 508, 0, 0, 62.41%, 14, 0, 7, 429.73, 2070136, 254, 912, 0
4687, 24, 136, 508, 0, 0, 62.41%, 14, 0, 7, 448.01, 2072421, 254, 912, 0
4692, 24, 0, 508, 0, 0, 62.41%, 14, 0, 7, 441.16, 2074624, 254, 912, 0
4697, 24, 249, 508, 0, 0, 62.41%, 14, 0, 7, 458.21, 2076957, 254, 912, 0
4702, 24, 273, 508, 0, 0, 62.41%, 14, 0, 7, 456.32, 2079247, 254, 912, 0
4708, 24, 81, 508, 0, 0, 62.41%, 14, 0, 7, 452.15, 2081534, 254, 912, 0
4713, 24, 249, 508, 0, 0, 62.41%, 14, 0, 7, 451.94, 2083820, 254, 912, 0
4718, 24, 155, 508, 0, 0, 62.41%, 14, 0, 7, 451.22, 2086104, 254, 912, 0
4723, 24, 491, 508, 0, 0, 62.41%, 14, 0, 7, 439.72, 2088328, 254, 914, 0
4728, 24, 273, 508, 0, 0, 62.41%, 14, 0, 7, 446.46, 2090558, 254, 914, 0
4733, 24, 337, 508, 0, 0, 62.41%, 14, 0, 7, 456.16, 2092861, 254, 914, 0
4738, 24, 155, 508, 0, 0, 62.41%, 14, 0, 7, 444.89, 2095109, 254, 914, 0
4743, 24, 340, 508, 0, 0, 62.41%, 14, 0, 7, 451.67, 2097470, 254, 916, 0
4748, 24, 408, 508, 0, 0, 62.41%, 14, 0, 7, 453.84, 2099693, 254, 917, 0
4753, 24, 482, 508, 0, 0, 62.41%, 14, 0, 7, 464.34, 2101962, 254, 918, 0
4758, 24, 462, 508, 0, 0, 62.41%, 14, 0, 7, 454.95, 2104413, 254, 918, 0
4763, 24, 72, 508, 0, 0, 62.41%, 14, 0, 7, 427.65, 2106580, 254, 920, 0
4769, 24, 155, 508, 0, 0, 62.41%, 14, 0, 7, 424.81, 2108808, 254, 921, 0
4774, 24, 271, 508, 0, 0, 62.41%, 14, 0, 7, 408.07, 2110855, 254, 921, 0
4779, 24, 404, 508, 0, 0, 62.41%, 14, 0, 7, 426.17, 2113043, 254, 923, 0
4784, 24, 449, 508, 0, 0, 62.41%, 14, 0, 7, 442.68, 2115320, 254, 923, 0
4789, 24, 163, 508, 0, 0, 62.41%, 14, 0, 7, 454.91, 2117614, 254, 923, 0
4794, 24, 46, 508, 0, 0, 62.41%, 14, 0, 7, 458.25, 2119951, 254, 924, 0
4799, 24, 266, 508, 0, 0, 62.41%, 14, 0, 7, 454.51, 2122224, 254, 929, 0
4804, 24, 118, 508, 0, 0, 62.41%, 14, 0, 7, 457.94, 2124544, 254, 932, 0
4809, 25, 273, 508, 0, 0, 62.41%, 14, 0, 7, 463.09, 2126886, 254, 936, 0
4814, 25, 129, 508, 0, 0, 62.41%, 14, 0, 7, 477.22, 2129352, 254, 936, 0
4819, 25, 271, 508, 0, 0, 62.41%, 14, 0, 7, 440.39, 2131532, 254, 939, 0
4824, 25, 136, 508, 0, 0, 62.41%, 14, 0, 7, 425.09, 2133711, 254, 940, 0
4829, 25, 503, 508, 0, 0, 62.41%, 14, 0, 7, 430.58, 2135931, 254, 940, 0
4834, 25, 266, 508, 0, 0, 62.41%, 14, 0, 7, 416.86, 2138090, 254, 940, 0
4840, 25, 279, 508, 0, 0, 62.41%, 14, 0, 7, 432.58, 2140308, 254, 943, 0
4845, 25, 293, 508, 0, 0, 62.41%, 14, 0, 7, 454.47, 2142656, 254, 948, 0
4850, 25, 337, 508, 0, 0, 62.41%, 14, 0, 7, 452.37, 2144884, 254, 948, 0
4855, 25, 215, 508, 0, 0, 62.41%, 14, 0, 7, 444.83, 2147108, 254, 948, 0
4860, 25, 503, 508, 0, 0, 62.41%, 14, 0, 7, 475.77, 2149481, 254, 949, 0
4865, 25, 155, 508, 0, 0, 62.41%, 14, 0, 7, 456.03, 2151760, 254, 951, 0
4870, 25, 208, 508, 0, 0, 62.41%, 14, 0, 7, 443.63, 2153991, 254, 958, 0
4875, 25, 362, 508, 0, 0, 62.41%, 14, 0, 7, 424.77, 2156117, 254, 959, 0
4880, 25, 403, 508, 0, 0, 62.41%, 14, 0, 7, 456.96, 2158459, 254, 959, 0
4885, 25, 492, 508, 0, 0, 62.41%, 14, 0, 7, 470.13, 2160782, 254, 959, 0
4890, 25, 72, 508, 0, 0, 62.41%, 14, 0, 7, 435.21, 2162985, 254, 959, 0
4895, 25, 118, 508, 0, 0, 62.41%, 14, 0, 7, 447.96, 2165285, 254, 960, 0
4900, 25, 31, 508, 0, 0, 62.41%, 14, 0, 7, 459.57, 2167687, 254, 965, 0
4905, 25, 266, 508, 0, 0, 62.41%, 14, 0, 7, 448.18, 2169901, 254, 968, 0
4910, 25, 503, 508, 0, 0, 62.41%, 14, 0, 7, 448.17, 2172219, 254, 968, 0
4916, 25, 488, 508, 0, 0, 62.41%, 14, 0, 7, 457.96, 2174614, 254, 969, 0
4921, 25, 386, 508, 0, 0, 62.41%, 14, 0, 7, 442.14, 2176870, 254, 969, 0
4926, 25, 385, 508, 0, 0, 62.41%, 14, 0, 7, 450.67, 2179178, 254, 971, 0
4931, 25, 136, 508, 0, 0, 62.41%, 14, 0, 7, 445.04, 2181480, 254, 971, 0
4936, 25, 85, 508, 0, 0, 62.41%, 14, 0, 7, 440.63, 2183681, 254, 975, 0
4941, 25, 19, 508, 0, 0, 62.41%, 14, 0, 7, 413.06, 2185802, 254, 976, 0
4946, 25, 143, 508, 0, 0, 62.41%, 14, 0, 7, 455.46, 2188160, 254, 979, 0
4951, 25, 208, 508, 0, 0, 62.41%, 14, 0, 7, 440.03, 2190390, 254, 979, 0
4956, 25, 282, 508, 0, 0, 62.41%, 14, 0, 7, 445.79, 2192638, 254, 984, 0
4961, 26, 174, 508, 0, 0, 62.41%, 14, 0, 7, 452.31, 2194932, 254, 985, 0
4966, 26, 273, 508, 0, 0, 62.41%, 14, 0, 7, 446.62, 2197197, 254, 985, 0
4971, 26, 208, 508, 0, 0, 62.41%, 14, 0, 7, 430.63, 2199471, 254, 989, 0
4976, 26, 462, 508, 0, 0, 62.41%, 14, 0, 7, 439.75, 2201714, 254, 989, 0
4982, 26, 204, 508, 0, 0, 62.41%, 14, 0, 7, 450.13, 2204012, 254, 989, 0
4987, 26, 271, 508, 0, 0, 62.41%, 14, 0, 7, 454.13, 2206267, 254, 989, 0
4992, 26, 367, 508, 0, 0, 62.41%, 14, 0, 7, 444.48, 2208457, 254, 989, 0
4997, 26, 362, 508, 0, 0, 62.41%, 14, 0, 7, 442.33, 2210696, 254, 997, 0
5002, 26, 215, 508, 0, 0, 62.41%, 14, 0, 7, 441.62, 2212923, 254, 1002, 0
5007, 26, 275, 508, 0, 0, 62.41%, 14, 0, 7, 431.44, 2215160, 254, 1006, 0
5012, 26, 246, 508, 0, 0, 62.41%, 14, 0, 7, 458.38, 2217481, 254, 1007, 0
5017, 26, 367, 508, 0, 0, 62.41%, 14, 0, 7, 458.35, 2219830, 254, 1011, 0
5022, 26, 482, 508, 0, 0, 62.41%, 14, 0, 7, 438.14, 2222032, 254, 1017, 0
5027, 26, 155, 508, 0, 0, 62.41%, 14, 0, 7, 446.46, 2224263, 254, 1017, 0
5032, 26, 337, 508, 0, 0, 62.41%, 14, 0, 7, 462.44, 2226593, 254, 1021, 0
5037, 26, 271, 508, 0, 0, 62.41%, 14, 0, 7, 484.67, 2229047, 254, 1027, 0
5042, 26, 155, 508, 0, 0, 62.41%, 14, 0, 7, 432.16, 2231144, 254, 1027, 0
5047, 26, 174, 508, 0, 0, 62.41%, 14, 0, 7, 414.68, 2233244, 254, 1027, 0
5052, 26, 282, 508, 0, 0, 62.41%, 14, 0, 7, 456.23, 2235583, 254, 1028, 0
5057, 26, 155, 508, 0, 0, 62.41%, 14, 0, 7, 446.70, 2237841, 254, 1028, 0
5062, 26, 491, 508, 0, 0, 62.41%, 14, 0, 7, 426.73, 2240049, 254, 1031, 0
5067, 26, 337, 508, 0, 0, 62.41%, 14, 0, 7, 454.15, 2242361, 254, 1031, 0
5072, 26, 441, 508, 0, 0, 62.41%, 14, 0, 7, 430.89, 2244459, 254, 1031, 0
5077, 26, 7, 508, 0, 0, 62.41%, 14, 0, 7, 440.76, 2246748, 254, 1033, 0
5083, 26, 488, 508, 0, 0, 62.41%, 14, 0, 7, 426.88, 2248953, 254, 1033, 0
5088, 26, 300, 508, 0, 0, 62.41%, 14, 0, 7, 404.33, 2251012, 254, 1036, 0
5093, 26, 246, 508, 0, 0, 62.41%, 14, 0, 7, 399.67, 2253052, 254, 1038, 0
5098, 26, 439, 508, 0, 0, 62.41%, 14, 0, 7, 426.93, 2255233, 254, 1041, 0
5103, 26, 482, 508, 0, 0, 62.41%, 14, 0, 7, 440.75, 2257494, 254, 1041, 0
5108, 26, 270, 508, 0, 0, 62.41%, 14, 0, 7, 461.97, 2259882, 254, 1042, 0
5113, 26, 155, 508, 0, 0, 62.41%, 14, 0, 7, 443.86, 2262010, 254, 1042, 0
5118, 26, 493, 508, 0, 0, 62.41%, 14, 0, 7, 442.54, 2264236, 254, 1045, 0
5123, 26, 493, 508, 0, 0, 62.41%, 14, 0, 7, 421.16, 2266401, 254, 1045, 0
5128, 27, 269, 509, 0, 0, 63.64%, 14, 0, 7, 427.91, 2268556, 259, 1046, 0
5133, 27, 0, 509, 0, 0, 63.64%, 14, 0, 7, 439.59, 2270817, 259, 1049, 0
5138, 27, 503, 509, 0, 0, 63.64%, 14, 0, 7, 444.75, 2273091, 259, 1050, 0
5143, 27, 246, 509, 0, 0, 63.64%, 14, 0, 7, 445.53, 2275388, 259, 1051, 0
5148, 27, 273, 509, 0, 0, 63.64%, 14, 0, 7, 427.42, 2277546, 259, 1051, 0
5153, 27, 488, 509, 0, 0, 63.64%, 14, 0, 7, 444.92, 2279785, 259, 1055, 0
5158, 27, 273, 509, 0, 0, 63.64%, 14, 0, 7, 429.40, 2281909, 259, 1056, 0
5163, 27, 449, 509, 0, 0, 63.64%, 14, 0, 7, 459.63, 2284281, 259, 1056, 0
5168, 27, 449, 509, 0, 0, 63.64%, 14, 0, 7, 443.85, 2286462, 259, 1061, 0
5174, 27, 482, 509, 0, 0, 63.64%, 14, 0, 7, 422.85, 2288611, 259, 1062, 0
5179, 27, 72, 509, 0, 0, 63.64%, 14, 0, 7, 440.91, 2290903, 259, 1063, 0
5184, 27, 155, 509, 0, 0, 63.64%, 14, 0, 7, 449.20, 2293217, 259, 1063, 0
5189, 27, 141, 509, 0, 0, 63.64%, 14, 0, 7, 440.90, 2295360, 259, 1067, 0
5194, 27, 72, 509, 0, 0, 63.64%, 14, 0, 7, 443.32, 2297595, 259, 1073, 0
5199, 27, 129, 509, 0, 0, 63.64%, 14, 0, 7, 421.39, 2299702, 259, 1073, 0
5204, 27, 273, 509, 0, 0, 63.64%, 14, 0, 7, 460.97, 2302080, 259, 1083, 0
5209, 27, 366, 509, 0, 0, 63.64%, 14, 0, 7, 447.09, 2304358, 259, 1083, 0
5214, 27, 240, 509, 0, 0, 63.64%, 14, 0, 7, 432.25, 2306542, 259, 1083, 0
5219, 27, 0, 509, 0, 0, 63.64%, 14, 0, 7, 430.22, 2308702, 259, 1086, 0
5224, 27, 384, 509, 0, 0, 63.64%, 14, 0, 7, 442.68, 2310942, 259, 1086, 0
5229, 27, 508, 509, 0, 0, 63.64%, 14, 0, 7, 443.67, 2313191, 259, 1086, 0
5234, 27, 403, 509, 0, 0, 63.64%, 14, 0, 7, 428.58, 2315362, 259, 1087, 0
5240, 27, 155, 509, 0, 0, 63.64%, 14, 0, 7, 425.32, 2317641, 259, 1088, 0
5245, 27, 488, 509, 0, 0, 63.64%, 14, 0, 7, 422.94, 2319778, 259, 1092, 0
5250, 27, 468, 509, 0, 0, 63.64%, 14, 0, 7, 445.44, 2322030, 259, 1093, 0
5255, 27, 488, 509, 0, 0, 63.64%, 14, 0, 7, 439.95, 2324277, 259, 1093, 0
5260, 27, 269, 509, 0, 0, 63.64%, 14, 0, 7, 438.97, 2326498, 259, 1093, 0
5265, 27, 174, 509, 0, 0, 63.64%, 14, 0, 7, 439.61, 2328708, 259, 1093, 0
5270, 27, 155, 509, 0, 0, 63.64%, 14, 0, 7, 444.04, 2330942, 259, 1097, 0
5275, 27, 173, 509, 0, 0, 63.64%, 14, 0, 7, 446.21, 2333167, 259, 1097, 0
5280, 27, 271, 509, 0, 0, 63.64%, 14, 0, 7, 419.04, 2335283, 259, 1102, 0
5285, 27, 366, 509, 0, 0, 63.64%, 14, 0, 7, 438.47, 2337475, 259, 1104, 0
5290, 28, 367, 509, 0, 0, 63.64%, 14, 0, 7, 468.63, 2339887, 259, 1104, 0
5295, 28, 508, 509, 0, 0, 63.64%, 14, 0, 7, 432.23, 2342050, 259, 1104, 0
5300, 28, 218, 509, 0, 0, 63.64%, 14, 0, 7, 460.95, 2344384, 259, 1104, 0
5305, 28, 25, 509, 0, 0, 63.64%, 14, 0, 7, 465.99, 2346762, 259, 1110, 0
5310, 28, 156, 509, 0, 0, 63.64%, 14, 0, 7, 439.09, 2348965, 259, 1110, 0
5315, 28, 273, 509, 0, 0, 63.64%, 14, 0, 7, 437.29, 2351124, 259, 1111, 0
5320, 28, 29, 509, 0, 0, 63.64%, 14, 0, 7, 439.95, 2353361, 259, 1111, 0
5325, 28, 403, 509, 0, 0, 63.64%, 14, 0, 7, 449.57, 2355601, 259, 1111, 0
5330, 28, 478, 509, 0, 0, 63.64%, 14, 0, 7, 449.19, 2357867, 259, 1111, 0
5335, 28, 215, 509, 0, 0, 63.64%, 14, 0, 7, 453.46, 2360189, 259, 1117, 0
5341, 28, 206, 509, 0, 0, 63.64%, 14, 0, 7, 461.14, 2362518, 259, 1119, 0
5346, 28, 201, 509, 0, 0, 63.64%, 14, 0, 7, 459.78, 2364749, 259, 1120, 0
5351, 28, 271, 509, 0, 0, 63.64%, 14, 0, 7, 455.31, 2367078, 259, 1120, 0
5356, 28, 118, 509, 0, 0, 63.64%, 14, 0, 7, 423.99, 2369208, 259, 1120, 0
5361, 28, 367, 509, 0, 0, 63.64%, 14, 0, 7, 409.88, 2371234, 259, 1120, 0
5366, 28, 362, 509, 0, 0, 63.64%, 14, 0, 7, 440.84, 2373504, 259, 1124, 0
5371, 28, 339, 509, 0, 0, 63.64%, 14, 0, 7, 429.78, 2375690, 259, 1126, 0
5376, 28, 208, 509, 0, 0, 63.64%, 14, 0, 7, 460.42, 2378031, 259, 1128, 0
5381, 28, 337, 509, 0, 0, 63.64%, 14, 0, 7, 468.82, 2380507, 259, 1135, 0
5386, 28, 281, 509, 0, 0, 63.64%, 14, 0, 7, 432.14, 2382671, 259, 1137, 0
5391, 28, 273, 509, 0, 0, 63.64%, 14, 0, 7, 432.95, 2384890, 259, 1139, 0
5396, 28, 204, 509, 0, 0, 63.64%, 14, 0, 7, 440.25, 2387136, 259, 1144, 0
5401, 28, 0, 509, 0, 0, 63.64%, 14, 0, 7, 459.31, 2389505, 259, 1144, 0
5407, 28, 118, 509, 0, 0, 63.64%, 14, 0, 7, 455.38, 2391794, 259, 1145, 0
5412, 28, 246, 509, 0, 0, 63.64%, 14, 0, 7, 442.39, 2393992, 259, 1145, 0
5417, 28, 448, 509, 0, 0, 63.64%, 14, 0, 7, 448.69, 2396301, 259, 1151, 0
5422, 28, 72, 509, 0, 0, 63.64%, 14, 0, 7, 425.20, 2398425, 259, 1155, 0
5427, 28, 492, 509, 0, 0, 63.64%, 14, 0, 7, 448.89, 2400718, 259, 1155, 0
5432, 28, 25, 509, 0, 0, 63.64%, 14, 0, 7, 467.70, 2403029, 259, 1159, 0
5437, 28, 328, 509, 0, 0, 63.64%, 14, 0, 7, 442.75, 2405239, 259, 1159, 0
5442, 28, 362, 509, 0, 0, 63.64%, 14, 0, 7, 417.39, 2407280, 259, 1159, 0
5447, 28, 93, 509, 0, 0, 63.64%, 14, 0, 7, 432.92, 2409504, 259, 1159, 0
5452, 28, 508, 509, 0, 0, 63.64%, 14, 0, 7, 429.99, 2411707, 259, 1159, 0
5457, 28, 246, 509, 0, 0, 63.64%, 14, 0, 7, 442.05, 2413946, 259, 1160, 0
5462, 29, 273, 510, 1, 0, 63.64%, 14, 0, 7, 437.31, 2416148, 259, 1164, 0
5467, 29, 358, 510, 0, 0, 63.64%, 14, 0, 7, 426.02, 2418306, 259, 1171, 0
5472, 29, 509, 510, 0, 0, 63.64%, 14, 0, 7, 442.10, 2420582, 259, 1171, 0
5478, 29, 273, 510, 0, 0, 63.64%, 14, 0, 7, 444.10, 2422878, 259, 1175, 0
5483, 29, 72, 510, 0, 0, 63.64%, 14, 0, 7, 442.19, 2425140, 259, 1175, 0
5488, 29, 208, 510, 0, 0, 63.64%, 14, 0, 7, 429.07, 2427295, 259, 1175, 0
5493, 29, 248, 510, 0, 0, 63.64%, 14, 0, 7, 434.20, 2429493, 259, 1180, 0
5498, 29, 246, 510, 0, 0, 63.64%, 14, 0, 7, 443.58, 2431782, 259, 1181, 0
5503, 29, 215, 510, 0, 0, 63.64%, 14, 0, 7, 433.24, 2433942, 259, 1187, 0
5508, 29, 224, 510, 0, 0, 63.64%, 14, 0, 7, 421.13, 2436130, 259, 1193, 0
5513, 29, 282, 510, 0, 0, 63.64%, 14, 0, 7, 464.52, 2438560, 259, 1193, 0
5518, 29, 34, 510, 0, 0, 63.64%, 14, 0, 7, 453.34, 2440806, 259, 1193, 0
5523, 29, 81, 510, 0, 0, 63.64%, 14, 0, 7, 474.22, 2443135, 259, 1193, 0
5528, 29, 463, 510, 0, 0, 63.64%, 14, 0, 7, 446.73, 2445388, 259, 1193, 0
5533, 29, 136, 510, 0, 0, 63.64%, 14, 0, 7, 435.75, 2447586, 259, 1193, 0
5538, 29, 125, 510, 0, 0, 63.64%, 14, 0, 7, 428.87, 2449776, 259, 1197, 0
5544, 29, 136, 510, 0, 0, 63.64%, 14, 0, 7, 438.71, 2452053, 259, 1198, 0
5549, 29, 395, 510, 0, 0, 63.64%, 14, 0, 7, 439.13, 2454384, 259, 1198, 0
5554, 29, 25, 510, 0, 0, 63.64%, 14, 0, 7, 417.47, 2456537, 259, 1203, 0
5559, 29, 275, 510, 0, 0, 63.64%, 14, 0, 7, 438.88, 2458748, 259, 1204, 0
5564, 29, 246, 510, 0, 0, 63.64%, 14, 0, 7, 435.51, 2460953, 259, 1205, 0
5569, 29, 482, 510, 0, 0, 63.64%, 14, 0, 7, 435.46, 2463188, 259, 1208, 0
5574, 29, 208, 510, 0, 0, 63.64%, 14, 0, 7, 445.40, 2465399, 259, 1208, 0
5579, 29, 269, 510, 0, 0, 63.64%, 14, 0, 7, 426.06, 2467565, 259, 1208, 0
5584, 29, 273, 510, 0, 0, 63.64%, 14, 0, 7, 449.69, 2469802, 259, 1209, 0
5589, 29, 482, 510, 0, 0, 63.64%, 14, 0, 7, 425.76, 2471879, 259, 1210, 0
5594, 29, 208, 510, 0, 0, 63.64%, 14, 0, 7, 431.96, 2474078, 259, 1210, 0
5599, 29, 46, 510, 0, 0, 63.64%, 14, 0, 7, 456.27, 2476485, 259, 1210, 0
5604, 29, 25, 510, 0, 0, 63.64%, 14, 0, 7, 446.33, 2478708, 259, 1210, 0
5610, 29, 324, 510, 0, 0, 63.64%, 14, 0, 7, 440.23, 2480935, 259, 1212, 0
5615, 29, 328, 510, 0, 0, 63.64%, 14, 0, 7, 422.84, 2483052, 259, 1212, 0
5620, 29, 246, 510, 0, 0, 63.64%, 14, 0, 7, 443.71, 2485309, 259, 1220, 0
5625, 29, 246, 510, 0, 0, 63.64%, 14, 0, 7, 463.82, 2487671, 259, 1229, 0
5630, 29, 273, 510, 0, 0, 63.64%, 14, 0, 7, 455.63, 2489918, 259, 1230, 0
5635, 29, 478, 510, 0, 0, 63.64%, 14, 0, 7, 431.34, 2492097, 259, 1230, 0
5640, 30, 0, 513, 1, 0, 63.88%, 14, 0, 7, 446.84, 2494321, 260, 1230, 0
5645, 30, 359, 513, 1, 0, 63.88%, 14, 0, 7, 472.14, 2496664, 260, 1230, 0
5650, 30, 511, 513, 1, 0, 63.88%, 14, 0, 7, 464.25, 2498978, 260, 1235, 0
5655, 30, 191, 513, 1, 0, 63.88%, 14, 0, 7, 447.72, 2501266, 260, 1240, 0
5660, 30, 296, 513, 1, 0, 63.88%, 14, 0, 7, 430.55, 2503424, 260, 1240, 0
5665, 30, 55, 513, 1, 0, 63.88%, 14, 0, 7, 447.01, 2505713, 260, 1242, 0
5670, 30, 510, 513, 1, 0, 63.88%, 14, 0, 7, 450.77, 2508129, 260, 1243, 0
5675, 30, 279, 513, 1, 0, 63.88%, 14, 0, 7, 441.83, 2510336, 260, 1243, 0
5680, 30, 497, 513, 1, 0, 63.88%, 14, 0, 7, 444.11, 2512657, 260, 1243, 0
5686, 30, 367, 513, 1, 0, 63.88%, 14, 0, 7, 424.69, 2514862, 260, 1243, 0
5691, 30, 275, 513, 1, 0, 63.88%, 14, 0, 7, 436.89, 2517044, 260, 1247, 0
5696, 30, 438, 513, 1, 0, 63.88%, 14, 0, 7, 440.02, 2519250, 260, 1247, 0
5701, 30, 72, 513, 1, 0, 63.88%, 14, 0, 7, 453.93, 2521502, 260, 1247, 0
5706, 30, 155, 513, 1, 0, 63.88%, 14, 0, 7, 473.77, 2523994, 260, 1247, 0
5711, 30, 273, 513, 1, 0, 63.88%, 14, 0, 7, 450.02, 2526237, 260, 1247, 0
5716, 30, 362, 513, 1, 0, 63.88%, 14, 0, 7, 419.50, 2528411, 260, 1247, 0
5721, 30, 118, 513, 1, 0, 63.88%, 15, 0, 7, 454.74, 2530740, 260, 1249, 0
5726, 30, 491, 513, 1, 0, 63.88%, 15, 0, 7, 465.28, 2533054, 260, 1257, 0
5731, 30, 10, 513, 1, 0, 63.88%, 15, 0, 7, 470.43, 2535408, 260, 1257, 0
5736, 30, 282, 513, 1, 0, 63.88%, 15, 0, 7, 454.48, 2537637, 260, 1257, 0
5741, 30, 449, 513, 1, 0, 63.88%, 15, 0, 7, 468.01, 2539954, 260, 1257, 0
5746, 30, 240, 513, 1, 0, 63.88%, 15, 0, 7, 467.27, 2542326, 260, 1257, 0
5751, 30, 337, 513, 1, 0, 63.88%, 15, 0, 7, 427.12, 2544490, 260, 1257, 0
5757, 30, 246, 513, 1, 0, 63.88%, 15, 0, 7, 434.14, 2546745, 260, 1258, 0
5762, 30, 324, 513, 1, 0, 63.88%, 15, 0, 7, 414.70, 2548840, 260, 1262, 0
5767, 30, 271, 513, 1, 0, 63.88%, 15, 0, 7, 430.32, 2551019, 260, 1262, 0
5772, 30, 125, 513, 1, 0, 63.88%, 15, 0, 7, 449.81, 2553311, 260, 1265, 0
5777, 30, 266, 513, 1, 0, 63.88%, 15, 0, 7, 440.76, 2555644, 260, 1266, 0
5782, 30, 511, 513, 1, 0, 63.88%, 15, 0, 7, 418.31, 2557741, 260, 1267, 0
5787, 30, 473, 513, 1, 0, 63.88%, 15, 0, 7, 460.12, 2560101, 260, 1269, 0
5792, 30, 511, 513, 1, 0, 63.88%, 15, 0, 7, 433.98, 2562284, 260, 1275, 0
5797, 30, 155, 513, 1, 0, 63.88%, 15, 0, 7, 462.55, 2564616, 260, 1278, 0
5802, 30, 28, 513, 1, 0, 63.88%, 15, 0, 7, 453.40, 2566894, 260, 1279, 0
5807, 30, 200, 513, 1, 0, 63.88%, 15, 0, 7, 452.66, 2569239, 260, 1279, 0
5812, 31, 491, 513, 1, 0, 63.88%, 15, 0, 7, 447.42, 2571544, 260, 1279, 0
5817, 31, 246, 513, 1, 0, 63.88%, 15, 0, 7, 458.07, 2573857, 260, 1279, 0
5822, 31, 174, 513, 1, 0, 63.88%, 15, 0, 7, 431.57, 2576055, 260, 1281, 0
5828, 31, 449, 513, 1, 0, 63.88%, 15, 0, 7, 463.11, 2578440, 260, 1289, 0
5833, 31, 155, 513, 1, 0, 63.88%, 15, 0, 7, 498.14, 2581061, 260, 1289, 0
5838, 31, 367, 513, 1, 0, 63.88%, 15, 0, 7, 454.90, 2583283, 260, 1292, 0
5843, 31, 328, 513, 1, 0, 63.88%, 15, 0, 7, 487.12, 2585712, 260, 1292, 0
5848, 31, 208, 513, 1, 0, 63.88%, 15, 0, 7, 459.80, 2587981, 260, 1293, 0
5853, 31, 155, 513, 1, 0, 63.88%, 15, 0, 7, 463.05, 2590355, 260, 1294, 0
5858, 31, 269, 513, 1, 0, 63.88%, 15, 0, 7, 466.54, 2592691, 260, 1300, 0
5863, 31, 324, 513, 1, 0, 63.88%, 15, 0, 7, 436.67, 2594947, 260, 1307, 0
5868, 31, 275, 513, 1, 0, 63.88%, 15, 0, 7, 442.98, 2597199, 260, 1307, 0
5873, 31, 413, 513, 1, 0, 63.88%, 15, 0, 7, 448.97, 2599429, 260, 1311, 0
5878, 31, 456, 513, 0, 0, 63.88%, 15, 0, 7, 465.87, 2601752, 260, 1313, 0
5883, 31, 246, 513, 0, 0, 63.88%, 15, 0, 7, 443.45, 2603989, 260, 1314, 0
5888, 31, 462, 513, 0, 0, 63.88%, 15, 0, 7, 441.45, 2606186, 260, 1316, 0
5893, 31, 129, 513, 0, 0, 63.88%, 15, 0, 7, 426.13, 2608338, 260, 1322, 0
5899, 31, 337, 513, 0, 0, 63.88%, 15, 0, 7, 421.98, 2610495, 260, 1330, 0
5904, 31, 72, 513, 0, 0, 63.88%, 15, 0, 7, 441.06, 2612733, 260, 1330, 0
5909, 31, 478, 513, 0, 0, 63.88%, 15, 0, 7, 450.47, 2614976, 260, 1330, 0
5914, 31, 218, 513, 0, 0, 63.88%, 15, 0, 7, 447.48, 2617249, 260, 1330, 0
5919, 31, 462, 513, 0, 0, 63.88%, 15, 0, 7, 435.53, 2619482, 260, 1332, 0
5924, 31, 243, 513, 0, 0, 63.88%, 15, 0, 7, 430.67, 2621637, 260, 1337, 0
5929, 31, 449, 513, 0, 0, 63.88%, 15, 0, 7, 469.90, 2624004, 260, 1338, 0
5934, 31, 337, 513, 0, 0, 63.88%, 15, 0, 7, 444.70, 2626260, 260, 1342, 0
5939, 31, 482, 513, 0, 0, 63.88%, 15, 0, 7, 425.43, 2628321, 260, 1342, 0
5944, 31, 377, 513, 0, 0, 63.88%, 15, 0, 7, 425.49, 2630511, 260, 1342, 0
5949, 31, 511, 513, 0, 0, 63.88%, 15, 0, 7, 419.99, 2632645, 260, 1342, 0
5954, 31, 324, 513, 0, 0, 63.88%, 15, 0, 7, 444.01, 2634920, 260, 1342, 0
5959, 31, 395, 513, 0, 0, 63.88%, 15, 0, 7, 443.22, 2637155, 260, 1346, 0
5964, 31, 229, 513, 0, 0, 63.88%, 15, 0, 7, 450.61, 2639349, 260, 1346, 0
5969, 31, 95, 513, 0, 0, 63.88%, 15, 0, 7, 450.48, 2641625, 260, 1347, 0
5974, 31, 218, 513, 0, 0, 63.88%, 15, 0, 7, 460.22, 2643913, 260, 1347, 0
5979, 31, 155, 513, 0, 0, 63.88%, 15, 0, 7, 464.92, 2646239, 260, 1350, 0
5984, 32, 118, 513, 0, 0, 63.88%, 15, 0, 7, 442.22, 2648446, 260, 1354, 0
5990, 32, 191, 513, 0, 0, 63.88%, 15, 0, 7, 441.95, 2650683, 260, 1358, 0
5995, 32, 449, 513, 0, 0, 63.88%, 15, 0, 7, 459.06, 2652964, 260, 1358, 0
6000, 32, 222, 513, 0, 0, 63.88%, 15, 0, 7, 449.89, 2655177, 260, 1358, 0
6005, 32, 403, 513, 0, 0, 63.88%, 15, 0, 7, 438.65, 2657381, 260, 1358, 0
6010, 32, 510, 513, 0, 0, 63.88%, 15, 0, 7, 440.27, 2659637, 260, 1359, 0
6015, 32, 208, 513, 0, 0, 63.88%, 15, 0, 7, 446.48, 2661893, 260, 1359, 0
6020, 32, 367, 513, 0, 0, 63.88%, 15, 0, 7, 424.93, 2664039, 260, 1359, 0
6025, 32, 367, 513, 0, 0, 63.88%, 15, 0, 7, 409.22, 2666156, 260, 1366, 0
6030, 32, 180, 513, 0, 0, 63.88%, 15, 0, 7, 455.90, 2668516, 260, 1366, 0
6035, 32, 282, 513, 0, 0, 63.88%, 15, 0, 7, 454.53, 2670920, 260, 1366, 0
6040, 32, 395, 513, 0, 0, 63.88%, 15, 0, 7, 444.57, 2673162, 260, 1369, 0
6045, 32, 275, 513, 0, 0, 63.88%, 15, 0, 7, 447.06, 2675395, 260, 1374, 0
6051, 32, 218, 513, 0, 0, 63.88%, 15, 0, 7, 440.75, 2677662, 260, 1374, 0
6056, 32, 511, 513, 0, 0, 63.88%, 15, 0, 7, 450.71, 2679997, 260, 1376, 0
6061, 32, 134, 513, 0, 0, 63.88%, 15, 0, 7, 450.80, 2682324, 260, 1378, 0
6066, 32, 497, 513, 0, 0, 63.88%, 15, 0, 7, 455.52, 2684689, 260, 1378, 0
6071, 32, 492, 513, 0, 0, 63.88%, 15, 0, 7, 446.30, 2686915, 260, 1378, 0
6076, 32, 270, 513, 0, 0, 63.88%, 15, 0, 7, 439.21, 2689172, 260, 1378, 0
6081, 32, 270, 513, 0, 0, 63.88%, 15, 0, 7, 441.57, 2691370, 260, 1381, 0
6086, 32, 273, 513, 0, 0, 63.88%, 15, 0, 7, 432.60, 2693516, 260, 1385, 0
6091, 32, 395, 513, 0, 0, 63.88%, 15, 0, 7, 444.21, 2695751, 260, 1388, 0
6096, 32, 272, 513, 0, 0, 63.88%, 15, 0, 7, 442.10, 2697975, 260, 1389, 0
6101, 32, 510, 513, 0, 0, 63.88%, 15, 0, 7, 471.40, 2700383, 260, 1390, 0
6106, 32, 155, 513, 0, 0, 63.88%, 15, 0, 7, 429.63, 2702534, 260, 1390, 0
6111, 32, 304, 513, 0, 0, 63.88%, 15, 0, 7, 438.97, 2704762, 260, 1395, 0
6116, 32, 209, 513, 0, 0, 63.88%, 15, 0, 7, 455.21, 2707149, 260, 1395, 0
6121, 32, 248, 513, 0, 0, 63.88%, 15, 0, 7, 443.09, 2709375, 260, 1395, 0
6127, 32, 275, 513, 0, 0, 63.88%, 15, 0, 7, 437.70, 2711652, 260, 1398, 0
6132, 32, 208, 513, 0, 0, 63.88%, 15, 0, 7, 422.65, 2713790, 260, 1398, 0
6137, 32, 490, 513, 0, 0, 63.88%, 15, 0, 7, 429.30, 2716039, 260, 1398, 0
6142, 32, 362, 513, 0, 0, 63.88%, 15, 0, 7, 453.58, 2718307, 260, 1402, 0
6147, 32, 246, 513, 0, 0, 63.88%, 15, 0, 7, 449.32, 2720607, 260, 1404, 0
6152, 32, 118, 513, 0, 0, 63.88%, 15, 0, 7, 425.17, 2722746, 260, 1411, 0
6157, 32, 208, 513, 0, 0, 63.88%, 15, 0, 7, 437.92, 2724935, 260, 1415, 0
6162, 32, 367, 513, 0, 0, 63.88%, 15, 0, 7, 438.72, 2727179, 260, 1416, 0
6167, 33, 371, 513, 0, 0, 63.88%, 15, 0, 7, 449.79, 2729436, 260, 1417, 0
6172, 33, 362, 513, 0, 0, 63.88%, 15, 0, 7, 451.92, 2731693, 260, 1417, 0
6177, 33, 493, 513, 0, 0, 63.88%, 15, 0, 7, 455.10, 2734025, 260, 1419, 0
6182, 33, 155, 513, 0, 0, 63.88%, 15, 0, 7, 451.87, 2736272, 260, 1419, 0
6187, 33, 404, 513, 0, 0, 63.88%, 15, 0, 7, 451.73, 2738596, 260, 1419, 0
6192, 33, 218, 513, 0, 0, 63.88%, 15, 0, 7, 432.88, 2740777, 260, 1425, 0
6197, 33, 362, 513, 0, 0, 63.88%, 15, 0, 7, 456.27, 2743054, 260, 1428, 0
6202, 33, 385, 513, 0, 0, 63.88%, 15, 0, 7, 463.82, 2745380, 260, 1431, 0
6208, 33, 491, 513, 0, 0, 63.88%, 15, 0, 7, 453.08, 2747664, 260, 1431, 0
6213, 33, 269, 513, 0, 0, 63.88%, 15, 0, 7, 423.43, 2749792, 260, 1431, 0
6218, 33, 44, 513, 0, 0, 63.88%, 15, 0, 7, 413.62, 2751937, 260, 1433, 0
6223, 33, 510, 513, 0, 0, 63.88%, 15, 0, 7, 433.39, 2754123, 260, 1434, 0
6228, 33, 273, 513, 0, 0, 63.88%, 15, 0, 7, 423.21, 2756273, 260, 1434, 0
6233, 33, 174, 513, 0, 0, 63.88%, 15, 0, 7, 455.35, 2758593, 260, 1438, 0
6238, 33, 497, 513, 0, 0, 63.88%, 15, 0, 7, 433.39, 2760745, 260, 1438, 0
6243, 33, 258, 513, 0, 0, 63.88%, 15, 0, 7, 429.28, 2762965, 260, 1442, 0
6248, 33, 191, 513, 0, 0, 63.88%, 15, 0, 7, 456.61, 2765263, 260, 1442, 0
6253, 33, 292, 513, 0, 0, 63.88%, 15, 0, 7, 431.93, 2767395, 260, 1442, 0
6258, 33, 118, 513, 0, 0, 63.88%, 15, 0, 7, 428.67, 2769586, 260, 1448, 0
6263, 33, 10, 513, 0, 0, 63.88%, 15, 0, 7, 420.16, 2771747, 260, 1453, 0
6268, 33, 273, 513, 0, 0, 63.88%, 15, 0, 7, 434.64, 2773959, 260, 1457, 0
6273, 33, 273, 513, 0, 0, 63.88%, 15, 0, 7, 457.76, 2776354, 260, 1457, 0
6278, 33, 125, 513, 0, 0, 63.88%, 15, 0, 7, 439.86, 2778521, 260, 1457, 0
6284, 33, 366, 513, 0, 0, 63.88%, 15, 0, 7, 475.35, 2781060, 260, 1457, 0
6289, 33, 269, 513, 0, 0, 63.88%, 15, 0, 7, 438.57, 2783260, 260, 1460, 0
6294, 33, 25, 513, 0, 0, 63.88%, 15, 0, 7, 426.86, 2785400, 260, 1460, 0
6299, 33, 511, 513, 0, 0, 63.88%, 15, 0, 7, 411.87, 2787527, 260, 1460, 0
6304, 33, 511, 513, 0, 0, 63.88%, 15, 0, 7, 427.26, 2789737, 260, 1462, 0
6309, 33, 404, 513, 0, 0, 63.88%, 15, 0, 7, 431.82, 2791963, 260, 1464, 0
6314, 33, 404, 513, 0, 0, 63.88%, 15, 0, 7, 408.95, 2794052, 260, 1467, 0
6319, 33, 482, 513, 0, 0, 63.88%, 15, 0, 7, 445.38, 2796321, 260, 1467, 0
6324, 33, 511, 513, 0, 0, 63.88%, 15, 0, 7, 407.26, 2798310, 260, 1470, 0
6329, 33, 118, 513, 0, 0, 63.88%, 15, 0, 7, 435.92, 2800560, 260, 1471, 0
6334, 33, 328, 513, 0, 0, 63.88%, 15, 0, 7, 448.55, 2802950, 260, 1472, 0
6339, 34, 156, 514, 1, 0, 63.88%, 15, 0, 7, 430.12, 2805171, 260, 1476, 0
6344, 34, 503, 514, 1, 0, 63.88%, 15, 0, 7, 476.45, 2807658, 260, 1476, 0
6350, 34, 266, 514, 0, 0, 63.88%, 15, 0, 7, 444.91, 2809857, 260, 1478, 0
6355, 34, 449, 514, 0, 0, 63.88%, 15, 0, 7, 465.28, 2812257, 260, 1478, 0
6360, 34, 218, 514, 0, 0, 63.88%, 15, 0, 7, 477.16, 2814719, 260, 1478, 0
6365, 34, 155, 514, 0, 0, 63.88%, 15, 0, 7, 445.19, 2816930, 260, 1478, 0
6370, 34, 482, 514, 0, 0, 63.88%, 15, 0, 7, 448.74, 2819215, 260, 1478, 0
6375, 34, 386, 514, 0, 0, 63.88%, 15, 0, 7, 443.19, 2821415, 260, 1482, 0
6380, 34, 497, 514, 0, 0, 63.88%, 15, 0, 7, 454.63, 2823729, 260, 1482, 0
6385, 34, 513, 514, 0, 0, 63.88%, 15, 0, 7, 450.11, 2825996, 260, 1482, 0
6390, 34, 366, 514, 0, 0, 63.88%, 15, 0, 7, 474.70, 2828402, 260, 1482, 0
6395, 34, 510, 514, 0, 0, 63.88%, 15, 0, 7, 451.43, 2830723, 260, 1483, 0
6401, 34, 271, 514, 0, 0, 63.88%, 15, 0, 7, 447.11, 2833009, 260, 1483, 0
6406, 34, 448, 514, 0, 0, 63.88%, 15, 0, 7, 469.14, 2835418, 260, 1483, 0
6411, 34, 282, 514, 0, 0, 63.88%, 15, 0, 7, 483.70, 2837854, 260, 1483, 0
6416, 34, 155, 514, 0, 0, 63.88%, 15, 0, 7, 446.98, 2840040, 260, 1486, 0
6421, 34, 174, 514, 0, 0, 63.88%, 15, 0, 7, 427.95, 2842231, 260, 1487, 0
6426, 34, 155, 514, 0, 0, 63.88%, 15, 0, 7, 440.88, 2844480, 260, 1487, 0
6431, 34, 218, 514, 0, 0, 63.88%, 15, 0, 7, 416.75, 2846561, 260, 1488, 0
6436, 34, 208, 514, 0, 0, 63.88%, 15, 0, 7, 430.18, 2848760, 260, 1488, 0
6441, 34, 16, 514, 0, 0, 63.88%, 15, 0, 7, 432.50, 2850977, 260, 1490, 0
6446, 34, 465, 514, 0, 0, 63.88%, 15, 0, 7, 445.37, 2853238, 260, 1490, 0
6451, 34, 270, 514, 0, 0, 63.88%, 15, 0, 7, 432.70, 2855438, 260, 1490, 0
6456, 34, 439, 514, 0, 0, 63.88%, 15, 0, 7, 424.01, 2857608, 260, 1490, 0
6461, 34, 72, 514, 0, 0, 63.88%, 15, 0, 7, 462.79, 2859937, 260, 1490, 0
6466, 34, 490, 514, 0, 0, 63.88%, 15, 0, 7, 451.24, 2862172, 260, 1490, 0
6472, 34, 218, 514, 0, 0, 63.88%, 15, 0, 7, 423.02, 2864364, 260, 1491, 0
6477, 34, 299, 514, 0, 0, 63.88%, 15, 0, 7, 429.02, 2866514, 260, 1495, 0
6482, 34, 155, 514, 0, 0, 63.88%, 15, 0, 7, 433.04, 2868632, 260, 1497, 0
6487, 34, 328, 514, 0, 0, 63.88%, 15, 0, 7, 459.25, 2870930, 260, 1497, 0
6492, 34, 490, 514, 0, 0, 63.88%, 15, 0, 7, 426.14, 2873045, 260, 1504, 0
6497, 34, 271, 514, 0, 0, 63.88%, 15, 0, 7, 429.43, 2875244, 260, 1508, 0
6502, 34, 269, 514, 0, 0, 63.88%, 15, 0, 7, 443.89, 2877480, 260, 1508, 0
6507, 35, 362, 514, 0, 0, 63.88%, 15, 0, 7, 429.45, 2879609, 260, 1510, 0
6512, 35, 174, 514, 0, 0, 63.88%, 15, 0, 7, 463.43, 2881989, 260, 1510, 0
6517, 35, 160, 514, 0, 0, 63.88%, 15, 0, 7, 459.48, 2884367, 260, 1513, 0
6522, 35, 337, 514, 0, 0, 63.88%, 15, 0, 7, 439.47, 2886496, 260, 1515, 0
6527, 35, 228, 514, 0, 0, 63.88%, 15, 0, 7, 429.35, 2888619, 260, 1517, 0
6532, 35, 151, 514, 0, 0, 63.88%, 15, 0, 7, 464.14, 2891058, 260, 1522, 0
6537, 35, 129, 514, 0, 0, 63.88%, 15, 0, 7, 465.85, 2893367, 260, 1523, 0
6542, 35, 510, 514, 0, 0, 63.88%, 15, 0, 7, 463.95, 2895671, 260, 1523, 0
6548, 35, 511, 514, 0, 0, 63.88%, 15, 0, 7, 448.98, 2898047, 260, 1527, 0
6553, 35, 72, 514, 0, 0, 63.88%, 15, 0, 7, 460.52, 2900342, 260, 1527, 0
6558, 35, 360, 514, 0, 0, 63.88%, 15, 0, 7, 423.47, 2902519, 260, 1528, 0
6563, 35, 208, 514, 0, 0, 63.88%, 15, 0, 7, 431.31, 2904765, 260, 1529, 0
6568, 35, 229, 514, 0, 0, 63.88%, 15, 0, 7, 424.09, 2906914, 260, 1536, 0
6573, 35, 9, 514, 0, 0, 63.88%, 15, 0, 7, 432.62, 2909082, 260, 1544, 0
6578, 35, 324, 514, 0, 0, 63.88%, 15, 0, 7, 429.29, 2911233, 260, 1551, 0
6583, 35, 493, 514, 0, 0, 63.88%, 15, 0, 7, 449.79, 2913558, 260, 1551, 0
6588, 35, 282, 514, 0, 0, 63.88%, 15, 0, 7, 410.98, 2915636, 260, 1557, 0
6593, 35, 404, 514, 0, 0, 63.88%, 15, 0, 7, 420.56, 2917758, 260, 1557, 0
6598, 35, 478, 514, 0, 0, 63.88%, 15, 0, 7, 430.82, 2919947, 260, 1558, 0
6603, 35, 0, 514, 0, 0, 63.88%, 15, 0, 7, 427.95, 2922119, 260, 1559, 0
6609, 35, 490, 514, 0, 0, 63.88%, 15, 0, 7, 417.77, 2924177, 260, 1561, 0
6614, 35, 462, 514, 0, 0, 63.88%, 15, 0, 7, 427.51, 2926402, 260, 1567, 0
6619, 35, 497, 514, 0, 0, 63.88%, 15, 0, 7, 400.67, 2928429, 260, 1573, 0
6624, 35, 511, 514, 0, 0, 63.88%, 15, 0, 7, 448.95, 2930727, 260, 1573, 0
6629, 35, 190, 514, 0, 0, 63.88%, 15, 0, 7, 451.49, 2933045, 260, 1573, 0
6634, 35, 491, 514, 0, 0, 63.88%, 15, 0, 7, 433.66, 2935225, 260, 1574, 0
6639, 35, 482, 514, 0, 0, 63.88%, 15, 0, 7, 439.74, 2937454, 260, 1574, 0
6644, 35, 384, 514, 0, 0, 63.88%, 15, 0, 7, 473.04, 2939848, 260, 1578, 0
6649, 35, 440, 514, 0, 0, 63.88%, 15, 0, 7, 474.07, 2942268, 260, 1582, 0
6654, 35, 446, 514, 0, 0, 63.88%, 15, 0, 7, 456.60, 2944602, 260, 1584, 0
6659, 35, 197, 514, 0, 0, 63.88%, 15, 0, 7, 439.79, 2946761, 260, 1585, 0
6664, 35, 273, 514, 0, 0, 63.88%, 15, 0, 7, 489.96, 2949303, 260, 1585, 0
6669, 36, 511, 515, 1, 0, 63.88%, 15, 0, 7, 461.11, 2951573, 260, 1586, 0
6674, 36, 367, 515, 1, 0, 63.88%, 15, 0, 7, 449.35, 2953886, 260, 1586, 0
6680, 36, 404, 515, 1, 0, 63.88%, 15, 0, 7, 444.44, 2956094, 260, 1586, 0
6685, 36, 486, 515, 1, 0, 63.88%, 15, 0, 7, 447.50, 2958347, 260, 1586, 0
6690, 36, 395, 515, 1, 0, 63.88%, 15, 0, 7, 433.05, 2960545, 260, 1588, 0
6695, 36, 118, 515, 1, 0, 63.88%, 15, 0, 7, 450.59, 2962847, 260, 1590, 0
6700, 36, 56, 515, 0, 0, 63.88%, 15, 0, 7, 436.28, 2965072, 260, 1592, 0
6705, 36, 208, 515, 0, 0, 63.88%, 15, 0, 7, 430.34, 2967294, 260, 1592, 0
6710, 36, 510, 515, 0, 0, 63.88%, 15, 0, 7, 429.41, 2969451, 260, 1592, 0
6715, 36, 511, 515, 0, 0, 63.88%, 15, 0, 7, 457.98, 2971834, 260, 1593, 0
6720, 36, 72, 515, 0, 0, 63.88%, 15, 0, 7, 436.70, 2974078, 260, 1593, 0
6725, 36, 478, 515, 0, 0, 63.88%, 15, 0, 7, 452.08, 2976422, 260, 1595, 0
6731, 36, 449, 515, 0, 0, 63.88%, 15, 0, 7, 419.39, 2978562, 260, 1595, 0
6736, 36, 182, 515, 0, 0, 63.88%, 15, 0, 7, 431.80, 2980719, 260, 1595, 0
6741, 36, 395, 515, 0, 0, 63.88%, 15, 0, 7, 486.27, 2983348, 260, 1596, 0
6746, 36, 0, 515, 0, 0, 63.88%, 15, 0, 7, 439.74, 2985585, 260, 1596, 0
6751, 36, 0, 515, 0, 0, 63.88%, 15, 0, 7, 415.33, 2987658, 260, 1599, 0
6756, 36, 490, 515, 0, 0, 63.88%, 15, 0, 7, 445.98, 2989932, 260, 1600, 0
6761, 36, 395, 515, 0, 0, 63.88%, 15, 0, 7, 439.95, 2992164, 260, 1604, 0
6766, 36, 511, 515, 0, 0, 63.88%, 15, 0, 7, 432.04, 2994311, 260, 1610, 0
6771, 36, 331, 515, 0, 0, 63.88%, 15, 0, 7, 444.76, 2996556, 260, 1612, 0
6776, 36, 493, 515, 0, 0, 63.88%, 15, 0, 7, 450.91, 2998809, 260, 1616, 0
6781, 36, 215, 515, 0, 0, 63.88%, 15, 0, 7, 432.39, 3000964, 260, 1616, 0
6786, 36, 273, 515, 0, 0, 63.88%, 15, 0, 7, 458.53, 3003274, 260, 1616, 0
6792, 36, 273, 515, 0, 0, 63.88%, 15, 0, 7, 446.61, 3005572, 260, 1616, 0
6797, 36, 144, 515, 0, 0, 63.88%, 15, 0, 7, 469.82, 3007919, 260, 1616, 0
6802, 36, 497, 515, 0, 0, 63.88%, 15, 0, 7, 453.99, 3010170, 260, 1616, 0
6807, 36, 118, 515, 0, 0, 63.88%, 15, 0, 7, 459.88, 3012499, 260, 1622, 0
6812, 36, 156, 515, 0, 0, 63.88%, 15, 0, 7, 460.71, 3014766, 260, 1626, 0
6817, 36, 218, 515, 0, 0, 63.88%, 15, 0, 7, 457.40, 3017049, 260, 1627, 0
6822, 36, 215, 515, 0, 0, 63.88%, 15, 0, 7, 442.02, 3019305, 260, 1629, 0
6827, 36, 482, 515, 0, 0, 63.88%, 15, 0, 7, 472.84, 3021735, 260, 1629, 0
6832, 36, 240, 515, 0, 0, 63.88%, 15, 0, 7, 461.45, 3024044, 260, 1636, 0
6837, 36, 275, 515, 0, 0, 63.88%, 15, 0, 7, 451.28, 3026317, 260, 1636, 0
6842, 36, 72, 515, 0, 0, 63.88%, 15, 0, 7, 455.17, 3028595, 260, 1637, 0
6847, 37, 279, 515, 0, 0, 63.88%, 15, 0, 7, 443.01, 3030833, 260, 1638, 0
6852, 37, 311, 515, 0, 0, 63.88%, 15, 0, 7, 464.24, 3033193, 260, 1638, 0
6858, 37, 510, 515, 0, 0, 63.88%, 15, 0, 7, 462.16, 3035510, 260, 1638, 0
6863, 37, 275, 515, 0, 0, 63.88%, 15, 0, 7, 448.27, 3037790, 260, 1638, 0
6868, 37, 218, 515, 0, 0, 63.88%, 15, 0, 7, 459.64, 3040126, 260, 1641, 0
6873, 37, 155, 515, 0, 0, 63.88%, 15, 0, 7, 455.56, 3042486, 260, 1646, 0
6878, 37, 191, 515, 0, 0, 63.88%, 15, 0, 7, 458.95, 3044760, 260, 1646, 0
6883, 37, 328, 515, 0, 0, 63.88%, 15, 0, 7, 464.42, 3047120, 260, 1650, 0
6888, 37, 174, 515, 0, 0, 63.88%, 15, 0, 7, 467.76, 3049447, 260, 1650, 0
6893, 37, 370, 515, 0, 0, 63.88%, 15, 0, 7, 445.36, 3051635, 260, 1650, 0
6898, 37, 490, 515, 0, 0, 63.88%, 15, 0, 7, 423.30, 3053800, 260, 1652, 0
6903, 37, 337, 515, 0, 0, 63.88%, 15, 0, 7, 431.85, 3055971, 260, 1652, 0
6908, 37, 109, 515, 0, 0, 63.88%, 15, 0, 7, 431.61, 3058155, 260, 1652, 0
6913, 37, 328, 515, 0, 0, 63.88%, 15, 0, 7, 441.15, 3060329, 260, 1652, 0
6918, 37, 35, 515, 0, 0, 63.88%, 15, 0, 7, 448.47, 3062578, 260, 1652, 0
6923, 37, 397, 515, 0, 0, 63.88%, 15, 0, 7, 475.56, 3064945, 260, 1653, 0
6928, 37, 297, 515, 0, 0, 63.88%, 15, 0, 7, 470.40, 3067239, 260, 1654, 0
6933, 37, 208, 515, 0, 0, 63.88%, 15, 0, 7, 463.63, 3069540, 260, 1655, 0
6938, 37, 182, 515, 0, 0, 63.88%, 15, 0, 7, 448.89, 3071777, 260, 1655, 0
6943, 37, 210, 515, 0, 0, 63.88%, 15, 0, 7, 455.64, 3074092, 260, 1656, 0
6948, 37, 462, 515, 0, 0, 63.88%, 15, 0, 7, 408.11, 3076153, 260, 1656, 0
6953, 37, 218, 515, 0, 0, 63.88%, 15, 0, 7, 421.66, 3078346, 260, 1660, 0
6959, 37, 125, 515, 0, 0, 63.88%, 15, 0, 7, 413.07, 3080440, 260, 1663, 0
6964, 37, 510, 515, 0, 0, 63.88%, 15, 0, 7, 454.92, 3082744, 260, 1665, 0
6969, 37, 255, 515, 0, 0, 63.88%, 15, 0, 7, 435.74, 3084903, 260, 1665, 0
6974, 37, 491, 515, 0, 0, 63.88%, 15, 0, 7, 406.33, 3087008, 260, 1665, 0
6979, 37, 265, 515, 0, 0, 63.88%, 15, 0, 7, 445.76, 3089232, 260, 1669, 0
6984, 37, 166, 515, 0, 0, 63.88%, 15, 0, 7, 466.66, 3091588, 260, 1669, 0
6989, 37, 118, 515, 0, 0, 63.88%, 15, 0, 7, 427.75, 3093729, 260, 1674, 0
6994, 37, 358, 515, 0, 0, 63.88%, 15, 0, 7, 452.96, 3096092, 260, 1675, 0
6999, 37, 395, 515, 0, 0, 63.88%, 15, 0, 7, 452.36, 3098372, 260, 1675, 0
7004, 37, 279, 515, 0, 0, 63.88%, 15, 0, 7, 463.94, 3100780, 260, 1680, 0
7009, 37, 174, 515, 0, 0, 63.88%, 15, 0, 7, 441.02, 3102998, 260, 1680, 0
7014, 37, 362, 515, 0, 0, 63.88%, 15, 0, 7, 431.72, 3105219, 260, 1682, 0
7020, 38, 515, 517, 2, 2, 64.62%, 15, 0, 7, 450.86, 3107599, 263, 1686, 0
7025, 38, 282, 517, 0, 0, 64.62%, 15, 0, 7, 482.10, 3110001, 263, 1686, 0
7030, 38, 490, 517, 0, 0, 64.62%, 15, 0, 7, 467.61, 3112339, 263, 1687, 0
7035, 38, 515, 517, 0, 0, 64.62%, 15, 0, 7, 427.95, 3114424, 263, 1690, 0
7040, 38, 246, 517, 0, 0, 64.62%, 15, 0, 7, 431.91, 3116593, 263, 1690, 0
7045, 38, 320, 517, 0, 0, 64.62%, 15, 0, 7, 481.70, 3119061, 263, 1698, 0
7050, 38, 366, 517, 0, 0, 64.62%, 15, 0, 7, 471.03, 3121466, 263, 1698, 0
7055, 38, 328, 517, 0, 0, 64.62%, 15, 0, 7, 462.13, 3123782, 263, 1700, 0
7060, 38, 438, 517, 0, 0, 64.62%, 15, 0, 7, 432.52, 3125911, 263, 1700, 0
7065, 38, 324, 517, 0, 0, 64.62%, 15, 0, 7, 428.07, 3128027, 263, 1700, 0
7070, 38, 136, 517, 0, 0, 64.62%, 15, 0, 7, 434.20, 3130271, 263, 1705, 0
7075, 38, 516, 517, 0, 0, 64.62%, 15, 0, 7, 436.13, 3132439, 263, 1705, 0
7080, 38, 215, 517, 0, 0, 64.62%, 15, 0, 7, 444.51, 3134698, 263, 1705, 0
7085, 38, 306, 517, 0, 0, 64.62%, 15, 0, 7, 428.67, 3136951, 263, 1708, 0
7090, 38, 218, 517, 0, 0, 64.62%, 15, 0, 7, 439.70, 3139215, 263, 1708, 0
7096, 38, 165, 517, 0, 0, 64.62%, 15, 0, 7, 440.66, 3141453, 263, 1708, 0
7101, 38, 366, 517, 0, 0, 64.62%, 15, 0, 7, 422.72, 3143566, 263, 1709, 0
7106, 38, 174, 517, 0, 0, 64.62%, 15, 0, 7, 438.24, 3145770, 263, 1713, 0
7111, 38, 366, 517, 0, 0, 64.62%, 15, 0, 7, 435.52, 3147969, 263, 1713, 0
7116, 38, 156, 517, 0, 0, 64.62%, 15, 0, 7, 440.17, 3150201, 263, 1717, 0
7121, 38, 367, 517, 0, 0, 64.62%, 15, 0, 7, 451.31, 3152545, 263, 1721, 0
7126, 38, 486, 517, 0, 0, 64.62%, 15, 0, 7, 464.12, 3154887, 263, 1721, 0
7131, 38, 275, 517, 0, 0, 64.62%, 15, 0, 7, 463.54, 3157176, 263, 1721, 0
7136, 38, 491, 517, 0, 0, 64.62%, 15, 0, 7, 439.23, 3159386, 263, 1721, 0
7141, 38, 215, 517, 0, 0, 64.62%, 15, 0, 7, 441.65, 3161633, 263, 1728, 0
7146, 38, 514, 517, 0, 0, 64.62%, 15, 0, 7, 458.51, 3163955, 263, 1728, 0
7151, 38, 514, 517, 0, 0, 64.62%, 15, 0, 7, 440.03, 3166153, 263, 1731, 0
7156, 38, 490, 517, 0, 0, 64.62%, 15, 0, 7, 451.53, 3168382, 263, 1733, 0
7161, 38, 404, 517, 0, 0, 64.62%, 15, 0, 7, 457.34, 3170728, 263, 1733, 0
7167, 38, 273, 517, 0, 0, 64.62%, 15, 0, 7, 436.46, 3172915, 263, 1736, 0
7172, 38, 136, 517, 0, 0, 64.62%, 15, 0, 7, 427.98, 3175053, 263, 1736, 0
7177, 38, 493, 517, 0, 0, 64.62%, 15, 0, 7, 464.38, 3177349, 263, 1742, 0
7182, 38, 0, 517, 0, 0, 64.62%, 15, 0, 7, 426.42, 3179541, 263, 1742, 0
7187, 38, 349, 517, 0, 0, 64.62%, 15, 0, 7, 434.37, 3181742, 263, 1753, 0
7192, 38, 489, 517, 0, 0, 64.62%, 15, 0, 7, 440.91, 3183992, 263, 1754, 0
7197, 39, 209, 517, 0, 0, 64.62%, 15, 0, 7, 439.74, 3186211, 263, 1754, 0
7202, 39, 218, 517, 0, 0, 64.62%, 15, 0, 7, 441.43, 3188501, 263, 1756, 0
7207, 39, 259, 517, 0, 0, 64.62%, 15, 0, 7, 429.84, 3190667, 263, 1756, 0
7212, 39, 366, 517, 0, 0, 64.62%, 15, 0, 7, 455.84, 3192989, 263, 1756, 0
7217, 39, 72, 517, 0, 0, 64.62%, 15, 0, 7, 453.99, 3195266, 263, 1756, 0
7222, 39, 316, 517, 0, 0, 64.62%, 15, 0, 7, 478.91, 3197699, 263, 1756, 0
7227, 39, 72, 517, 0, 0, 64.62%, 15, 0, 7, 439.07, 3199894, 263, 1756, 0
7232, 39, 129, 517, 0, 0, 64.62%, 15, 0, 7, 412.78, 3202024, 263, 1761, 0
7237, 39, 269, 517, 0, 0, 64.62%, 15, 0, 7, 418.12, 3204156, 263, 1762, 0
7242, 39, 118, 517, 0, 0, 64.62%, 15, 0, 7, 451.34, 3206445, 263, 1764, 0
7247, 39, 362, 517, 0, 0, 64.62%, 15, 0, 7, 436.49, 3208682, 263, 1767, 0
7253, 39, 403, 517, 0, 0, 64.62%, 15, 0, 7, 428.08, 3210856, 263, 1767, 0
7258, 39, 328, 517, 0, 0, 64.62%, 15, 0, 7, 400.94, 3212918, 263, 1768, 0
7263, 39, 215, 517, 0, 0, 64.62%, 15, 0, 7, 443.90, 3215286, 263, 1769, 0
7268, 39, 25, 517, 0, 0, 64.62%, 15, 0, 7, 409.38, 3217318, 263, 1769, 0
7273, 39, 0, 517, 0, 0, 64.62%, 15, 0, 7, 454.00, 3219709, 263, 1773, 0
7278, 39, 324, 517, 0, 0, 64.62%, 15, 0, 7, 451.59, 3222095, 263, 1773, 0
7283, 39, 304, 517, 0, 0, 64.62%, 15, 0, 7, 497.61, 3224629, 263, 1776, 0
7288, 39, 282, 517, 0, 0, 64.62%, 15, 0, 7, 442.70, 3226804, 263, 1776, 0
7293, 39, 155, 517, 0, 0, 64.62%, 15, 0, 7, 432.13, 3228960, 263, 1776, 0
7298, 39, 362, 517, 0, 0, 64.62%, 15, 0, 7, 459.46, 3231335, 263, 1779, 0
7304, 39, 444, 517, 0, 0, 64.62%, 15, 0, 7, 423.49, 3233509, 263, 1779, 0
7309, 39, 122, 517, 0, 0, 64.62%, 15, 0, 7, 436.01, 3235744, 263, 1781, 0
7314, 39, 240, 517, 0, 0, 64.62%, 15, 0, 7, 452.08, 3238066, 263, 1781, 0
7319, 39, 328, 517, 0, 0, 64.62%, 15, 0, 7, 453.91, 3240391, 263, 1782, 0
7324, 39, 337, 517, 0, 0, 64.62%, 15, 0, 7, 469.77, 3242870, 263, 1782, 0
7329, 39, 273, 517, 0, 0, 64.62%, 15, 0, 7, 459.71, 3245168, 263, 1791, 0
7334, 39, 218, 517, 0, 0, 64.62%, 15, 0, 7, 490.65, 3247616, 263, 1794, 0
7339, 39, 240, 517, 0, 0, 64.62%, 15, 0, 7, 468.27, 3249950, 263, 1795, 0
7344, 39, 516, 517, 0, 0, 64.62%, 15, 0, 7, 468.10, 3252310, 263, 1795, 0
7349, 39, 77, 517, 0, 0, 64.62%, 15, 0, 7, 469.14, 3254688, 263, 1796, 0
7354, 39, 269, 517, 0, 0, 64.62%, 15, 0, 7, 445.32, 3256925, 263, 1798, 0
7359, 39, 274, 517, 0, 0, 64.62%, 15, 0, 7, 475.99, 3259313, 263, 1798, 0
7365, 40, 490, 517, 0, 0, 64.62%, 15, 0, 7, 476.49, 3261732, 263, 1801, 0
7370, 40, 218, 518, 0, 0, 64.62%, 15, 0, 7, 484.06, 3264238, 263, 1802, 0
7375, 40, 118, 518, 0, 0, 64.62%, 15, 0, 7, 484.18, 3266601, 263, 1803, 0
7380, 40, 72, 518, 0, 0, 64.62%, 15, 0, 7, 464.63, 3268964, 263, 1803, 0
7385, 40, 517, 518, 0, 0, 64.62%, 15, 0, 7, 473.62, 3271425, 263, 1808, 0
7390, 40, 262, 518, 0, 0, 64.62%, 15, 0, 7, 445.78, 3273637, 263, 1814, 0
7395, 40, 517, 519, 1, 0, 64.62%, 15, 0, 7, 471.97, 3276023, 263, 1824, 0
7400, 40, 517, 519, 1, 0, 64.62%, 15, 0, 7, 458.74, 3278309, 263, 1833, 0
7405, 40, 518, 519, 0, 0, 64.62%, 15, 0, 7, 458.98, 3280610, 263, 1839, 0
7410, 40, 470, 519, 0, 0, 64.62%, 15, 0, 7, 460.88, 3282944, 263, 1847, 0
7416, 40, 155, 519, 0, 0, 64.62%, 15, 0, 7, 462.25, 3285333, 263, 1847, 0
7421, 40, 517, 519, 0, 0, 64.62%, 15, 0, 7, 454.16, 3287656, 263, 1857, 0
7426, 40, 240, 519, 0, 0, 64.62%, 15, 0, 7, 486.89, 3290111, 263, 1862, 0
7431, 40, 81, 519, 0, 0, 64.62%, 15, 0, 7, 446.51, 3292340, 263, 1862, 0
7436, 40, 273, 519, 0, 0, 64.62%, 15, 0, 7, 458.72, 3294678, 263, 1862, 0
7441, 40, 324, 519, 0, 0, 64.62%, 15, 0, 7, 451.94, 3296930, 263, 1862, 0
7446, 40, 367, 519, 0, 0, 64.62%, 15, 0, 7, 438.48, 3299096, 263, 1863, 0
7451, 40, 518, 519, 0, 0, 64.62%, 15, 0, 7, 486.93, 3301557, 263, 1871, 0
7456, 40, 395, 519, 0, 0, 64.62%, 15, 0, 7, 461.98, 3303918, 263, 1872, 0
7461, 40, 482, 519, 0, 0, 64.62%, 15, 0, 7, 447.74, 3306178, 263, 1874, 0
7466, 40, 517, 519, 0, 0, 64.62%, 15, 0, 7, 418.10, 3308280, 263, 1886, 0
7471, 40, 395, 519, 0, 0, 64.62%, 15, 0, 7, 446.95, 3310559, 263, 1894, 0
7476, 40, 518, 519, 0, 0, 64.62%, 15, 0, 7, 477.17, 3313023, 263, 1902, 0
7481, 40, 315, 519, 0, 0, 64.62%, 15, 0, 7, 465.73, 3315362, 263, 1912, 0
7487, 40, 517, 519, 0, 0, 64.62%, 15, 0, 7, 464.65, 3317673, 263, 1912, 0
7492, 40, 208, 519, 0, 0, 64.62%, 15, 0, 7, 428.69, 3319830, 263, 1921, 0
7497, 40, 517, 519, 0, 0, 64.62%, 15, 0, 7, 423.02, 3321932, 263, 1926, 0
7502, 40, 118, 519, 0, 0, 64.62%, 15, 0, 7, 427.61, 3324102, 263, 1930, 0
7507, 40, 510, 519, 0, 0, 64.62%, 15, 0, 7, 447.78, 3326328, 263, 1934, 0
7512, 40, 269, 519, 0, 0, 64.62%, 15, 0, 7, 450.63, 3328610, 263, 1937, 0
7517, 40, 510, 519, 0, 0, 64.62%, 15, 0, 7, 437.65, 3330765, 263, 1937, 0
7522, 40, 462, 519, 0, 0, 64.62%, 15, 0, 7, 425.31, 3332993, 263, 1937, 0
7527, 40, 517, 519, 0, 0, 64.62%, 15, 0, 7, 434.88, 3335256, 263, 1938, 0
7532, 40, 155, 519, 0, 0, 64.62%, 15, 0, 7, 433.37, 3337432, 263, 1944, 0
7537, 40, 174, 519, 0, 0, 64.62%, 15, 0, 7, 427.31, 3339552, 263, 1944, 0
7542, 40, 518, 519, 0, 0, 64.62%, 15, 0, 7, 446.69, 3341806, 263, 1951, 0
7547, 40, 72, 519, 0, 0, 64.62%, 15, 0, 7, 451.86, 3344082, 263, 1954, 0
7552, 40, 136, 519, 0, 0, 64.62%, 15, 0, 7, 467.77, 3346454, 263, 1954, 0
7558, 40, 441, 519, 0, 0, 64.62%, 15, 0, 7, 458.38, 3348820, 263, 1954, 0
7563, 40, 129, 519, 0, 0, 64.62%, 15, 0, 7, 455.12, 3351151, 263, 1961, 0
7568, 40, 517, 519, 0, 0, 64.62%, 15, 0, 7, 444.96, 3353388, 263, 1970, 0
7573, 40, 515, 519, 0, 0, 64.62%, 15, 0, 7, 435.28, 3355632, 263, 1975, 0
7578, 40, 517, 519, 0, 0, 64.62%, 15, 0, 7, 423.29, 3357781, 263, 1977, 0
7583, 40, 517, 519, 0, 0, 64.62%, 15, 0, 7, 422.59, 3360005, 263, 1990, 0
7588, 40, 517, 519, 0, 0, 64.62%, 15, 0, 7, 459.09, 3362361, 263, 1991, 0
7593, 40, 497, 519, 0, 0, 64.62%, 15, 0, 7, 459.59, 3364726, 263, 1999, 0
7598, 41, 404, 519, 0, 0, 64.62%, 15, 0, 7, 443.98, 3366903, 263, 1999, 0
7603, 41, 518, 519, 0, 0, 64.62%, 15, 0, 7, 461.56, 3369291, 263, 2002, 0
7608, 41, 155, 519, 0, 0, 64.62%, 15, 0, 7, 445.25, 3371541, 263, 2010, 0
7613, 41, 406, 519, 0, 0, 64.62%, 15, 0, 7, 460.72, 3373881, 263, 2010, 0
7618, 41, 516, 519, 0, 0, 64.62%, 15, 0, 7, 459.28, 3376135, 263, 2010, 0
7624, 41, 395, 519, 0, 0, 64.62%, 15, 0, 7, 449.07, 3378369, 263, 2018, 0
7629, 41, 488, 519, 0, 0, 64.62%, 15, 0, 7, 463.60, 3380711, 263, 2018, 0
7634, 41, 47, 519, 0, 0, 64.62%, 15, 0, 7, 455.19, 3382991, 263, 2018, 0
7639, 41, 282, 519, 0, 0, 64.62%, 15, 0, 7, 479.00, 3385426, 263, 2022, 0
7644, 41, 219, 519, 0, 0, 64.62%, 15, 0, 7, 451.65, 3387648, 263, 2022, 0
7649, 41, 362, 519, 0, 0, 64.62%, 15, 0, 7, 444.97, 3389903, 263, 2022, 0
7654, 41, 518, 519, 0, 0, 64.62%, 15, 0, 7, 421.98, 3392019, 263, 2023, 0
7659, 41, 273, 519, 0, 0, 64.62%, 15, 0, 7, 431.92, 3394221, 263, 2030, 0
7664, 41, 517, 519, 0, 0, 64.62%, 15, 0, 7, 412.45, 3396289, 263, 2039, 0
7669, 41, 517, 519, 0, 0, 64.62%, 15, 0, 7, 438.69, 3398505, 263, 2065, 0
7674, 41, 517, 519, 0, 0, 64.62%, 15, 0, 7, 438.40, 3400692, 263, 2074, 0
7679, 41, 491, 519, 0, 0, 64.62%, 15, 0, 7, 429.62, 3402834, 263, 2080, 0
7684, 41, 271, 519, 0, 0, 64.62%, 15, 0, 7, 452.02, 3405241, 263, 2080, 0
7689, 41, 324, 519, 0, 0, 64.62%, 15, 0, 7, 473.22, 3407599, 263, 2080, 0
7694, 41, 482, 519, 0, 0, 64.62%, 15, 0, 7, 424.41, 3409673, 263, 2080, 0
7699, 41, 518, 519, 0, 0, 64.62%, 15, 0, 7, 421.70, 3411888, 263, 2088, 0
7704, 41, 125, 519, 0, 0, 64.62%, 15, 0, 7, 422.73, 3413993, 263, 2092, 0
7710, 41, 517, 519, 0, 0, 64.62%, 15, 0, 7, 447.04, 3416268, 263, 2107, 0
7715, 41, 518, 519, 0, 0, 64.62%, 15, 0, 7, 458.95, 3418552, 263, 2117, 0
7720, 41, 518, 519, 0, 0, 64.62%, 15, 0, 7, 447.89, 3420848, 263, 2133, 0
7725, 41, 518, 519, 0, 0, 64.62%, 15, 0, 7, 435.52, 3423064, 263, 2147, 0
7730, 41, 518, 519, 0, 0, 64.62%, 15, 0, 7, 421.61, 3425255, 263, 2153, 0
7735, 41, 191, 519, 0, 0, 64.62%, 15, 0, 7, 430.75, 3427457, 263, 2159, 0
7740, 41, 218, 519, 0, 0, 64.62%, 15, 0, 7, 444.64, 3429717, 263, 2162, 0
7745, 41, 517, 519, 0, 0, 64.62%, 15, 0, 7, 470.31, 3432113, 263, 2164, 0
7750, 41, 403, 519, 0, 0, 64.62%, 15, 0, 7, 475.99, 3434516, 263, 2187, 0
7755, 41, 105, 519, 0, 0, 64.62%, 15, 0, 7, 441.83, 3436650, 263, 2191, 0
7760, 41, 517, 519, 0, 0, 64.62%, 15, 0, 7, 459.21, 3438986, 263, 2192, 0
7765, 41, 516, 519, 0, 0, 64.62%, 15, 0, 7, 445.28, 3441228, 263, 2205, 0
7770, 41, 518, 519, 0, 0, 64.62%, 15, 0, 7, 502.52, 3443835, 263, 2209, 0
7776, 41, 273, 519, 0, 0, 64.62%, 15, 0, 7, 461.17, 3446133, 263, 2215, 0
7781, 41, 366, 519, 0, 0, 64.62%, 15, 0, 7, 472.80, 3448555, 263, 2215, 0
7786, 41, 366, 519, 0, 0, 64.62%, 15, 0, 7, 440.36, 3450741, 263, 2215, 0
7791, 41, 246, 519, 0, 0, 64.62%, 15, 0, 7, 453.34, 3453070, 263, 2219, 0
7796, 41, 257, 519, 0, 0, 64.62%, 15, 0, 7, 441.51, 3455351, 263, 2220, 0
7801, 41, 227, 519, 0, 0, 64.62%, 15, 0, 7, 475.58, 3457773, 263, 2220, 0
7806, 41, 518, 519, 0, 0, 64.62%, 15, 0, 7, 434.96, 3459962, 263, 2226, 0
7811, 41, 518, 519, 0, 0, 64.62%, 15, 0, 7, 427.63, 3462172, 263, 2230, 0
7816, 41, 497, 519, 0, 0, 64.62%, 15, 0, 7, 435.96, 3464336, 263, 2234, 0
7821, 41, 95, 519, 0, 0, 64.62%, 15, 0, 7, 421.16, 3466559, 263, 2234, 0
7826, 41, 517, 519, 0, 0, 64.62%, 15, 0, 7, 482.85, 3469044, 263, 2246, 0
7831, 41, 518, 519, 0, 0, 64.62%, 15, 0, 7, 441.91, 3471250, 263, 2253, 0
7837, 41, 73, 519, 0, 0, 64.62%, 15, 0, 7, 446.45, 3473508, 263, 2254, 0
7842, 42, 237, 519, 0, 0, 64.62%, 15, 0, 7, 438.13, 3475685, 263, 2254, 0
7847, 42, 516, 519, 0, 0, 64.62%, 15, 0, 7, 454.91, 3477960, 263, 2254, 0
7852, 42, 517, 519, 0, 0, 64.62%, 15, 0, 7, 424.39, 3480117, 263, 2262, 0
7857, 42, 143, 519, 0, 0, 64.62%, 15, 0, 7, 408.96, 3482203, 263, 2274, 0
7862, 42, 282, 519, 0, 0, 64.62%, 15, 0, 7, 450.72, 3484430, 263, 2274, 0
7867, 42, 208, 519, 0, 0, 64.62%, 15, 0, 7, 464.88, 3486777, 263, 2274, 0
7872, 42, 155, 519, 0, 0, 64.62%, 15, 0, 7, 447.43, 3489094, 263, 2274, 0
7877, 42, 129, 519, 0, 0, 64.62%, 15, 0, 7, 432.35, 3491321, 263, 2274, 0
7882, 42, 518, 519, 0, 0, 64.62%, 15, 0, 7, 472.13, 3493718, 263, 2275, 0
7887, 42, 518, 519, 0, 0, 64.62%, 15, 0, 7, 448.15, 3495951, 263, 2291, 0
7893, 42, 155, 519, 0, 0, 64.62%, 15, 0, 7, 499.78, 3498540, 263, 2299, 0
7898, 42, 273, 519, 0, 0, 64.62%, 15, 0, 7, 457.54, 3500785, 263, 2304, 0
7903, 42, 367, 519, 0, 0, 64.62%, 15, 0, 7, 451.64, 3503130, 263, 2305, 0
7908, 42, 517, 519, 0, 0, 64.62%, 15, 0, 7, 445.19, 3505435, 263, 2316, 0
7913, 42, 449, 519, 0, 0, 64.62%, 15, 0, 7, 444.87, 3507665, 263, 2317, 0
7918, 42, 517, 519, 0, 0, 64.62%, 15, 0, 7, 433.35, 3509909, 263, 2322, 0
7923, 42, 218, 519, 0, 0, 64.62%, 15, 0, 7, 454.62, 3512283, 263, 2326, 0
7928, 42, 218, 519, 0, 0, 64.62%, 15, 0, 7, 445.31, 3514587, 263, 2326, 0
7933, 42, 348, 519, 0, 0, 64.62%, 15, 0, 7, 438.36, 3516780, 263, 2327, 0
7938, 42, 518, 519, 0, 0, 64.62%, 15, 0, 7, 471.59, 3519162, 263, 2338, 0
7943, 42, 248, 519, 0, 0, 64.62%, 15, 0, 7, 434.56, 3521351, 263, 2340, 0
7948, 42, 516, 519, 0, 0, 64.62%, 15, 0, 7, 453.22, 3523658, 263, 2340, 0
7954, 42, 50, 519, 0, 0, 64.62%, 15, 0, 7, 460.96, 3525987, 263, 2342, 0
7959, 42, 518, 519, 0, 0, 64.62%, 15, 0, 7, 435.44, 3528204, 263, 2349, 0
7964, 42, 155, 519, 0, 0, 64.62%, 15, 0, 7, 438.49, 3530492, 263, 2350, 0
7969, 42, 395, 519, 0, 0, 64.62%, 15, 0, 7, 473.90, 3532863, 263, 2350, 0
7974, 42, 266, 519, 0, 0, 64.62%, 15, 0, 7, 440.84, 3535028, 263, 2350, 0
7979, 42, 518, 519, 0, 0, 64.62%, 15, 0, 7, 433.56, 3537209, 263, 2356, 0
7984, 42, 459, 519, 0, 0, 64.62%, 15, 0, 7, 477.93, 3539645, 263, 2357, 0
7989, 42, 273, 519, 0, 0, 64.62%, 15, 0, 7, 475.76, 3541992, 263, 2357, 0
7994, 42, 518, 519, 0, 0, 64.62%, 15, 0, 7, 463.71, 3544411, 263, 2362, 0
7999, 42, 155, 519, 0, 0, 64.62%, 15, 0, 7, 465.02, 3546685, 263, 2365, 0
8004, 42, 516, 519, 0, 0, 64.62%, 15, 0, 7, 447.05, 3548938, 263, 2365, 0
8009, 42, 328, 519, 0, 0, 64.62%, 15, 0, 7, 426.92, 3551095, 263, 2369, 0
8014, 42, 518, 519, 0, 0, 64.62%, 15, 0, 7, 446.70, 3553351, 263, 2374, 0
8019, 42, 0, 519, 0, 0, 64.62%, 15, 0, 7, 477.88, 3555797, 263, 2377, 0
8024, 42, 396, 519, 0, 0, 64.62%, 15, 0, 7, 473.68, 3558177, 263, 2377, 0
8029, 42, 491, 519, 0, 0, 64.62%, 15, 0, 7, 449.48, 3560433, 263, 2378, 0
8034, 42, 427, 519, 0, 0, 64.62%, 15, 0, 7, 455.11, 3562667, 263, 2378, 0
8039, 42, 517, 519, 0, 0, 64.62%, 15, 0, 7, 451.11, 3564910, 263, 2393, 0
8044, 42, 518, 519, 0, 0, 64.62%, 15, 0, 7, 445.58, 3567135, 263, 2402, 0
8049, 42, 19, 519, 0, 0, 64.62%, 15, 0, 7, 458.22, 3569462, 263, 2416, 0
8054, 43, 517, 520, 1, 0, 64.62%, 15, 0, 7, 453.13, 3571773, 263, 2418, 0
8060, 43, 454, 520, 1, 0, 64.62%, 15, 0, 7, 426.31, 3573914, 263, 2419, 0
8065, 43, 284, 520, 1, 0, 64.62%, 15, 0, 7, 447.81, 3576194, 263, 2421, 0
8070, 43, 511, 520, 1, 0, 64.62%, 15, 0, 7, 469.71, 3578524, 263, 2422, 0
8075, 43, 515, 520, 1, 0, 64.62%, 15, 0, 7, 446.65, 3580726, 263, 2422, 0
8080, 43, 491, 520, 1, 0, 64.62%, 15, 0, 7, 466.98, 3583098, 263, 2427, 0
8085, 43, 517, 520, 1, 0, 64.62%, 15, 0, 7, 489.09, 3585555, 263, 2438, 0
8090, 43, 518, 520, 1, 0, 64.62%, 15, 0, 7, 440.87, 3587705, 263, 2446, 0
8095, 43, 517, 520, 1, 0, 64.62%, 15, 0, 7, 419.99, 3589868, 263, 2447, 0
8100, 43, 395, 520, 1, 0, 64.62%, 15, 0, 7, 438.16, 3592177, 263, 2459, 0
8105, 43, 516, 520, 1, 0, 64.62%, 15, 0, 7, 453.86, 3594555, 263, 2459, 0
8110, 43, 380, 520, 1, 0, 64.62%, 15, 0, 7, 451.73, 3596806, 263, 2459, 0
8115, 43, 517, 520, 1, 0, 64.62%, 15, 0, 7, 438.14, 3599027, 263, 2476, 0
8120, 43, 270, 520, 1, 0, 64.62%, 15, 0, 7, 455.70, 3601313, 263, 2481, 0
8125, 43, 275, 520, 1, 0, 64.62%, 15, 0, 7, 465.90, 3603670, 263, 2481, 0
8130, 43, 337, 520, 1, 0, 64.62%, 15, 0, 7, 460.46, 3605975, 263, 2481, 0
8135, 43, 517, 520, 1, 0, 64.62%, 15, 0, 7, 455.95, 3608205, 263, 2489, 0
8140, 43, 518, 520, 1, 0, 64.62%, 15, 0, 7, 463.90, 3610472, 263, 2504, 0
8145, 43, 292, 520, 1, 0, 64.62%, 15, 0, 7, 447.45, 3612716, 263, 2511, 0
8151, 43, 72, 520, 1, 0, 64.62%, 15, 0, 7, 423.84, 3614912, 263, 2511, 0
8156, 43, 240, 520, 0, 0, 64.62%, 15, 0, 7, 448.36, 3617160, 263, 2511, 0
8161, 43, 517, 520, 0, 0, 64.62%, 15, 0, 7, 434.95, 3619332, 263, 2521, 0
8166, 43, 497, 520, 0, 0, 64.62%, 15, 0, 7, 423.26, 3621414, 263, 2524, 0
8171, 43, 518, 520, 0, 0, 64.62%, 15, 0, 7, 431.20, 3623584, 263, 2529, 0
8176, 43, 488, 520, 0, 0, 64.62%, 15, 0, 7, 435.04, 3625738, 263, 2533, 0
8181, 43, 243, 520, 0, 0, 64.62%, 15, 0, 7, 431.63, 3627903, 263, 2535, 0
8186, 43, 395, 520, 0, 0, 64.62%, 15, 0, 7, 433.47, 3630117, 263, 2535, 0
8191, 43, 270, 520, 0, 0, 64.62%, 15, 0, 7, 440.50, 3632333, 263, 2535, 0
8196, 43, 215, 520, 0, 0, 64.62%, 15, 0, 7, 448.03, 3634639, 263, 2544, 0
8201, 43, 367, 520, 0, 0, 64.62%, 15, 0, 7, 438.01, 3636856, 263, 2544, 0
8206, 43, 395, 520, 0, 0, 64.62%, 15, 0, 7, 444.05, 3639077, 263, 2544, 0
8211, 43, 517, 520, 0, 0, 64.62%, 15, 0, 7, 415.67, 3641165, 263, 2548, 0
8216, 43, 273, 520, 0, 0, 64.62%, 15, 0, 7, 437.63, 3643380, 263, 2550, 0
8221, 43, 515, 520, 0, 0, 64.62%, 15, 0, 7, 450.57, 3645662, 263, 2550, 0
8226, 43, 273, 520, 0, 0, 64.62%, 15, 0, 7, 419.73, 3647824, 263, 2551, 0
8231, 43, 155, 520, 0, 0, 64.62%, 15, 0, 7, 431.84, 3650066, 263, 2551, 0
8237, 43, 208, 520, 0, 0, 64.62%, 15, 0, 7, 438.56, 3652259, 263, 2555, 0
8242, 43, 518, 520, 0, 0, 64.62%, 15, 0, 7, 444.35, 3654562, 263, 2556, 0
8247, 43, 515, 520, 0, 0, 64.62%, 15, 0, 7, 438.65, 3656770, 263, 2559, 0
8252, 43, 482, 520, 0, 0, 64.62%, 15, 0, 7, 440.76, 3658994, 263, 2559, 0
8257, 43, 338, 520, 0, 0, 64.62%, 15, 0, 7, 447.46, 3661276, 263, 2559, 0
8262, 43, 517, 520, 0, 0, 64.62%, 15, 0, 7, 464.54, 3663647, 263, 2578, 0
8267, 43, 155, 520, 0, 0, 64.62%, 15, 0, 7, 449.97, 3665888, 263, 2579, 0
8272, 43, 517, 520, 0, 0, 64.62%, 15, 0, 7, 422.82, 3668012, 263, 2580, 0
8277, 43, 270, 520, 0, 0, 64.62%, 15, 0, 7, 448.63, 3670339, 263, 2586, 0
8282, 43, 273, 520, 0, 0, 64.62%, 15, 0, 7, 462.05, 3672717, 263, 2586, 0
8287, 43, 191, 520, 0, 0, 64.62%, 15, 0, 7, 455.85, 3675015, 263, 2586, 0
8292, 44, 491, 520, 0, 0, 64.62%, 15, 0, 7, 458.88, 3677328, 263, 2586, 0
8297, 44, 518, 520, 0, 0, 64.62%, 15, 0, 7, 450.25, 3679580, 263, 2590, 0
8302, 44, 223, 520, 0, 0, 64.62%, 15, 0, 7, 442.95, 3681796, 263, 2594, 0
8307, 44, 491, 520, 0, 0, 64.62%, 15, 0, 7, 456.60, 3684082, 263, 2594, 0
8312, 44, 377, 520, 0, 0, 64.62%, 15, 0, 7, 437.00, 3686286, 263, 2594, 0
8317, 44, 275, 520, 0, 0, 64.62%, 15, 0, 7, 432.39, 3688427, 263, 2594, 0
8323, 44, 515, 520, 0, 0, 64.62%, 15, 0, 7, 434.17, 3690688, 263, 2594, 0
8328, 44, 149, 520, 0, 0, 64.62%, 15, 0, 7, 424.35, 3692869, 263, 2594, 0
8333, 44, 158, 520, 0, 0, 64.62%, 15, 0, 7, 429.31, 3695015, 263, 2594, 0
8338, 44, 155, 520, 0, 0, 64.62%, 15, 0, 7, 423.95, 3697163, 263, 2597, 0
8343, 44, 366, 520, 0, 0, 64.62%, 15, 0, 7, 444.64, 3699431, 263, 2597, 0
8348, 44, 404, 520, 0, 0, 64.62%, 15, 0, 7, 441.90, 3701703, 263, 2597, 0
8353, 44, 282, 520, 0, 0, 64.62%, 15, 0, 7, 451.30, 3704110, 263, 2601, 0
8358, 44, 497, 520, 0, 0, 64.62%, 15, 0, 7, 447.03, 3706393, 263, 2601, 0
8363, 44, 491, 520, 0, 0, 64.62%, 15, 0, 7, 426.56, 3708535, 263, 2601, 0
8368, 44, 362, 520, 0, 0, 64.62%, 15, 0, 7, 429.92, 3710690, 263, 2601, 0
8374, 44, 362, 520, 0, 0, 64.62%, 15, 0, 7, 445.55, 3713043, 263, 2601, 0
8379, 44, 168, 520, 0, 0, 64.62%, 15, 0, 7, 451.57, 3715255, 263, 2601, 0
8384, 44, 517, 520, 0, 0, 64.62%, 15, 0, 7, 433.56, 3717482, 263, 2615, 0
8389, 44, 518, 520, 0, 0, 64.62%, 15, 0, 7, 404.57, 3719522, 263, 2623, 0
8394, 44, 324, 520, 0, 0, 64.62%, 15, 0, 7, 433.61, 3721750, 263, 2623, 0
8399, 44, 449, 520, 0, 0, 64.62%, 15, 0, 7, 409.17, 3723818, 263, 2625, 0
8404, 44, 362, 520, 0, 0, 64.62%, 15, 0, 7, 407.01, 3725865, 263, 2625, 0
8409, 44, 272, 520, 0, 0, 64.62%, 15, 0, 7, 389.21, 3727839, 263, 2625, 0
8414, 44, 517, 520, 0, 0, 64.62%, 15, 0, 7, 423.53, 3730066, 263, 2632, 0
8419, 44, 324, 520, 0, 0, 64.62%, 15, 0, 7, 445.49, 3732292, 263, 2637, 0
8424, 44, 337, 520, 0, 0, 64.62%, 15, 0, 7, 449.51, 3734549, 263, 2637, 0
8429, 44, 271, 520, 0, 0, 64.62%, 15, 0, 7, 424.54, 3736660, 263, 2637, 0
8434, 44, 510, 520, 0, 0, 64.62%, 15, 0, 7, 428.42, 3738809, 263, 2637, 0
8440, 44, 491, 520, 0, 0, 64.62%, 15, 0, 7, 430.90, 3740980, 263, 2637, 0
8445, 44, 292, 520, 0, 0, 64.62%, 15, 0, 7, 440.97, 3743259, 263, 2637, 0
8450, 44, 292, 520, 0, 0, 64.62%, 15, 0, 7, 455.62, 3745581, 263, 2637, 0
8455, 44, 513, 520, 0, 0, 64.62%, 15, 0, 7, 454.18, 3747886, 263, 2638, 0
8460, 44, 270, 520, 0, 0, 64.62%, 15, 0, 7, 448.11, 3750190, 263, 2638, 0
8465, 44, 510, 520, 0, 0, 64.62%, 15, 0, 7, 444.22, 3752408, 263, 2638, 0
8470, 45, 174, 520, 0, 0, 64.62%, 15, 0, 7, 479.63, 3754925, 263, 2639, 0
8475, 45, 486, 520, 0, 0, 64.62%, 15, 0, 7, 448.73, 3757228, 263, 2639, 0
8480, 45, 273, 520, 0, 0, 64.62%, 15, 0, 7, 443.37, 3759507, 263, 2639, 0
8485, 45, 518, 520, 0, 0, 64.62%, 15, 0, 7, 467.01, 3761913, 263, 2640, 0
8490, 45, 258, 520, 0, 0, 64.62%, 15, 0, 7, 450.25, 3764117, 263, 2652, 0
8496, 45, 517, 520, 0, 0, 64.62%, 15, 0, 7, 444.82, 3766364, 263, 2654, 0
8501, 45, 403, 520, 0, 0, 64.62%, 15, 0, 7, 438.99, 3768568, 263, 2662, 0
8506, 45, 517, 520, 0, 0, 64.62%, 15, 0, 7, 449.34, 3770826, 263, 2671, 0
8511, 45, 518, 520, 0, 0, 64.62%, 15, 0, 7, 453.92, 3773165, 263, 2677, 0
8516, 45, 497, 520, 0, 0, 64.62%, 15, 0, 7, 431.59, 3775309, 263, 2686, 0
8521, 45, 155, 520, 0, 0, 64.62%, 15, 0, 7, 423.80, 3777504, 263, 2686, 0
8526, 45, 218, 520, 0, 0, 64.62%, 15, 0, 7, 447.38, 3779805, 263, 2686, 0
8531, 45, 282, 520, 0, 0, 64.62%, 15, 0, 7, 449.44, 3782089, 263, 2686, 0
8536, 45, 517, 520, 0, 0, 64.62%, 15, 0, 7, 458.12, 3784454, 263, 2691, 0
8541, 45, 517, 520, 0, 0, 64.62%, 15, 0, 7, 447.93, 3786709, 263, 2703, 0
8546, 45, 478, 520, 0, 0, 64.62%, 15, 0, 7, 455.89, 3789119, 263, 2708, 0
8551, 45, 282, 520, 0, 0, 64.62%, 15, 0, 7, 461.36, 3791480, 263, 2716, 0
8556, 45, 337, 520, 0, 0, 64.62%, 15, 0, 7, 447.43, 3793639, 263, 2718, 0
8562, 45, 518, 520, 0, 0, 64.62%, 15, 0, 7, 467.56, 3796113, 263, 2728, 0
8567, 45, 518, 520, 0, 0, 64.62%, 15, 0, 7, 466.20, 3798498, 263, 2737, 0
8572, 45, 118, 520, 0, 0, 64.62%, 15, 0, 7, 449.95, 3800799, 263, 2742, 0
8577, 45, 410, 520, 0, 0, 64.62%, 15, 0, 7, 455.85, 3803097, 263, 2745, 0
8582, 45, 517, 520, 0, 0, 64.62%, 15, 0, 7, 463.05, 3805384, 263, 2750, 0
8587, 45, 482, 520, 0, 0, 64.62%, 15, 0, 7, 458.34, 3807672, 263, 2753, 0
8592, 45, 517, 520, 0, 0, 64.62%, 15, 0, 7, 452.34, 3809944, 263, 2758, 0
8597, 45, 129, 520, 0, 0, 64.62%, 15, 0, 7, 448.36, 3812191, 263, 2766, 0
8602, 45, 271, 520, 0, 0, 64.62%, 15, 0, 7, 427.04, 3814380, 263, 2766, 0
8607, 45, 518, 520, 0, 0, 64.62%, 15, 0, 7, 451.01, 3816651, 263, 2771, 0
8612, 45, 511, 520, 0, 0, 64.62%, 15, 0, 7, 451.94, 3818901, 263, 2772, 0
8617, 45, 517, 520, 0, 0, 64.62%, 15, 0, 7, 440.69, 3821119, 263, 2788, 0
8622, 45, 462, 520, 0, 0, 64.62%, 15, 0, 7, 439.50, 3823329, 263, 2790, 0
8627, 45, 518, 520, 0, 0, 64.62%, 15, 0, 7, 443.67, 3825553, 263, 2791, 0
8632, 45, 471, 520, 0, 0, 64.62%, 15, 0, 7, 464.74, 3827928, 263, 2806, 0
8637, 45, 482, 520, 0, 0, 64.62%, 15, 0, 7, 445.51, 3830114, 263, 2806, 0
8642, 45, 156, 520, 0, 0, 64.62%, 15, 0, 7, 426.48, 3832288, 263, 2806, 0
8647, 45, 518, 520, 0, 0, 64.62%, 15, 0, 7, 448.61, 3834586, 263, 2813, 0
8652, 45, 266, 520, 0, 0, 64.62%, 15, 0, 7, 430.78, 3836794, 263, 2818, 0
8658, 45, 449, 520, 0, 0, 64.62%, 15, 0, 7, 424.65, 3838934, 263, 2818, 0
8663, 45, 518, 520, 0, 0, 64.62%, 15, 0, 7, 432.68, 3841186, 263, 2820, 0
8668, 45, 118, 520, 0, 0, 64.62%, 15, 0, 7, 449.09, 3843451, 263, 2830, 0
8673, 45, 518, 520, 0, 0, 64.62%, 15, 0, 7, 454.00, 3845770, 263, 2834, 0
8678, 45, 266, 520, 0, 0, 64.62%, 15, 0, 7, 450.76, 3848042, 263, 2837, 0
8683, 45, 0, 520, 0, 0, 64.62%, 15, 0, 7, 450.11, 3850334, 263, 2841, 0
8688, 45, 224, 520, 0, 0, 64.62%, 15, 0, 7, 425.31, 3852453, 263, 2843, 0
8693, 45, 491, 520, 0, 0, 64.62%, 15, 0, 7, 449.74, 3854754, 263, 2843, 0
8698, 45, 448, 520, 0, 0, 64.62%, 15, 0, 7, 435.84, 3856958, 263, 2843, 0
8703, 45, 449, 520, 0, 0, 64.62%, 15, 0, 7, 416.46, 3859149, 263, 2851, 0
8708, 46, 273, 520, 0, 0, 64.62%, 15, 0, 7, 424.16, 3861297, 263, 2851, 0
8714, 46, 518, 520, 0, 0, 64.62%, 15, 0, 7, 443.15, 3863545, 263, 2854, 0
8719, 46, 517, 520, 0, 0, 64.62%, 15, 0, 7, 455.37, 3865891, 263, 2864, 0
8724, 46, 258, 520, 0, 0, 64.62%, 15, 0, 7, 447.32, 3868169, 263, 2870, 0
8729, 46, 517, 520, 0, 0, 64.62%, 15, 0, 7, 415.62, 3870250, 263, 2871, 0
8734, 46, 271, 520, 0, 0, 64.62%, 15, 0, 7, 419.91, 3872407, 263, 2887, 0
8739, 46, 273, 520, 0, 0, 64.62%, 15, 0, 7, 446.92, 3874727, 263, 2887, 0
8744, 46, 517, 520, 0, 0, 64.62%, 15, 0, 7, 429.81, 3876907, 263, 2893, 0
8749, 46, 517, 520, 0, 0, 64.62%, 15, 0, 7, 425.20, 3879011, 263, 2903, 0
8754, 46, 240, 520, 0, 0, 64.62%, 15, 0, 7, 424.80, 3881193, 263, 2916, 0
8760, 46, 367, 520, 0, 0, 64.62%, 15, 0, 7, 433.45, 3883413, 263, 2916, 0
8765, 46, 34, 520, 0, 0, 64.62%, 15, 0, 7, 432.24, 3885631, 263, 2916, 0
8770, 46, 288, 520, 0, 0, 64.62%, 15, 0, 7, 441.82, 3887870, 263, 2916, 0
8775, 46, 240, 520, 0, 0, 64.62%, 15, 0, 7, 438.39, 3890036, 263, 2927, 0
8780, 46, 273, 520, 0, 0, 64.62%, 15, 0, 7, 442.56, 3892339, 263, 2927, 0
8785, 46, 517, 520, 0, 0, 64.62%, 15, 0, 7, 441.13, 3894610, 263, 2933, 0
8790, 46, 516, 520, 0, 0, 64.62%, 15, 0, 7, 457.24, 3896885, 263, 2938, 0
8795, 46, 517, 520, 0, 0, 64.62%, 15, 0, 7, 434.42, 3899126, 263, 2943, 0
8800, 46, 155, 520, 0, 0, 64.62%, 15, 0, 7, 444.09, 3901375, 263, 2946, 0
8805, 46, 517, 520, 0, 0, 64.62%, 15, 0, 7, 471.98, 3903771, 263, 2959, 0
8810, 46, 518, 520, 0, 0, 64.62%, 15, 0, 7, 434.62, 3905914, 263, 2971, 0
8815, 46, 516, 520, 0, 0, 64.62%, 15, 0, 7, 432.91, 3908120, 263, 2979, 0
8820, 46, 136, 520, 0, 0, 64.62%, 15, 0, 7, 445.76, 3910361, 263, 2979, 0
8825, 46, 517, 520, 0, 0, 64.62%, 15, 0, 7, 455.37, 3912614, 263, 2990, 0
8830, 46, 517, 520, 0, 0, 64.62%, 15, 0, 7, 452.79, 3914840, 263, 2995, 0
8835, 46, 517, 520, 0, 0, 64.62%, 15, 0, 7, 430.64, 3917096, 263, 3007, 0
8840, 46, 87, 520, 0, 0, 64.62%, 15, 0, 7, 456.36, 3919386, 263, 3021, 0
8845, 46, 518, 520, 0, 0, 64.62%, 15, 0, 7, 439.54, 3921558, 263, 3024, 0
8850, 46, 72, 520, 0, 0, 64.62%, 15, 0, 7, 446.89, 3923807, 263, 3026, 0
8855, 46, 174, 520, 0, 0, 64.62%, 15, 0, 7, 461.25, 3926084, 263, 3026, 0
8861, 46, 478, 520, 0, 0, 64.62%, 15, 0, 7, 462.61, 3928444, 263, 3026, 0
8866, 46, 517, 520, 0, 0, 64.62%, 15, 0, 7, 448.61, 3930729, 263, 3026, 0
8871, 46, 517, 520, 0, 0, 64.62%, 15, 0, 7, 431.32, 3932937, 263, 3032, 0
8876, 46, 0, 520, 0, 0, 64.62%, 15, 0, 7, 443.66, 3935213, 263, 3032, 0
8881, 46, 497, 520, 0, 0, 64.62%, 15, 0, 7, 483.24, 3937660, 263, 3032, 0
8886, 46, 404, 520, 0, 0, 64.62%, 15, 0, 7, 441.01, 3939855, 263, 3038, 0
8891, 46, 449, 520, 0, 0, 64.62%, 15, 0, 7, 429.76, 3942054, 263, 3038, 0
8896, 46, 503, 520, 0, 0, 64.62%, 15, 0, 7, 421.59, 3944227, 263, 3039, 0
8901, 46, 518, 520, 0, 0, 64.62%, 15, 0, 7, 453.29, 3946492, 263, 3044, 0
8906, 46, 271, 520, 0, 0, 64.62%, 15, 0, 7, 462.11, 3948865, 263, 3050, 0
8911, 46, 273, 520, 0, 0, 64.62%, 15, 0, 7, 423.88, 3951060, 263, 3051, 0
8916, 46, 270, 520, 0, 0, 64.62%, 15, 0, 7, 439.23, 3953419, 263, 3054, 0
8921, 46, 517, 520, 0, 0, 64.62%, 15, 0, 7, 451.13, 3955756, 263, 3069, 0
8926, 46, 218, 520, 0, 0, 64.62%, 15, 0, 7, 439.44, 3957921, 263, 3069, 0
8932, 46, 337, 520, 0, 0, 64.62%, 15, 0, 7, 471.20, 3960317, 263, 3069, 0
8937, 46, 518, 520, 0, 0, 64.62%, 15, 0, 7, 453.58, 3962584, 263, 3077, 0
8942, 46, 362, 520, 0, 0, 64.62%, 15, 0, 7, 464.79, 3964885, 263, 3077, 0
8947, 46, 517, 520, 0, 0, 64.62%, 15, 0, 7, 435.38, 3967128, 263, 3078, 0
8952, 46, 482, 520, 0, 0, 64.62%, 15, 0, 7, 413.42, 3969201, 263, 3087, 0
8957, 46, 218, 520, 0, 0, 64.62%, 15, 0, 7, 454.27, 3971541, 263, 3087, 0
8962, 47, 520, 521, 1, 0, 64.62%, 15, 0, 7, 424.57, 3973639, 263, 3087, 0
8967, 47, 118, 521, 0, 0, 64.62%, 15, 0, 7, 444.47, 3975966, 263, 3089, 0
8972, 47, 462, 521, 0, 0, 64.62%, 15, 0, 7, 449.35, 3978255, 263, 3093, 0
8977, 47, 517, 521, 0, 0, 64.62%, 15, 0, 7, 462.00, 3980579, 263, 3098, 0
8982, 47, 517, 521, 0, 0, 64.62%, 15, 0, 7, 455.76, 3982926, 263, 3115, 0
8987, 47, 143, 521, 0, 0, 64.62%, 15, 0, 7, 455.93, 3985173, 263, 3135, 0
8992, 47, 215, 521, 0, 0, 64.62%, 15, 0, 7, 453.28, 3987404, 263, 3135, 0
8997, 47, 518, 521, 0, 0, 64.62%, 15, 0, 7, 447.50, 3989663, 263, 3147, 0
9003, 47, 462, 521, 0, 0, 64.62%, 15, 0, 7, 433.36, 3991943, 263, 3150, 0
9008, 47, 517, 521, 0, 0, 64.62%, 15, 0, 7, 439.69, 3994223, 263, 3155, 0
9013, 47, 367, 521, 0, 0, 64.62%, 15, 0, 7, 434.47, 3996395, 263, 3163, 0
9018, 47, 517, 521, 0, 0, 64.62%, 15, 0, 7, 441.58, 3998719, 263, 3170, 0
9023, 47, 270, 521, 0, 0, 64.62%, 15, 0, 7, 440.06, 4000925, 263, 3181, 0
9028, 47, 386, 521, 0, 0, 64.62%, 15, 0, 7, 445.65, 4003131, 263, 3182, 0
9033, 47, 511, 521, 0, 0, 64.62%, 15, 0, 7, 449.78, 4005468, 263, 3182, 0
9038, 47, 155, 521, 0, 0, 64.62%, 15, 0, 7, 427.76, 4007664, 263, 3182, 0
9043, 47, 518, 521, 0, 0, 64.62%, 15, 0, 7, 456.15, 4010043, 263, 3195, 0
9048, 47, 271, 521, 0, 0, 64.62%, 15, 0, 7, 441.92, 4012236, 263, 3201, 0
9053, 47, 478, 521, 0, 0, 64.62%, 15, 0, 7, 437.76, 4014488, 263, 3201, 0
9058, 47, 518, 521, 0, 0, 64.62%, 15, 0, 7, 441.49, 4016673, 263, 3207, 0
9063, 47, 515, 521, 0, 0, 64.62%, 15, 0, 7, 445.08, 4018948, 263, 3209, 0
9069, 47, 273, 521, 0, 0, 64.62%, 15, 0, 7, 418.77, 4021065, 263, 3209, 0
9074, 47, 517, 521, 0, 0, 64.62%, 15, 0, 7, 447.04, 4023418, 263, 3211, 0
9079, 47, 282, 521, 0, 0, 64.62%, 15, 0, 7, 459.44, 4025674, 263, 3217, 0
9084, 47, 366, 521, 0, 0, 64.62%, 15, 0, 7, 470.62, 4028074, 263, 3224, 0
9089, 47, 36, 521, 0, 0, 64.62%, 15, 0, 7, 466.27, 4030483, 263, 3226, 0
9094, 47, 125, 521, 0, 0, 64.62%, 15, 0, 7, 497.25, 4033004, 263, 3228, 0
9099, 47, 517, 521, 0, 0, 64.62%, 15, 0, 7, 471.25, 4035320, 263, 3230, 0
9104, 47, 174, 521, 0, 0, 64.62%, 15, 0, 7, 432.78, 4037539, 263, 3243, 0
9109, 47, 516, 521, 0, 0, 64.62%, 15, 0, 7, 421.66, 4039710, 263, 3243, 0
9114, 47, 218, 521, 0, 0, 64.62%, 15, 0, 7, 449.40, 4042043, 263, 3243, 0
9119, 47, 337, 521, 0, 0, 64.62%, 15, 0, 7, 459.80, 4044400, 263, 3243, 0
9124, 47, 518, 521, 0, 0, 64.62%, 15, 0, 7, 456.64, 4046775, 263, 3247, 0
9129, 47, 208, 521, 0, 0, 64.62%, 15, 0, 7, 438.00, 4048937, 263, 3256, 0
9134, 47, 517, 521, 0, 0, 64.62%, 15, 0, 7, 439.95, 4051237, 263, 3263, 0
9139, 47, 258, 521, 0, 0, 64.62%, 15, 0, 7, 446.68, 4053493, 263, 3277, 0
9144, 47, 174, 521, 0, 0, 64.62%, 15, 0, 7, 438.87, 4055711, 263, 3277, 0
9149, 47, 270, 521, 0, 0, 64.62%, 15, 0, 7, 432.74, 4057946, 263, 3277, 0
9155, 47, 118, 521, 0, 0, 64.62%, 15, 0, 7, 429.45, 4060141, 263, 3277, 0
9160, 47, 275, 521, 0, 0, 64.62%, 15, 0, 7, 446.18, 4062491, 263, 3279, 0
9165, 47, 518, 521, 0, 0, 64.62%, 15, 0, 7, 450.27, 4064721, 263, 3289, 0
9170, 47, 518, 521, 0, 0, 64.62%, 15, 0, 7, 435.07, 4066953, 263, 3293, 0
9175, 47, 118, 521, 0, 0, 64.62%, 15, 0, 7, 408.31, 4069037, 263, 3298, 0
9180, 47, 118, 521, 0, 0, 64.62%, 15, 0, 7, 442.65, 4071329, 263, 3302, 0
9185, 47, 220, 521, 0, 0, 64.62%, 15, 0, 7, 443.55, 4073649, 263, 3306, 0
9190, 47, 273, 521, 0, 0, 64.62%, 15, 0, 7, 429.41, 4075836, 263, 3306, 0
9195, 48, 272, 522, 1, 0, 64.62%, 15, 0, 7, 427.46, 4077988, 263, 3306, 0
9200, 48, 491, 522, 1, 0, 64.62%, 15, 0, 7, 459.58, 4080309, 263, 3306, 0
9206, 48, 130, 522, 1, 0, 64.62%, 15, 0, 7, 407.47, 4082346, 263, 3318, 0
9211, 48, 362, 522, 1, 0, 64.62%, 15, 0, 7, 429.56, 4084617, 263, 3329, 0
9216, 48, 34, 522, 1, 0, 64.62%, 15, 0, 7, 446.39, 4086934, 263, 3329, 0
9221, 48, 273, 522, 1, 0, 64.62%, 15, 0, 7, 464.03, 4089265, 263, 3338, 0
9226, 48, 27, 522, 1, 0, 64.62%, 15, 0, 7, 448.89, 4091558, 263, 3338, 0
9231, 48, 515, 522, 1, 0, 64.62%, 15, 0, 7, 457.18, 4093922, 263, 3338, 0
9236, 48, 246, 522, 1, 0, 64.62%, 15, 0, 7, 431.97, 4096056, 263, 3340, 0
9241, 48, 517, 522, 1, 0, 64.62%, 15, 0, 7, 424.96, 4098201, 263, 3345, 0
9246, 48, 271, 522, 1, 0, 64.62%, 15, 0, 7, 441.15, 4100454, 263, 3358, 0
9251, 48, 215, 522, 1, 0, 64.62%, 15, 0, 7, 430.86, 4102623, 263, 3358, 0
9256, 48, 518, 522, 1, 0, 64.62%, 15, 0, 7, 438.19, 4104929, 263, 3364, 0
9262, 48, 328, 522, 1, 0, 64.62%, 15, 0, 7, 440.28, 4107199, 263, 3367, 0
9267, 48, 118, 522, 1, 0, 64.62%, 15, 0, 7, 456.01, 4109595, 263, 3372, 0
9272, 48, 517, 522, 1, 0, 64.62%, 15, 0, 7, 455.47, 4111922, 263, 3389, 0
9277, 48, 266, 522, 1, 0, 64.62%, 15, 0, 7, 435.43, 4114216, 263, 3391, 0
9282, 48, 518, 522, 1, 0, 64.62%, 15, 0, 7, 435.83, 4116378, 263, 3392, 0
9287, 48, 208, 522, 1, 0, 64.62%, 15, 0, 7, 468.87, 4118707, 263, 3394, 0
9292, 48, 517, 522, 1, 0, 64.62%, 15, 0, 7, 448.05, 4120944, 263, 3398, 0
9297, 48, 279, 522, 1, 0, 64.62%, 15, 0, 7, 444.24, 4123196, 263, 3404, 0
9302, 48, 482, 522, 1, 0, 64.62%, 15, 0, 7, 473.26, 4125607, 263, 3412, 0
9307, 48, 155, 522, 1, 0, 64.62%, 15, 0, 7, 412.01, 4127627, 263, 3412, 0
9312, 48, 366, 522, 1, 0, 64.62%, 15, 0, 7, 419.06, 4129737, 263, 3413, 0
9317, 48, 174, 522, 1, 0, 64.62%, 15, 0, 7, 420.47, 4131841, 263, 3413, 0
9322, 48, 517, 522, 1, 0, 64.62%, 15, 0, 7, 451.76, 4134235, 263, 3415, 0
9327, 48, 521, 522, 1, 0, 64.62%, 15, 0, 7, 455.02, 4136505, 263, 3430, 0
9332, 48, 10, 522, 0, 0, 64.62%, 15, 0, 7, 430.37, 4138688, 263, 3430, 0
9337, 48, 517, 522, 0, 0, 64.62%, 15, 0, 7, 462.26, 4141039, 263, 3430, 0
9343, 48, 143, 522, 0, 0, 64.62%, 15, 0, 7, 443.85, 4143322, 263, 3443, 0
9348, 48, 191, 522, 0, 0, 64.62%, 15, 0, 7, 420.17, 4145410, 263, 3444, 0
9353, 48, 518, 522, 0, 0, 64.62%, 15, 0, 7, 429.86, 4147608, 263, 3452, 0
9358, 48, 482, 522, 0, 0, 64.62%, 15, 0, 7, 424.95, 4149749, 263, 3456, 0
9363, 48, 517, 522, 0, 0, 64.62%, 15, 0, 7, 445.64, 4152084, 263, 3462, 0
9368, 48, 328, 522, 0, 0, 64.62%, 15, 0, 7, 455.40, 4154398, 263, 3480, 0
9373, 48, 25, 522, 0, 0, 64.62%, 15, 0, 7, 446.54, 4156644, 263, 3480, 0
9378, 48, 517, 522, 0, 0, 64.62%, 15, 0, 7, 449.21, 4159013, 263, 3485, 0
9383, 48, 517, 522, 0, 0, 64.62%, 15, 0, 7, 436.25, 4161185, 263, 3491, 0
9388, 48, 483, 522, 0, 0, 64.62%, 15, 0, 7, 438.28, 4163403, 263, 3505, 0
9393, 48, 273, 522, 0, 0, 64.62%, 15, 0, 7, 458.86, 4165737, 263, 3506, 0
9398, 48, 517, 522, 0, 0, 64.62%, 15, 0, 7, 467.72, 4168130, 263, 3521, 0
9403, 48, 273, 522, 0, 0, 64.62%, 15, 0, 7, 440.83, 4170428, 263, 3523, 0
9408, 48, 273, 522, 0, 0, 64.62%, 15, 0, 7, 459.52, 4172800, 263, 3523, 0
9413, 48, 136, 522, 0, 0, 64.62%, 15, 0, 7, 445.02, 4175054, 263, 3526, 0
9418, 48, 366, 522, 0, 0, 64.62%, 15, 0, 7, 445.06, 4177280, 263, 3526, 0
9423, 49, 497, 522, 0, 0, 64.62%, 15, 0, 7, 447.65, 4179517, 263, 3527, 0
9428, 49, 174, 522, 0, 0, 64.62%, 15, 0, 7, 438.83, 4181705, 263, 3527, 0
9434, 49, 271, 522, 0, 0, 64.62%, 15, 0, 7, 444.14, 4183999, 263, 3528, 0
9439, 49, 449, 522, 0, 0, 64.62%, 15, 0, 7, 465.75, 4186381, 263, 3530, 0
9444, 49, 486, 522, 0, 0, 64.62%, 15, 0, 7, 432.35, 4188501, 263, 3530, 0
9449, 49, 240, 522, 0, 0, 64.62%, 15, 0, 7, 449.86, 4190771, 263, 3530, 0
9454, 49, 517, 522, 0, 0, 64.62%, 15, 0, 7, 461.86, 4193079, 263, 3532, 0
9459, 49, 197, 522, 0, 0, 64.62%, 15, 0, 7, 452.44, 4195359, 263, 3542, 0
9464, 49, 517, 522, 0, 0, 64.62%, 15, 0, 7, 453.16, 4197639, 263, 3548, 0
9469, 49, 460, 522, 0, 0, 64.62%, 15, 0, 7, 408.28, 4199691, 263, 3554, 0
9474, 49, 517, 522, 0, 0, 64.62%, 15, 0, 7, 413.36, 4201837, 263, 3562, 0
9479, 49, 50, 522, 0, 0, 64.62%, 15, 0, 7, 429.90, 4204069, 263, 3566, 0
9484, 49, 503, 522, 0, 0, 64.62%, 15, 0, 7, 447.33, 4206312, 263, 3566, 0
9489, 49, 518, 522, 0, 0, 64.62%, 15, 0, 7, 439.29, 4208541, 263, 3571, 0
9494, 49, 517, 522, 0, 0, 64.62%, 15, 0, 7, 428.46, 4210700, 263, 3579, 0
9499, 49, 517, 522, 0, 0, 64.62%, 15, 0, 7, 441.39, 4212892, 263, 3592, 0
9504, 49, 255, 522, 0, 0, 64.62%, 15, 0, 7, 453.82, 4215173, 263, 3592, 0
9509, 49, 497, 522, 0, 0, 64.62%, 15, 0, 7, 454.35, 4217485, 263, 3592, 0
9514, 49, 273, 522, 0, 0, 64.62%, 15, 0, 7, 447.01, 4219713, 263, 3593, 0
9519, 49, 105, 522, 0, 0, 64.62%, 15, 0, 7, 419.07, 4221868, 263, 3593, 0
9524, 49, 518, 522, 0, 0, 64.62%, 15, 0, 7, 442.70, 4224146, 263, 3596, 0
9530, 49, 381, 522, 0, 0, 64.62%, 15, 0, 7, 439.44, 4226431, 263, 3599, 0
9535, 49, 26, 522, 0, 0, 64.62%, 15, 0, 7, 432.18, 4228628, 263, 3599, 0
9540, 49, 72, 522, 0, 0, 64.62%, 15, 0, 7, 449.01, 4230965, 263, 3601, 0
9545, 49, 518, 522, 0, 0, 64.62%, 15, 0, 7, 453.91, 4233205, 263, 3602, 0
9550, 49, 342, 522, 0, 0, 64.62%, 15, 0, 7, 453.13, 4235436, 263, 3609, 0
9555, 49, 517, 522, 0, 0, 64.62%, 15, 0, 7, 446.47, 4237700, 263, 3609, 0
9560, 49, 13, 522, 0, 0, 64.62%, 15, 0, 7, 449.26, 4240053, 263, 3629, 0
9565, 49, 488, 522, 0, 0, 64.62%, 15, 0, 7, 444.80, 4242326, 263, 3629, 0
9570, 49, 517, 522, 0, 0, 64.62%, 15, 0, 7, 444.56, 4244529, 263, 3637, 0
9575, 49, 337, 522, 0, 0, 64.62%, 15, 0, 7, 439.12, 4246730, 263, 3642, 0
9580, 49, 518, 522, 0, 0, 64.62%, 15, 0, 7, 451.71, 4249056, 263, 3646, 0
9585, 49, 517, 522, 0, 0, 64.62%, 15, 0, 7, 440.20, 4251257, 263, 3659, 0
9590, 49, 273, 522, 0, 0, 64.62%, 15, 0, 7, 465.74, 4253632, 263, 3664, 0
9595, 49, 517, 522, 0, 0, 64.62%, 15, 0, 7, 445.96, 4255861, 263, 3666, 0
9601, 49, 362, 522, 0, 0, 64.62%, 15, 0, 7, 431.89, 4258013, 263, 3677, 0
9606, 49, 518, 522, 0, 0, 64.62%, 15, 0, 7, 437.61, 4260220, 263, 3679, 0
9611, 49, 136, 522, 0, 0, 64.62%, 15, 0, 7, 446.06, 4262432, 263, 3684, 0
9616, 49, 72, 522, 0, 0, 64.62%, 15, 0, 7, 451.80, 4264743, 263, 3686, 0
9621, 49, 488, 522, 0, 0, 64.62%, 15, 0, 7, 432.96, 4266907, 263, 3686, 0
9626, 49, 517, 522, 0, 0, 64.62%, 15, 0, 7, 455.12, 4269233, 263, 3698, 0
9631, 49, 483, 522, 0, 0, 64.62%, 15, 0, 7, 474.64, 4271609, 263, 3708, 0
9636, 49, 517, 522, 0, 0, 64.62%, 15, 0, 7, 455.65, 4273971, 263, 3720, 0
9641, 49, 517, 522, 0, 0, 64.62%, 15, 0, 7, 455.26, 4276292, 263, 3729, 0
9646, 49, 0, 522, 0, 0, 64.62%, 15, 0, 7, 454.81, 4278573, 263, 3733, 0
9652, 50, 292, 522, 0, 0, 64.62%, 15, 0, 7, 450.97, 4280899, 263, 3733, 0
9657, 50, 186, 522, 0, 0, 64.62%, 15, 0, 7, 435.32, 4283028, 263, 3733, 0
9662, 50, 254, 522, 0, 0, 64.62%, 15, 0, 7, 412.77, 4285105, 263, 3733, 0
9667, 50, 266, 522, 0, 0, 64.62%, 15, 0, 7, 457.44, 4287496, 263, 3745, 0
9672, 50, 279, 522, 0, 0, 64.62%, 15, 0, 7, 427.71, 4289657, 263, 3745, 0
9677, 50, 517, 522, 0, 0, 64.62%, 15, 0, 7, 444.66, 4291978, 263, 3758, 0
9682, 50, 273, 522, 0, 0, 64.62%, 15, 0, 7, 422.54, 4294090, 263, 3765, 0
9687, 50, 518, 522, 0, 0, 64.62%, 15, 0, 7, 439.12, 4296337, 263, 3769, 0
9692, 50, 83, 522, 0, 0, 64.62%, 15, 0, 7, 428.37, 4298558, 263, 3776, 0
9697, 50, 518, 522, 0, 0, 64.62%, 15, 0, 7, 442.81, 4300761, 263, 3777, 0
9702, 50, 191, 522, 0, 0, 64.62%, 15, 0, 7, 426.40, 4302911, 263, 3788, 0
9707, 50, 46, 522, 0, 0, 64.62%, 15, 0, 7, 445.56, 4305117, 263, 3788, 0
9712, 50, 337, 522, 0, 0, 64.62%, 15, 0, 7, 432.09, 4307309, 263, 3788, 0
9717, 50, 517, 522, 0, 0, 64.62%, 15, 0, 7, 466.69, 4309681, 263, 3800, 0
9722, 50, 518, 522, 0, 0, 64.62%, 15, 0, 7, 463.44, 4311986, 263, 3810, 0
9727, 50, 488, 522, 0, 0, 64.62%, 15, 0, 7, 468.16, 4314310, 263, 3816, 0
9733, 50, 518, 522, 0, 0, 64.62%, 15, 0, 7, 432.31, 4316462, 263, 3816, 0
9738, 50, 517, 522, 0, 0, 64.62%, 15, 0, 7, 446.00, 4318702, 263, 3836, 0
9743, 50, 515, 522, 0, 0, 64.62%, 15, 0, 7, 453.26, 4321082, 263, 3850, 0
9748, 50, 161, 522, 0, 0, 64.62%, 15, 0, 7, 469.96, 4323586, 263, 3864, 0
9753, 50, 273, 522, 0, 0, 64.62%, 15, 0, 7, 434.61, 4325755, 263, 3864, 0
9758, 50, 518, 522, 0, 0, 64.62%, 15, 0, 7, 470.33, 4328091, 263, 3867, 0
9763, 50, 518, 522, 0, 0, 64.62%, 15, 0, 7, 466.76, 4330411, 263, 3876, 0
9768, 50, 491, 522, 0, 0, 64.62%, 15, 0, 7, 432.82, 4332556, 263, 3879, 0
9773, 50, 21, 522, 0, 0, 64.62%, 15, 0, 7, 454.30, 4334870, 263, 3880, 0
9778, 50, 270, 522, 0, 0, 64.62%, 15, 0, 7, 456.46, 4337155, 263, 3880, 0
9783, 50, 292, 522, 0, 0, 64.62%, 15, 0, 7, 429.29, 4339319, 263, 3880, 0
9788, 50, 203, 522, 0, 0, 64.62%, 15, 0, 7, 456.35, 4341659, 263, 3880, 0
9793, 50, 517, 522, 0, 0, 64.62%, 15, 0, 7, 457.46, 4344005, 263, 3889, 0
9798, 50, 52, 522, 0, 0, 64.62%, 15, 0, 7, 438.68, 4346250, 263, 3892, 0
9803, 50, 240, 522, 0, 0, 64.62%, 15, 0, 7, 434.31, 4348450, 263, 3892, 0
9808, 50, 477, 522, 0, 0, 64.62%, 15, 0, 7, 447.46, 4350750, 263, 3895, 0
9813, 50, 517, 522, 0, 0, 64.62%, 15, 0, 7, 426.01, 4352847, 263, 3899, 0
9819, 50, 282, 522, 0, 0, 64.62%, 15, 0, 7, 427.84, 4355117, 263, 3908, 0
9824, 50, 517, 522, 0, 0, 64.62%, 15, 0, 7, 438.96, 4357342, 263, 3921, 0
9829, 50, 445, 522, 0, 0, 64.62%, 15, 0, 7, 442.96, 4359623, 263, 3922, 0
9834, 50, 396, 522, 0, 0, 64.62%, 15, 0, 7, 433.28, 4361816, 263, 3922, 0
9839, 50, 337, 522, 0, 0, 64.62%, 15, 0, 7, 432.27, 4364034, 263, 3925, 0
9844, 50, 155, 522, 0, 0, 64.62%, 15, 0, 7, 453.59, 4366320, 263, 3925, 0
9849, 50, 215, 522, 0, 0, 64.62%, 15, 0, 7, 435.91, 4368488, 263, 3925, 0
9854, 50, 518, 522, 0, 0, 64.62%, 15, 0, 7, 417.19, 4370581, 263, 3933, 0
9859, 50, 337, 522, 0, 0, 64.62%, 15, 0, 7, 427.48, 4372736, 263, 3937, 0
9864, 50, 282, 522, 0, 0, 64.62%, 15, 0, 7, 404.78, 4374809, 263, 3937, 0
9869, 50, 518, 522, 0, 0, 64.62%, 15, 0, 7, 440.80, 4377074, 263, 3944, 0
9875, 51, 519, 522, 0, 0, 64.62%, 15, 0, 7, 415.67, 4379230, 263, 3952, 0
9880, 51, 271, 522, 0, 0, 64.62%, 15, 0, 7, 424.40, 4381366, 263, 3952, 0
9885, 51, 275, 522, 0, 0, 64.62%, 15, 0, 7, 426.45, 4383498, 263, 3952, 0
9890, 51, 328, 522, 0, 0, 64.62%, 15, 0, 7, 445.09, 4385771, 263, 3952, 0
9895, 51, 273, 522, 0, 0, 64.62%, 15, 0, 7, 417.75, 4387880, 263, 3952, 0
9900, 51, 330, 522, 0, 0, 64.62%, 15, 0, 7, 421.58, 4389981, 263, 3952, 0
9905, 51, 324, 522, 0, 0, 64.62%, 15, 0, 7, 435.72, 4392276, 263, 3954, 0
9910, 51, 271, 522, 0, 0, 64.62%, 15, 0, 7, 440.44, 4394542, 263, 3954, 0
9915, 51, 240, 522, 0, 0, 64.62%, 15, 0, 7, 454.96, 4396924, 263, 3955, 0
9920, 51, 219, 522, 0, 0, 64.62%, 15, 0, 7, 423.82, 4399024, 263, 3955, 0
9925, 51, 273, 522, 0, 0, 64.62%, 15, 0, 7, 437.90, 4401246, 263, 3955, 0
9931, 51, 517, 522, 0, 0, 64.62%, 15, 0, 7, 427.68, 4403397, 263, 3962, 0
9936, 51, 155, 522, 0, 0, 64.62%, 15, 0, 7, 453.22, 4405688, 263, 3968, 0
9941, 51, 518, 522, 0, 0, 64.62%, 15, 0, 7, 422.71, 4407816, 263, 3973, 0
9946, 51, 262, 522, 0, 0, 64.62%, 15, 0, 7, 437.08, 4410015, 263, 3974, 0
9951, 51, 482, 522, 0, 0, 64.62%, 15, 0, 7, 444.68, 4412273, 263, 3974, 0
9956, 51, 491, 522, 0, 0, 64.62%, 15, 0, 7, 444.71, 4414506, 263, 3975, 0
9961, 51, 518, 522, 0, 0, 64.62%, 15, 0, 7, 427.49, 4416645, 263, 3976, 0
9966, 51, 366, 522, 0, 0, 64.62%, 15, 0, 7, 427.22, 4418825, 263, 3988, 0
9971, 51, 208, 522, 0, 0, 64.62%, 15, 0, 7, 467.09, 4421196, 263, 3988, 0
9976, 51, 518, 522, 0, 0, 64.62%, 15, 0, 7, 438.56, 4423364, 263, 3992, 0
9981, 51, 155, 522, 0, 0, 64.62%, 15, 0, 7, 413.73, 4425531, 263, 4005, 0
9986, 51, 240, 522, 0, 0, 64.62%, 15, 0, 7, 443.76, 4427712, 263, 4005, 0
9991, 51, 153, 522, 0, 0, 64.62%, 15, 0, 7, 423.71, 4429934, 263, 4005, 0
9996, 51, 118, 522, 0, 0, 64.62%, 15, 0, 7, 432.46, 4432179, 263, 4005, 0
10001, 51, 517, 522, 0, 0, 64.62%, 15, 0, 7, 445.54, 4434400, 263, 4024, 0
10006, 51, 155, 522, 0, 0, 64.62%, 15, 0, 7, 438.22, 4436608, 263, 4031, 0
10012, 51, 488, 522, 0, 0, 64.62%, 15, 0, 7, 441.49, 4438923, 263, 4032, 0
10017, 51, 449, 522, 0, 0, 64.62%, 15, 0, 7, 447.47, 4441110, 263, 4033, 0
10022, 51, 517, 522, 0, 0, 64.62%, 15, 0, 7, 440.85, 4443279, 263, 4039, 0
10027, 51, 118, 522, 0, 0, 64.62%, 15, 0, 7, 431.03, 4445456, 263, 4044, 0
10032, 51, 371, 522, 0, 0, 64.62%, 15, 0, 7, 437.08, 4447656, 263, 4044, 0
10037, 51, 12, 522, 0, 0, 64.62%, 15, 0, 7, 428.31, 4449817, 263, 4045, 0
10042, 51, 517, 522, 0, 0, 64.62%, 15, 0, 7, 441.55, 4452025, 263, 4050, 0
10047, 51, 155, 522, 0, 0, 64.62%, 15, 0, 7, 444.22, 4454306, 263, 4057, 0
10052, 51, 518, 522, 0, 0, 64.62%, 15, 0, 7, 451.78, 4456571, 263, 4062, 0
10057, 51, 208, 522, 0, 0, 64.62%, 15, 0, 7, 436.93, 4458749, 263, 4062, 0
10062, 51, 215, 522, 0, 0, 64.62%, 15, 0, 7, 432.67, 4460896, 263, 4065, 0
10067, 51, 517, 522, 0, 0, 64.62%, 15, 0, 7, 452.94, 4463198, 263, 4067, 0
10072, 51, 518, 522, 0, 0, 64.62%, 15, 0, 7, 461.07, 4465481, 263, 4073, 0
10077, 51, 515, 522, 0, 0, 64.62%, 15, 0, 7, 438.48, 4467690, 263, 4079, 0
10082, 51, 270, 522, 0, 0, 64.62%, 15, 0, 7, 454.89, 4469959, 263, 4079, 0
10087, 52, 271, 522, 0, 0, 64.62%, 15, 0, 7, 446.38, 4472227, 263, 4079, 0
10092, 52, 518, 522, 0, 0, 64.62%, 15, 0, 7, 424.96, 4474384, 263, 4088, 0
10097, 52, 518, 522, 0, 0, 64.62%, 15, 0, 7, 431.40, 4476559, 263, 4097, 0
10102, 52, 191, 522, 0, 0, 64.62%, 15, 0, 7, 447.86, 4478897, 263, 4100, 0
10108, 52, 518, 522, 0, 0, 64.62%, 15, 0, 7, 430.69, 4481141, 263, 4102, 0
10113, 52, 518, 522, 0, 0, 64.62%, 15, 0, 7, 469.21, 4483536, 263, 4113, 0
10118, 52, 129, 522, 0, 0, 64.62%, 15, 0, 7, 453.92, 4485835, 263, 4118, 0
10123, 52, 129, 522, 0, 0, 64.62%, 15, 0, 7, 455.95, 4488114, 263, 4118, 0
10128, 52, 275, 522, 0, 0, 64.62%, 15, 0, 7, 458.28, 4490422, 263, 4119, 0
10133, 52, 271, 522, 0, 0, 64.62%, 15, 0, 7, 414.31, 4492500, 263, 4119, 0
10138, 52, 271, 522, 0, 0, 64.62%, 15, 0, 7, 435.32, 4494666, 263, 4119, 0
10143, 52, 518, 522, 0, 0, 64.62%, 15, 0, 7, 430.92, 4496896, 263, 4122, 0
10148, 52, 273, 522, 0, 0, 64.62%, 15, 0, 7, 440.00, 4499178, 263, 4134, 0
10153, 52, 517, 522, 0, 0, 64.62%, 15, 0, 7, 458.12, 4501486, 263, 4139, 0
10158, 52, 518, 522, 0, 0, 64.62%, 15, 0, 7, 439.34, 4503724, 263, 4149, 0
10164, 52, 362, 522, 0, 0, 64.62%, 15, 0, 7, 425.76, 4505884, 263, 4151, 0
10169, 52, 386, 522, 0, 0, 64.62%, 15, 0, 7, 434.45, 4508080, 263, 4151, 0
10174, 52, 231, 522, 0, 0, 64.62%, 15, 0, 7, 445.05, 4510352, 263, 4151, 0
10179, 52, 511, 522, 0, 0, 64.62%, 15, 0, 7, 465.79, 4512744, 263, 4152, 0
10184, 52, 518, 522, 0, 0, 64.62%, 15, 0, 7, 447.98, 4514992, 263, 4157, 0
10189, 52, 517, 522, 0, 0, 64.62%, 15, 0, 7, 444.07, 4517269, 263, 4168, 0
10194, 52, 518, 522, 0, 0, 64.62%, 15, 0, 7, 432.66, 4519455, 263, 4182, 0
10199, 52, 469, 522, 0, 0, 64.62%, 15, 0, 7, 424.67, 4521673, 263, 4193, 0
10204, 52, 160, 522, 0, 0, 64.62%, 15, 0, 7, 476.30, 4524074, 263, 4193, 0
10209, 52, 257, 522, 0, 0, 64.62%, 15, 0, 7, 433.69, 4526217, 263, 4193, 0
10214, 52, 518, 522, 0, 0, 64.62%, 15, 0, 7, 403.24, 4528313, 263, 4199, 0
10219, 52, 25, 522, 0, 0, 64.62%, 15, 0, 7, 431.77, 4530430, 263, 4206, 0
10224, 52, 155, 522, 0, 0, 64.62%, 15, 0, 7, 440.95, 4532643, 263, 4209, 0
10229, 52, 155, 522, 0, 0, 64.62%, 15, 0, 7, 443.54, 4534910, 263, 4209, 0
10234, 52, 273, 522, 0, 0, 64.62%, 15, 0, 7, 452.88, 4537204, 263, 4209, 0
10239, 52, 517, 522, 0, 0, 64.62%, 15, 0, 7, 448.42, 4539445, 263, 4213, 0
10244, 52, 517, 522, 0, 0, 64.62%, 15, 0, 7, 436.96, 4541605, 263, 4223, 0
10250, 52, 367, 522, 0, 0, 64.62%, 15, 0, 7, 434.64, 4543793, 263, 4228, 0
10255, 52, 279, 522, 0, 0, 64.62%, 15, 0, 7, 441.26, 4546011, 263, 4228, 0
10260, 52, 517, 522, 0, 0, 64.62%, 15, 0, 7, 455.85, 4548355, 263, 4233, 0
10265, 52, 129, 522, 0, 0, 64.62%, 15, 0, 7, 445.83, 4550558, 263, 4239, 0
10270, 52, 75, 522, 0, 0, 64.62%, 15, 0, 7, 441.12, 4552791, 263, 4239, 0
10275, 52, 283, 522, 0, 0, 64.62%, 15, 0, 7, 478.94, 4555239, 263, 4239, 0
10280, 52, 462, 522, 0, 0, 64.62%, 15, 0, 7, 470.46, 4557557, 263, 4239, 0
10285, 52, 240, 522, 0, 0, 64.62%, 15, 0, 7, 451.07, 4559826, 263, 4239, 0
10290, 52, 395, 522, 0, 0, 64.62%, 15, 0, 7, 449.54, 4562076, 263, 4239, 0
10295, 52, 271, 522, 0, 0, 64.62%, 15, 0, 7, 468.95, 4564407, 263, 4240, 0
10300, 52, 518, 522, 0, 0, 64.62%, 15, 0, 7, 440.14, 4566601, 263, 4244, 0
10305, 52, 292, 522, 0, 0, 64.62%, 15, 0, 7, 424.75, 4568756, 263, 4250, 0
10310, 52, 517, 522, 0, 0, 64.62%, 15, 0, 7, 443.05, 4571078, 263, 4263, 0
10315, 52, 518, 522, 0, 0, 64.62%, 15, 0, 7, 455.47, 4573480, 263, 4283, 0
10320, 53, 271, 522, 0, 0, 64.62%, 15, 0, 7, 449.92, 4575720, 263, 4287, 0
10325, 53, 279, 522, 0, 0, 64.62%, 15, 0, 7, 434.83, 4577857, 263, 4287, 0
10330, 53, 503, 522, 0, 0, 64.62%, 15, 0, 7, 440.17, 4580115, 263, 4288, 0
10335, 53, 517, 522, 0, 0, 64.62%, 15, 0, 7, 452.98, 4582330, 263, 4294, 0
10341, 53, 271, 522, 0, 0, 64.62%, 15, 0, 7, 446.30, 4584678, 263, 4299, 0
10346, 53, 491, 522, 0, 0, 64.62%, 15, 0, 7, 423.27, 4586793, 263, 4302, 0
10351, 53, 517, 522, 0, 0, 64.62%, 15, 0, 7, 427.36, 4589000, 263, 4312, 0
10356, 53, 517, 522, 0, 0, 64.62%, 15, 0, 7, 440.61, 4591298, 263, 4317, 0
10361, 53, 517, 522, 0, 0, 64.62%, 15, 0, 7, 455.69, 4593614, 263, 4343, 0
10366, 53, 243, 522, 0, 0, 64.62%, 15, 0, 7, 446.34, 4595900, 263, 4346, 0
10371, 53, 518, 522, 0, 0, 64.62%, 15, 0, 7, 452.58, 4598216, 263, 4354, 0
10376, 53, 405, 522, 0, 0, 64.62%, 15, 0, 7, 431.28, 4600292, 263, 4355, 0
10381, 53, 155, 522, 0, 0, 64.62%, 15, 0, 7, 439.95, 4602588, 263, 4355, 0
10386, 53, 266, 522, 0, 0, 64.62%, 15, 0, 7, 425.34, 4604758, 263, 4356, 0
10391, 53, 155, 522, 0, 0, 64.62%, 15, 0, 7, 423.26, 4606857, 263, 4356, 0
10397, 53, 488, 522, 0, 0, 64.62%, 15, 0, 7, 444.41, 4609181, 263, 4356, 0
10402, 53, 517, 522, 0, 0, 64.62%, 15, 0, 7, 447.18, 4611480, 263, 4368, 0
10407, 53, 337, 522, 0, 0, 64.62%, 15, 0, 7, 445.96, 4613742, 263, 4375, 0
10412, 53, 404, 522, 0, 0, 64.62%, 15, 0, 7, 453.95, 4616046, 263, 4376, 0
10417, 53, 282, 522, 0, 0, 64.62%, 15, 0, 7, 434.88, 4618251, 263, 4376, 0
10422, 53, 517, 522, 0, 0, 64.62%, 15, 0, 7, 450.87, 4620573, 263, 4387, 0
10427, 53, 208, 522, 0, 0, 64.62%, 15, 0, 7, 441.91, 4622767, 263, 4389, 0
10432, 53, 517, 522, 0, 0, 64.62%, 15, 0, 7, 437.85, 4624923, 263, 4408, 0
10437, 53, 463, 522, 0, 0, 64.62%, 15, 0, 7, 450.10, 4627144, 263, 4409, 0
10442, 53, 273, 522, 0, 0, 64.62%, 15, 0, 7, 465.86, 4629431, 263, 4409, 0
10447, 53, 219, 522, 0, 0, 64.62%, 15, 0, 7, 452.62, 4631667, 263, 4409, 0
10452, 53, 517, 522, 0, 0, 64.62%, 15, 0, 7, 439.25, 4633883, 263, 4411, 0
10457, 53, 515, 522, 0, 0, 64.62%, 15, 0, 7, 450.00, 4636161, 263, 4438, 0
10462, 53, 366, 522, 0, 0, 64.62%, 15, 0, 7, 427.11, 4638293, 263, 4441, 0
10467, 53, 136, 522, 0, 0, 64.62%, 15, 0, 7, 433.95, 4640501, 263, 4441, 0
10472, 53, 155, 522, 0, 0, 64.62%, 15, 0, 7, 446.52, 4642774, 263, 4441, 0
10477, 53, 215, 522, 0, 0, 64.62%, 15, 0, 7, 431.92, 4644964, 263, 4441, 0
10483, 53, 510, 522, 0, 0, 64.62%, 15, 0, 7, 456.49, 4647349, 263, 4442, 0
10488, 53, 517, 522, 0, 0, 64.62%, 15, 0, 7, 437.79, 4649609, 263, 4451, 0
10493, 53, 129, 522, 0, 0, 64.62%, 15, 0, 7, 450.08, 4651901, 263, 4459, 0
10498, 53, 273, 522, 0, 0, 64.62%, 15, 0, 7, 457.28, 4654202, 263, 4459, 0
10503, 53, 518, 522, 0, 0, 64.62%, 15, 0, 7, 455.70, 4656547, 263, 4468, 0
10508, 53, 517, 522, 0, 0, 64.62%, 15, 0, 7, 442.88, 4658801, 263, 4476, 0
10513, 53, 120, 522, 0, 0, 64.62%, 15, 0, 7, 430.54, 4660983, 263, 4483, 0
10518, 53, 518, 522, 0, 0, 64.62%, 15, 0, 7, 434.36, 4663240, 263, 4492, 0
10523, 53, 275, 522, 0, 0, 64.62%, 15, 0, 7, 438.75, 4665517, 263, 4509, 0
10529, 53, 517, 522, 0, 0, 64.62%, 15, 0, 7, 428.35, 4667737, 263, 4517, 0
10534, 53, 279, 522, 0, 0, 64.62%, 15, 0, 7, 413.53, 4669857, 263, 4532, 0
10539, 53, 273, 522, 0, 0, 64.62%, 15, 0, 7, 429.98, 4672048, 263, 4532, 0
10544, 53, 518, 522, 0, 0, 64.62%, 15, 0, 7, 415.63, 4674132, 263, 4544, 0
10549, 54, 155, 522, 0, 0, 64.62%, 15, 0, 7, 428.43, 4676340, 263, 4549, 0
10554, 54, 497, 522, 0, 0, 64.62%, 15, 0, 7, 437.92, 4678534, 263, 4549, 0
10559, 54, 273, 522, 0, 0, 64.62%, 15, 0, 7, 436.59, 4680712, 263, 4549, 0
10564, 54, 491, 522, 0, 0, 64.62%, 15, 0, 7, 450.46, 4682987, 263, 4549, 0
10569, 54, 486, 522, 0, 0, 64.62%, 15, 0, 7, 454.20, 4685356, 263, 4549, 0
10574, 54, 486, 522, 0, 0, 64.62%, 15, 0, 7, 428.98, 4687497, 263, 4552, 0
10579, 54, 518, 522, 0, 0, 64.62%, 15, 0, 7, 451.24, 4689806, 263, 4553, 0
10584, 54, 488, 522, 0, 0, 64.62%, 15, 0, 7, 439.26, 4692062, 263, 4558, 0
10589, 54, 0, 522, 0, 0, 64.62%, 15, 0, 7, 431.91, 4694234, 263, 4558, 0
10594, 54, 518, 522, 0, 0, 64.62%, 15, 0, 7, 420.68, 4696361, 263, 4561, 0
10599, 54, 488, 522, 0, 0, 64.62%, 15, 0, 7, 446.96, 4698615, 263, 4569, 0
10604, 54, 362, 522, 0, 0, 64.62%, 15, 0, 7, 434.41, 4700841, 263, 4569, 0
10609, 54, 275, 522, 0, 0, 64.62%, 15, 0, 7, 441.61, 4703093, 263, 4573, 0
10614, 54, 248, 522, 0, 0, 64.62%, 15, 0, 7, 440.81, 4705409, 263, 4573, 0
10620, 54, 517, 522, 0, 0, 64.62%, 15, 0, 7, 418.78, 4707456, 263, 4580, 0
10625, 54, 270, 522, 0, 0, 64.62%, 15, 0, 7, 431.65, 4709684, 263, 4582, 0
10630, 54, 422, 522, 0, 0, 64.62%, 15, 0, 7, 457.81, 4712091, 263, 4585, 0
10635, 54, 517, 522, 0, 0, 64.62%, 15, 0, 7, 425.66, 4714259, 263, 4588, 0
10640, 54, 517, 522, 0, 0, 64.62%, 15, 0, 7, 436.83, 4716507, 263, 4602, 0
10645, 54, 226, 522, 0, 0, 64.62%, 15, 0, 7, 459.82, 4718842, 263, 4605, 0
10650, 54, 490, 522, 0, 0, 64.62%, 15, 0, 7, 433.77, 4721041, 263, 4605, 0
10655, 54, 12, 522, 0, 0, 64.62%, 15, 0, 7, 473.60, 4723412, 263, 4605, 0
10660, 54, 517, 522, 0, 0, 64.62%, 15, 0, 7, 468.18, 4725714, 263, 4614, 0
10665, 54, 518, 522, 0, 0, 64.62%, 15, 0, 7, 450.73, 4727917, 263, 4628, 0
10670, 54, 482, 522, 0, 0, 64.62%, 15, 0, 7, 440.72, 4730099, 263, 4635, 0
10675, 54, 517, 522, 0, 0, 64.62%, 15, 0, 7, 445.58, 4732308, 263, 4641, 0
10680, 54, 518, 522, 0, 0, 64.62%, 15, 0, 7, 450.57, 4734554, 263, 4659, 0
10685, 54, 500, 522, 0, 0, 64.62%, 15, 0, 7, 439.35, 4736737, 263, 4663, 0
10690, 54, 215, 522, 0, 0, 64.62%, 15, 0, 7, 432.78, 4738955, 263, 4672, 0
10696, 54, 518, 522, 0, 0, 64.62%, 15, 0, 7, 424.78, 4741065, 263, 4679, 0
10701, 54, 449, 522, 0, 0, 64.62%, 15, 0, 7, 448.66, 4743315, 263, 4681, 0
10706, 54, 516, 522, 0, 0, 64.62%, 15, 0, 7, 443.98, 4745547, 263, 4681, 0
10711, 54, 337, 522, 0, 0, 64.62%, 15, 0, 7, 437.80, 4747723, 263, 4681, 0
10716, 54, 517, 522, 0, 0, 64.62%, 15, 0, 7, 464.18, 4750168, 263, 4682, 0
10721, 54, 218, 522, 0, 0, 64.62%, 15, 0, 7, 450.50, 4752487, 263, 4692, 0
10726, 54, 258, 522, 0, 0, 64.62%, 15, 0, 7, 453.55, 4754804, 263, 4697, 0
10731, 54, 155, 522, 0, 0, 64.62%, 15, 0, 7, 432.54, 4756922, 263, 4697, 0
10736, 54, 215, 522, 0, 0, 64.62%, 15, 0, 7, 429.28, 4759151, 263, 4697, 0
10741, 54, 270, 522, 0, 0, 64.62%, 15, 0, 7, 450.54, 4761454, 263, 4708, 0
10746, 54, 72, 522, 0, 0, 64.62%, 15, 0, 7, 437.70, 4763615, 263, 4708, 0
10751, 55, 511, 522, 0, 0, 64.62%, 15, 0, 7, 455.74, 4765906, 263, 4708, 0
10756, 55, 282, 522, 0, 0, 64.62%, 15, 0, 7, 450.95, 4768231, 263, 4708, 0
10762, 55, 234, 522, 0, 0, 64.62%, 15, 0, 7, 454.28, 4770611, 263, 4708, 0
10767, 55, 517, 522, 0, 0, 64.62%, 15, 0, 7, 448.40, 4772880, 263, 4709, 0
10772, 55, 517, 522, 0, 0, 64.62%, 15, 0, 7, 467.95, 4775318, 263, 4715, 0
10777, 55, 34, 522, 0, 0, 64.62%, 15, 0, 7, 451.07, 4777682, 263, 4735, 0
10782, 55, 136, 522, 0, 0, 64.62%, 15, 0, 7, 450.48, 4780016, 263, 4735, 0
10787, 55, 367, 522, 0, 0, 64.62%, 15, 0, 7, 431.51, 4782218, 263, 4738, 0
10792, 55, 261, 522, 0, 0, 64.62%, 15, 0, 7, 443.58, 4784475, 263, 4738, 0
10798, 55, 482, 522, 0, 0, 64.62%, 15, 0, 7, 432.88, 4786721, 263, 4738, 0
10800, 55, 518, 522, 0, 0, 64.62%, 15, 0, 7, 438.82, 4787967, 263, 4739, 0
