# relative_time, cycles_done, cur_item, corpus_count, pending_total, pending_favs, map_size, saved_crashes, saved_hangs, max_depth, execs_per_sec, total_execs, edges_found, total_crashes, servers_count
60, 0, 9, 76, 71, 5, 30.71%, 0, 0, 2, 465.73, 28246, 125, 0, 0
65, 0, 9, 77, 72, 5, 30.71%, 0, 0, 2, 477.31, 30638, 125, 0, 0
71, 0, 9, 77, 72, 5, 30.71%, 0, 0, 2, 459.79, 32960, 125, 0, 0
76, 0, 9, 80, 75, 5, 30.71%, 0, 0, 2, 470.93, 35411, 125, 0, 0
81, 0, 9, 83, 78, 5, 30.71%, 0, 0, 2, 431.08, 37556, 125, 0, 0
86, 0, 9, 83, 78, 5, 30.71%, 0, 0, 2, 434.68, 39844, 125, 0, 0
91, 0, 9, 85, 80, 5, 30.71%, 0, 0, 2, 426.85, 41970, 125, 0, 0
96, 0, 9, 85, 80, 5, 30.71%, 0, 0, 2, 455.92, 44320, 125, 0, 0
101, 0, 9, 85, 80, 5, 30.71%, 0, 0, 2, 460.29, 46634, 125, 0, 0
106, 0, 9, 86, 81, 5, 30.71%, 0, 0, 2, 474.83, 49036, 125, 0, 0
111, 0, 9, 86, 81, 5, 30.71%, 0, 0, 2, 439.92, 51267, 125, 0, 0
116, 0, 9, 86, 81, 5, 30.71%, 0, 0, 2, 467.65, 53554, 125, 0, 0
121, 0, 10, 105, 96, 26, 32.68%, 0, 0, 4, 464.94, 55850, 133, 0, 0
126, 0, 24, 107, 92, 20, 33.66%, 0, 0, 4, 484.45, 58339, 137, 0, 0
131, 0, 24, 111, 96, 20, 33.91%, 0, 0, 4, 464.90, 60681, 138, 0, 0
136, 0, 24, 113, 98, 20, 33.91%, 0, 0, 4, 427.63, 62800, 138, 0, 0
141, 0, 24, 116, 101, 20, 33.91%, 0, 0, 4, 419.05, 64981, 138, 0, 0
146, 0, 24, 119, 104, 20, 33.91%, 0, 0, 4, 443.98, 67291, 138, 0, 0
152, 0, 24, 121, 106, 20, 33.91%, 0, 0, 4, 462.47, 69662, 138, 0, 0
157, 0, 24, 121, 106, 20, 33.91%, 0, 0, 4, 446.83, 71858, 138, 0, 0
162, 0, 24, 122, 107, 20, 33.91%, 0, 0, 4, 475.41, 74269, 138, 0, 0
167, 0, 24, 122, 107, 20, 33.91%, 0, 0, 4, 459.93, 76591, 138, 0, 0
172, 0, 24, 123, 108, 20, 33.91%, 0, 0, 4, 456.47, 78902, 138, 0, 0
177, 0, 24, 124, 109, 20, 33.91%, 0, 0, 4, 461.28, 81232, 138, 0, 0
182, 0, 24, 126, 111, 20, 33.91%, 0, 0, 4, 446.62, 83523, 138, 0, 0
187, 0, 24, 127, 112, 20, 33.91%, 0, 0, 4, 475.95, 85942, 138, 0, 0
192, 0, 24, 127, 112, 20, 33.91%, 0, 0, 4, 470.15, 88318, 138, 0, 0
197, 0, 24, 128, 113, 20, 33.91%, 0, 0, 4, 466.47, 90665, 138, 0, 0
202, 0, 24, 129, 114, 20, 33.91%, 0, 0, 4, 447.60, 92843, 138, 0, 0
207, 0, 24, 131, 116, 20, 33.91%, 0, 0, 4, 450.05, 95060, 138, 0, 0
212, 0, 24, 132, 117, 20, 33.91%, 0, 0, 4, 448.86, 97398, 138, 0, 0
217, 0, 24, 134, 119, 20, 33.91%, 0, 0, 4, 442.40, 99590, 138, 0, 0
222, 0, 24, 136, 121, 20, 33.91%, 0, 0, 4, 453.78, 101872, 138, 0, 0
227, 0, 24, 138, 123, 20, 33.91%, 0, 0, 4, 448.62, 104090, 138, 0, 0
233, 0, 24, 139, 124, 20, 33.91%, 0, 0, 4, 440.30, 106447, 138, 0, 0
238, 0, 24, 139, 124, 20, 33.91%, 0, 0, 4, 440.78, 108697, 138, 0, 0
243, 0, 0, 139, 121, 18, 33.91%, 0, 0, 4, 437.80, 110896, 138, 0, 0
248, 0, 7, 141, 122, 18, 34.64%, 0, 0, 4, 449.13, 113136, 141, 0, 0
253, 0, 39, 146, 125, 20, 36.61%, 0, 0, 4, 447.09, 115385, 149, 0, 0
258, 0, 141, 154, 132, 19, 37.35%, 1, 0, 4, 435.24, 117561, 152, 1, 0
263, 0, 129, 157, 134, 20, 38.08%, 1, 0, 4, 451.61, 119880, 155, 1, 0
268, 0, 122, 162, 137, 19, 38.08%, 1, 0, 4, 451.89, 122206, 155, 1, 0
273, 0, 37, 163, 136, 17, 38.08%, 1, 0, 4, 455.81, 124468, 155, 1, 0
278, 0, 78, 170, 142, 16, 38.08%, 1, 0, 4, 442.78, 126692, 155, 1, 0
283, 0, 78, 175, 147, 16, 38.08%, 1, 0, 4, 452.08, 128897, 155, 1, 0
288, 0, 78, 180, 152, 16, 38.08%, 1, 0, 4, 469.03, 131262, 155, 1, 0
293, 0, 95, 180, 149, 12, 38.08%, 1, 0, 4, 448.89, 133470, 155, 1, 0
298, 0, 95, 180, 149, 12, 38.08%, 1, 0, 4, 394.87, 135489, 155, 1, 0
303, 0, 95, 180, 149, 12, 38.08%, 1, 0, 4, 376.93, 137351, 155, 1, 0
309, 0, 95, 180, 149, 12, 38.08%, 1, 0, 4, 393.14, 139325, 155, 1, 0
314, 0, 151, 180, 147, 10, 38.08%, 1, 0, 4, 427.61, 141477, 155, 1, 0
319, 0, 151, 194, 161, 10, 38.57%, 1, 0, 4, 410.77, 143582, 157, 1, 0
324, 0, 151, 197, 164, 10, 38.57%, 1, 0, 4, 458.38, 145993, 157, 1, 0
329, 0, 151, 197, 164, 10, 38.57%, 1, 0, 4, 480.30, 148486, 157, 1, 0
334, 0, 151, 197, 164, 10, 38.57%, 1, 0, 4, 457.24, 150754, 157, 1, 0
339, 0, 151, 198, 165, 10, 38.57%, 1, 0, 4, 446.49, 152994, 157, 1, 0
344, 0, 151, 200, 167, 10, 38.57%, 1, 0, 4, 446.63, 155280, 157, 1, 0
349, 0, 151, 200, 167, 10, 38.57%, 1, 0, 4, 460.67, 157651, 157, 1, 0
355, 0, 151, 200, 167, 10, 38.57%, 1, 0, 4, 482.95, 160225, 157, 1, 0
360, 0, 151, 201, 168, 10, 38.57%, 1, 0, 4, 453.58, 162527, 157, 1, 0
365, 0, 151, 202, 169, 10, 38.57%, 1, 0, 4, 453.90, 164793, 157, 1, 0
370, 0, 151, 202, 169, 10, 38.57%, 1, 0, 4, 492.04, 167286, 157, 1, 0
375, 0, 151, 202, 169, 10, 38.57%, 1, 0, 4, 452.82, 169581, 157, 1, 0
380, 0, 194, 205, 171, 10, 38.57%, 1, 0, 5, 477.22, 172038, 157, 1, 0
385, 0, 149, 210, 174, 8, 38.57%, 1, 0, 5, 446.96, 174259, 157, 1, 0
390, 0, 169, 214, 177, 7, 38.57%, 1, 0, 5, 431.82, 176489, 157, 1, 0
395, 0, 169, 216, 179, 7, 38.57%, 1, 0, 5, 435.08, 178695, 157, 1, 0
401, 0, 169, 216, 179, 7, 38.57%, 1, 0, 5, 431.54, 180847, 157, 1, 0
406, 0, 210, 216, 176, 6, 38.57%, 1, 0, 5, 447.45, 183171, 157, 1, 0
411, 0, 210, 219, 179, 6, 38.57%, 1, 0, 5, 442.52, 185465, 157, 1, 0
416, 0, 79, 222, 180, 4, 38.57%, 1, 0, 5, 488.88, 187923, 157, 1, 0
421, 0, 148, 222, 178, 3, 38.57%, 1, 0, 5, 437.72, 190163, 157, 1, 0
426, 0, 162, 223, 173, 0, 38.57%, 1, 0, 5, 437.18, 192338, 157, 1, 0
431, 0, 150, 224, 172, 0, 38.57%, 1, 0, 5, 408.77, 194433, 157, 1, 0
436, 0, 194, 227, 172, 0, 39.07%, 1, 0, 5, 425.77, 196580, 159, 1, 0
441, 0, 194, 228, 173, 0, 39.07%, 1, 0, 5, 431.67, 198762, 159, 1, 0
446, 0, 194, 228, 173, 0, 39.07%, 1, 0, 5, 418.79, 200906, 159, 1, 0
451, 0, 88, 228, 172, 0, 39.07%, 1, 0, 5, 436.19, 203116, 159, 1, 0
456, 0, 39, 229, 171, 0, 39.07%, 1, 0, 5, 451.24, 205389, 159, 1, 0
462, 0, 201, 233, 174, 0, 39.07%, 1, 0, 5, 442.60, 207722, 159, 1, 0
467, 0, 201, 235, 176, 0, 39.07%, 1, 0, 5, 435.65, 209904, 159, 1, 0
472, 0, 201, 237, 178, 0, 39.07%, 1, 0, 5, 434.58, 212070, 159, 1, 0
477, 0, 201, 238, 179, 0, 39.07%, 1, 0, 5, 422.34, 214221, 159, 1, 0
482, 0, 201, 238, 179, 0, 39.07%, 1, 0, 5, 435.67, 216453, 159, 1, 0
487, 0, 233, 238, 174, 0, 39.07%, 1, 0, 5, 467.23, 218802, 159, 1, 0
492, 0, 212, 238, 172, 0, 39.07%, 1, 0, 5, 493.35, 221354, 159, 1, 0
497, 0, 147, 238, 168, 0, 39.07%, 1, 0, 5, 452.36, 223636, 159, 1, 0
502, 0, 46, 239, 165, 0, 39.07%, 1, 0, 5, 471.95, 226049, 159, 1, 0
507, 0, 220, 239, 161, 0, 39.07%, 1, 0, 5, 428.62, 228240, 159, 1, 0
513, 0, 72, 240, 160, 0, 39.07%, 1, 0, 5, 425.82, 230417, 159, 1, 0
518, 0, 236, 242, 160, 0, 39.07%, 1, 0, 6, 445.17, 232675, 159, 1, 0
523, 0, 227, 244, 161, 0, 39.07%, 1, 0, 6, 440.45, 234893, 159, 1, 0
528, 0, 81, 245, 160, 0, 39.07%, 1, 0, 6, 427.83, 237024, 159, 1, 0
533, 0, 77, 245, 156, 0, 39.07%, 1, 0, 6, 437.59, 239310, 159, 1, 0
538, 0, 239, 245, 153, 0, 39.07%, 1, 0, 6, 450.78, 241533, 159, 1, 0
543, 0, 229, 246, 152, 0, 39.07%, 1, 0, 6, 490.68, 244040, 159, 1, 0
548, 0, 91, 246, 151, 0, 39.07%, 1, 0, 6, 452.08, 246270, 159, 1, 0
553, 0, 113, 248, 151, 0, 39.07%, 1, 0, 7, 434.87, 248452, 159, 1, 0
558, 0, 200, 249, 147, 0, 39.07%, 1, 0, 7, 439.74, 250667, 159, 1, 0
563, 0, 249, 250, 144, 1, 39.31%, 1, 0, 7, 434.26, 252897, 160, 1, 0
568, 0, 198, 250, 139, 0, 39.31%, 1, 0, 7, 420.71, 255051, 160, 1, 0
573, 0, 125, 252, 139, 0, 39.31%, 1, 0, 7, 442.93, 257345, 160, 1, 0
578, 0, 231, 253, 138, 0, 39.31%, 1, 0, 7, 453.92, 259589, 160, 1, 0
583, 0, 72, 253, 132, 0, 39.31%, 1, 0, 7, 454.88, 261918, 160, 1, 0
589, 0, 210, 253, 130, 0, 39.31%, 1, 0, 7, 476.08, 264309, 160, 1, 0
594, 0, 123, 253, 129, 0, 39.31%, 1, 0, 7, 438.45, 266511, 160, 1, 0
599, 1, 250, 254, 127, 0, 39.31%, 1, 0, 8, 423.66, 268603, 160, 1, 0
604, 1, 28, 254, 123, 0, 39.31%, 1, 0, 8, 422.72, 270778, 160, 1, 0
609, 1, 235, 254, 116, 0, 39.31%, 1, 0, 8, 434.09, 273028, 160, 1, 0
614, 1, 184, 255, 114, 0, 39.31%, 1, 0, 8, 453.60, 275318, 160, 1, 0
619, 1, 124, 255, 110, 0, 39.31%, 1, 0, 8, 461.22, 277617, 160, 1, 0
624, 1, 255, 257, 110, 1, 39.56%, 1, 0, 8, 424.64, 279725, 161, 1, 0
629, 1, 205, 258, 109, 0, 39.56%, 1, 0, 8, 434.03, 281991, 161, 1, 0
634, 1, 190, 258, 106, 0, 39.56%, 1, 0, 8, 434.40, 284149, 161, 1, 0
639, 1, 186, 258, 101, 0, 39.56%, 1, 0, 8, 417.56, 286261, 161, 1, 0
644, 1, 234, 258, 99, 0, 39.56%, 1, 0, 8, 438.21, 288442, 161, 1, 0
650, 1, 257, 258, 94, 0, 39.56%, 1, 0, 8, 439.35, 290675, 161, 1, 0
655, 1, 256, 259, 93, 0, 39.56%, 1, 0, 8, 439.09, 292948, 161, 1, 0
660, 1, 209, 259, 91, 0, 39.56%, 1, 0, 8, 445.52, 295204, 161, 1, 0
665, 1, 10, 259, 88, 0, 39.56%, 1, 0, 8, 422.57, 297323, 161, 1, 0
670, 1, 53, 259, 84, 0, 39.56%, 1, 0, 8, 414.41, 299482, 161, 1, 0
675, 1, 185, 259, 82, 0, 39.56%, 1, 0, 8, 410.76, 301572, 161, 1, 0
680, 1, 39, 259, 77, 0, 39.56%, 1, 0, 8, 436.32, 303887, 161, 1, 0
685, 1, 224, 261, 76, 0, 39.80%, 1, 0, 8, 439.44, 306097, 162, 1, 0
690, 1, 188, 261, 72, 0, 39.80%, 1, 0, 8, 433.86, 308307, 162, 1, 0
695, 1, 158, 261, 68, 0, 39.80%, 1, 0, 8, 420.67, 310377, 162, 1, 0
700, 1, 183, 261, 65, 0, 39.80%, 1, 0, 8, 427.90, 312518, 162, 1, 0
705, 1, 95, 261, 61, 0, 39.80%, 1, 0, 8, 450.16, 314857, 162, 1, 0
711, 1, 157, 261, 59, 0, 39.80%, 1, 0, 8, 442.21, 317080, 162, 1, 0
716, 1, 207, 261, 55, 0, 39.80%, 1, 0, 8, 462.19, 319426, 162, 1, 0
721, 1, 247, 261, 50, 0, 39.80%, 1, 0, 8, 428.63, 321569, 162, 1, 0
726, 1, 259, 262, 47, 0, 39.80%, 1, 0, 8, 443.13, 323792, 162, 1, 0
731, 1, 225, 262, 44, 0, 39.80%, 1, 0, 8, 447.48, 326196, 162, 1, 0
736, 1, 180, 262, 44, 0, 39.80%, 1, 0, 8, 447.60, 328455, 162, 1, 0
741, 1, 210, 262, 42, 0, 39.80%, 1, 0, 8, 429.79, 330617, 162, 1, 0
746, 1, 94, 262, 41, 0, 39.80%, 1, 0, 8, 439.49, 332803, 162, 1, 0
751, 1, 92, 262, 39, 0, 39.80%, 1, 0, 8, 430.05, 334942, 162, 1, 0
756, 1, 98, 262, 38, 0, 39.80%, 1, 0, 8, 416.57, 337086, 162, 1, 0
761, 1, 78, 262, 33, 0, 39.80%, 1, 0, 8, 440.19, 339316, 162, 1, 0
766, 1, 31, 262, 31, 0, 39.80%, 1, 0, 8, 434.64, 341466, 162, 1, 0
771, 1, 60, 262, 28, 0, 39.80%, 1, 0, 8, 428.96, 343629, 162, 1, 0
776, 2, 268, 288, 51, 8, 42.51%, 1, 0, 8, 460.58, 346002, 173, 1, 0
781, 2, 283, 288, 49, 6, 42.51%, 1, 0, 8, 437.33, 348231, 173, 1, 0
786, 2, 281, 288, 45, 2, 42.51%, 1, 0, 8, 460.05, 350580, 173, 1, 0
792, 2, 244, 288, 43, 0, 42.51%, 3, 0, 8, 427.37, 352713, 173, 4, 0
797, 2, 269, 288, 41, 0, 42.51%, 3, 0, 8, 456.28, 355076, 173, 4, 0
802, 2, 280, 288, 38, 0, 42.51%, 3, 0, 8, 430.38, 357204, 173, 4, 0
807, 2, 187, 288, 35, 0, 42.51%, 3, 0, 8, 421.95, 359377, 173, 5, 0
812, 2, 12, 288, 31, 0, 42.51%, 3, 0, 8, 454.38, 361706, 173, 5, 0
817, 2, 29, 288, 29, 0, 42.51%, 3, 0, 8, 466.22, 364185, 173, 6, 0
822, 2, 161, 288, 27, 0, 42.51%, 3, 0, 8, 472.43, 366546, 173, 6, 0
827, 2, 282, 288, 25, 0, 42.51%, 4, 0, 8, 463.19, 368874, 173, 7, 0
832, 2, 108, 288, 24, 0, 42.51%, 4, 0, 8, 447.45, 371152, 173, 8, 0
837, 2, 225, 288, 22, 0, 42.51%, 4, 0, 8, 449.75, 373361, 173, 8, 0
842, 2, 281, 288, 19, 0, 42.51%, 4, 0, 8, 486.31, 375828, 173, 8, 0
848, 2, 273, 288, 17, 0, 42.51%, 4, 0, 8, 455.70, 378073, 173, 10, 0
853, 2, 287, 288, 16, 0, 42.51%, 4, 0, 8, 439.52, 380360, 173, 12, 0
858, 2, 93, 288, 15, 0, 42.51%, 4, 0, 8, 451.83, 382668, 173, 14, 0
863, 2, 168, 288, 14, 0, 42.51%, 4, 0, 8, 462.17, 384998, 173, 14, 0
868, 2, 103, 288, 12, 0, 42.51%, 4, 0, 8, 434.17, 387217, 173, 15, 0
873, 2, 288, 289, 12, 1, 42.51%, 4, 0, 8, 425.57, 389404, 173, 15, 0
878, 2, 25, 289, 11, 0, 42.51%, 4, 0, 8, 448.59, 391759, 173, 15, 0
883, 2, 212, 289, 10, 0, 42.51%, 5, 0, 8, 444.30, 394019, 173, 16, 0
888, 2, 188, 289, 9, 0, 42.51%, 5, 0, 8, 424.97, 396152, 173, 16, 0
893, 3, 290, 294, 14, 1, 42.51%, 5, 0, 8, 423.46, 398382, 173, 19, 0
898, 3, 293, 294, 11, 0, 42.51%, 5, 0, 8, 440.79, 400683, 173, 19, 0
903, 3, 50, 294, 9, 0, 42.51%, 5, 0, 8, 449.26, 402959, 173, 19, 0
909, 3, 212, 294, 9, 0, 42.51%, 5, 0, 8, 447.40, 405253, 173, 21, 0
914, 3, 237, 294, 9, 0, 42.51%, 6, 0, 8, 461.67, 407627, 173, 24, 0
919, 3, 153, 295, 9, 0, 42.51%, 6, 0, 8, 464.52, 409951, 173, 25, 0
924, 3, 10, 295, 8, 0, 42.51%, 6, 0, 8, 457.42, 412255, 173, 26, 0
929, 3, 50, 295, 8, 0, 42.51%, 6, 0, 8, 452.72, 414537, 173, 26, 0
934, 3, 141, 295, 8, 0, 42.51%, 6, 0, 8, 447.60, 416803, 173, 26, 0
939, 3, 262, 295, 8, 0, 42.51%, 6, 0, 8, 431.39, 418988, 173, 32, 0
944, 3, 212, 295, 7, 0, 42.51%, 6, 0, 8, 448.81, 421285, 173, 32, 0
949, 3, 264, 295, 7, 0, 42.51%, 6, 0, 8, 446.18, 423521, 173, 33, 0
954, 3, 288, 295, 6, 0, 42.51%, 6, 0, 8, 439.93, 425701, 173, 33, 0
959, 3, 279, 295, 5, 0, 42.51%, 6, 0, 8, 433.71, 427919, 173, 34, 0
964, 3, 277, 295, 5, 0, 42.51%, 6, 0, 8, 470.48, 430273, 173, 34, 0
969, 3, 210, 295, 5, 0, 42.51%, 6, 0, 8, 459.41, 432544, 173, 35, 0
974, 3, 50, 295, 5, 0, 42.51%, 6, 0, 8, 447.28, 434781, 173, 36, 0
979, 3, 14, 295, 5, 0, 42.51%, 6, 0, 8, 439.44, 436997, 173, 36, 0
984, 3, 212, 295, 5, 0, 42.51%, 6, 0, 8, 445.79, 439254, 173, 36, 0
989, 4, 295, 297, 7, 1, 42.75%, 7, 0, 8, 436.18, 441440, 174, 37, 0
995, 4, 264, 297, 6, 0, 42.75%, 7, 0, 8, 437.73, 443646, 174, 37, 0
1000, 4, 258, 297, 6, 0, 42.75%, 7, 0, 8, 432.69, 445779, 174, 38, 0
1005, 4, 3, 297, 4, 0, 42.75%, 7, 0, 8, 440.79, 448107, 174, 38, 0
1010, 4, 50, 297, 4, 0, 42.75%, 7, 0, 8, 439.94, 450325, 174, 40, 0
1015, 4, 276, 297, 4, 0, 42.75%, 7, 0, 8, 427.98, 452529, 174, 41, 0
1020, 4, 288, 298, 4, 0, 42.75%, 7, 0, 8, 441.04, 454789, 174, 42, 0
1025, 4, 297, 299, 5, 0, 42.75%, 7, 0, 8, 450.69, 457051, 174, 43, 0
1030, 4, 297, 300, 6, 0, 42.75%, 7, 0, 8, 465.81, 459389, 174, 43, 0
1035, 4, 283, 300, 5, 0, 42.75%, 7, 0, 8, 465.55, 461732, 174, 43, 0
1040, 4, 283, 300, 5, 0, 42.75%, 7, 0, 8, 446.11, 463886, 174, 44, 0
1045, 4, 290, 300, 5, 0, 42.75%, 7, 0, 8, 452.48, 466160, 174, 44, 0
1050, 4, 212, 300, 5, 0, 42.75%, 7, 0, 8, 476.74, 468590, 174, 45, 0
1055, 4, 210, 300, 5, 0, 42.75%, 7, 0, 8, 436.95, 470779, 174, 45, 0
1060, 4, 299, 301, 6, 0, 42.75%, 7, 0, 9, 441.66, 472990, 174, 46, 0
1066, 4, 299, 301, 6, 0, 42.75%, 7, 0, 9, 426.02, 475238, 174, 46, 0
1071, 4, 249, 301, 5, 0, 42.75%, 7, 0, 9, 458.88, 477602, 174, 46, 0
1076, 4, 50, 301, 4, 0, 42.75%, 7, 0, 9, 456.15, 479962, 174, 46, 0
1081, 4, 300, 301, 4, 0, 42.75%, 7, 0, 9, 460.82, 482216, 174, 46, 0
1086, 4, 290, 301, 3, 0, 42.75%, 8, 0, 9, 451.77, 484441, 174, 47, 0
1091, 4, 298, 301, 3, 0, 42.75%, 8, 0, 9, 450.55, 486668, 174, 47, 0
1096, 4, 250, 301, 2, 0, 42.75%, 8, 0, 9, 440.54, 488960, 174, 47, 0
1101, 4, 280, 301, 2, 0, 42.75%, 8, 0, 9, 468.87, 491378, 174, 48, 0
1106, 5, 138, 303, 4, 0, 43.00%, 8, 0, 9, 471.20, 493754, 175, 48, 0
1111, 5, 260, 303, 3, 0, 43.00%, 8, 0, 9, 457.52, 496044, 175, 48, 0
1116, 5, 210, 303, 3, 0, 43.00%, 8, 0, 9, 455.95, 498316, 175, 48, 0
1121, 5, 277, 303, 3, 0, 43.00%, 8, 0, 9, 457.21, 500603, 175, 48, 0
1126, 5, 288, 303, 3, 0, 43.00%, 8, 0, 9, 445.36, 502868, 175, 52, 0
1132, 5, 122, 304, 3, 0, 43.00%, 8, 0, 9, 449.51, 505196, 175, 52, 0
1137, 5, 283, 304, 3, 0, 43.00%, 8, 0, 9, 464.94, 507564, 175, 55, 0
1142, 5, 179, 304, 2, 0, 43.00%, 8, 0, 9, 457.78, 509858, 175, 55, 0
1147, 5, 222, 304, 2, 0, 43.00%, 8, 0, 9, 418.26, 511987, 175, 58, 0
1152, 5, 188, 304, 2, 0, 43.00%, 8, 0, 9, 399.48, 513997, 175, 58, 0
1157, 5, 281, 304, 1, 0, 43.00%, 8, 0, 9, 441.00, 516185, 175, 61, 0
1162, 5, 277, 304, 1, 0, 43.00%, 8, 0, 9, 430.27, 518338, 175, 61, 0
1167, 5, 281, 304, 1, 0, 43.00%, 8, 0, 9, 469.23, 520680, 175, 61, 0
1172, 5, 212, 304, 1, 0, 43.00%, 8, 0, 9, 448.19, 522881, 175, 64, 0
1177, 5, 281, 304, 1, 0, 43.00%, 8, 0, 9, 446.38, 525117, 175, 64, 0
1182, 5, 48, 304, 1, 0, 43.00%, 9, 0, 9, 452.23, 527401, 175, 67, 0
1187, 5, 259, 304, 1, 0, 43.00%, 10, 0, 9, 435.44, 529586, 175, 68, 0
1192, 5, 179, 304, 1, 0, 43.00%, 10, 0, 9, 418.23, 531709, 175, 68, 0
1197, 5, 206, 304, 1, 0, 43.00%, 10, 0, 9, 431.58, 533915, 175, 68, 0
1202, 5, 212, 304, 1, 0, 43.00%, 10, 0, 9, 455.58, 536251, 175, 70, 0
1207, 6, 325, 330, 27, 5, 50.61%, 10, 0, 9, 426.82, 538342, 206, 70, 0
1212, 6, 325, 333, 30, 5, 50.61%, 10, 0, 9, 433.58, 540570, 206, 70, 0
1217, 6, 325, 335, 32, 5, 50.61%, 10, 0, 9, 438.66, 542752, 206, 70, 0
1223, 6, 325, 336, 33, 5, 50.61%, 10, 0, 9, 446.09, 544991, 206, 70, 0
1228, 6, 325, 338, 35, 5, 50.86%, 10, 0, 9, 432.84, 547165, 207, 70, 0
1233, 6, 325, 338, 35, 5, 50.86%, 10, 0, 9, 401.89, 549257, 207, 70, 0
1238, 6, 325, 338, 35, 5, 50.86%, 10, 0, 9, 407.44, 551389, 207, 70, 0
1243, 6, 325, 339, 36, 5, 50.86%, 10, 0, 9, 436.44, 553612, 207, 70, 0
1248, 6, 325, 339, 36, 5, 50.86%, 10, 0, 9, 450.45, 555973, 207, 70, 0
1253, 6, 325, 340, 37, 5, 50.86%, 10, 0, 9, 432.51, 558076, 207, 70, 0
1258, 6, 325, 340, 37, 5, 50.86%, 10, 0, 9, 433.33, 560332, 207, 70, 0
1263, 6, 325, 340, 37, 5, 50.86%, 10, 0, 9, 442.52, 562604, 207, 70, 0
1268, 6, 325, 341, 38, 5, 51.11%, 10, 0, 9, 451.30, 564883, 208, 70, 0
1273, 6, 325, 341, 38, 5, 51.11%, 10, 0, 9, 436.01, 567059, 208, 70, 0
1279, 6, 325, 342, 39, 5, 51.11%, 10, 0, 9, 421.69, 569202, 208, 70, 0
1284, 6, 325, 342, 39, 5, 51.11%, 10, 0, 9, 421.66, 571370, 208, 70, 0
1289, 6, 325, 342, 39, 5, 51.11%, 10, 0, 9, 439.38, 573682, 208, 70, 0
1294, 6, 325, 342, 39, 5, 51.11%, 10, 0, 9, 416.36, 575834, 208, 70, 0
1299, 6, 325, 344, 41, 5, 51.35%, 10, 0, 9, 434.75, 578072, 209, 70, 0
1304, 6, 325, 344, 41, 5, 51.35%, 10, 0, 9, 415.46, 580128, 209, 70, 0
1309, 6, 325, 344, 41, 5, 51.35%, 10, 0, 9, 449.85, 582448, 209, 70, 0
1314, 6, 325, 344, 41, 5, 51.35%, 10, 0, 9, 440.87, 584713, 209, 70, 0
1319, 6, 325, 344, 41, 5, 51.35%, 10, 0, 9, 416.28, 586761, 209, 70, 0
1325, 6, 325, 344, 41, 5, 51.35%, 10, 0, 9, 409.31, 588841, 209, 70, 0
1330, 6, 343, 348, 44, 7, 51.35%, 10, 0, 9, 430.41, 591041, 209, 70, 0
1335, 6, 343, 354, 50, 7, 51.35%, 10, 0, 9, 431.17, 593239, 209, 70, 0
1340, 6, 305, 357, 51, 6, 51.35%, 10, 0, 9, 431.20, 595512, 209, 70, 0
1345, 6, 336, 357, 50, 5, 51.35%, 10, 0, 9, 443.64, 597718, 209, 70, 0
1350, 6, 340, 358, 50, 4, 51.35%, 10, 0, 9, 451.93, 600010, 209, 70, 0
1355, 6, 308, 358, 49, 3, 51.35%, 10, 0, 9, 422.19, 602164, 209, 70, 0
1360, 6, 374, 375, 64, 3, 51.60%, 10, 0, 9, 413.85, 604244, 210, 70, 0
1365, 6, 225, 375, 62, 1, 51.60%, 10, 0, 9, 427.48, 606429, 210, 70, 0
1370, 6, 372, 375, 61, 1, 51.60%, 10, 0, 9, 437.88, 608606, 210, 70, 0
1375, 6, 283, 375, 59, 0, 51.60%, 10, 0, 9, 433.38, 610779, 210, 70, 0
1380, 6, 333, 375, 58, 0, 51.60%, 10, 0, 9, 437.91, 612988, 210, 70, 0
1385, 6, 328, 375, 56, 0, 51.60%, 10, 0, 9, 434.53, 615181, 210, 70, 0
1390, 6, 355, 375, 55, 0, 51.60%, 10, 0, 9, 432.10, 617356, 210, 70, 0
1395, 6, 350, 375, 53, 0, 51.60%, 10, 0, 9, 444.53, 619685, 210, 70, 0
1400, 6, 283, 375, 51, 0, 51.60%, 10, 0, 9, 442.56, 621980, 210, 70, 0
1405, 6, 319, 375, 50, 0, 51.60%, 10, 0, 9, 455.85, 624262, 210, 70, 0
1410, 6, 322, 375, 48, 0, 51.60%, 10, 0, 9, 443.18, 626459, 210, 70, 0
1415, 6, 316, 375, 46, 0, 51.60%, 10, 0, 9, 456.45, 628754, 210, 70, 0
1421, 6, 312, 375, 45, 0, 51.60%, 10, 0, 9, 471.90, 631192, 210, 70, 0
1426, 6, 342, 376, 44, 0, 51.60%, 10, 0, 9, 436.46, 633402, 210, 70, 0
1431, 6, 376, 379, 46, 1, 51.60%, 10, 0, 9, 412.44, 635465, 210, 70, 0
1436, 6, 353, 379, 44, 0, 51.60%, 10, 0, 9, 419.43, 637628, 210, 70, 0
1441, 6, 331, 379, 42, 0, 51.60%, 10, 0, 9, 434.78, 639862, 210, 70, 0
1446, 6, 323, 379, 40, 0, 51.60%, 11, 0, 9, 428.53, 642039, 210, 71, 0
1451, 6, 361, 379, 39, 0, 51.60%, 11, 0, 9, 455.20, 644352, 210, 71, 0
1456, 6, 313, 379, 38, 0, 51.60%, 11, 0, 9, 439.95, 646463, 210, 71, 0
1461, 6, 212, 379, 36, 0, 51.60%, 11, 0, 9, 431.10, 648612, 210, 71, 0
1466, 6, 347, 379, 35, 0, 51.60%, 11, 0, 9, 422.22, 650786, 210, 71, 0
1471, 6, 212, 380, 35, 0, 51.60%, 11, 0, 9, 414.74, 652871, 210, 71, 0
1476, 6, 253, 380, 34, 0, 51.60%, 11, 0, 9, 410.71, 654946, 210, 71, 0
1481, 6, 42, 380, 32, 0, 51.60%, 11, 0, 9, 434.89, 657234, 210, 71, 0
1487, 6, 221, 380, 31, 0, 51.60%, 11, 0, 9, 428.97, 659436, 210, 71, 0
1492, 6, 301, 380, 30, 0, 51.60%, 11, 0, 9, 438.67, 661649, 210, 71, 0
1497, 6, 351, 380, 29, 0, 51.60%, 11, 0, 9, 438.84, 663868, 210, 71, 0
1502, 6, 359, 380, 28, 0, 51.60%, 11, 0, 9, 435.04, 666083, 210, 71, 0
1507, 6, 197, 380, 26, 0, 51.60%, 11, 0, 9, 437.20, 668274, 210, 71, 0
1512, 6, 379, 380, 25, 0, 51.60%, 11, 0, 9, 463.56, 670678, 210, 71, 0
1517, 6, 122, 383, 27, 0, 51.60%, 11, 0, 9, 432.23, 672879, 210, 71, 0
1522, 6, 345, 383, 26, 0, 51.60%, 11, 0, 9, 461.52, 675228, 210, 72, 0
1527, 6, 306, 383, 25, 0, 51.60%, 11, 0, 9, 441.10, 677421, 210, 72, 0
1532, 6, 321, 383, 24, 0, 51.60%, 11, 0, 9, 466.06, 679832, 210, 72, 0
1537, 6, 307, 384, 23, 0, 51.60%, 11, 0, 9, 465.60, 682165, 210, 72, 0
1542, 6, 375, 384, 22, 0, 51.60%, 11, 0, 9, 465.58, 684504, 210, 72, 0
1548, 6, 317, 384, 20, 0, 51.60%, 11, 0, 9, 460.88, 686864, 210, 72, 0
1553, 6, 141, 384, 18, 0, 51.60%, 11, 0, 9, 432.97, 689160, 210, 72, 0
1558, 6, 332, 384, 18, 0, 51.60%, 11, 0, 9, 433.89, 691370, 210, 72, 0
1563, 6, 341, 384, 16, 0, 51.60%, 11, 0, 9, 443.29, 693608, 210, 72, 0
1568, 6, 351, 384, 14, 0, 51.60%, 11, 0, 9, 458.38, 695964, 210, 72, 0
1573, 6, 283, 384, 13, 0, 51.60%, 11, 0, 9, 453.03, 698289, 210, 72, 0
1578, 6, 309, 384, 13, 0, 51.60%, 11, 0, 9, 481.19, 700688, 210, 73, 0
1583, 6, 122, 384, 11, 0, 51.60%, 11, 0, 9, 454.11, 702966, 210, 73, 0
1588, 6, 212, 384, 11, 0, 51.60%, 11, 0, 9, 442.71, 705215, 210, 74, 0
1593, 6, 301, 384, 10, 0, 51.60%, 11, 0, 9, 445.91, 707459, 210, 76, 0
1598, 6, 50, 384, 10, 0, 51.60%, 11, 0, 9, 456.02, 709715, 210, 79, 0
1604, 6, 276, 384, 9, 0, 51.60%, 11, 0, 9, 476.06, 712119, 210, 79, 0
1609, 6, 371, 384, 9, 0, 51.60%, 11, 0, 9, 430.62, 714273, 210, 79, 0
1614, 7, 394, 397, 21, 2, 51.84%, 11, 0, 9, 407.94, 716354, 211, 79, 0
1619, 7, 31, 397, 19, 0, 51.84%, 11, 0, 9, 408.76, 718413, 211, 80, 0
1624, 7, 386, 397, 19, 0, 51.84%, 11, 0, 9, 454.43, 720746, 211, 80, 0
1629, 7, 384, 397, 17, 0, 51.84%, 11, 0, 9, 433.09, 722982, 211, 80, 0
1634, 7, 395, 397, 16, 0, 51.84%, 11, 0, 9, 431.35, 725197, 211, 80, 0
1639, 7, 210, 397, 15, 0, 51.84%, 11, 0, 9, 439.73, 727416, 211, 80, 0
1644, 7, 391, 397, 14, 0, 51.84%, 11, 0, 9, 462.79, 729854, 211, 80, 0
1649, 7, 122, 397, 13, 0, 51.84%, 11, 0, 9, 475.62, 732269, 211, 80, 0
1654, 7, 390, 397, 12, 0, 51.84%, 11, 0, 9, 450.42, 734525, 211, 80, 0
1660, 7, 288, 397, 11, 0, 51.84%, 11, 0, 9, 438.10, 736762, 211, 80, 0
1665, 7, 389, 397, 11, 0, 51.84%, 11, 0, 9, 439.79, 738998, 211, 84, 0
1670, 7, 355, 397, 9, 0, 51.84%, 11, 0, 9, 435.24, 741164, 211, 84, 0
1675, 7, 394, 397, 9, 0, 51.84%, 11, 0, 9, 443.02, 743377, 211, 84, 0
1680, 7, 188, 397, 9, 0, 51.84%, 11, 0, 9, 449.46, 745635, 211, 86, 0
1685, 7, 103, 397, 9, 0, 51.84%, 11, 0, 9, 453.35, 747889, 211, 93, 0
1690, 7, 378, 397, 9, 0, 51.84%, 11, 0, 9, 436.66, 750085, 211, 94, 0
1695, 7, 194, 397, 8, 0, 51.84%, 11, 0, 9, 434.51, 752231, 211, 94, 0
1700, 7, 295, 397, 7, 0, 51.84%, 11, 0, 9, 469.07, 754571, 211, 95, 0
1705, 7, 221, 397, 7, 0, 51.84%, 11, 0, 9, 456.01, 756799, 211, 98, 0
1710, 7, 103, 397, 6, 0, 51.84%, 11, 0, 9, 440.45, 759031, 211, 98, 0
1715, 7, 358, 397, 6, 0, 51.84%, 11, 0, 9, 448.67, 761310, 211, 101, 0
1720, 7, 95, 397, 5, 0, 51.84%, 11, 0, 9, 454.63, 763639, 211, 101, 0
1726, 7, 397, 398, 6, 1, 53.32%, 11, 0, 9, 437.98, 765851, 217, 101, 0
1731, 7, 406, 413, 20, 5, 60.69%, 11, 0, 9, 452.46, 768142, 247, 101, 0
1736, 7, 403, 414, 20, 4, 60.69%, 11, 0, 9, 472.61, 770580, 247, 101, 0
1741, 7, 403, 430, 36, 4, 60.69%, 11, 0, 9, 464.69, 772893, 247, 101, 0
1746, 7, 403, 430, 36, 4, 60.69%, 11, 0, 9, 456.22, 775206, 247, 101, 0
1751, 7, 403, 432, 38, 4, 60.69%, 11, 0, 9, 463.95, 777569, 247, 101, 0
1756, 7, 403, 432, 38, 4, 60.69%, 11, 0, 9, 438.43, 779730, 247, 101, 0
1761, 7, 403, 432, 38, 4, 60.69%, 11, 0, 9, 429.34, 781898, 247, 101, 0
1766, 7, 403, 433, 39, 4, 60.69%, 11, 0, 9, 461.28, 784245, 247, 101, 0
1771, 7, 403, 433, 39, 4, 60.69%, 11, 0, 9, 454.62, 786522, 247, 101, 0
1776, 7, 403, 433, 39, 4, 60.69%, 11, 0, 9, 439.33, 788769, 247, 101, 0
1781, 7, 403, 433, 39, 4, 60.69%, 11, 0, 9, 446.88, 791033, 247, 101, 0
1786, 7, 403, 433, 39, 4, 60.69%, 11, 0, 9, 429.06, 793273, 247, 101, 0
1791, 7, 403, 433, 39, 4, 60.69%, 11, 0, 9, 460.88, 795693, 247, 101, 0
1796, 7, 403, 433, 39, 4, 60.69%, 11, 0, 9, 449.31, 797937, 247, 101, 0
1801, 7, 403, 433, 39, 4, 60.69%, 11, 0, 9, 445.69, 800121, 247, 101, 0
1806, 7, 403, 434, 40, 4, 60.69%, 11, 0, 9, 456.10, 802450, 247, 101, 0
1812, 7, 403, 435, 41, 4, 60.93%, 11, 0, 9, 435.66, 804703, 248, 101, 0
1817, 7, 403, 437, 43, 4, 60.93%, 11, 0, 9, 425.95, 806877, 248, 101, 0
1822, 7, 403, 437, 43, 4, 60.93%, 11, 0, 9, 427.92, 809053, 248, 101, 0
1827, 7, 403, 437, 43, 4, 60.93%, 11, 0, 9, 443.34, 811293, 248, 101, 0
1832, 7, 403, 437, 43, 4, 60.93%, 11, 0, 9, 425.14, 813501, 248, 101, 0
1837, 7, 403, 437, 43, 4, 60.93%, 11, 0, 9, 415.47, 815629, 248, 101, 0
1842, 7, 403, 437, 43, 4, 60.93%, 11, 0, 9, 436.67, 817845, 248, 101, 0
1847, 7, 403, 437, 43, 4, 60.93%, 11, 0, 9, 437.99, 820053, 248, 101, 0
1852, 7, 402, 437, 42, 5, 60.93%, 11, 0, 9, 437.85, 822221, 248, 101, 0
1857, 7, 437, 438, 42, 5, 60.93%, 11, 0, 9, 485.73, 824627, 248, 101, 0
1862, 7, 433, 439, 42, 4, 60.93%, 11, 0, 9, 469.72, 827006, 248, 101, 0
1868, 7, 433, 440, 43, 4, 60.93%, 11, 0, 9, 450.75, 829326, 248, 101, 0
1873, 7, 433, 440, 43, 4, 60.93%, 11, 0, 9, 462.86, 831648, 248, 101, 0
1878, 7, 226, 440, 41, 2, 60.93%, 11, 0, 9, 444.15, 833947, 248, 101, 0
1883, 7, 434, 440, 40, 1, 60.93%, 11, 0, 9, 437.32, 836151, 248, 101, 0
1888, 7, 434, 440, 40, 1, 60.93%, 11, 0, 9, 412.17, 838202, 248, 101, 0
1893, 7, 434, 450, 50, 1, 61.43%, 11, 0, 9, 459.15, 840562, 250, 101, 0
1898, 7, 434, 451, 51, 1, 61.43%, 11, 0, 9, 427.14, 842742, 250, 101, 0
1903, 7, 434, 451, 51, 1, 61.43%, 11, 0, 9, 416.07, 844870, 250, 101, 0
1908, 7, 434, 451, 51, 1, 61.43%, 11, 0, 9, 431.20, 847086, 250, 101, 0
1913, 7, 444, 451, 49, 2, 61.43%, 11, 0, 9, 437.31, 849319, 250, 101, 0
1918, 7, 212, 451, 47, 0, 61.43%, 11, 0, 9, 460.72, 851733, 250, 101, 0
1924, 7, 420, 451, 47, 0, 61.43%, 11, 0, 9, 430.14, 853910, 250, 101, 0
1929, 7, 443, 451, 46, 0, 61.43%, 11, 0, 9, 440.98, 856172, 250, 102, 0
1934, 7, 439, 453, 47, 0, 61.43%, 11, 0, 9, 438.82, 858396, 250, 102, 0
1939, 7, 422, 453, 46, 0, 61.43%, 11, 0, 9, 443.37, 860664, 250, 102, 0
1944, 7, 417, 453, 44, 0, 61.43%, 11, 0, 9, 463.59, 863044, 250, 102, 0
1949, 7, 433, 453, 42, 0, 61.43%, 11, 0, 9, 450.07, 865294, 250, 102, 0
1954, 7, 437, 453, 41, 0, 61.43%, 11, 0, 9, 434.08, 867550, 250, 102, 0
1959, 7, 423, 455, 43, 0, 61.43%, 11, 0, 9, 438.73, 869792, 250, 102, 0
1964, 7, 451, 455, 42, 0, 61.43%, 11, 0, 9, 444.85, 872054, 250, 102, 0
1969, 7, 324, 458, 44, 0, 61.43%, 11, 0, 9, 432.02, 874190, 250, 102, 0
1974, 7, 455, 460, 46, 0, 61.43%, 11, 0, 9, 413.52, 876318, 250, 102, 0
1979, 7, 459, 461, 46, 0, 61.43%, 11, 0, 9, 411.24, 878339, 250, 102, 0
1984, 7, 414, 461, 45, 0, 61.43%, 11, 0, 9, 436.34, 880571, 250, 102, 0
1989, 7, 66, 461, 43, 0, 61.43%, 11, 0, 9, 438.29, 882818, 250, 102, 0
1994, 7, 432, 461, 42, 0, 61.43%, 11, 0, 9, 450.82, 885148, 250, 102, 0
1999, 7, 441, 461, 41, 0, 61.43%, 11, 0, 9, 427.88, 887356, 250, 102, 0
2004, 7, 154, 461, 40, 0, 61.43%, 11, 0, 9, 466.07, 889687, 250, 104, 0
2009, 7, 400, 461, 39, 0, 61.43%, 11, 0, 9, 457.54, 892018, 250, 104, 0
2015, 7, 445, 461, 38, 0, 61.43%, 11, 0, 9, 448.70, 894328, 250, 104, 0
2020, 7, 385, 461, 36, 0, 61.43%, 11, 0, 9, 444.28, 896548, 250, 104, 0
2025, 7, 264, 461, 34, 0, 61.43%, 11, 0, 9, 451.43, 898809, 250, 104, 0
2030, 7, 401, 461, 34, 0, 61.43%, 11, 0, 9, 442.86, 901071, 250, 106, 0
2035, 7, 210, 461, 32, 0, 61.43%, 11, 0, 9, 464.19, 903416, 250, 106, 0
2040, 7, 415, 461, 31, 0, 61.43%, 11, 0, 9, 431.28, 905569, 250, 106, 0
2045, 8, 465, 471, 40, 3, 61.67%, 11, 0, 9, 429.74, 907725, 251, 106, 0
2050, 8, 470, 471, 38, 1, 61.67%, 11, 0, 9, 447.52, 910069, 251, 106, 0
2055, 8, 466, 471, 37, 0, 61.67%, 11, 0, 9, 430.21, 912250, 251, 107, 0
2060, 8, 3, 471, 35, 0, 61.67%, 11, 0, 9, 394.24, 914141, 251, 107, 0
2065, 8, 208, 471, 34, 0, 61.67%, 11, 0, 9, 494.34, 916759, 251, 107, 0
2071, 8, 463, 471, 33, 0, 61.67%, 11, 0, 9, 441.11, 918975, 251, 107, 0
2076, 8, 425, 471, 31, 0, 61.67%, 11, 0, 9, 433.60, 921150, 251, 107, 0
2081, 8, 450, 471, 30, 0, 61.67%, 11, 0, 9, 425.00, 923278, 251, 107, 0
2086, 8, 452, 471, 28, 0, 61.67%, 11, 0, 9, 456.33, 925649, 251, 107, 0
2091, 8, 179, 471, 27, 0, 61.67%, 11, 0, 9, 444.03, 927894, 251, 107, 0
2096, 8, 410, 471, 27, 0, 61.67%, 11, 0, 9, 435.45, 930146, 251, 109, 0
2101, 8, 281, 471, 25, 0, 61.67%, 11, 0, 9, 429.00, 932308, 251, 109, 0
2106, 8, 449, 471, 25, 0, 61.67%, 11, 0, 9, 463.52, 934646, 251, 110, 0
2111, 8, 433, 471, 23, 0, 61.67%, 11, 0, 9, 436.99, 936819, 251, 111, 0
2116, 8, 405, 471, 22, 0, 61.67%, 11, 0, 9, 427.36, 938903, 251, 111, 0
2121, 8, 277, 471, 20, 0, 61.67%, 11, 0, 9, 418.63, 941083, 251, 111, 0
2126, 8, 418, 471, 20, 0, 61.67%, 11, 0, 9, 420.41, 943180, 251, 111, 0
2131, 8, 416, 471, 18, 0, 61.67%, 11, 0, 9, 437.89, 945364, 251, 111, 0
2136, 8, 440, 471, 17, 0, 61.67%, 11, 0, 9, 429.17, 947585, 251, 111, 0
2141, 8, 428, 471, 16, 0, 61.67%, 11, 0, 9, 393.79, 949552, 251, 111, 0
2147, 8, 95, 471, 14, 0, 61.67%, 11, 0, 9, 435.99, 951815, 251, 111, 0
2152, 8, 456, 471, 13, 0, 61.67%, 11, 0, 9, 450.53, 954180, 251, 111, 0
2157, 8, 461, 471, 12, 0, 61.67%, 11, 0, 9, 463.74, 956528, 251, 111, 0
2162, 8, 277, 471, 10, 0, 61.67%, 11, 0, 9, 431.50, 958681, 251, 111, 0
2167, 8, 458, 471, 10, 0, 61.67%, 11, 0, 9, 455.04, 960989, 251, 114, 0
2172, 8, 212, 471, 9, 0, 61.67%, 11, 0, 9, 457.78, 963340, 251, 114, 0
2177, 8, 446, 471, 8, 0, 61.67%, 11, 0, 9, 446.44, 965597, 251, 120, 0
2182, 8, 260, 471, 8, 0, 61.67%, 11, 0, 9, 455.89, 967919, 251, 120, 0
2187, 8, 469, 471, 8, 0, 61.67%, 11, 0, 9, 439.55, 970158, 251, 120, 0
2192, 8, 354, 471, 7, 0, 61.67%, 11, 0, 9, 434.65, 972401, 251, 122, 0
2197, 8, 453, 471, 6, 0, 61.67%, 11, 0, 9, 457.31, 974684, 251, 122, 0
2202, 8, 141, 471, 5, 0, 61.67%, 11, 0, 9, 449.61, 976948, 251, 122, 0
2207, 8, 324, 471, 5, 0, 61.67%, 11, 0, 9, 454.44, 979269, 251, 122, 0
2212, 8, 329, 471, 5, 0, 61.67%, 11, 0, 9, 440.89, 981484, 251, 122, 0
2218, 8, 421, 471, 5, 0, 61.67%, 11, 0, 9, 441.94, 983725, 251, 122, 0
2223, 8, 122, 471, 4, 0, 61.67%, 11, 0, 9, 455.46, 986083, 251, 123, 0
2228, 8, 39, 471, 4, 0, 61.67%, 11, 0, 9, 451.89, 988310, 251, 123, 0
2233, 8, 364, 471, 4, 0, 61.67%, 11, 0, 9, 431.35, 990516, 251, 125, 0
2238, 8, 95, 471, 3, 0, 61.67%, 11, 0, 9, 437.13, 992674, 251, 128, 0
2243, 8, 179, 471, 3, 0, 61.67%, 11, 0, 9, 444.66, 994973, 251, 128, 0
2248, 8, 442, 471, 3, 0, 61.67%, 11, 0, 9, 454.18, 997340, 251, 128, 0
2253, 8, 413, 471, 2, 0, 61.67%, 11, 0, 9, 416.48, 999365, 251, 128, 0
2258, 8, 442, 471, 1, 0, 61.67%, 11, 0, 9, 442.21, 1001628, 251, 128, 0
2263, 8, 394, 471, 1, 0, 61.67%, 11, 0, 9, 460.27, 1003965, 251, 128, 0
2268, 8, 470, 471, 1, 0, 61.67%, 11, 0, 9, 448.26, 1006211, 251, 129, 0
2273, 8, 283, 471, 1, 0, 61.67%, 11, 0, 9, 432.87, 1008384, 251, 129, 0
2278, 8, 219, 471, 1, 0, 61.67%, 11, 0, 9, 433.48, 1010583, 251, 129, 0
2284, 9, 475, 476, 6, 1, 61.92%, 11, 0, 9, 455.37, 1012967, 252, 130, 0
2289, 9, 476, 477, 6, 1, 62.16%, 11, 0, 9, 455.13, 1015204, 253, 130, 0
2294, 9, 14, 477, 5, 0, 62.16%, 11, 0, 9, 433.99, 1017430, 253, 130, 0
2299, 9, 462, 477, 5, 0, 62.16%, 11, 0, 9, 422.84, 1019500, 253, 131, 0
2304, 9, 188, 477, 5, 0, 62.16%, 11, 0, 9, 439.40, 1021751, 253, 134, 0
2309, 9, 283, 477, 5, 0, 62.16%, 11, 0, 9, 455.41, 1024111, 253, 134, 0
2314, 9, 281, 477, 5, 0, 62.16%, 11, 0, 9, 447.64, 1026326, 253, 135, 0
2319, 9, 257, 477, 5, 0, 62.16%, 11, 0, 9, 455.41, 1028663, 253, 135, 0
2324, 9, 477, 478, 6, 1, 62.41%, 11, 0, 9, 416.05, 1030763, 254, 139, 0
2329, 9, 141, 478, 5, 0, 62.41%, 11, 0, 9, 440.57, 1032960, 254, 142, 0
2334, 9, 288, 478, 5, 0, 62.41%, 11, 0, 9, 452.68, 1035308, 254, 142, 0
2339, 9, 473, 478, 5, 0, 62.41%, 11, 0, 9, 439.55, 1037448, 254, 145, 0
2344, 9, 400, 478, 4, 0, 62.41%, 11, 0, 9, 449.64, 1039778, 254, 145, 0
2349, 9, 295, 478, 3, 0, 62.41%, 11, 0, 9, 433.24, 1041995, 254, 148, 0
2354, 9, 461, 478, 3, 0, 62.41%, 11, 0, 9, 443.59, 1044227, 254, 148, 0
2359, 9, 301, 478, 3, 0, 62.41%, 11, 0, 9, 430.32, 1046357, 254, 150, 0
2364, 9, 212, 478, 3, 0, 62.41%, 11, 0, 9, 452.73, 1048595, 254, 154, 0
2370, 9, 264, 478, 3, 0, 62.41%, 11, 0, 9, 433.73, 1050757, 254, 154, 0
2375, 9, 211, 478, 3, 0, 62.41%, 11, 0, 9, 454.42, 1053050, 254, 155, 0
2380, 9, 282, 478, 3, 0, 62.41%, 11, 0, 9, 472.24, 1055441, 254, 159, 0
2385, 9, 212, 478, 3, 0, 62.41%, 11, 0, 9, 430.22, 1057626, 254, 160, 0
2390, 9, 423, 478, 3, 0, 62.41%, 11, 0, 9, 420.55, 1059839, 254, 161, 0
2395, 9, 295, 478, 3, 0, 62.41%, 11, 0, 9, 436.85, 1062024, 254, 162, 0
2400, 9, 301, 478, 3, 0, 62.41%, 11, 0, 9, 431.35, 1064195, 254, 162, 0
2405, 9, 363, 478, 3, 0, 62.41%, 11, 0, 9, 457.61, 1066575, 254, 163, 0
2410, 9, 433, 478, 2, 0, 62.41%, 11, 0, 9, 458.04, 1068866, 254, 165, 0
2415, 9, 252, 478, 2, 0, 62.41%, 11, 0, 9, 458.33, 1071105, 254, 166, 0
2420, 9, 141, 478, 1, 0, 62.41%, 11, 0, 9, 462.60, 1073402, 254, 166, 0
2425, 9, 262, 478, 1, 0, 62.41%, 11, 0, 9, 449.12, 1075677, 254, 167, 0
2431, 9, 461, 478, 1, 0, 62.41%, 11, 0, 9, 459.63, 1078032, 254, 167, 0
2436, 9, 444, 479, 2, 0, 62.41%, 11, 0, 9, 468.24, 1080433, 254, 167, 0
2441, 9, 470, 479, 2, 0, 62.41%, 11, 0, 9, 419.08, 1082498, 254, 167, 0
2446, 9, 376, 479, 2, 0, 62.41%, 11, 0, 9, 401.41, 1084594, 254, 167, 0
2451, 10, 394, 481, 3, 0, 62.41%, 11, 0, 9, 454.98, 1086901, 254, 167, 0
2456, 10, 259, 481, 3, 0, 62.41%, 11, 0, 9, 430.81, 1089075, 254, 168, 0
2461, 10, 462, 481, 3, 0, 62.41%, 11, 0, 9, 434.61, 1091342, 254, 168, 0
2466, 10, 39, 481, 3, 0, 62.41%, 11, 0, 9, 409.75, 1093397, 254, 168, 0
2471, 10, 472, 481, 3, 0, 62.41%, 11, 0, 9, 404.78, 1095414, 254, 168, 0
2476, 10, 110, 481, 2, 0, 62.41%, 11, 0, 9, 402.76, 1097482, 254, 168, 0
2482, 10, 254, 481, 1, 0, 62.41%, 11, 0, 9, 427.50, 1099787, 254, 170, 0
2487, 10, 50, 481, 1, 0, 62.41%, 11, 0, 9, 423.72, 1101863, 254, 174, 0
2492, 10, 180, 481, 1, 0, 62.41%, 11, 0, 9, 423.90, 1104047, 254, 175, 0
2497, 10, 394, 481, 1, 0, 62.41%, 11, 0, 9, 415.87, 1106162, 254, 177, 0
2502, 10, 461, 481, 1, 0, 62.41%, 11, 0, 9, 429.10, 1108415, 254, 177, 0
2507, 10, 104, 481, 1, 0, 62.41%, 11, 0, 9, 426.27, 1110609, 254, 177, 0
2512, 10, 475, 481, 1, 0, 62.41%, 11, 0, 9, 440.49, 1112844, 254, 177, 0
2517, 10, 283, 481, 1, 0, 62.41%, 11, 0, 9, 442.96, 1115083, 254, 177, 0
2522, 10, 210, 481, 1, 0, 62.41%, 11, 0, 9, 456.34, 1117376, 254, 177, 0
2527, 10, 479, 481, 1, 0, 62.41%, 11, 0, 9, 435.11, 1119652, 254, 177, 0
2532, 10, 433, 481, 0, 0, 62.41%, 11, 0, 9, 423.02, 1121760, 254, 177, 0
2538, 10, 283, 481, 0, 0, 62.41%, 11, 0, 9, 445.16, 1124103, 254, 177, 0
2543, 10, 447, 481, 0, 0, 62.41%, 11, 0, 9, 439.44, 1126417, 254, 177, 0
2548, 10, 141, 481, 0, 0, 62.41%, 11, 0, 9, 449.45, 1128800, 254, 177, 0
2553, 10, 194, 481, 0, 0, 62.41%, 11, 0, 9, 467.09, 1131146, 254, 178, 0
2558, 10, 476, 481, 0, 0, 62.41%, 11, 0, 9, 431.40, 1133284, 254, 180, 0
2563, 10, 283, 481, 0, 0, 62.41%, 11, 0, 9, 442.80, 1135609, 254, 180, 0
2568, 10, 210, 481, 0, 0, 62.41%, 11, 0, 9, 474.93, 1138079, 254, 180, 0
2573, 10, 42, 481, 0, 0, 62.41%, 11, 0, 9, 455.38, 1140397, 254, 180, 0
2578, 10, 470, 481, 0, 0, 62.41%, 11, 0, 9, 446.34, 1142670, 254, 180, 0
2584, 10, 462, 481, 0, 0, 62.41%, 11, 0, 9, 448.44, 1145012, 254, 186, 0
2589, 10, 274, 481, 0, 0, 62.41%, 11, 0, 9, 441.41, 1147219, 254, 186, 0
2594, 10, 447, 481, 0, 0, 62.41%, 11, 0, 9, 429.41, 1149354, 254, 186, 0
2599, 10, 192, 481, 0, 0, 62.41%, 11, 0, 9, 452.45, 1151625, 254, 186, 0
2604, 10, 462, 481, 0, 0, 62.41%, 11, 0, 9, 465.29, 1153964, 254, 186, 0
2609, 10, 392, 481, 0, 0, 62.41%, 11, 0, 9, 449.75, 1156188, 254, 188, 0
2614, 11, 245, 483, 2, 0, 62.41%, 11, 0, 9, 451.82, 1158411, 254, 188, 0
2619, 11, 50, 483, 2, 0, 62.41%, 11, 0, 9, 445.53, 1160614, 254, 189, 0
2624, 11, 78, 483, 2, 0, 62.41%, 11, 0, 9, 443.40, 1162804, 254, 189, 0
2629, 11, 50, 483, 2, 0, 62.41%, 11, 0, 9, 430.09, 1164960, 254, 189, 0
2634, 11, 403, 483, 2, 0, 62.41%, 11, 0, 9, 469.03, 1167257, 254, 189, 0
2639, 11, 109, 483, 2, 0, 62.41%, 11, 0, 9, 427.86, 1169354, 254, 189, 0
2644, 11, 210, 483, 2, 0, 62.41%, 11, 0, 9, 419.93, 1171505, 254, 189, 0
2649, 11, 477, 483, 2, 0, 62.41%, 11, 0, 9, 428.39, 1173730, 254, 189, 0
2655, 11, 481, 483, 2, 0, 62.41%, 11, 0, 9, 452.13, 1175983, 254, 189, 0
2660, 11, 0, 483, 1, 0, 62.41%, 11, 0, 9, 455.60, 1178246, 254, 190, 0
2665, 11, 443, 483, 1, 0, 62.41%, 11, 0, 9, 429.68, 1180405, 254, 190, 0
2670, 11, 259, 483, 1, 0, 62.41%, 11, 0, 9, 420.42, 1182578, 254, 190, 0
2675, 11, 441, 483, 1, 0, 62.41%, 11, 0, 9, 435.36, 1184761, 254, 191, 0
2680, 11, 78, 483, 1, 0, 62.41%, 11, 0, 9, 438.87, 1187031, 254, 191, 0
2685, 11, 433, 483, 1, 0, 62.41%, 11, 0, 9, 434.82, 1189221, 254, 191, 0
2690, 11, 78, 483, 1, 0, 62.41%, 11, 0, 9, 463.98, 1191567, 254, 192, 0
2695, 11, 399, 483, 1, 0, 62.41%, 11, 0, 9, 482.47, 1194073, 254, 194, 0
2700, 11, 50, 483, 0, 0, 62.41%, 11, 0, 9, 436.12, 1196181, 254, 194, 0
2705, 11, 433, 483, 0, 0, 62.41%, 11, 0, 9, 458.45, 1198482, 254, 194, 0
2710, 11, 212, 483, 0, 0, 62.41%, 11, 0, 9, 443.73, 1200683, 254, 194, 0
2715, 11, 188, 483, 0, 0, 62.41%, 11, 0, 9, 438.46, 1202903, 254, 194, 0
2720, 11, 447, 483, 0, 0, 62.41%, 11, 0, 9, 447.98, 1205147, 254, 195, 0
2725, 11, 324, 483, 0, 0, 62.41%, 11, 0, 9, 458.33, 1207442, 254, 195, 0
2730, 11, 259, 483, 0, 0, 62.41%, 11, 0, 9, 455.64, 1209682, 254, 195, 0
2735, 11, 422, 483, 0, 0, 62.41%, 11, 0, 9, 446.53, 1211957, 254, 196, 0
2740, 11, 374, 483, 0, 0, 62.41%, 11, 0, 9, 452.45, 1214246, 254, 198, 0
2745, 11, 264, 483, 0, 0, 62.41%, 11, 0, 9, 431.42, 1216401, 254, 198, 0
2751, 11, 262, 483, 0, 0, 62.41%, 11, 0, 9, 425.69, 1218558, 254, 198, 0
2756, 11, 267, 483, 0, 0, 62.41%, 11, 0, 9, 439.78, 1220915, 254, 203, 0
2761, 11, 188, 483, 0, 0, 62.41%, 11, 0, 9, 439.65, 1223174, 254, 203, 0
2766, 12, 260, 483, 0, 0, 62.41%, 11, 0, 9, 441.61, 1225472, 254, 203, 0
2771, 12, 301, 483, 0, 0, 62.41%, 11, 0, 9, 418.71, 1227508, 254, 203, 0
2776, 12, 280, 483, 0, 0, 62.41%, 11, 0, 9, 443.12, 1229815, 254, 206, 0
2781, 12, 336, 483, 0, 0, 62.41%, 11, 0, 9, 447.17, 1232089, 254, 207, 0
2786, 12, 210, 483, 0, 0, 62.41%, 11, 0, 9, 444.95, 1234389, 254, 209, 0
2791, 12, 444, 483, 0, 0, 62.41%, 11, 0, 9, 448.26, 1236716, 254, 209, 0
2796, 12, 50, 483, 0, 0, 62.41%, 11, 0, 9, 460.20, 1239021, 254, 209, 0
2801, 12, 197, 483, 0, 0, 62.41%, 11, 0, 9, 427.59, 1241099, 254, 209, 0
2806, 12, 329, 483, 0, 0, 62.41%, 11, 0, 9, 434.45, 1243305, 254, 209, 0
2811, 12, 12, 483, 0, 0, 62.41%, 11, 0, 9, 433.56, 1245500, 254, 212, 0
2816, 12, 50, 483, 0, 0, 62.41%, 11, 0, 9, 456.09, 1247950, 254, 212, 0
2822, 12, 32, 483, 0, 0, 62.41%, 11, 0, 9, 423.98, 1250077, 254, 212, 0
2827, 12, 141, 483, 0, 0, 62.41%, 11, 0, 9, 439.64, 1252313, 254, 212, 0
2832, 12, 159, 483, 0, 0, 62.41%, 11, 0, 9, 451.72, 1254642, 254, 212, 0
2837, 12, 31, 483, 0, 0, 62.41%, 11, 0, 9, 453.19, 1256902, 254, 215, 0
2842, 12, 145, 483, 0, 0, 62.41%, 11, 0, 9, 453.41, 1259232, 254, 215, 0
2847, 12, 336, 483, 0, 0, 62.41%, 11, 0, 9, 427.94, 1261414, 254, 218, 0
2852, 12, 283, 483, 0, 0, 62.41%, 11, 0, 9, 426.87, 1263582, 254, 218, 0
2857, 12, 182, 483, 0, 0, 62.41%, 11, 0, 9, 468.77, 1265964, 254, 218, 0
2862, 12, 459, 483, 0, 0, 62.41%, 11, 0, 9, 451.74, 1268193, 254, 221, 0
2867, 12, 476, 483, 0, 0, 62.41%, 11, 0, 9, 443.91, 1270383, 254, 221, 0
2872, 12, 215, 483, 0, 0, 62.41%, 11, 0, 9, 447.96, 1272677, 254, 224, 0
2877, 12, 198, 484, 1, 0, 62.41%, 11, 0, 9, 449.83, 1274903, 254, 224, 0
2882, 12, 174, 484, 1, 0, 62.41%, 11, 0, 9, 436.98, 1277060, 254, 224, 0
2887, 12, 447, 484, 1, 0, 62.41%, 11, 0, 9, 436.89, 1279258, 254, 224, 0
2892, 12, 462, 484, 1, 0, 62.41%, 11, 0, 9, 444.48, 1281547, 254, 224, 0
2897, 12, 476, 484, 1, 0, 62.41%, 11, 0, 9, 453.01, 1283854, 254, 224, 0
2903, 12, 206, 484, 1, 0, 62.41%, 11, 0, 9, 444.80, 1286104, 254, 224, 0
2908, 12, 444, 484, 1, 0, 62.41%, 11, 0, 9, 436.54, 1288269, 254, 225, 0
2913, 12, 483, 484, 1, 0, 62.41%, 11, 0, 9, 434.04, 1290463, 254, 225, 0
2918, 13, 288, 484, 0, 0, 62.41%, 11, 0, 9, 431.74, 1292653, 254, 225, 0
2923, 13, 475, 484, 0, 0, 62.41%, 11, 0, 9, 443.34, 1294940, 254, 226, 0
2928, 13, 188, 484, 0, 0, 62.41%, 11, 0, 9, 450.09, 1297292, 254, 226, 0
2933, 13, 95, 484, 0, 0, 62.41%, 11, 0, 9, 436.88, 1299483, 254, 227, 0
2938, 13, 212, 484, 0, 0, 62.41%, 11, 0, 9, 463.60, 1301803, 254, 227, 0
2943, 13, 131, 484, 0, 0, 62.41%, 11, 0, 9, 443.93, 1303981, 254, 227, 0
2948, 13, 210, 484, 0, 0, 62.41%, 11, 0, 9, 444.65, 1306202, 254, 227, 0
2953, 13, 180, 484, 0, 0, 62.41%, 11, 0, 9, 422.46, 1308327, 254, 228, 0
2958, 13, 141, 484, 0, 0, 62.41%, 11, 0, 9, 418.36, 1310463, 254, 228, 0
2963, 13, 305, 484, 0, 0, 62.41%, 11, 0, 9, 419.97, 1312645, 254, 228, 0
2968, 13, 281, 484, 0, 0, 62.41%, 11, 0, 9, 405.52, 1314696, 254, 229, 0
2973, 13, 255, 484, 0, 0, 62.41%, 11, 0, 9, 428.86, 1316809, 254, 231, 0
2978, 13, 301, 484, 0, 0, 62.41%, 11, 0, 9, 447.94, 1319025, 254, 233, 0
2983, 13, 188, 484, 0, 0, 62.41%, 11, 0, 9, 437.08, 1321264, 254, 234, 0
2988, 13, 188, 484, 0, 0, 62.41%, 11, 0, 9, 437.55, 1323510, 254, 236, 0
2994, 13, 462, 484, 0, 0, 62.41%, 11, 0, 9, 433.46, 1325748, 254, 236, 0
2999, 13, 100, 484, 0, 0, 62.41%, 11, 0, 9, 430.71, 1327865, 254, 236, 0
3004, 13, 50, 484, 0, 0, 62.41%, 11, 0, 9, 434.56, 1330101, 254, 236, 0
3009, 13, 143, 484, 0, 0, 62.41%, 11, 0, 9, 422.03, 1332238, 254, 239, 0
3014, 13, 351, 484, 0, 0, 62.41%, 11, 0, 9, 439.05, 1334538, 254, 239, 0
3019, 13, 3, 484, 0, 0, 62.41%, 11, 0, 9, 427.59, 1336659, 254, 240, 0
3024, 13, 50, 484, 0, 0, 62.41%, 11, 0, 9, 459.23, 1339027, 254, 240, 0
3029, 13, 233, 484, 0, 0, 62.41%, 11, 0, 9, 451.09, 1341287, 254, 243, 0
3034, 13, 78, 484, 0, 0, 62.41%, 11, 0, 9, 463.10, 1343595, 254, 246, 0
3039, 13, 288, 484, 0, 0, 62.41%, 11, 0, 9, 470.16, 1345973, 254, 246, 0
3045, 13, 374, 484, 0, 0, 62.41%, 11, 0, 9, 444.05, 1348214, 254, 246, 0
3050, 13, 465, 484, 0, 0, 62.41%, 11, 0, 9, 444.94, 1350475, 254, 246, 0
3055, 13, 210, 484, 0, 0, 62.41%, 11, 0, 9, 447.68, 1352753, 254, 248, 0
3060, 13, 324, 484, 0, 0, 62.41%, 11, 0, 9, 433.89, 1354884, 254, 248, 0
3065, 13, 210, 484, 0, 0, 62.41%, 11, 0, 9, 465.09, 1357279, 254, 250, 0
3070, 13, 461, 484, 0, 0, 62.41%, 11, 0, 9, 453.88, 1359525, 254, 251, 0
3075, 13, 240, 484, 0, 0, 62.41%, 11, 0, 9, 434.53, 1361714, 254, 251, 0
3080, 14, 336, 485, 1, 0, 62.41%, 11, 0, 9, 442.74, 1363937, 254, 251, 0
3085, 14, 324, 485, 1, 0, 62.41%, 11, 0, 9, 424.45, 1366100, 254, 251, 0
3090, 14, 283, 486, 2, 0, 62.41%, 11, 0, 9, 461.41, 1368491, 254, 252, 0
3095, 14, 433, 486, 2, 0, 62.41%, 11, 0, 9, 452.58, 1370751, 254, 253, 0
3100, 14, 81, 486, 2, 0, 62.41%, 11, 0, 9, 453.06, 1373015, 254, 255, 0
3105, 14, 485, 486, 2, 0, 62.41%, 11, 0, 9, 437.19, 1375211, 254, 255, 0
3110, 14, 31, 486, 1, 0, 62.41%, 11, 0, 9, 455.50, 1377555, 254, 257, 0
3115, 14, 399, 486, 1, 0, 62.41%, 11, 0, 9, 425.87, 1379719, 254, 257, 0
3121, 14, 444, 486, 1, 0, 62.41%, 11, 0, 9, 463.48, 1382145, 254, 257, 0
3126, 14, 39, 486, 1, 0, 62.41%, 11, 0, 9, 439.11, 1384330, 254, 259, 0
3131, 14, 301, 486, 1, 0, 62.41%, 11, 0, 9, 464.42, 1386704, 254, 259, 0
3136, 14, 433, 486, 1, 0, 62.41%, 11, 0, 9, 477.87, 1389046, 254, 259, 0
3141, 14, 92, 486, 1, 0, 62.41%, 11, 0, 9, 448.99, 1391303, 254, 259, 0
3146, 14, 433, 486, 1, 0, 62.41%, 11, 0, 9, 426.23, 1393492, 254, 259, 0
3151, 14, 271, 486, 1, 0, 62.41%, 11, 0, 9, 415.46, 1395612, 254, 259, 0
3156, 14, 484, 486, 1, 0, 62.41%, 11, 0, 9, 413.09, 1397716, 254, 259, 0
3161, 14, 205, 486, 0, 0, 62.41%, 11, 0, 9, 412.19, 1399800, 254, 260, 0
3166, 14, 188, 486, 0, 0, 62.41%, 11, 0, 9, 440.43, 1402058, 254, 264, 0
3171, 14, 476, 486, 0, 0, 62.41%, 11, 0, 9, 466.43, 1404392, 254, 264, 0
3176, 14, 470, 486, 0, 0, 62.41%, 11, 0, 9, 456.78, 1406744, 254, 264, 0
3182, 14, 462, 486, 0, 0, 62.41%, 11, 0, 9, 445.40, 1409014, 254, 267, 0
3187, 14, 188, 486, 0, 0, 62.41%, 11, 0, 9, 459.88, 1411349, 254, 267, 0
3192, 14, 95, 486, 0, 0, 62.41%, 11, 0, 9, 446.02, 1413603, 254, 267, 0
3197, 14, 50, 486, 0, 0, 62.41%, 11, 0, 9, 432.86, 1415881, 254, 267, 0
3202, 14, 50, 486, 0, 0, 62.41%, 11, 0, 9, 478.56, 1418364, 254, 267, 0
3207, 14, 50, 486, 0, 0, 62.41%, 11, 0, 9, 477.07, 1420715, 254, 268, 0
3212, 14, 32, 486, 0, 0, 62.41%, 11, 0, 9, 454.66, 1422955, 254, 268, 0
3217, 14, 95, 486, 0, 0, 62.41%, 11, 0, 9, 465.67, 1425314, 254, 268, 0
3222, 14, 433, 486, 0, 0, 62.41%, 11, 0, 9, 462.80, 1427643, 254, 268, 0
3227, 14, 39, 486, 0, 0, 62.41%, 11, 0, 9, 434.40, 1429771, 254, 268, 0
3232, 15, 449, 487, 1, 0, 62.41%, 11, 0, 9, 436.39, 1432028, 254, 268, 0
3237, 15, 212, 487, 1, 0, 62.41%, 11, 0, 9, 424.44, 1434194, 254, 268, 0
3243, 15, 267, 487, 1, 0, 62.41%, 11, 0, 9, 457.01, 1436574, 254, 268, 0
3248, 15, 374, 487, 0, 0, 62.41%, 11, 0, 9, 461.24, 1438933, 254, 268, 0
3253, 15, 461, 487, 0, 0, 62.41%, 11, 0, 9, 460.40, 1441230, 254, 268, 0
3258, 15, 180, 487, 0, 0, 62.41%, 11, 0, 9, 461.62, 1443557, 254, 268, 0
3263, 15, 444, 487, 0, 0, 62.41%, 11, 0, 9, 457.81, 1445876, 254, 269, 0
3268, 15, 212, 487, 0, 0, 62.41%, 11, 0, 9, 455.52, 1448199, 254, 269, 0
3273, 15, 122, 487, 0, 0, 62.41%, 11, 0, 9, 426.29, 1450393, 254, 270, 0
3278, 15, 255, 487, 0, 0, 62.41%, 11, 0, 9, 447.11, 1452648, 254, 270, 0
3283, 15, 152, 487, 0, 0, 62.41%, 11, 0, 9, 451.51, 1454900, 254, 271, 0
3288, 15, 142, 487, 0, 0, 62.41%, 11, 0, 9, 454.67, 1457296, 254, 273, 0
3294, 15, 441, 487, 0, 0, 62.41%, 11, 0, 9, 421.10, 1459504, 254, 273, 0
3299, 15, 188, 487, 0, 0, 62.41%, 11, 0, 9, 426.10, 1461713, 254, 273, 0
3304, 15, 262, 487, 0, 0, 62.41%, 11, 0, 9, 427.27, 1463872, 254, 273, 0
3309, 15, 212, 487, 0, 0, 62.41%, 11, 0, 9, 442.88, 1466187, 254, 273, 0
3314, 15, 266, 487, 0, 0, 62.41%, 11, 0, 9, 416.95, 1468262, 254, 273, 0
3319, 15, 433, 487, 0, 0, 62.41%, 11, 0, 9, 433.89, 1470430, 254, 277, 0
3324, 15, 470, 487, 0, 0, 62.41%, 11, 0, 9, 430.54, 1472631, 254, 277, 0
3329, 15, 255, 487, 0, 0, 62.41%, 11, 0, 9, 456.61, 1475006, 254, 281, 0
3334, 15, 15, 487, 0, 0, 62.41%, 11, 0, 9, 450.50, 1477253, 254, 281, 0
3339, 15, 351, 487, 0, 0, 62.41%, 11, 0, 9, 404.37, 1479246, 254, 281, 0
3344, 15, 301, 487, 0, 0, 62.41%, 11, 0, 9, 430.62, 1481490, 254, 281, 0
3349, 15, 324, 487, 0, 0, 62.41%, 11, 0, 9, 441.38, 1483721, 254, 281, 0
3354, 15, 259, 487, 0, 0, 62.41%, 11, 0, 9, 433.24, 1485955, 254, 281, 0
3359, 15, 220, 487, 0, 0, 62.41%, 11, 0, 9, 420.78, 1488134, 254, 281, 0
3365, 15, 26, 487, 0, 0, 62.41%, 11, 0, 9, 428.47, 1490385, 254, 281, 0
3370, 15, 441, 487, 0, 0, 62.41%, 11, 0, 9, 413.04, 1492440, 254, 281, 0
3375, 15, 198, 487, 0, 0, 62.41%, 11, 0, 9, 420.31, 1494629, 254, 281, 0
3380, 15, 462, 487, 0, 0, 62.41%, 11, 0, 9, 412.45, 1496798, 254, 281, 0
3385, 15, 288, 487, 0, 0, 62.41%, 11, 0, 9, 444.86, 1499079, 254, 281, 0
3390, 16, 487, 488, 1, 1, 62.41%, 11, 0, 9, 435.74, 1501329, 254, 283, 0
3395, 16, 301, 488, 0, 0, 62.41%, 11, 0, 9, 465.69, 1503704, 254, 283, 0
3400, 16, 351, 488, 0, 0, 62.41%, 11, 0, 9, 443.96, 1505911, 254, 283, 0
3405, 16, 222, 488, 0, 0, 62.41%, 11, 0, 9, 461.37, 1508281, 254, 286, 0
3410, 16, 212, 488, 0, 0, 62.41%, 11, 0, 9, 491.37, 1510705, 254, 286, 0
3415, 16, 444, 488, 0, 0, 62.41%, 11, 0, 9, 478.88, 1513108, 254, 286, 0
3420, 16, 374, 488, 0, 0, 62.41%, 11, 0, 9, 501.10, 1515652, 254, 286, 0
3425, 16, 407, 488, 0, 0, 62.41%, 11, 0, 9, 463.45, 1517987, 254, 286, 0
3431, 16, 406, 488, 0, 0, 62.41%, 11, 0, 9, 464.53, 1520418, 254, 286, 0
3436, 16, 266, 488, 0, 0, 62.41%, 11, 0, 9, 442.10, 1522575, 254, 286, 0
3441, 16, 141, 488, 0, 0, 62.41%, 11, 0, 9, 445.94, 1524826, 254, 286, 0
3446, 16, 455, 488, 0, 0, 62.41%, 11, 0, 9, 443.66, 1527064, 254, 286, 0
3451, 16, 368, 488, 0, 0, 62.41%, 11, 0, 9, 448.74, 1529367, 254, 288, 0
3456, 16, 433, 488, 0, 0, 62.41%, 11, 0, 9, 474.80, 1531717, 254, 290, 0
3461, 16, 253, 488, 0, 0, 62.41%, 11, 0, 9, 454.24, 1533962, 254, 292, 0
3466, 16, 141, 488, 0, 0, 62.41%, 11, 0, 9, 431.60, 1536101, 254, 294, 0
3471, 16, 381, 488, 0, 0, 62.41%, 11, 0, 9, 417.69, 1538216, 254, 297, 0
3476, 16, 288, 488, 0, 0, 62.41%, 11, 0, 9, 431.63, 1540400, 254, 297, 0
3481, 16, 247, 488, 0, 0, 62.41%, 11, 0, 9, 436.38, 1542608, 254, 297, 0
3486, 16, 266, 488, 0, 0, 62.41%, 11, 0, 9, 413.04, 1544655, 254, 299, 0
3491, 16, 351, 488, 0, 0, 62.41%, 11, 0, 9, 418.85, 1546819, 254, 299, 0
3496, 16, 212, 488, 0, 0, 62.41%, 11, 0, 9, 412.63, 1548892, 254, 299, 0
3501, 16, 312, 488, 0, 0, 62.41%, 11, 0, 9, 414.49, 1550996, 254, 299, 0
3506, 16, 209, 488, 0, 0, 62.41%, 11, 0, 9, 410.10, 1553084, 254, 301, 0
3512, 16, 259, 488, 0, 0, 62.41%, 11, 0, 9, 397.00, 1555166, 254, 301, 0
3517, 16, 324, 488, 0, 0, 62.41%, 11, 0, 9, 437.40, 1557412, 254, 301, 0
3522, 16, 283, 488, 0, 0, 62.41%, 11, 0, 9, 448.79, 1559748, 254, 301, 0
3527, 16, 394, 488, 0, 0, 62.41%, 11, 0, 9, 430.83, 1561924, 254, 301, 0
3532, 16, 283, 488, 0, 0, 62.41%, 11, 0, 9, 429.81, 1564057, 254, 301, 0
3537, 16, 212, 488, 0, 0, 62.41%, 11, 0, 9, 429.66, 1566230, 254, 301, 0
3542, 16, 262, 488, 0, 0, 62.41%, 11, 0, 9, 417.00, 1568354, 254, 301, 0
3547, 16, 487, 488, 0, 0, 62.41%, 11, 0, 9, 432.49, 1570583, 254, 304, 0
3552, 17, 298, 489, 1, 0, 62.41%, 11, 0, 9, 431.79, 1572801, 254, 308, 0
3558, 17, 10, 489, 1, 0, 62.41%, 11, 0, 9, 427.25, 1574886, 254, 308, 0
3563, 17, 444, 489, 1, 0, 62.41%, 11, 0, 9, 435.89, 1577099, 254, 308, 0
3568, 17, 399, 489, 1, 0, 62.41%, 11, 0, 9, 433.95, 1579248, 254, 308, 0
3573, 17, 301, 489, 1, 0, 62.41%, 11, 0, 9, 450.63, 1581558, 254, 308, 0
3578, 17, 302, 489, 1, 0, 62.41%, 11, 0, 9, 505.63, 1584016, 254, 308, 0
3583, 17, 109, 489, 1, 0, 62.41%, 11, 0, 9, 452.46, 1586338, 254, 308, 0
3588, 17, 288, 489, 1, 0, 62.41%, 11, 0, 9, 479.96, 1588769, 254, 308, 0
3593, 17, 122, 489, 1, 0, 62.41%, 11, 0, 9, 447.98, 1591026, 254, 308, 0
3598, 17, 288, 489, 1, 0, 62.41%, 11, 0, 9, 455.25, 1593267, 254, 314, 0
3603, 17, 336, 489, 1, 0, 62.41%, 11, 0, 9, 476.31, 1595667, 254, 314, 0
3608, 17, 244, 489, 1, 0, 62.41%, 11, 0, 9, 449.72, 1597920, 254, 314, 0
3613, 17, 488, 489, 1, 0, 62.41%, 11, 0, 9, 461.34, 1600220, 254, 314, 0
3619, 17, 283, 489, 0, 0, 62.41%, 11, 0, 9, 439.07, 1602477, 254, 314, 0
3624, 17, 425, 489, 0, 0, 62.41%, 11, 0, 9, 474.03, 1604858, 254, 315, 0
3629, 17, 188, 490, 0, 0, 62.41%, 11, 0, 9, 466.02, 1607186, 254, 316, 0
3634, 17, 50, 490, 0, 0, 62.41%, 11, 0, 9, 445.77, 1609474, 254, 316, 0
3639, 17, 288, 490, 0, 0, 62.41%, 11, 0, 9, 453.07, 1611756, 254, 316, 0
3644, 17, 489, 490, 0, 0, 62.41%, 11, 0, 9, 471.42, 1614115, 254, 316, 0
3649, 17, 258, 490, 0, 0, 62.41%, 11, 0, 9, 413.80, 1616144, 254, 316, 0
3654, 17, 433, 490, 0, 0, 62.41%, 11, 0, 9, 432.59, 1618358, 254, 316, 0
3659, 17, 461, 490, 0, 0, 62.41%, 11, 0, 9, 427.64, 1620519, 254, 316, 0
3664, 17, 145, 490, 0, 0, 62.41%, 11, 0, 9, 412.91, 1622571, 254, 316, 0
3669, 17, 264, 490, 0, 0, 62.41%, 11, 0, 9, 439.60, 1624786, 254, 316, 0
3674, 17, 277, 490, 0, 0, 62.41%, 11, 0, 9, 422.46, 1626942, 254, 316, 0
3679, 17, 386, 490, 0, 0, 62.41%, 11, 0, 9, 440.39, 1629110, 254, 317, 0
3684, 17, 209, 490, 0, 0, 62.41%, 11, 0, 9, 431.71, 1631283, 254, 317, 0
3689, 17, 487, 490, 0, 0, 62.41%, 11, 0, 9, 462.31, 1633763, 254, 317, 0
3695, 17, 224, 490, 0, 0, 62.41%, 11, 0, 9, 422.48, 1635815, 254, 317, 0
3700, 17, 420, 490, 0, 0, 62.41%, 11, 0, 9, 461.69, 1638312, 254, 319, 0
3705, 17, 249, 490, 0, 0, 62.41%, 11, 0, 9, 443.10, 1640490, 254, 319, 0
3710, 17, 10, 490, 0, 0, 62.41%, 11, 0, 9, 447.37, 1642776, 254, 319, 0
3715, 17, 78, 490, 0, 0, 62.41%, 11, 0, 9, 423.99, 1644952, 254, 319, 0
3720, 17, 336, 490, 0, 0, 62.41%, 11, 0, 9, 450.06, 1647255, 254, 321, 0
3725, 18, 281, 491, 1, 0, 62.41%, 11, 0, 9, 447.82, 1649512, 254, 322, 0
3730, 18, 414, 491, 1, 0, 62.41%, 11, 0, 9, 446.35, 1651842, 254, 323, 0
3735, 18, 335, 491, 1, 0, 62.41%, 11, 0, 9, 424.48, 1653978, 254, 323, 0
3740, 18, 123, 491, 1, 0, 62.41%, 11, 0, 9, 433.50, 1656164, 254, 324, 0
3745, 18, 431, 491, 1, 0, 62.41%, 11, 0, 9, 435.55, 1658347, 254, 325, 0
3750, 18, 35, 491, 1, 0, 62.41%, 11, 0, 9, 431.37, 1660514, 254, 325, 0
3756, 18, 138, 491, 1, 0, 62.41%, 11, 0, 9, 449.19, 1662805, 254, 326, 0
3761, 18, 179, 491, 1, 0, 62.41%, 11, 0, 9, 418.20, 1664941, 254, 327, 0
3766, 18, 262, 491, 1, 0, 62.41%, 11, 0, 9, 433.54, 1667185, 254, 328, 0
3771, 18, 281, 491, 1, 0, 62.41%, 11, 0, 9, 443.61, 1669484, 254, 332, 0
3776, 18, 60, 491, 1, 0, 62.41%, 11, 0, 9, 467.21, 1671875, 254, 333, 0
3781, 18, 277, 491, 1, 0, 62.41%, 11, 0, 9, 459.00, 1674144, 254, 334, 0
3786, 18, 132, 491, 1, 0, 62.41%, 11, 0, 9, 454.71, 1676428, 254, 335, 0
3791, 18, 264, 491, 1, 0, 62.41%, 11, 0, 9, 428.93, 1678582, 254, 335, 0
3796, 18, 141, 491, 1, 0, 62.41%, 11, 0, 9, 443.91, 1680844, 254, 336, 0
3801, 18, 455, 491, 1, 0, 62.41%, 11, 0, 9, 441.86, 1683119, 254, 336, 0
3806, 18, 281, 491, 1, 0, 62.41%, 11, 0, 9, 427.97, 1685246, 254, 336, 0
3811, 18, 218, 491, 1, 0, 62.41%, 11, 0, 9, 414.13, 1687291, 254, 336, 0
3816, 18, 281, 491, 1, 0, 62.41%, 11, 0, 9, 419.82, 1689490, 254, 339, 0
3821, 18, 28, 491, 1, 0, 62.41%, 11, 0, 9, 451.62, 1691817, 254, 339, 0
3826, 18, 0, 491, 1, 0, 62.41%, 11, 0, 9, 427.79, 1693966, 254, 339, 0
3831, 18, 188, 491, 1, 0, 62.41%, 11, 0, 9, 415.78, 1696055, 254, 341, 0
3836, 18, 300, 491, 1, 0, 62.41%, 11, 0, 9, 465.94, 1698471, 254, 341, 0
3841, 18, 181, 491, 1, 0, 62.41%, 11, 0, 9, 438.67, 1700686, 254, 341, 0
3846, 18, 433, 491, 0, 0, 62.41%, 11, 0, 9, 463.31, 1703010, 254, 341, 0
3851, 18, 129, 491, 0, 0, 62.41%, 11, 0, 9, 437.77, 1705177, 254, 341, 0
3857, 18, 202, 491, 0, 0, 62.41%, 11, 0, 9, 446.51, 1707435, 254, 341, 0
3862, 18, 476, 491, 0, 0, 62.41%, 11, 0, 9, 462.42, 1709779, 254, 341, 0
3867, 18, 179, 491, 0, 0, 62.41%, 11, 0, 9, 462.64, 1712039, 254, 341, 0
3872, 18, 95, 491, 0, 0, 62.41%, 11, 0, 9, 438.47, 1714189, 254, 345, 0
3877, 19, 95, 492, 1, 0, 62.41%, 11, 0, 9, 425.84, 1716311, 254, 345, 0
3882, 19, 212, 492, 1, 0, 62.41%, 11, 0, 9, 463.01, 1718740, 254, 345, 0
3887, 19, 236, 492, 1, 0, 62.41%, 11, 0, 9, 424.75, 1720870, 254, 345, 0
3892, 19, 3, 492, 1, 0, 62.41%, 11, 0, 9, 431.57, 1723058, 254, 345, 0
3897, 19, 489, 492, 1, 0, 62.41%, 11, 0, 9, 456.11, 1725392, 254, 346, 0
3902, 19, 104, 492, 1, 0, 62.41%, 11, 0, 9, 454.31, 1727715, 254, 346, 0
3907, 19, 179, 492, 1, 0, 62.41%, 11, 0, 9, 450.84, 1729937, 254, 347, 0
3912, 19, 233, 492, 1, 0, 62.41%, 11, 0, 9, 446.79, 1732157, 254, 347, 0
3917, 19, 14, 492, 1, 0, 62.41%, 11, 0, 9, 438.85, 1734355, 254, 349, 0
3922, 19, 489, 492, 1, 0, 62.41%, 11, 0, 9, 440.44, 1736540, 254, 350, 0
3927, 19, 78, 492, 1, 0, 62.41%, 11, 0, 9, 426.35, 1738707, 254, 355, 0
3932, 19, 32, 492, 1, 0, 62.41%, 11, 0, 9, 435.25, 1740958, 254, 355, 0
3937, 19, 3, 492, 1, 0, 62.41%, 12, 0, 9, 457.27, 1743311, 254, 358, 0
3942, 19, 491, 493, 2, 0, 62.41%, 12, 0, 9, 464.87, 1745658, 254, 358, 0
3948, 19, 262, 493, 1, 0, 62.41%, 12, 0, 9, 434.06, 1747778, 254, 360, 0
3953, 19, 492, 493, 1, 0, 62.41%, 12, 0, 9, 418.09, 1749905, 254, 360, 0
3958, 19, 203, 493, 0, 0, 62.41%, 12, 0, 9, 432.66, 1752102, 254, 360, 0
3963, 19, 277, 493, 0, 0, 62.41%, 12, 0, 9, 430.03, 1754336, 254, 360, 0
3968, 19, 301, 493, 0, 0, 62.41%, 12, 0, 9, 437.07, 1756493, 254, 365, 0
3973, 19, 433, 493, 0, 0, 62.41%, 12, 0, 9, 451.11, 1758851, 254, 366, 0
3978, 19, 142, 493, 0, 0, 62.41%, 12, 0, 9, 442.94, 1761071, 254, 366, 0
3983, 19, 427, 493, 0, 0, 62.41%, 12, 0, 9, 427.74, 1763173, 254, 366, 0
3988, 19, 301, 493, 0, 0, 62.41%, 12, 0, 9, 441.48, 1765431, 254, 366, 0
3993, 19, 58, 493, 0, 0, 62.41%, 12, 0, 9, 439.90, 1767590, 254, 366, 0
3998, 19, 417, 493, 0, 0, 62.41%, 12, 0, 9, 426.58, 1769754, 254, 366, 0
4003, 19, 50, 493, 0, 0, 62.41%, 12, 0, 9, 418.02, 1771899, 254, 366, 0
4009, 19, 433, 493, 0, 0, 62.41%, 12, 0, 9, 430.30, 1774126, 254, 366, 0
4014, 19, 11, 493, 0, 0, 62.41%, 12, 0, 9, 421.41, 1776228, 254, 366, 0
4019, 19, 293, 493, 0, 0, 62.41%, 12, 0, 9, 435.57, 1778464, 254, 366, 0
4024, 19, 260, 493, 0, 0, 62.41%, 12, 0, 9, 441.76, 1780748, 254, 366, 0
4029, 19, 188, 494, 1, 0, 62.41%, 12, 0, 9, 430.79, 1782916, 254, 366, 0
4034, 19, 461, 494, 1, 0, 62.41%, 12, 0, 9, 436.16, 1785107, 254, 367, 0
4039, 19, 348, 494, 1, 0, 62.41%, 12, 0, 9, 421.98, 1787259, 254, 367, 0
4044, 19, 179, 494, 1, 0, 62.41%, 12, 0, 9, 434.76, 1789446, 254, 367, 0
4049, 20, 183, 494, 1, 0, 62.41%, 12, 0, 9, 453.73, 1791709, 254, 369, 0
4054, 20, 493, 494, 1, 0, 62.41%, 12, 0, 9, 455.82, 1793967, 254, 369, 0
4059, 20, 78, 494, 0, 0, 62.41%, 12, 0, 9, 446.47, 1796195, 254, 369, 0
4064, 20, 189, 494, 0, 0, 62.41%, 12, 0, 9, 472.46, 1798655, 254, 369, 0
4070, 20, 461, 494, 0, 0, 62.41%, 12, 0, 9, 449.81, 1800913, 254, 373, 0
4075, 20, 367, 494, 0, 0, 62.41%, 12, 0, 9, 435.26, 1803105, 254, 374, 0
4080, 20, 32, 494, 0, 0, 62.41%, 12, 0, 9, 449.97, 1805392, 254, 376, 0
4085, 20, 441, 494, 0, 0, 62.41%, 12, 0, 9, 446.31, 1807600, 254, 376, 0
4090, 20, 212, 494, 0, 0, 62.41%, 12, 0, 9, 456.85, 1809880, 254, 376, 0
4095, 20, 264, 494, 0, 0, 62.41%, 12, 0, 9, 432.48, 1812056, 254, 376, 0
4100, 20, 444, 494, 0, 0, 62.41%, 12, 0, 9, 436.09, 1814322, 254, 379, 0
4105, 20, 447, 494, 0, 0, 62.41%, 12, 0, 9, 461.40, 1816684, 254, 379, 0
4110, 20, 374, 494, 0, 0, 62.41%, 12, 0, 9, 445.41, 1818946, 254, 379, 0
4115, 20, 95, 494, 0, 0, 62.41%, 12, 0, 9, 428.00, 1821085, 254, 379, 0
4120, 20, 50, 494, 0, 0, 62.41%, 12, 0, 9, 440.06, 1823334, 254, 380, 0
4125, 20, 425, 494, 0, 0, 62.41%, 12, 0, 9, 431.83, 1825533, 254, 380, 0
4130, 20, 394, 494, 0, 0, 62.41%, 12, 0, 9, 433.90, 1827745, 254, 384, 0
4135, 20, 188, 494, 0, 0, 62.41%, 12, 0, 9, 430.06, 1829906, 254, 384, 0
4140, 20, 433, 494, 0, 0, 62.41%, 12, 0, 9, 429.80, 1832106, 254, 384, 0
4145, 20, 301, 494, 0, 0, 62.41%, 12, 0, 9, 445.61, 1834348, 254, 384, 0
4151, 20, 487, 494, 0, 0, 62.41%, 12, 0, 9, 446.04, 1836623, 254, 384, 0
4156, 20, 232, 494, 0, 0, 62.41%, 12, 0, 9, 454.51, 1838916, 254, 384, 0
4161, 20, 465, 494, 0, 0, 62.41%, 12, 0, 9, 406.09, 1840906, 254, 384, 0
4166, 20, 351, 494, 0, 0, 62.41%, 12, 0, 9, 379.12, 1842798, 254, 388, 0
4171, 20, 299, 494, 0, 0, 62.41%, 12, 0, 9, 390.55, 1844799, 254, 389, 0
4176, 20, 340, 494, 0, 0, 62.41%, 12, 0, 9, 405.18, 1846846, 254, 398, 0
4181, 20, 288, 494, 0, 0, 62.41%, 12, 0, 9, 405.93, 1848944, 254, 398, 0
4186, 20, 0, 494, 0, 0, 62.41%, 12, 0, 9, 403.40, 1850982, 254, 399, 0
4191, 20, 14, 494, 0, 0, 62.41%, 12, 0, 9, 432.58, 1853246, 254, 399, 0
4196, 20, 447, 494, 0, 0, 62.41%, 12, 0, 9, 425.76, 1855331, 254, 402, 0
4201, 21, 336, 494, 0, 0, 62.41%, 12, 0, 9, 446.33, 1857575, 254, 402, 0
4206, 21, 283, 494, 0, 0, 62.41%, 12, 0, 9, 428.63, 1859776, 254, 403, 0
4211, 21, 259, 494, 0, 0, 62.41%, 12, 0, 9, 433.37, 1861928, 254, 408, 0
4216, 21, 212, 494, 0, 0, 62.41%, 12, 0, 9, 425.66, 1864070, 254, 408, 0
4221, 21, 212, 494, 0, 0, 62.41%, 12, 0, 9, 454.87, 1866353, 254, 408, 0
4226, 21, 232, 494, 0, 0, 62.41%, 12, 0, 9, 431.30, 1868524, 254, 409, 0
4231, 21, 329, 494, 0, 0, 62.41%, 12, 0, 9, 430.05, 1870696, 254, 414, 0
4236, 21, 301, 494, 0, 0, 62.41%, 12, 0, 9, 427.68, 1872837, 254, 414, 0
4241, 21, 50, 494, 0, 0, 62.41%, 12, 0, 9, 440.24, 1875132, 254, 414, 0
4247, 21, 283, 494, 0, 0, 62.41%, 12, 0, 9, 423.91, 1877177, 254, 416, 0
4252, 21, 305, 494, 0, 0, 62.41%, 12, 0, 9, 457.06, 1879478, 254, 416, 0
4257, 21, 137, 494, 0, 0, 62.41%, 12, 0, 9, 442.11, 1881768, 254, 416, 0
4262, 21, 210, 494, 0, 0, 62.41%, 12, 0, 9, 418.84, 1883857, 254, 416, 0
4267, 21, 431, 494, 0, 0, 62.41%, 12, 0, 9, 432.17, 1886036, 254, 416, 0
4272, 21, 281, 494, 0, 0, 62.41%, 12, 0, 9, 433.33, 1888247, 254, 418, 0
4277, 21, 143, 494, 0, 0, 62.41%, 12, 0, 9, 421.17, 1890382, 254, 418, 0
4282, 21, 461, 494, 0, 0, 62.41%, 12, 0, 9, 466.89, 1892752, 254, 418, 0
4287, 21, 444, 494, 0, 0, 62.41%, 12, 0, 9, 458.11, 1895013, 254, 418, 0
4292, 21, 22, 494, 0, 0, 62.41%, 12, 0, 9, 426.16, 1897206, 254, 418, 0
4297, 21, 336, 494, 0, 0, 62.41%, 12, 0, 9, 415.90, 1899311, 254, 418, 0
4302, 21, 162, 494, 0, 0, 62.41%, 12, 0, 9, 431.83, 1901519, 254, 420, 0
4307, 21, 266, 494, 0, 0, 62.41%, 12, 0, 9, 468.12, 1903898, 254, 426, 0
4312, 21, 0, 494, 0, 0, 62.41%, 12, 0, 9, 453.25, 1906218, 254, 426, 0
4317, 21, 266, 494, 0, 0, 62.41%, 12, 0, 9, 438.59, 1908407, 254, 427, 0
4322, 21, 363, 494, 0, 0, 62.41%, 12, 0, 9, 434.65, 1910650, 254, 428, 0
4328, 21, 260, 494, 0, 0, 62.41%, 12, 0, 9, 443.09, 1912934, 254, 432, 0
4333, 21, 433, 494, 0, 0, 62.41%, 12, 0, 9, 453.67, 1915206, 254, 436, 0
4338, 21, 50, 494, 0, 0, 62.41%, 12, 0, 9, 443.21, 1917408, 254, 436, 0
4343, 21, 14, 494, 0, 0, 62.41%, 12, 0, 9, 436.18, 1919623, 254, 436, 0
4348, 21, 32, 494, 0, 0, 62.41%, 12, 0, 9, 448.87, 1921931, 254, 436, 0
4353, 21, 264, 494, 0, 0, 62.41%, 12, 0, 9, 449.27, 1924169, 254, 438, 0
4358, 21, 283, 494, 0, 0, 62.41%, 12, 0, 9, 433.76, 1926460, 254, 438, 0
4363, 22, 14, 495, 1, 0, 62.41%, 12, 0, 9, 431.65, 1928661, 254, 438, 0
4368, 22, 430, 495, 1, 0, 62.41%, 12, 0, 9, 440.05, 1930954, 254, 438, 0
4373, 22, 351, 495, 1, 0, 62.41%, 12, 0, 9, 466.66, 1933331, 254, 438, 0
4378, 22, 12, 495, 1, 0, 62.41%, 12, 0, 9, 443.09, 1935502, 254, 438, 0
4383, 22, 194, 495, 0, 0, 62.41%, 13, 0, 9, 477.80, 1937976, 254, 439, 0
4388, 22, 433, 495, 0, 0, 62.41%, 13, 0, 9, 455.52, 1940270, 254, 440, 0
4393, 22, 444, 495, 0, 0, 62.41%, 13, 0, 9, 445.13, 1942540, 254, 440, 0
4399, 22, 125, 495, 0, 0, 62.41%, 13, 0, 9, 436.64, 1944751, 254, 441, 0
4404, 22, 340, 495, 0, 0, 62.41%, 13, 0, 9, 435.97, 1946975, 254, 441, 0
4409, 22, 494, 495, 0, 0, 62.41%, 13, 0, 9, 447.56, 1949212, 254, 441, 0
4414, 22, 262, 495, 0, 0, 62.41%, 13, 0, 9, 435.35, 1951455, 254, 441, 0
4419, 22, 441, 495, 0, 0, 62.41%, 13, 0, 9, 439.88, 1953670, 254, 441, 0
4424, 22, 301, 495, 0, 0, 62.41%, 13, 0, 9, 443.56, 1955901, 254, 443, 0
4429, 22, 31, 495, 0, 0, 62.41%, 13, 0, 9, 429.77, 1958083, 254, 446, 0
4434, 22, 281, 495, 0, 0, 62.41%, 13, 0, 9, 443.01, 1960332, 254, 452, 0
4439, 22, 324, 495, 0, 0, 62.41%, 13, 0, 9, 451.84, 1962676, 254, 452, 0
4444, 22, 32, 495, 0, 0, 62.41%, 13, 0, 9, 434.86, 1964813, 254, 452, 0
4449, 22, 212, 495, 0, 0, 62.41%, 13, 0, 9, 451.76, 1967181, 254, 453, 0
4454, 22, 301, 495, 0, 0, 62.41%, 13, 0, 9, 469.50, 1969526, 254, 453, 0
4459, 22, 158, 495, 0, 0, 62.41%, 13, 0, 9, 445.42, 1971732, 254, 453, 0
4464, 22, 444, 495, 0, 0, 62.41%, 13, 0, 9, 447.09, 1973981, 254, 453, 0
4469, 22, 281, 495, 0, 0, 62.41%, 13, 0, 9, 458.32, 1976291, 254, 453, 0
4475, 22, 283, 495, 0, 0, 62.41%, 13, 0, 9, 450.17, 1978572, 254, 453, 0
4480, 22, 277, 495, 0, 0, 62.41%, 13, 0, 9, 441.74, 1980751, 254, 453, 0
4485, 22, 259, 495, 0, 0, 62.41%, 13, 0, 9, 424.37, 1982940, 254, 453, 0
4490, 22, 260, 495, 0, 0, 62.41%, 13, 0, 9, 450.63, 1985206, 254, 453, 0
4495, 22, 303, 495, 0, 0, 62.41%, 13, 0, 9, 443.48, 1987468, 254, 453, 0
4500, 22, 447, 495, 0, 0, 62.41%, 13, 0, 9, 440.89, 1989725, 254, 453, 0
4505, 22, 212, 495, 0, 0, 62.41%, 13, 0, 9, 440.35, 1991990, 254, 453, 0
4510, 23, 489, 495, 0, 0, 62.41%, 13, 0, 9, 450.42, 1994223, 254, 453, 0
4515, 23, 433, 495, 0, 0, 62.41%, 13, 0, 9, 431.54, 1996379, 254, 455, 0
4520, 23, 31, 495, 0, 0, 62.41%, 13, 0, 9, 428.94, 1998512, 254, 458, 0
4525, 23, 212, 495, 0, 0, 62.41%, 13, 0, 9, 435.17, 2000737, 254, 460, 0
4530, 23, 407, 495, 0, 0, 62.41%, 13, 0, 9, 421.89, 2002820, 254, 460, 0
4535, 23, 141, 495, 0, 0, 62.41%, 13, 0, 9, 452.13, 2005095, 254, 460, 0
4540, 23, 297, 495, 0, 0, 62.41%, 13, 0, 9, 444.44, 2007280, 254, 460, 0
4545, 23, 145, 495, 0, 0, 62.41%, 13, 0, 9, 444.71, 2009482, 254, 460, 0
4550, 23, 122, 495, 0, 0, 62.41%, 13, 0, 9, 444.04, 2011742, 254, 464, 0
4555, 23, 0, 495, 0, 0, 62.41%, 13, 0, 9, 439.82, 2013970, 254, 464, 0
4561, 23, 259, 495, 0, 0, 62.41%, 13, 0, 9, 427.11, 2016160, 254, 464, 0
4566, 23, 32, 495, 0, 0, 62.41%, 13, 0, 9, 420.97, 2018291, 254, 464, 0
4571, 23, 105, 495, 0, 0, 62.41%, 13, 0, 9, 421.76, 2020541, 254, 464, 0
4576, 23, 31, 495, 0, 0, 62.41%, 13, 0, 9, 455.72, 2022913, 254, 464, 0
4581, 23, 283, 495, 0, 0, 62.41%, 13, 0, 9, 448.40, 2025157, 254, 466, 0
4586, 23, 256, 495, 0, 0, 62.41%, 13, 0, 9, 442.20, 2027388, 254, 468, 0
4591, 23, 138, 495, 0, 0, 62.41%, 13, 0, 9, 432.01, 2029549, 254, 468, 0
4596, 23, 336, 495, 0, 0, 62.41%, 13, 0, 9, 445.86, 2031835, 254, 468, 0
4601, 23, 122, 495, 0, 0, 62.41%, 13, 0, 9, 452.45, 2034105, 254, 470, 0
4606, 23, 340, 495, 0, 0, 62.41%, 13, 0, 9, 445.21, 2036349, 254, 470, 0
4611, 23, 260, 495, 0, 0, 62.41%, 13, 0, 9, 421.71, 2038514, 254, 470, 0
4616, 23, 282, 495, 0, 0, 62.41%, 13, 0, 9, 417.25, 2040656, 254, 475, 0
4621, 23, 301, 495, 0, 0, 62.41%, 13, 0, 9, 411.32, 2042691, 254, 475, 0
4626, 23, 260, 495, 0, 0, 62.41%, 13, 0, 9, 440.02, 2044938, 254, 475, 0
4631, 23, 266, 495, 0, 0, 62.41%, 13, 0, 9, 441.10, 2047179, 254, 475, 0
4637, 23, 394, 495, 0, 0, 62.41%, 13, 0, 9, 425.13, 2049240, 254, 475, 0
4642, 23, 210, 495, 0, 0, 62.41%, 13, 0, 9, 452.98, 2051538, 254, 476, 0
4647, 23, 212, 495, 0, 0, 62.41%, 13, 0, 9, 423.20, 2053641, 254, 476, 0
4652, 23, 277, 495, 0, 0, 62.41%, 13, 0, 9, 433.94, 2055928, 254, 476, 0
4657, 23, 259, 495, 0, 0, 62.41%, 13, 0, 9, 451.95, 2058210, 254, 476, 0
4662, 23, 342, 495, 0, 0, 62.41%, 13, 0, 9, 454.95, 2060507, 254, 476, 0
4667, 24, 399, 495, 0, 0, 62.41%, 13, 0, 9, 444.04, 2062743, 254, 477, 0
4672, 24, 210, 495, 0, 0, 62.41%, 13, 0, 9, 446.41, 2064994, 254, 479, 0
4677, 24, 262, 495, 0, 0, 62.41%, 13, 0, 9, 457.00, 2067349, 254, 479, 0
4682, 24, 32, 495, 0, 0, 62.41%, 13, 0, 9, 448.07, 2069559, 254, 480, 0
4687, 24, 489, 495, 0, 0, 62.41%, 13, 0, 9, 416.88, 2071665, 254, 480, 0
4692, 24, 257, 495, 0, 0, 62.41%, 13, 0, 9, 449.68, 2073981, 254, 482, 0
4697, 24, 80, 495, 0, 0, 62.41%, 13, 0, 9, 423.16, 2076063, 254, 483, 0
4702, 24, 210, 495, 0, 0, 62.41%, 13, 0, 9, 425.14, 2078259, 254, 483, 0
4707, 24, 250, 495, 0, 0, 62.41%, 13, 0, 9, 439.32, 2080503, 254, 483, 0
4712, 24, 348, 495, 0, 0, 62.41%, 13, 0, 9, 430.49, 2082660, 254, 483, 0
4717, 24, 141, 495, 0, 0, 62.41%, 13, 0, 9, 443.34, 2084934, 254, 483, 0
4722, 24, 476, 495, 0, 0, 62.41%, 13, 0, 9, 440.00, 2087113, 254, 485, 0
4728, 24, 281, 495, 0, 0, 62.41%, 13, 0, 9, 428.45, 2089281, 254, 485, 0
4733, 24, 394, 495, 0, 0, 62.41%, 13, 0, 9, 440.24, 2091492, 254, 487, 0
4738, 24, 196, 495, 0, 0, 62.41%, 13, 0, 9, 458.93, 2093765, 254, 487, 0
4743, 24, 141, 495, 0, 0, 62.41%, 13, 0, 9, 421.90, 2095873, 254, 487, 0
4748, 24, 283, 495, 0, 0, 62.41%, 13, 0, 9, 433.68, 2098173, 254, 487, 0
4753, 24, 461, 495, 0, 0, 62.41%, 13, 0, 9, 441.62, 2100439, 254, 487, 0
4758, 24, 212, 495, 0, 0, 62.41%, 13, 0, 9, 454.98, 2102722, 254, 489, 0
4763, 24, 198, 495, 0, 0, 62.41%, 13, 0, 9, 436.25, 2104968, 254, 489, 0
4768, 24, 249, 495, 0, 0, 62.41%, 13, 0, 9, 422.36, 2107080, 254, 492, 0
4773, 24, 421, 495, 0, 0, 62.41%, 13, 0, 9, 406.53, 2109183, 254, 492, 0
4778, 24, 288, 495, 0, 0, 62.41%, 13, 0, 9, 393.31, 2111151, 254, 496, 0
4783, 24, 444, 495, 0, 0, 62.41%, 13, 0, 9, 435.58, 2113436, 254, 496, 0
4788, 24, 447, 495, 0, 0, 62.41%, 13, 0, 9, 433.48, 2115642, 254, 496, 0
4793, 24, 236, 495, 0, 0, 62.41%, 13, 0, 9, 460.91, 2117970, 254, 496, 0
4798, 24, 423, 495, 0, 0, 62.41%, 13, 0, 9, 444.80, 2120236, 254, 496, 0
4804, 24, 50, 495, 0, 0, 62.41%, 13, 0, 9, 447.07, 2122485, 254, 496, 0
4809, 24, 299, 495, 0, 0, 62.41%, 13, 0, 9, 460.88, 2124811, 254, 496, 0
4814, 24, 260, 495, 0, 0, 62.41%, 13, 0, 9, 468.42, 2127239, 254, 496, 0
4819, 25, 374, 495, 0, 0, 62.41%, 13, 0, 9, 467.96, 2129625, 254, 496, 0
4824, 25, 288, 495, 0, 0, 62.41%, 13, 0, 9, 450.61, 2131867, 254, 497, 0
4829, 25, 414, 495, 0, 0, 62.41%, 13, 0, 9, 444.36, 2134041, 254, 497, 0
4834, 25, 462, 495, 0, 0, 62.41%, 13, 0, 9, 419.86, 2136170, 254, 498, 0
4839, 25, 141, 495, 0, 0, 62.41%, 13, 0, 9, 419.89, 2138322, 254, 501, 0
4844, 25, 188, 495, 0, 0, 62.41%, 13, 0, 9, 438.53, 2140559, 254, 501, 0
4849, 25, 406, 495, 0, 0, 62.41%, 13, 0, 9, 442.74, 2142829, 254, 502, 0
4854, 25, 141, 495, 0, 0, 62.41%, 13, 0, 9, 435.73, 2144986, 254, 502, 0
4859, 25, 407, 495, 0, 0, 62.41%, 13, 0, 9, 434.77, 2147183, 254, 508, 0
4864, 25, 262, 495, 0, 0, 62.41%, 13, 0, 9, 453.13, 2149507, 254, 508, 0
4869, 25, 260, 495, 0, 0, 62.41%, 13, 0, 9, 444.84, 2151782, 254, 508, 0
4875, 25, 188, 495, 0, 0, 62.41%, 13, 0, 9, 439.60, 2154042, 254, 510, 0
4880, 25, 288, 495, 0, 0, 62.41%, 13, 0, 9, 436.54, 2156288, 254, 510, 0
4885, 25, 340, 495, 0, 0, 62.41%, 13, 0, 9, 436.42, 2158478, 254, 510, 0
4890, 25, 287, 495, 0, 0, 62.41%, 13, 0, 9, 452.04, 2160739, 254, 510, 0
4895, 25, 104, 495, 0, 0, 62.41%, 13, 0, 9, 441.56, 2162929, 254, 511, 0
4900, 25, 283, 495, 0, 0, 62.41%, 13, 0, 9, 448.05, 2165234, 254, 513, 0
4905, 25, 277, 495, 0, 0, 62.41%, 13, 0, 9, 436.21, 2167491, 254, 513, 0
4910, 25, 305, 495, 0, 0, 62.41%, 13, 0, 9, 439.21, 2169750, 254, 514, 0
4915, 25, 3, 495, 0, 0, 62.41%, 13, 0, 9, 445.24, 2172008, 254, 514, 0
4920, 25, 103, 495, 0, 0, 62.41%, 13, 0, 9, 468.77, 2174467, 254, 514, 0
4925, 25, 489, 495, 0, 0, 62.41%, 13, 0, 9, 435.96, 2176615, 254, 516, 0
4930, 25, 179, 495, 0, 0, 62.41%, 13, 0, 9, 450.55, 2178922, 254, 516, 0
4935, 25, 18, 495, 0, 0, 62.41%, 13, 0, 9, 444.46, 2181181, 254, 516, 0
4941, 25, 212, 495, 0, 0, 62.41%, 13, 0, 9, 440.04, 2183453, 254, 516, 0
4946, 25, 301, 495, 0, 0, 62.41%, 13, 0, 9, 436.15, 2185685, 254, 516, 0
4951, 25, 210, 495, 0, 0, 62.41%, 13, 0, 9, 466.35, 2188040, 254, 516, 0
4956, 25, 50, 495, 0, 0, 62.41%, 13, 0, 9, 448.20, 2190406, 254, 516, 0
4961, 25, 475, 495, 0, 0, 62.41%, 13, 0, 9, 430.60, 2192559, 254, 516, 0
4966, 25, 441, 495, 0, 0, 62.41%, 13, 0, 9, 462.66, 2194946, 254, 516, 0
4971, 25, 494, 495, 0, 0, 62.41%, 13, 0, 9, 454.41, 2197167, 254, 518, 0
4976, 25, 407, 495, 0, 0, 62.41%, 13, 0, 9, 440.51, 2199369, 254, 518, 0
4981, 26, 264, 495, 0, 0, 62.41%, 13, 0, 9, 454.44, 2201692, 254, 519, 0
4986, 26, 72, 495, 0, 0, 62.41%, 13, 0, 9, 435.72, 2203875, 254, 519, 0
4991, 26, 210, 495, 0, 0, 62.41%, 13, 0, 9, 443.10, 2206130, 254, 519, 0
4996, 26, 281, 495, 0, 0, 62.41%, 13, 0, 9, 442.95, 2208362, 254, 520, 0
5001, 26, 373, 495, 0, 0, 62.41%, 13, 0, 9, 444.24, 2210625, 254, 520, 0
5006, 26, 489, 495, 0, 0, 62.41%, 13, 0, 9, 451.96, 2212871, 254, 520, 0
5012, 26, 10, 495, 0, 0, 62.41%, 13, 0, 9, 426.17, 2214995, 254, 520, 0
5017, 26, 35, 495, 0, 0, 62.41%, 13, 0, 9, 442.47, 2217300, 254, 521, 0
5022, 26, 462, 495, 0, 0, 62.41%, 13, 0, 9, 438.48, 2219490, 254, 523, 0
5027, 26, 283, 495, 0, 0, 62.41%, 13, 0, 9, 418.92, 2221644, 254, 524, 0
5032, 26, 266, 495, 0, 0, 62.41%, 13, 0, 9, 446.06, 2223911, 254, 524, 0
5037, 26, 433, 495, 0, 0, 62.41%, 13, 0, 9, 442.28, 2226134, 254, 524, 0
5042, 26, 433, 495, 0, 0, 62.41%, 13, 0, 9, 460.01, 2228502, 254, 525, 0
5047, 26, 250, 495, 0, 0, 62.41%, 13, 0, 9, 428.84, 2230636, 254, 525, 0
5052, 26, 188, 495, 0, 0, 62.41%, 13, 0, 9, 444.99, 2232883, 254, 525, 0
5057, 26, 462, 495, 0, 0, 62.41%, 13, 0, 9, 451.88, 2235225, 254, 525, 0
5062, 26, 301, 495, 0, 0, 62.41%, 13, 0, 9, 449.76, 2237474, 254, 525, 0
5067, 26, 268, 495, 0, 0, 62.41%, 13, 0, 9, 439.55, 2239705, 254, 525, 0
5072, 26, 212, 495, 0, 0, 62.41%, 13, 0, 9, 443.38, 2241970, 254, 526, 0
5078, 26, 409, 495, 0, 0, 62.41%, 13, 0, 9, 436.00, 2244179, 254, 527, 0
5083, 26, 212, 495, 0, 0, 62.41%, 13, 0, 9, 450.87, 2246524, 254, 528, 0
5088, 26, 283, 495, 0, 0, 62.41%, 13, 0, 9, 421.27, 2248696, 254, 528, 0
5093, 26, 470, 495, 0, 0, 62.41%, 13, 0, 9, 427.15, 2250888, 254, 531, 0
5098, 26, 281, 495, 0, 0, 62.41%, 13, 0, 9, 425.74, 2253006, 254, 532, 0
5103, 26, 301, 495, 0, 0, 62.41%, 13, 0, 9, 443.71, 2255264, 254, 532, 0
5108, 26, 279, 495, 0, 0, 62.41%, 13, 0, 9, 459.31, 2257552, 254, 533, 0
5113, 26, 427, 495, 0, 0, 62.41%, 13, 0, 9, 453.53, 2259885, 254, 535, 0
5118, 26, 487, 495, 0, 0, 62.41%, 13, 0, 9, 435.85, 2262084, 254, 536, 0
5123, 26, 14, 495, 0, 0, 62.41%, 13, 0, 9, 449.02, 2264350, 254, 536, 0
5128, 26, 277, 495, 0, 0, 62.41%, 13, 0, 9, 434.52, 2266528, 254, 536, 0
5134, 27, 210, 496, 0, 0, 63.64%, 13, 0, 9, 454.20, 2268814, 259, 536, 0
5139, 27, 259, 496, 0, 0, 63.64%, 13, 0, 9, 443.32, 2271067, 259, 537, 0
5144, 27, 444, 496, 0, 0, 63.64%, 13, 0, 9, 487.85, 2273557, 259, 537, 0
5149, 27, 259, 496, 0, 0, 63.64%, 13, 0, 9, 430.75, 2275695, 259, 537, 0
5154, 27, 495, 496, 0, 0, 63.64%, 13, 0, 9, 443.21, 2277952, 259, 537, 0
5159, 27, 249, 496, 0, 0, 63.64%, 13, 0, 9, 436.54, 2280129, 259, 537, 0
5164, 27, 50, 496, 0, 0, 63.64%, 13, 0, 9, 436.18, 2282255, 259, 537, 0
5169, 27, 173, 496, 0, 0, 63.64%, 13, 0, 9, 417.14, 2284392, 259, 537, 0
5174, 27, 407, 496, 0, 0, 63.64%, 13, 0, 9, 419.93, 2286546, 259, 537, 0
5179, 27, 398, 496, 0, 0, 63.64%, 13, 0, 9, 423.66, 2288677, 259, 537, 0
5184, 27, 462, 496, 0, 0, 63.64%, 13, 0, 9, 441.63, 2290860, 259, 537, 0
5189, 27, 161, 496, 0, 0, 63.64%, 13, 0, 9, 439.87, 2293157, 259, 537, 0
5194, 27, 446, 496, 0, 0, 63.64%, 13, 0, 9, 437.53, 2295391, 259, 537, 0
5199, 27, 413, 496, 0, 0, 63.64%, 13, 0, 9, 405.83, 2297473, 259, 537, 0
5204, 27, 476, 496, 0, 0, 63.64%, 13, 0, 9, 431.38, 2299685, 259, 537, 0
5209, 27, 495, 496, 0, 0, 63.64%, 13, 0, 9, 456.55, 2301977, 259, 538, 0
5214, 27, 266, 496, 0, 0, 63.64%, 13, 0, 9, 452.86, 2304313, 259, 539, 0
5219, 27, 437, 496, 0, 0, 63.64%, 13, 0, 9, 449.95, 2306568, 259, 539, 0
5225, 27, 93, 496, 0, 0, 63.64%, 13, 0, 9, 423.20, 2308642, 259, 539, 0
5230, 27, 78, 496, 0, 0, 63.64%, 13, 0, 9, 449.73, 2310943, 259, 543, 0
5235, 27, 262, 496, 0, 0, 63.64%, 13, 0, 9, 431.90, 2313147, 259, 546, 0
5240, 27, 301, 496, 0, 0, 63.64%, 13, 0, 9, 446.08, 2315360, 259, 549, 0
5245, 27, 0, 496, 0, 0, 63.64%, 13, 0, 9, 436.89, 2317515, 259, 549, 0
5250, 27, 253, 496, 0, 0, 63.64%, 13, 0, 9, 402.40, 2319533, 259, 549, 0
5255, 27, 288, 496, 0, 0, 63.64%, 13, 0, 9, 443.26, 2321761, 259, 549, 0
5260, 27, 201, 496, 0, 0, 63.64%, 13, 0, 9, 453.23, 2324138, 259, 551, 0
5265, 27, 262, 496, 0, 0, 63.64%, 13, 0, 9, 429.22, 2326314, 259, 551, 0
5270, 27, 329, 496, 0, 0, 63.64%, 13, 0, 9, 423.31, 2328409, 259, 552, 0
5275, 27, 283, 496, 0, 0, 63.64%, 13, 0, 9, 432.92, 2330627, 259, 552, 0
5280, 27, 255, 496, 0, 0, 63.64%, 13, 0, 9, 452.44, 2332921, 259, 555, 0
5286, 27, 179, 496, 0, 0, 63.64%, 13, 0, 9, 441.73, 2335211, 259, 555, 0
5291, 27, 32, 496, 0, 0, 63.64%, 13, 0, 9, 453.52, 2337497, 259, 555, 0
5296, 27, 281, 496, 0, 0, 63.64%, 13, 0, 9, 450.86, 2339802, 259, 557, 0
5301, 28, 394, 497, 1, 0, 63.64%, 13, 0, 9, 427.81, 2341912, 259, 557, 0
5306, 28, 413, 497, 1, 0, 63.64%, 13, 0, 9, 447.73, 2344240, 259, 560, 0
5311, 28, 495, 497, 1, 0, 63.64%, 13, 0, 9, 456.80, 2346511, 259, 560, 0
5316, 28, 428, 497, 0, 0, 63.64%, 14, 0, 9, 436.12, 2348646, 259, 561, 0
5321, 28, 212, 497, 0, 0, 63.64%, 14, 0, 9, 445.83, 2350861, 259, 561, 0
5326, 28, 461, 497, 0, 0, 63.64%, 14, 0, 9, 444.83, 2353075, 259, 562, 0
5331, 28, 355, 497, 0, 0, 63.64%, 14, 0, 9, 430.12, 2355160, 259, 562, 0
5337, 28, 3, 497, 0, 0, 63.64%, 14, 0, 9, 451.14, 2357550, 259, 562, 0
5342, 28, 489, 497, 0, 0, 63.64%, 14, 0, 9, 460.74, 2359872, 259, 563, 0
5347, 28, 483, 497, 0, 0, 63.64%, 14, 0, 9, 459.30, 2362200, 259, 565, 0
5352, 28, 188, 497, 0, 0, 63.64%, 14, 0, 9, 463.83, 2364536, 259, 565, 0
5357, 28, 134, 497, 0, 0, 63.64%, 14, 0, 9, 442.98, 2366776, 259, 565, 0
5362, 28, 283, 497, 0, 0, 63.64%, 14, 0, 9, 422.61, 2368889, 259, 565, 0
5367, 28, 50, 497, 0, 0, 63.64%, 14, 0, 9, 417.88, 2371040, 259, 565, 0
5372, 28, 179, 497, 0, 0, 63.64%, 14, 0, 9, 458.14, 2373369, 259, 565, 0
5377, 28, 404, 497, 0, 0, 63.64%, 14, 0, 9, 444.68, 2375497, 259, 566, 0
5382, 28, 341, 497, 0, 0, 63.64%, 14, 0, 9, 455.93, 2377882, 259, 566, 0
5387, 28, 212, 497, 0, 0, 63.64%, 14, 0, 9, 432.58, 2380134, 259, 566, 0
5393, 28, 210, 497, 0, 0, 63.64%, 14, 0, 9, 439.60, 2382346, 259, 566, 0
5398, 28, 433, 497, 0, 0, 63.64%, 14, 0, 9, 421.11, 2384443, 259, 566, 0
5403, 28, 198, 497, 0, 0, 63.64%, 14, 0, 9, 447.77, 2386730, 259, 566, 0
5408, 28, 441, 497, 0, 0, 63.64%, 14, 0, 9, 450.85, 2389008, 259, 567, 0
5413, 28, 145, 497, 0, 0, 63.64%, 14, 0, 9, 438.33, 2391311, 259, 567, 0
5418, 28, 336, 497, 0, 0, 63.64%, 14, 0, 9, 441.49, 2393598, 259, 570, 0
5423, 28, 324, 497, 0, 0, 63.64%, 14, 0, 9, 422.07, 2395742, 259, 570, 0
5428, 28, 212, 497, 0, 0, 63.64%, 14, 0, 9, 442.96, 2398031, 259, 570, 0
5433, 28, 495, 497, 0, 0, 63.64%, 14, 0, 9, 430.45, 2400194, 259, 570, 0
5438, 28, 495, 497, 0, 0, 63.64%, 14, 0, 9, 446.08, 2402457, 259, 572, 0
5443, 28, 495, 497, 0, 0, 63.64%, 14, 0, 9, 427.47, 2404621, 259, 575, 0
5448, 28, 252, 497, 0, 0, 63.64%, 14, 0, 9, 414.63, 2406758, 259, 575, 0
5453, 28, 495, 497, 0, 0, 63.64%, 14, 0, 9, 444.19, 2409028, 259, 576, 0
5458, 28, 475, 497, 0, 0, 63.64%, 14, 0, 9, 439.45, 2411224, 259, 576, 0
5463, 28, 462, 497, 0, 0, 63.64%, 14, 0, 9, 455.20, 2413557, 259, 577, 0
5468, 29, 31, 498, 1, 0, 63.64%, 14, 0, 9, 431.20, 2415722, 259, 577, 0
5474, 29, 141, 498, 1, 0, 63.64%, 14, 0, 9, 447.75, 2418009, 259, 579, 0
5479, 29, 277, 498, 1, 0, 63.64%, 14, 0, 9, 452.73, 2420256, 259, 582, 0
5484, 29, 489, 498, 0, 0, 63.64%, 14, 0, 9, 438.13, 2422577, 259, 582, 0
5489, 29, 461, 498, 0, 0, 63.64%, 14, 0, 9, 427.62, 2424788, 259, 582, 0
5494, 29, 351, 498, 0, 0, 63.64%, 14, 0, 9, 428.64, 2426968, 259, 582, 0
5499, 29, 441, 498, 0, 0, 63.64%, 14, 0, 9, 455.72, 2429248, 259, 583, 0
5504, 29, 281, 498, 0, 0, 63.64%, 14, 0, 9, 445.90, 2431486, 259, 584, 0
5509, 29, 41, 498, 0, 0, 63.64%, 14, 0, 9, 444.27, 2433748, 259, 584, 0
5514, 29, 489, 498, 0, 0, 63.64%, 14, 0, 9, 448.91, 2435954, 259, 584, 0
5519, 29, 407, 498, 0, 0, 63.64%, 14, 0, 9, 462.53, 2438303, 259, 584, 0
5524, 29, 441, 498, 0, 0, 63.64%, 14, 0, 9, 454.55, 2440554, 259, 587, 0
5529, 29, 297, 498, 0, 0, 63.64%, 14, 0, 9, 445.71, 2442793, 259, 587, 0
5534, 29, 10, 498, 0, 0, 63.64%, 14, 0, 9, 431.96, 2444991, 259, 587, 0
5539, 29, 462, 498, 0, 0, 63.64%, 14, 0, 9, 448.80, 2447223, 259, 589, 0
5544, 29, 108, 498, 0, 0, 63.64%, 14, 0, 9, 439.64, 2449455, 259, 591, 0
5550, 29, 497, 498, 0, 0, 63.64%, 14, 0, 9, 444.90, 2451657, 259, 592, 0
5555, 29, 495, 498, 0, 0, 63.64%, 14, 0, 9, 448.78, 2454004, 259, 592, 0
5560, 29, 295, 498, 0, 0, 63.64%, 14, 0, 9, 436.70, 2456169, 259, 593, 0
5565, 29, 495, 498, 0, 0, 63.64%, 14, 0, 9, 431.46, 2458293, 259, 596, 0
5570, 29, 145, 498, 0, 0, 63.64%, 14, 0, 9, 445.45, 2460522, 259, 596, 0
5575, 29, 0, 498, 0, 0, 63.64%, 14, 0, 9, 427.61, 2462687, 259, 599, 0
5580, 29, 288, 498, 0, 0, 63.64%, 14, 0, 9, 457.75, 2464993, 259, 599, 0
5585, 29, 32, 498, 0, 0, 63.64%, 14, 0, 9, 448.48, 2467181, 259, 599, 0
5590, 29, 13, 499, 1, 0, 63.64%, 14, 0, 9, 432.69, 2469369, 259, 600, 0
5595, 29, 0, 499, 1, 0, 63.64%, 14, 0, 9, 442.19, 2471631, 259, 600, 0
5600, 29, 374, 499, 1, 0, 63.64%, 14, 0, 9, 456.67, 2473922, 259, 601, 0
5605, 29, 433, 499, 1, 0, 63.64%, 14, 0, 9, 421.53, 2476045, 259, 601, 0
5610, 29, 433, 499, 1, 0, 63.64%, 14, 0, 9, 460.55, 2478377, 259, 602, 0
5615, 29, 324, 499, 1, 0, 63.64%, 14, 0, 9, 436.87, 2480549, 259, 602, 0
5620, 29, 158, 499, 1, 0, 63.64%, 14, 0, 9, 459.28, 2482845, 259, 604, 0
5626, 29, 433, 499, 1, 0, 63.64%, 14, 0, 9, 454.57, 2485124, 259, 604, 0
5631, 30, 500, 501, 3, 1, 63.88%, 14, 0, 9, 442.64, 2487340, 260, 604, 0
5636, 30, 260, 501, 2, 0, 63.88%, 14, 0, 9, 448.18, 2489620, 260, 604, 0
5641, 30, 404, 501, 2, 0, 63.88%, 14, 0, 9, 423.01, 2491750, 260, 604, 0
5646, 30, 227, 501, 2, 0, 63.88%, 14, 0, 9, 436.28, 2493966, 260, 604, 0
5651, 30, 259, 501, 2, 0, 63.88%, 14, 0, 9, 448.64, 2496276, 260, 604, 0
5656, 30, 283, 501, 2, 0, 63.88%, 14, 0, 9, 455.16, 2498665, 260, 604, 0
5661, 30, 281, 501, 2, 0, 63.88%, 14, 0, 9, 439.07, 2500882, 260, 606, 0
5666, 30, 500, 501, 2, 0, 63.88%, 14, 0, 9, 448.89, 2503124, 260, 607, 0
5671, 30, 179, 501, 2, 0, 63.88%, 14, 0, 9, 452.26, 2505394, 260, 608, 0
5676, 30, 122, 501, 2, 0, 63.88%, 14, 0, 9, 443.15, 2507599, 260, 608, 0
5681, 30, 122, 501, 2, 0, 63.88%, 14, 0, 9, 425.17, 2509769, 260, 609, 0
5686, 30, 281, 501, 2, 0, 63.88%, 14, 0, 9, 422.37, 2511883, 260, 610, 0
5691, 30, 461, 501, 1, 0, 63.88%, 14, 0, 9, 425.11, 2514075, 260, 610, 0
5696, 30, 137, 501, 0, 0, 63.88%, 14, 0, 9, 449.12, 2516365, 260, 610, 0
5701, 30, 336, 501, 0, 0, 63.88%, 14, 0, 9, 426.40, 2518506, 260, 610, 0
5706, 30, 433, 501, 0, 0, 63.88%, 14, 0, 9, 458.39, 2520807, 260, 610, 0
5712, 30, 433, 501, 0, 0, 63.88%, 14, 0, 9, 430.68, 2522947, 260, 610, 0
5717, 30, 281, 501, 0, 0, 63.88%, 14, 0, 9, 431.20, 2525104, 260, 610, 0
5722, 30, 188, 501, 0, 0, 63.88%, 14, 0, 9, 426.55, 2527281, 260, 612, 0
5727, 30, 180, 501, 0, 0, 63.88%, 14, 0, 9, 434.57, 2529548, 260, 612, 0
5732, 30, 336, 501, 0, 0, 63.88%, 14, 0, 9, 452.14, 2531929, 260, 612, 0
5737, 30, 264, 501, 0, 0, 63.88%, 14, 0, 9, 456.00, 2534284, 260, 613, 0
5742, 30, 3, 501, 0, 0, 63.88%, 14, 0, 9, 427.09, 2536439, 260, 613, 0
5747, 30, 143, 501, 0, 0, 63.88%, 14, 0, 9, 458.51, 2538777, 260, 614, 0
5752, 30, 324, 501, 0, 0, 63.88%, 14, 0, 9, 462.90, 2541191, 260, 614, 0
5757, 30, 266, 501, 0, 0, 63.88%, 14, 0, 9, 485.83, 2543600, 260, 615, 0
5762, 30, 433, 501, 0, 0, 63.88%, 14, 0, 9, 437.96, 2545755, 260, 616, 0
5767, 30, 444, 501, 0, 0, 63.88%, 14, 0, 9, 427.08, 2547923, 260, 616, 0
5772, 30, 433, 501, 0, 0, 63.88%, 14, 0, 9, 441.38, 2550157, 260, 616, 0
5777, 30, 461, 501, 0, 0, 63.88%, 14, 0, 9, 459.06, 2552543, 260, 616, 0
5782, 30, 141, 501, 0, 0, 63.88%, 14, 0, 9, 443.37, 2554800, 260, 616, 0
5787, 30, 407, 501, 0, 0, 63.88%, 14, 0, 9, 443.96, 2557023, 260, 617, 0
5792, 30, 283, 501, 0, 0, 63.88%, 14, 0, 9, 451.84, 2559330, 260, 617, 0
5797, 31, 465, 501, 0, 0, 63.88%, 14, 0, 9, 452.64, 2561626, 260, 617, 0
5802, 31, 288, 501, 0, 0, 63.88%, 14, 0, 9, 452.27, 2563878, 260, 617, 0
5808, 31, 32, 501, 0, 0, 63.88%, 14, 0, 9, 438.40, 2566056, 260, 617, 0
5813, 31, 259, 501, 0, 0, 63.88%, 14, 0, 9, 448.89, 2568347, 260, 617, 0
5818, 31, 277, 501, 0, 0, 63.88%, 14, 0, 9, 447.76, 2570597, 260, 619, 0
5823, 31, 73, 501, 0, 0, 63.88%, 14, 0, 9, 461.19, 2572925, 260, 619, 0
5828, 31, 0, 501, 0, 0, 63.88%, 14, 0, 9, 432.84, 2575077, 260, 622, 0
5833, 31, 142, 501, 0, 0, 63.88%, 14, 0, 9, 456.74, 2577371, 260, 622, 0
5838, 31, 324, 501, 0, 0, 63.88%, 14, 0, 9, 493.22, 2579926, 260, 623, 0
5843, 31, 461, 501, 0, 0, 63.88%, 14, 0, 9, 469.25, 2582234, 260, 623, 0
5848, 31, 201, 501, 0, 0, 63.88%, 14, 0, 9, 463.30, 2584572, 260, 623, 0
5853, 31, 301, 501, 0, 0, 63.88%, 14, 0, 9, 461.11, 2586882, 260, 624, 0
5858, 31, 462, 501, 0, 0, 63.88%, 14, 0, 9, 454.13, 2589161, 260, 626, 0
5863, 31, 50, 501, 0, 0, 63.88%, 14, 0, 9, 459.40, 2591441, 260, 626, 0
5868, 31, 145, 501, 0, 0, 63.88%, 14, 0, 9, 437.20, 2593607, 260, 626, 0
5873, 31, 465, 501, 0, 0, 63.88%, 14, 0, 9, 452.16, 2595857, 260, 626, 0
5878, 31, 210, 501, 0, 0, 63.88%, 14, 0, 9, 444.66, 2598059, 260, 626, 0
5883, 31, 266, 501, 0, 0, 63.88%, 14, 0, 9, 455.26, 2600385, 260, 626, 0
5888, 31, 277, 501, 0, 0, 63.88%, 14, 0, 9, 418.48, 2602461, 260, 626, 0
5893, 31, 32, 501, 0, 0, 63.88%, 14, 0, 9, 413.54, 2604528, 260, 626, 0
5898, 31, 213, 501, 0, 0, 63.88%, 14, 0, 9, 425.34, 2606742, 260, 627, 0
5903, 31, 3, 501, 0, 0, 63.88%, 14, 0, 9, 415.73, 2608890, 260, 627, 0
5908, 31, 253, 501, 0, 0, 63.88%, 14, 0, 9, 419.50, 2611023, 260, 630, 0
5914, 31, 188, 501, 0, 0, 63.88%, 14, 0, 9, 442.17, 2613266, 260, 630, 0
5919, 31, 300, 501, 0, 0, 63.88%, 14, 0, 9, 450.92, 2615524, 260, 630, 0
5924, 31, 10, 501, 0, 0, 63.88%, 14, 0, 9, 436.64, 2617764, 260, 630, 0
5929, 31, 32, 501, 0, 0, 63.88%, 14, 0, 9, 434.18, 2619904, 260, 630, 0
5934, 31, 3, 501, 0, 0, 63.88%, 14, 0, 9, 483.85, 2622333, 260, 630, 0
5939, 31, 288, 501, 0, 0, 63.88%, 14, 0, 9, 440.60, 2624494, 260, 630, 0
5944, 31, 447, 501, 0, 0, 63.88%, 14, 0, 9, 448.34, 2626721, 260, 631, 0
5949, 31, 194, 501, 0, 0, 63.88%, 14, 0, 9, 431.19, 2628881, 260, 631, 0
5954, 31, 499, 501, 0, 0, 63.88%, 14, 0, 9, 432.65, 2631078, 260, 631, 0
5959, 31, 301, 501, 0, 0, 63.88%, 14, 0, 9, 453.69, 2633370, 260, 632, 0
5964, 31, 31, 501, 0, 0, 63.88%, 14, 0, 9, 419.90, 2635490, 260, 632, 0
5969, 32, 475, 501, 0, 0, 63.88%, 14, 0, 9, 441.82, 2637700, 260, 633, 0
5974, 32, 212, 501, 0, 0, 63.88%, 14, 0, 9, 467.53, 2640071, 260, 638, 0
5979, 32, 462, 501, 0, 0, 63.88%, 14, 0, 9, 440.99, 2642256, 260, 638, 0
5984, 32, 500, 501, 0, 0, 63.88%, 14, 0, 9, 470.29, 2644664, 260, 638, 0
5989, 32, 262, 501, 0, 0, 63.88%, 14, 0, 9, 450.72, 2646929, 260, 638, 0
5994, 32, 188, 501, 0, 0, 63.88%, 14, 0, 9, 463.42, 2649275, 260, 638, 0
5999, 32, 462, 501, 0, 0, 63.88%, 14, 0, 9, 449.29, 2651477, 260, 640, 0
6005, 32, 283, 501, 0, 0, 63.88%, 14, 0, 9, 442.83, 2653682, 260, 641, 0
6010, 32, 145, 501, 0, 0, 63.88%, 14, 0, 9, 430.14, 2655823, 260, 643, 0
6015, 32, 461, 501, 0, 0, 63.88%, 14, 0, 9, 414.86, 2657995, 260, 643, 0
6020, 32, 231, 501, 0, 0, 63.88%, 14, 0, 9, 410.68, 2660075, 260, 645, 0
6025, 32, 179, 501, 0, 0, 63.88%, 14, 0, 9, 419.96, 2662207, 260, 646, 0
6030, 32, 212, 501, 0, 0, 63.88%, 14, 0, 9, 422.09, 2664324, 260, 646, 0
6035, 32, 78, 501, 0, 0, 63.88%, 14, 0, 9, 456.25, 2666587, 260, 648, 0
6040, 32, 212, 501, 0, 0, 63.88%, 14, 0, 9, 435.12, 2668879, 260, 648, 0
6045, 32, 461, 501, 0, 0, 63.88%, 14, 0, 9, 434.34, 2671063, 260, 650, 0
6050, 32, 475, 501, 0, 0, 63.88%, 14, 0, 9, 428.88, 2673301, 260, 650, 0
6055, 32, 141, 501, 0, 0, 63.88%, 14, 0, 9, 436.27, 2675589, 260, 651, 0
6060, 32, 50, 501, 0, 0, 63.88%, 14, 0, 9, 464.69, 2677948, 260, 651, 0
6066, 32, 75, 501, 0, 0, 63.88%, 14, 0, 9, 449.98, 2680174, 260, 651, 0
6071, 32, 433, 501, 0, 0, 63.88%, 14, 0, 9, 452.32, 2682459, 260, 651, 0
6076, 32, 500, 501, 0, 0, 63.88%, 14, 0, 9, 445.77, 2684669, 260, 651, 0
6081, 32, 50, 501, 0, 0, 63.88%, 14, 0, 9, 431.31, 2686852, 260, 651, 0
6086, 32, 50, 501, 0, 0, 63.88%, 14, 0, 9, 434.05, 2689051, 260, 651, 0
6091, 32, 257, 501, 0, 0, 63.88%, 14, 0, 9, 412.81, 2691147, 260, 653, 0
6096, 32, 277, 501, 0, 0, 63.88%, 14, 0, 9, 436.30, 2693414, 260, 658, 0
6101, 32, 0, 501, 0, 0, 63.88%, 14, 0, 9, 437.41, 2695655, 260, 658, 0
6106, 32, 295, 501, 0, 0, 63.88%, 14, 0, 9, 452.62, 2697945, 260, 662, 0
6111, 32, 141, 501, 0, 0, 63.88%, 14, 0, 9, 437.40, 2700138, 260, 662, 0
6116, 32, 95, 501, 0, 0, 63.88%, 14, 0, 9, 439.91, 2702357, 260, 662, 0
6121, 32, 282, 501, 0, 0, 63.88%, 14, 0, 9, 436.76, 2704575, 260, 662, 0
6126, 33, 210, 501, 0, 0, 63.88%, 14, 0, 9, 440.64, 2706780, 260, 662, 0
6131, 33, 332, 501, 0, 0, 63.88%, 14, 0, 9, 438.42, 2709027, 260, 663, 0
6136, 33, 447, 501, 0, 0, 63.88%, 14, 0, 9, 445.25, 2711276, 260, 663, 0
6142, 33, 3, 501, 0, 0, 63.88%, 14, 0, 9, 437.67, 2713490, 260, 663, 0
6147, 33, 444, 501, 0, 0, 63.88%, 14, 0, 9, 451.22, 2715719, 260, 663, 0
6152, 33, 260, 501, 0, 0, 63.88%, 14, 0, 9, 462.31, 2718110, 260, 663, 0
6157, 33, 336, 501, 0, 0, 63.88%, 14, 0, 9, 435.40, 2720247, 260, 663, 0
6162, 33, 0, 501, 0, 0, 63.88%, 14, 0, 9, 436.59, 2722444, 260, 663, 0
6167, 33, 210, 501, 0, 0, 63.88%, 14, 0, 9, 428.50, 2724616, 260, 663, 0
6172, 33, 128, 501, 0, 0, 63.88%, 14, 0, 9, 452.14, 2726912, 260, 664, 0
6177, 33, 433, 501, 0, 0, 63.88%, 14, 0, 9, 438.62, 2729101, 260, 664, 0
6182, 33, 433, 501, 0, 0, 63.88%, 14, 0, 9, 454.03, 2731409, 260, 667, 0
6187, 33, 437, 501, 0, 0, 63.88%, 14, 0, 9, 464.74, 2733739, 260, 667, 0
6192, 33, 465, 501, 0, 0, 63.88%, 14, 0, 9, 444.84, 2735988, 260, 667, 0
6197, 33, 141, 501, 0, 0, 63.88%, 14, 0, 9, 430.86, 2738175, 260, 667, 0
6202, 33, 406, 501, 0, 0, 63.88%, 14, 0, 9, 440.45, 2740392, 260, 669, 0
6207, 33, 295, 501, 0, 0, 63.88%, 14, 0, 9, 463.46, 2742743, 260, 669, 0
6212, 33, 336, 501, 0, 0, 63.88%, 14, 0, 9, 474.80, 2745123, 260, 669, 0
6217, 33, 133, 501, 0, 0, 63.88%, 14, 0, 9, 445.53, 2747332, 260, 669, 0
6223, 33, 146, 501, 0, 0, 63.88%, 14, 0, 9, 432.23, 2749555, 260, 669, 0
6228, 33, 212, 501, 0, 0, 63.88%, 14, 0, 9, 436.99, 2751754, 260, 670, 0
6233, 33, 378, 501, 0, 0, 63.88%, 14, 0, 9, 427.45, 2753907, 260, 670, 0
6238, 33, 0, 501, 0, 0, 63.88%, 14, 0, 9, 434.80, 2756137, 260, 671, 0
6243, 33, 138, 501, 0, 0, 63.88%, 14, 0, 9, 444.56, 2758376, 260, 672, 0
6248, 33, 282, 501, 0, 0, 63.88%, 14, 0, 9, 426.07, 2760522, 260, 672, 0
6253, 33, 381, 501, 0, 0, 63.88%, 14, 0, 9, 444.18, 2762773, 260, 672, 0
6258, 33, 329, 501, 0, 0, 63.88%, 14, 0, 9, 423.58, 2764891, 260, 675, 0
6263, 33, 433, 501, 0, 0, 63.88%, 14, 0, 9, 436.73, 2767136, 260, 675, 0
6268, 33, 31, 501, 0, 0, 63.88%, 14, 0, 9, 411.90, 2769248, 260, 675, 0
6273, 33, 259, 501, 0, 0, 63.88%, 14, 0, 9, 445.87, 2771628, 260, 676, 0
6278, 33, 444, 501, 0, 0, 63.88%, 14, 0, 9, 443.32, 2773925, 260, 677, 0
6283, 33, 477, 501, 0, 0, 63.88%, 14, 0, 9, 459.93, 2776209, 260, 677, 0
6288, 34, 487, 501, 0, 0, 63.88%, 14, 0, 9, 472.47, 2778638, 260, 677, 0
6293, 34, 0, 501, 0, 0, 63.88%, 14, 0, 9, 453.30, 2780868, 260, 678, 0
6298, 34, 500, 501, 0, 0, 63.88%, 14, 0, 9, 425.23, 2783007, 260, 678, 0
6304, 34, 259, 501, 0, 0, 63.88%, 14, 0, 9, 432.67, 2785231, 260, 678, 0
6309, 34, 394, 501, 0, 0, 63.88%, 14, 0, 9, 446.00, 2787526, 260, 678, 0
6314, 34, 95, 501, 0, 0, 63.88%, 14, 0, 9, 427.15, 2789680, 260, 678, 0
6319, 34, 288, 501, 0, 0, 63.88%, 14, 0, 9, 415.91, 2791776, 260, 679, 0
6324, 34, 32, 501, 0, 0, 63.88%, 14, 0, 9, 444.95, 2794077, 260, 679, 0
6329, 34, 138, 501, 0, 0, 63.88%, 14, 0, 9, 413.80, 2796132, 260, 680, 0
6334, 34, 288, 501, 0, 0, 63.88%, 14, 0, 9, 439.70, 2798377, 260, 682, 0
6339, 34, 294, 501, 0, 0, 63.88%, 14, 0, 9, 443.12, 2800629, 260, 682, 0
6344, 34, 500, 501, 0, 0, 63.88%, 14, 0, 9, 438.42, 2802841, 260, 682, 0
6349, 34, 460, 501, 0, 0, 63.88%, 14, 0, 9, 459.73, 2805264, 260, 682, 0
6354, 34, 288, 501, 0, 0, 63.88%, 14, 0, 9, 424.88, 2807366, 260, 682, 0
6359, 34, 143, 501, 0, 0, 63.88%, 14, 0, 9, 446.64, 2809671, 260, 682, 0
6364, 34, 324, 501, 0, 0, 63.88%, 14, 0, 9, 456.70, 2812008, 260, 683, 0
6369, 34, 138, 501, 0, 0, 63.88%, 14, 0, 9, 440.93, 2814209, 260, 683, 0
6374, 34, 475, 501, 0, 0, 63.88%, 14, 0, 9, 454.09, 2816532, 260, 684, 0
6379, 34, 68, 501, 0, 0, 63.88%, 14, 0, 9, 442.42, 2818746, 260, 685, 0
6384, 34, 208, 501, 0, 0, 63.88%, 14, 0, 9, 444.55, 2820973, 260, 685, 0
6389, 34, 86, 501, 0, 0, 63.88%, 14, 0, 9, 446.93, 2823269, 260, 685, 0
6394, 34, 72, 501, 0, 0, 63.88%, 14, 0, 9, 480.71, 2825660, 260, 685, 0
6400, 34, 169, 501, 0, 0, 63.88%, 14, 0, 9, 436.10, 2827858, 260, 686, 0
6405, 34, 495, 501, 0, 0, 63.88%, 14, 0, 9, 444.05, 2830135, 260, 686, 0
6410, 34, 500, 501, 0, 0, 63.88%, 14, 0, 9, 472.14, 2832492, 260, 686, 0
6415, 34, 212, 501, 0, 0, 63.88%, 14, 0, 9, 479.44, 2834910, 260, 686, 0
6420, 34, 283, 501, 0, 0, 63.88%, 14, 0, 9, 438.79, 2837163, 260, 686, 0
6425, 34, 0, 501, 0, 0, 63.88%, 14, 0, 9, 421.37, 2839318, 260, 686, 0
6430, 34, 475, 501, 0, 0, 63.88%, 14, 0, 9, 433.53, 2841575, 260, 686, 0
6435, 34, 210, 501, 0, 0, 63.88%, 14, 0, 9, 412.55, 2843689, 260, 686, 0
6440, 34, 433, 501, 0, 0, 63.88%, 14, 0, 9, 435.48, 2845912, 260, 688, 0
6445, 34, 32, 501, 0, 0, 63.88%, 15, 0, 9, 432.70, 2848182, 260, 689, 0
6451, 34, 32, 501, 0, 0, 63.88%, 15, 0, 9, 449.68, 2850534, 260, 689, 0
6456, 35, 501, 502, 1, 0, 63.88%, 15, 0, 9, 455.70, 2852837, 260, 690, 0
6461, 35, 31, 502, 0, 0, 63.88%, 15, 0, 9, 434.93, 2854990, 260, 696, 0
6466, 35, 336, 502, 0, 0, 63.88%, 15, 0, 9, 470.57, 2857382, 260, 698, 0
6471, 35, 135, 502, 0, 0, 63.88%, 15, 0, 9, 440.47, 2859631, 260, 699, 0
6476, 35, 462, 502, 0, 0, 63.88%, 15, 0, 9, 424.88, 2861788, 260, 699, 0
6481, 35, 179, 502, 0, 0, 63.88%, 15, 0, 9, 430.45, 2863949, 260, 699, 0
6486, 35, 500, 502, 0, 0, 63.88%, 15, 0, 9, 436.43, 2866114, 260, 701, 0
6491, 35, 500, 502, 0, 0, 63.88%, 15, 0, 9, 447.97, 2868433, 260, 701, 0
6496, 35, 264, 502, 0, 0, 63.88%, 15, 0, 9, 447.53, 2870711, 260, 701, 0
6501, 35, 31, 502, 0, 0, 63.88%, 15, 0, 9, 440.10, 2872913, 260, 703, 0
6506, 35, 212, 502, 0, 0, 63.88%, 15, 0, 9, 440.76, 2875154, 260, 703, 0
6512, 35, 283, 502, 0, 0, 63.88%, 15, 0, 9, 447.00, 2877431, 260, 703, 0
6517, 35, 173, 502, 0, 0, 63.88%, 15, 0, 9, 459.91, 2879803, 260, 704, 0
6522, 35, 141, 502, 0, 0, 63.88%, 15, 0, 9, 460.60, 2882162, 260, 704, 0
6527, 35, 500, 502, 0, 0, 63.88%, 15, 0, 9, 432.36, 2884306, 260, 704, 0
6532, 35, 212, 502, 0, 0, 63.88%, 15, 0, 9, 430.09, 2886466, 260, 706, 0
6537, 35, 50, 502, 0, 0, 63.88%, 15, 0, 9, 441.21, 2888771, 260, 706, 0
6542, 35, 0, 502, 0, 0, 63.88%, 15, 0, 9, 436.31, 2890985, 260, 708, 0
6547, 35, 500, 502, 0, 0, 63.88%, 15, 0, 9, 461.36, 2893350, 260, 708, 0
6552, 35, 285, 502, 0, 0, 63.88%, 15, 0, 9, 429.57, 2895517, 260, 710, 0
6557, 35, 301, 502, 0, 0, 63.88%, 15, 0, 9, 452.35, 2897804, 260, 710, 0
6562, 35, 351, 502, 0, 0, 63.88%, 15, 0, 9, 423.88, 2900012, 260, 710, 0
6567, 35, 190, 502, 0, 0, 63.88%, 15, 0, 9, 430.42, 2902167, 260, 710, 0
6573, 35, 259, 502, 0, 0, 63.88%, 15, 0, 9, 417.12, 2904220, 260, 710, 0
6578, 35, 192, 502, 0, 0, 63.88%, 15, 0, 9, 422.50, 2906364, 260, 711, 0
6583, 35, 209, 502, 0, 0, 63.88%, 15, 0, 9, 429.76, 2908560, 260, 712, 0
6588, 35, 188, 502, 0, 0, 63.88%, 15, 0, 9, 461.68, 2910912, 260, 717, 0
6593, 35, 188, 502, 0, 0, 63.88%, 15, 0, 9, 417.04, 2912982, 260, 717, 0
6598, 35, 305, 502, 0, 0, 63.88%, 15, 0, 9, 425.82, 2915102, 260, 717, 0
6603, 35, 161, 502, 0, 0, 63.88%, 15, 0, 9, 447.15, 2917344, 260, 718, 0
6608, 35, 266, 502, 0, 0, 63.88%, 15, 0, 9, 430.09, 2919533, 260, 718, 0
6613, 35, 124, 502, 0, 0, 63.88%, 15, 0, 9, 409.59, 2921610, 260, 718, 0
6618, 35, 422, 502, 0, 0, 63.88%, 15, 0, 9, 438.85, 2923874, 260, 718, 0
6623, 35, 14, 502, 0, 0, 63.88%, 15, 0, 9, 418.06, 2925941, 260, 719, 0
6628, 35, 461, 502, 0, 0, 63.88%, 15, 0, 9, 448.36, 2928234, 260, 719, 0
6633, 36, 32, 502, 0, 0, 63.88%, 15, 0, 9, 435.28, 2930392, 260, 719, 0
6638, 36, 210, 502, 0, 0, 63.88%, 15, 0, 9, 448.04, 2932659, 260, 722, 0
6643, 36, 188, 502, 0, 0, 63.88%, 15, 0, 9, 443.71, 2934898, 260, 723, 0
6648, 36, 212, 502, 0, 0, 63.88%, 15, 0, 9, 471.05, 2937271, 260, 723, 0
6653, 36, 500, 502, 0, 0, 63.88%, 15, 0, 9, 480.56, 2939699, 260, 723, 0
6659, 36, 32, 502, 0, 0, 63.88%, 15, 0, 9, 458.82, 2942120, 260, 723, 0
6664, 36, 283, 502, 0, 0, 63.88%, 15, 0, 9, 433.08, 2944235, 260, 723, 0
6669, 36, 489, 502, 0, 0, 63.88%, 15, 0, 9, 494.52, 2946867, 260, 723, 0
6674, 36, 188, 502, 0, 0, 63.88%, 15, 0, 9, 453.05, 2949096, 260, 723, 0
6679, 36, 295, 502, 0, 0, 63.88%, 15, 0, 9, 442.08, 2951355, 260, 724, 0
6684, 36, 259, 502, 0, 0, 63.88%, 15, 0, 9, 424.74, 2953497, 260, 724, 0
6689, 36, 288, 502, 0, 0, 63.88%, 15, 0, 9, 425.49, 2955645, 260, 730, 0
6694, 36, 95, 502, 0, 0, 63.88%, 15, 0, 9, 427.55, 2957802, 260, 730, 0
6699, 36, 224, 502, 0, 0, 63.88%, 15, 0, 9, 447.02, 2960111, 260, 732, 0
6704, 36, 95, 502, 0, 0, 63.88%, 15, 0, 9, 434.32, 2962301, 260, 732, 0
6709, 36, 180, 502, 0, 0, 63.88%, 15, 0, 9, 419.41, 2964425, 260, 732, 0
6714, 36, 324, 502, 0, 0, 63.88%, 15, 0, 9, 448.17, 2966623, 260, 732, 0
6719, 36, 461, 502, 0, 0, 63.88%, 15, 0, 9, 442.53, 2968867, 260, 732, 0
6724, 36, 399, 502, 0, 0, 63.88%, 15, 0, 9, 427.58, 2971073, 260, 732, 0
6729, 36, 453, 502, 0, 0, 63.88%, 15, 0, 9, 423.21, 2973237, 260, 732, 0
6735, 36, 179, 502, 0, 0, 63.88%, 15, 0, 9, 411.90, 2975356, 260, 732, 0
6740, 36, 441, 502, 0, 0, 63.88%, 15, 0, 9, 433.75, 2977579, 260, 735, 0
6745, 36, 122, 502, 0, 0, 63.88%, 15, 0, 9, 479.70, 2980019, 260, 736, 0
6750, 36, 259, 502, 0, 0, 63.88%, 15, 0, 9, 432.51, 2982230, 260, 738, 0
6755, 36, 221, 502, 0, 0, 63.88%, 15, 0, 9, 417.41, 2984287, 260, 738, 0
6760, 36, 3, 502, 0, 0, 63.88%, 15, 0, 9, 441.56, 2986531, 260, 738, 0
6765, 36, 31, 502, 0, 0, 63.88%, 15, 0, 9, 434.34, 2988692, 260, 740, 0
6770, 36, 188, 502, 0, 0, 63.88%, 15, 0, 9, 428.64, 2990824, 260, 743, 0
6775, 36, 224, 502, 0, 0, 63.88%, 15, 0, 9, 429.40, 2993027, 260, 744, 0
6780, 36, 212, 502, 0, 0, 63.88%, 15, 0, 9, 446.18, 2995312, 260, 744, 0
6785, 36, 381, 502, 0, 0, 63.88%, 15, 0, 9, 454.99, 2997609, 260, 744, 0
6790, 37, 188, 503, 1, 0, 63.88%, 15, 0, 9, 464.34, 2999999, 260, 744, 0
6795, 37, 324, 503, 1, 0, 63.88%, 15, 0, 9, 463.60, 3002373, 260, 744, 0
6800, 37, 433, 503, 0, 0, 63.88%, 15, 0, 9, 462.14, 3004650, 260, 744, 0
6805, 37, 491, 503, 0, 0, 63.88%, 15, 0, 9, 433.57, 3006785, 260, 744, 0
6810, 37, 25, 503, 0, 0, 63.88%, 15, 0, 9, 449.73, 3009082, 260, 746, 0
6816, 37, 463, 503, 0, 0, 63.88%, 15, 0, 9, 448.19, 3011324, 260, 746, 0
6821, 37, 138, 503, 0, 0, 63.88%, 15, 0, 9, 449.24, 3013552, 260, 746, 0
6826, 37, 188, 503, 0, 0, 63.88%, 15, 0, 9, 436.82, 3015767, 260, 746, 0
6831, 37, 262, 503, 0, 0, 63.88%, 15, 0, 9, 459.05, 3018037, 260, 746, 0
6836, 37, 433, 503, 0, 0, 63.88%, 15, 0, 9, 459.54, 3020401, 260, 747, 0
6841, 37, 3, 503, 0, 0, 63.88%, 15, 0, 9, 441.12, 3022610, 260, 747, 0
6846, 37, 266, 503, 0, 0, 63.88%, 15, 0, 9, 437.94, 3024815, 260, 747, 0
6851, 37, 212, 503, 0, 0, 63.88%, 15, 0, 9, 445.49, 3027175, 260, 747, 0
6856, 37, 192, 503, 0, 0, 63.88%, 15, 0, 9, 445.00, 3029369, 260, 747, 0
6861, 37, 500, 503, 0, 0, 63.88%, 15, 0, 9, 447.74, 3031616, 260, 747, 0
6866, 37, 500, 503, 0, 0, 63.88%, 15, 0, 9, 444.26, 3033836, 260, 748, 0
6871, 37, 57, 503, 0, 0, 63.88%, 15, 0, 9, 455.23, 3036133, 260, 749, 0
6877, 37, 427, 503, 0, 0, 63.88%, 15, 0, 9, 448.40, 3038507, 260, 750, 0
6882, 37, 453, 503, 0, 0, 63.88%, 15, 0, 9, 442.42, 3040760, 260, 750, 0
6887, 37, 288, 503, 0, 0, 63.88%, 15, 0, 9, 459.68, 3043141, 260, 752, 0
6892, 37, 212, 503, 0, 0, 63.88%, 15, 0, 9, 449.34, 3045389, 260, 752, 0
6897, 37, 50, 503, 0, 0, 63.88%, 15, 0, 9, 449.82, 3047606, 260, 752, 0
6902, 37, 268, 503, 0, 0, 63.88%, 16, 0, 9, 433.10, 3049802, 260, 754, 0
6907, 37, 288, 503, 0, 0, 63.88%, 16, 0, 9, 434.31, 3051990, 260, 756, 0
6912, 37, 475, 503, 0, 0, 63.88%, 16, 0, 9, 413.03, 3054027, 260, 756, 0
6917, 37, 462, 503, 0, 0, 63.88%, 16, 0, 9, 447.36, 3056340, 260, 757, 0
6922, 37, 50, 503, 0, 0, 63.88%, 16, 0, 9, 437.61, 3058502, 260, 757, 0
6927, 37, 141, 503, 0, 0, 63.88%, 16, 0, 9, 431.60, 3060645, 260, 760, 0
6932, 37, 212, 503, 0, 0, 63.88%, 16, 0, 9, 456.21, 3062903, 260, 760, 0
6937, 37, 462, 503, 0, 0, 63.88%, 16, 0, 9, 457.23, 3065179, 260, 761, 0
6942, 37, 141, 503, 0, 0, 63.88%, 16, 0, 9, 444.82, 3067433, 260, 761, 0
6947, 38, 504, 505, 2, 2, 64.62%, 16, 0, 9, 457.69, 3069716, 263, 762, 0
6953, 38, 78, 505, 0, 0, 64.62%, 16, 0, 9, 420.04, 3071856, 263, 762, 0
6958, 38, 433, 505, 0, 0, 64.62%, 16, 0, 9, 422.57, 3073985, 263, 765, 0
6963, 38, 188, 505, 0, 0, 64.62%, 16, 0, 9, 412.91, 3076111, 263, 765, 0
6968, 38, 336, 505, 0, 0, 64.62%, 16, 0, 9, 451.02, 3078411, 263, 765, 0
6973, 38, 462, 505, 0, 0, 64.62%, 16, 0, 9, 425.05, 3080498, 263, 765, 0
6978, 38, 188, 505, 0, 0, 64.62%, 16, 0, 9, 423.70, 3082730, 263, 765, 0
6983, 38, 301, 505, 0, 0, 64.62%, 16, 0, 9, 452.30, 3085076, 263, 766, 0
6988, 38, 205, 505, 0, 0, 64.62%, 16, 0, 9, 472.63, 3087433, 263, 766, 0
6993, 38, 394, 505, 0, 0, 64.62%, 16, 0, 9, 423.42, 3089502, 263, 766, 0
6998, 38, 302, 505, 0, 0, 64.62%, 16, 0, 9, 440.60, 3091759, 263, 772, 0
7003, 38, 224, 505, 0, 0, 64.62%, 16, 0, 9, 451.35, 3094041, 263, 772, 0
7008, 38, 212, 505, 0, 0, 64.62%, 16, 0, 9, 441.22, 3096337, 263, 773, 0
7013, 38, 212, 505, 0, 0, 64.62%, 16, 0, 9, 449.84, 3098605, 263, 774, 0
7019, 38, 444, 505, 0, 0, 64.62%, 16, 0, 9, 437.41, 3100818, 263, 775, 0
7024, 38, 499, 505, 0, 0, 64.62%, 16, 0, 9, 437.49, 3103036, 263, 776, 0
7029, 38, 481, 505, 0, 0, 64.62%, 16, 0, 9, 468.09, 3105455, 263, 776, 0
7034, 38, 288, 505, 0, 0, 64.62%, 16, 0, 9, 467.60, 3107806, 263, 776, 0
7039, 38, 347, 505, 0, 0, 64.62%, 16, 0, 9, 451.35, 3110080, 263, 776, 0
7044, 38, 11, 505, 0, 0, 64.62%, 16, 0, 9, 425.97, 3112199, 263, 776, 0
7049, 38, 143, 505, 0, 0, 64.62%, 16, 0, 9, 466.60, 3114477, 263, 777, 0
7054, 38, 50, 505, 0, 0, 64.62%, 16, 0, 9, 463.32, 3116870, 263, 777, 0
7059, 38, 503, 505, 0, 0, 64.62%, 16, 0, 9, 460.40, 3119153, 263, 777, 0
7064, 38, 212, 505, 0, 0, 64.62%, 16, 0, 9, 444.87, 3121358, 263, 777, 0
7069, 38, 444, 505, 0, 0, 64.62%, 16, 0, 9, 431.26, 3123513, 263, 777, 0
7074, 38, 461, 505, 0, 0, 64.62%, 16, 0, 9, 428.05, 3125717, 263, 777, 0
7079, 38, 283, 505, 0, 0, 64.62%, 16, 0, 9, 437.69, 3127892, 263, 777, 0
7084, 38, 381, 505, 0, 0, 64.62%, 16, 0, 9, 438.82, 3130147, 263, 777, 0
7089, 38, 297, 505, 0, 0, 64.62%, 16, 0, 9, 413.80, 3132256, 263, 778, 0
7094, 38, 504, 505, 0, 0, 64.62%, 16, 0, 9, 429.39, 3134449, 263, 778, 0
7100, 38, 0, 505, 0, 0, 64.62%, 16, 0, 9, 433.59, 3136652, 263, 778, 0
7105, 38, 50, 505, 0, 0, 64.62%, 16, 0, 9, 440.09, 3138884, 263, 778, 0
7110, 38, 277, 505, 0, 0, 64.62%, 16, 0, 9, 449.98, 3141158, 263, 778, 0
7115, 38, 212, 505, 0, 0, 64.62%, 16, 0, 9, 451.07, 3143412, 263, 778, 0
7120, 39, 50, 505, 0, 0, 64.62%, 16, 0, 9, 439.88, 3145599, 263, 779, 0
7125, 39, 461, 505, 0, 0, 64.62%, 16, 0, 9, 446.94, 3147880, 263, 779, 0
7130, 39, 495, 505, 0, 0, 64.62%, 16, 0, 9, 457.00, 3150200, 263, 779, 0
7135, 39, 224, 505, 0, 0, 64.62%, 16, 0, 9, 457.67, 3152501, 263, 780, 0
7140, 39, 277, 505, 0, 0, 64.62%, 16, 0, 9, 445.35, 3154763, 263, 780, 0
7145, 39, 232, 505, 0, 0, 64.62%, 16, 0, 9, 440.43, 3156991, 263, 780, 0
7150, 39, 295, 505, 0, 0, 64.62%, 16, 0, 9, 454.25, 3159290, 263, 780, 0
7155, 39, 336, 505, 0, 0, 64.62%, 16, 0, 9, 446.44, 3161551, 263, 780, 0
7161, 39, 336, 505, 0, 0, 64.62%, 16, 0, 9, 462.63, 3163904, 263, 781, 0
7166, 39, 504, 505, 0, 0, 64.62%, 16, 0, 9, 435.02, 3166094, 263, 782, 0
7171, 39, 420, 505, 0, 0, 64.62%, 16, 0, 9, 449.51, 3168400, 263, 782, 0
7176, 39, 340, 505, 0, 0, 64.62%, 16, 0, 9, 431.00, 3170561, 263, 782, 0
7181, 39, 504, 505, 0, 0, 64.62%, 16, 0, 9, 456.20, 3172837, 263, 784, 0
7186, 39, 282, 505, 0, 0, 64.62%, 16, 0, 9, 448.00, 3175111, 263, 784, 0
7191, 39, 281, 505, 0, 0, 64.62%, 16, 0, 9, 446.90, 3177395, 263, 785, 0
7196, 39, 433, 505, 0, 0, 64.62%, 16, 0, 9, 443.23, 3179736, 263, 790, 0
7201, 39, 32, 505, 0, 0, 64.62%, 16, 0, 9, 442.57, 3181965, 263, 790, 0
7206, 39, 188, 505, 0, 0, 64.62%, 16, 0, 9, 447.09, 3184280, 263, 792, 0
7211, 39, 172, 505, 0, 0, 64.62%, 16, 0, 9, 444.09, 3186549, 263, 793, 0
7216, 39, 95, 505, 0, 0, 64.62%, 16, 0, 9, 461.59, 3188911, 263, 793, 0
7222, 39, 283, 505, 0, 0, 64.62%, 16, 0, 9, 451.19, 3191168, 263, 793, 0
7227, 39, 407, 505, 0, 0, 64.62%, 16, 0, 9, 464.30, 3193522, 263, 793, 0
7232, 39, 122, 505, 0, 0, 64.62%, 16, 0, 9, 449.60, 3195735, 263, 793, 0
7237, 39, 138, 505, 0, 0, 64.62%, 16, 0, 9, 420.38, 3197843, 263, 793, 0
7242, 39, 138, 505, 0, 0, 64.62%, 16, 0, 9, 427.02, 3199990, 263, 795, 0
7247, 39, 450, 505, 0, 0, 64.62%, 16, 0, 9, 444.58, 3202248, 263, 795, 0
7252, 39, 336, 505, 0, 0, 64.62%, 16, 0, 9, 436.84, 3204455, 263, 800, 0
7257, 39, 188, 505, 0, 0, 64.62%, 16, 0, 9, 433.94, 3206699, 263, 800, 0
7262, 39, 212, 505, 0, 0, 64.62%, 16, 0, 9, 420.89, 3208847, 263, 800, 0
7267, 39, 32, 505, 0, 0, 64.62%, 16, 0, 9, 434.09, 3211148, 263, 800, 0
7272, 40, 212, 505, 0, 0, 64.62%, 16, 0, 9, 441.90, 3213390, 263, 800, 0
7277, 40, 461, 505, 0, 0, 64.62%, 16, 0, 9, 472.72, 3215905, 263, 800, 0
7283, 40, 283, 505, 0, 0, 64.62%, 16, 0, 9, 460.58, 3218224, 263, 800, 0
7288, 40, 447, 505, 0, 0, 64.62%, 16, 0, 9, 479.55, 3220640, 263, 802, 0
7293, 40, 288, 505, 0, 0, 64.62%, 16, 0, 9, 433.61, 3222797, 263, 802, 0
7298, 40, 345, 505, 0, 0, 64.62%, 16, 0, 9, 447.03, 3225081, 263, 802, 0
7303, 40, 444, 505, 0, 0, 64.62%, 16, 0, 9, 458.48, 3227506, 263, 802, 0
7308, 40, 504, 505, 0, 0, 64.62%, 16, 0, 9, 438.91, 3229684, 263, 802, 0
7313, 40, 212, 505, 0, 0, 64.62%, 16, 0, 9, 446.67, 3231973, 263, 802, 0
7318, 40, 374, 505, 0, 0, 64.62%, 16, 0, 9, 455.52, 3234351, 263, 802, 0
7323, 40, 212, 505, 0, 0, 64.62%, 16, 0, 9, 478.09, 3236692, 263, 802, 0
7328, 40, 10, 505, 0, 0, 64.62%, 16, 0, 9, 463.04, 3238939, 263, 802, 0
7333, 40, 501, 505, 0, 0, 64.62%, 16, 0, 9, 447.55, 3241186, 263, 802, 0
7338, 40, 32, 505, 0, 0, 64.62%, 16, 0, 9, 467.54, 3243542, 263, 802, 0
7344, 40, 458, 505, 0, 0, 64.62%, 16, 0, 9, 443.00, 3245805, 263, 805, 0
7349, 40, 433, 505, 0, 0, 64.62%, 16, 0, 9, 462.43, 3248172, 263, 805, 0
7354, 40, 111, 505, 0, 0, 64.62%, 16, 0, 9, 486.79, 3250645, 263, 808, 0
7359, 40, 504, 505, 0, 0, 64.62%, 16, 0, 9, 458.31, 3252932, 263, 808, 0
7364, 40, 145, 505, 0, 0, 64.62%, 16, 0, 9, 457.47, 3255205, 263, 808, 0
7369, 40, 433, 505, 0, 0, 64.62%, 16, 0, 9, 469.11, 3257598, 263, 808, 0
7374, 40, 283, 505, 0, 0, 64.62%, 16, 0, 9, 493.86, 3260103, 263, 808, 0
7379, 40, 3, 505, 0, 0, 64.62%, 16, 0, 9, 489.70, 3262483, 263, 808, 0
7384, 40, 504, 505, 0, 0, 64.62%, 16, 0, 9, 468.02, 3264836, 263, 808, 0
7389, 40, 475, 505, 0, 0, 64.62%, 16, 0, 9, 464.43, 3267248, 263, 808, 0
7394, 40, 503, 505, 0, 0, 64.62%, 16, 0, 9, 454.29, 3269513, 263, 809, 0
7399, 40, 0, 505, 0, 0, 64.62%, 16, 0, 9, 458.59, 3271830, 263, 809, 0
7404, 40, 495, 505, 0, 0, 64.62%, 16, 0, 9, 466.98, 3274234, 263, 809, 0
7409, 40, 444, 505, 0, 0, 64.62%, 16, 0, 9, 458.27, 3276568, 263, 809, 0
7414, 40, 433, 505, 0, 0, 64.62%, 16, 0, 9, 466.05, 3278911, 263, 809, 0
7419, 40, 211, 505, 0, 0, 64.62%, 16, 0, 9, 454.89, 3281197, 263, 809, 0
7425, 40, 245, 505, 0, 0, 64.62%, 16, 0, 9, 458.46, 3283541, 263, 809, 0
7430, 40, 462, 505, 0, 0, 64.62%, 16, 0, 9, 471.30, 3285876, 263, 811, 0
7435, 40, 298, 505, 0, 0, 64.62%, 16, 0, 9, 455.35, 3288154, 263, 812, 0
7440, 41, 14, 507, 1, 0, 64.62%, 16, 0, 9, 453.21, 3290533, 263, 815, 0
7445, 41, 505, 507, 1, 0, 64.62%, 16, 0, 9, 445.98, 3292756, 263, 815, 0
7450, 41, 505, 507, 1, 0, 64.62%, 16, 0, 9, 428.12, 3294884, 263, 815, 0
7455, 41, 505, 507, 1, 0, 64.62%, 16, 0, 9, 473.03, 3297325, 263, 818, 0
7460, 41, 141, 507, 1, 0, 64.62%, 16, 0, 9, 445.51, 3299630, 263, 819, 0
7465, 41, 277, 507, 1, 0, 64.62%, 16, 0, 9, 457.50, 3301918, 263, 819, 0
7470, 41, 444, 507, 1, 0, 64.62%, 16, 0, 9, 424.78, 3304027, 263, 824, 0
7476, 41, 10, 507, 1, 0, 64.62%, 16, 0, 9, 446.31, 3306308, 263, 825, 0
7481, 41, 188, 507, 1, 0, 64.62%, 16, 0, 9, 464.38, 3308742, 263, 825, 0
7486, 41, 252, 507, 1, 0, 64.62%, 16, 0, 9, 466.82, 3311105, 263, 825, 0
7491, 41, 441, 507, 1, 0, 64.62%, 16, 0, 9, 470.08, 3313466, 263, 825, 0
7496, 41, 476, 507, 1, 0, 64.62%, 16, 0, 9, 432.37, 3315636, 263, 827, 0
7501, 41, 439, 507, 1, 0, 64.62%, 16, 0, 9, 417.92, 3317700, 263, 827, 0
7506, 41, 506, 507, 1, 0, 64.62%, 16, 0, 9, 435.87, 3319897, 263, 830, 0
7511, 41, 406, 507, 0, 0, 64.62%, 16, 0, 9, 444.94, 3322136, 263, 832, 0
7516, 41, 188, 507, 0, 0, 64.62%, 16, 0, 9, 437.23, 3324384, 263, 833, 0
7521, 41, 264, 507, 0, 0, 64.62%, 16, 0, 9, 458.88, 3326650, 263, 833, 0
7526, 41, 141, 507, 0, 0, 64.62%, 16, 0, 9, 433.31, 3328803, 263, 838, 0
7531, 41, 283, 507, 0, 0, 64.62%, 16, 0, 9, 450.78, 3331051, 263, 838, 0
7536, 41, 32, 507, 0, 0, 64.62%, 16, 0, 9, 422.31, 3333158, 263, 838, 0
7541, 41, 324, 507, 0, 0, 64.62%, 16, 0, 9, 435.70, 3335376, 263, 838, 0
7546, 41, 13, 507, 0, 0, 64.62%, 16, 0, 9, 451.72, 3337631, 263, 838, 0
7551, 41, 299, 507, 0, 0, 64.62%, 16, 0, 9, 465.14, 3339970, 263, 838, 0
7556, 41, 179, 507, 0, 0, 64.62%, 16, 0, 9, 476.98, 3342364, 263, 838, 0
7561, 41, 288, 507, 0, 0, 64.62%, 16, 0, 9, 460.68, 3344672, 263, 841, 0
7566, 41, 505, 507, 0, 0, 64.62%, 16, 0, 9, 451.71, 3346972, 263, 847, 0
7571, 41, 258, 507, 0, 0, 64.62%, 16, 0, 9, 448.67, 3349246, 263, 852, 0
7576, 41, 505, 507, 0, 0, 64.62%, 16, 0, 9, 453.54, 3351502, 263, 857, 0
7582, 41, 188, 507, 0, 0, 64.62%, 16, 0, 9, 415.26, 3353589, 263, 858, 0
7587, 41, 50, 507, 0, 0, 64.62%, 16, 0, 9, 420.67, 3355791, 263, 859, 0
7592, 41, 264, 507, 0, 0, 64.62%, 16, 0, 9, 439.71, 3357985, 263, 859, 0
7597, 41, 394, 507, 0, 0, 64.62%, 16, 0, 9, 445.71, 3360300, 263, 859, 0
7602, 41, 436, 507, 0, 0, 64.62%, 16, 0, 9, 428.08, 3362441, 263, 860, 0
7607, 42, 336, 507, 0, 0, 64.62%, 16, 0, 9, 469.61, 3364842, 263, 860, 0
7612, 42, 188, 507, 0, 0, 64.62%, 16, 0, 9, 438.76, 3367042, 263, 860, 0
7617, 42, 188, 507, 0, 0, 64.62%, 16, 0, 9, 452.30, 3369323, 263, 860, 0
7622, 42, 462, 507, 0, 0, 64.62%, 16, 0, 9, 434.86, 3371489, 263, 860, 0
7627, 42, 277, 507, 0, 0, 64.62%, 16, 0, 9, 448.82, 3373773, 263, 861, 0
7632, 42, 216, 507, 0, 0, 64.62%, 16, 0, 9, 456.20, 3376093, 263, 867, 0
7637, 42, 212, 507, 0, 0, 64.62%, 16, 0, 9, 448.98, 3378375, 263, 868, 0
7642, 42, 0, 507, 0, 0, 64.62%, 16, 0, 9, 470.97, 3380743, 263, 871, 0
7647, 42, 0, 507, 0, 0, 64.62%, 16, 0, 9, 454.67, 3382970, 263, 871, 0
7653, 42, 120, 507, 0, 0, 64.62%, 16, 0, 9, 437.23, 3385240, 263, 871, 0
7658, 42, 249, 507, 0, 0, 64.62%, 16, 0, 9, 435.34, 3387449, 263, 872, 0
7663, 42, 32, 507, 0, 0, 64.62%, 16, 0, 9, 429.31, 3389605, 263, 878, 0
7668, 42, 441, 507, 0, 0, 64.62%, 16, 0, 9, 424.75, 3391843, 263, 879, 0
7673, 42, 219, 507, 0, 0, 64.62%, 16, 0, 9, 438.01, 3394043, 263, 879, 0
7678, 42, 141, 507, 0, 0, 64.62%, 16, 0, 9, 437.38, 3396233, 263, 883, 0
7683, 42, 288, 507, 0, 0, 64.62%, 16, 0, 9, 433.37, 3398363, 263, 883, 0
7688, 42, 50, 507, 0, 0, 64.62%, 16, 0, 9, 461.63, 3400730, 263, 883, 0
7693, 42, 399, 507, 0, 0, 64.62%, 16, 0, 9, 454.92, 3402993, 263, 886, 0
7698, 42, 505, 507, 0, 0, 64.62%, 16, 0, 9, 451.25, 3405244, 263, 888, 0
7703, 42, 277, 507, 0, 0, 64.62%, 16, 0, 9, 448.83, 3407558, 263, 890, 0
7708, 42, 351, 507, 0, 0, 64.62%, 16, 0, 9, 416.76, 3409624, 263, 891, 0
7713, 42, 260, 507, 0, 0, 64.62%, 16, 0, 9, 458.81, 3411997, 263, 891, 0
7718, 42, 122, 507, 0, 0, 64.62%, 16, 0, 9, 465.59, 3414314, 263, 891, 0
7724, 42, 188, 507, 0, 0, 64.62%, 16, 0, 9, 446.65, 3416607, 263, 891, 0
7729, 42, 212, 507, 0, 0, 64.62%, 16, 0, 9, 435.27, 3418782, 263, 891, 0
7734, 42, 113, 507, 0, 0, 64.62%, 16, 0, 9, 411.25, 3420893, 263, 896, 0
7739, 42, 504, 507, 0, 0, 64.62%, 16, 0, 9, 426.80, 3423153, 263, 896, 0
7744, 42, 141, 507, 0, 0, 64.62%, 16, 0, 9, 466.23, 3425514, 263, 896, 0
7749, 42, 207, 507, 0, 0, 64.62%, 16, 0, 9, 461.32, 3427760, 263, 896, 0
7754, 42, 212, 507, 0, 0, 64.62%, 16, 0, 9, 464.12, 3430177, 263, 901, 0
7759, 42, 78, 507, 0, 0, 64.62%, 16, 0, 9, 432.54, 3432304, 263, 901, 0
7764, 42, 261, 507, 0, 0, 64.62%, 16, 0, 9, 455.95, 3434681, 263, 902, 0
7770, 42, 505, 507, 0, 0, 64.62%, 16, 0, 9, 459.51, 3437033, 263, 904, 0
7775, 42, 141, 507, 0, 0, 64.62%, 16, 0, 9, 498.73, 3439619, 263, 904, 0
7780, 42, 138, 507, 0, 0, 64.62%, 16, 0, 9, 469.02, 3441927, 263, 904, 0
7785, 42, 145, 507, 0, 0, 64.62%, 16, 0, 9, 453.34, 3444246, 263, 907, 0
7790, 43, 433, 507, 0, 0, 64.62%, 16, 0, 9, 458.85, 3446528, 263, 907, 0
7795, 43, 505, 507, 0, 0, 64.62%, 16, 0, 9, 454.76, 3448797, 263, 911, 0
7800, 43, 266, 507, 0, 0, 64.62%, 16, 0, 9, 418.63, 3450947, 263, 913, 0
7805, 43, 489, 507, 0, 0, 64.62%, 16, 0, 9, 467.31, 3453394, 263, 914, 0
7810, 43, 210, 507, 0, 0, 64.62%, 16, 0, 9, 443.44, 3455656, 263, 915, 0
7816, 43, 50, 507, 0, 0, 64.62%, 16, 0, 9, 434.19, 3457920, 263, 915, 0
7821, 43, 32, 507, 0, 0, 64.62%, 16, 0, 9, 435.12, 3460076, 263, 915, 0
7826, 43, 462, 507, 0, 0, 64.62%, 16, 0, 9, 443.25, 3462392, 263, 915, 0
7831, 43, 78, 507, 0, 0, 64.62%, 16, 0, 9, 465.69, 3464811, 263, 917, 0
7836, 43, 95, 507, 0, 0, 64.62%, 16, 0, 9, 450.49, 3467180, 263, 917, 0
7841, 43, 122, 507, 0, 0, 64.62%, 16, 0, 9, 472.58, 3469560, 263, 922, 0
7846, 43, 188, 507, 0, 0, 64.62%, 16, 0, 9, 439.43, 3471736, 263, 922, 0
7851, 43, 470, 507, 0, 0, 64.62%, 16, 0, 9, 460.32, 3474104, 263, 922, 0
7856, 43, 505, 507, 0, 0, 64.62%, 16, 0, 9, 422.90, 3476208, 263, 923, 0
7861, 43, 212, 507, 0, 0, 64.62%, 16, 0, 9, 420.41, 3478400, 263, 928, 0
7866, 43, 504, 507, 0, 0, 64.62%, 16, 0, 9, 464.33, 3480719, 263, 928, 0
7871, 43, 433, 507, 0, 0, 64.62%, 16, 0, 9, 456.84, 3482994, 263, 931, 0
7876, 43, 179, 507, 0, 0, 64.62%, 16, 0, 9, 468.59, 3485360, 263, 937, 0
7882, 43, 324, 507, 0, 0, 64.62%, 16, 0, 9, 451.83, 3487697, 263, 937, 0
7887, 43, 50, 507, 0, 0, 64.62%, 16, 0, 9, 478.78, 3490137, 263, 937, 0
7892, 43, 444, 507, 0, 0, 64.62%, 16, 0, 9, 446.22, 3492363, 263, 937, 0
7897, 43, 255, 507, 0, 0, 64.62%, 16, 0, 9, 475.03, 3494748, 263, 937, 0
7902, 43, 210, 507, 0, 0, 64.62%, 16, 0, 9, 454.16, 3496978, 263, 938, 0
7907, 43, 505, 507, 0, 0, 64.62%, 16, 0, 9, 448.28, 3499203, 263, 938, 0
7912, 43, 477, 507, 0, 0, 64.62%, 16, 0, 9, 434.42, 3501440, 263, 940, 0
7917, 43, 138, 507, 0, 0, 64.62%, 16, 0, 9, 437.27, 3503669, 263, 940, 0
7922, 43, 212, 507, 0, 0, 64.62%, 16, 0, 9, 432.38, 3505907, 263, 940, 0
7927, 43, 470, 507, 0, 0, 64.62%, 16, 0, 9, 431.78, 3508091, 263, 940, 0
7932, 43, 407, 507, 0, 0, 64.62%, 16, 0, 9, 455.77, 3510418, 263, 941, 0
7937, 43, 264, 507, 0, 0, 64.62%, 16, 0, 9, 441.29, 3512695, 263, 941, 0
7943, 43, 212, 507, 0, 0, 64.62%, 16, 0, 9, 474.58, 3515128, 263, 941, 0
7948, 43, 212, 507, 0, 0, 64.62%, 16, 0, 9, 440.74, 3517389, 263, 941, 0
7953, 43, 301, 507, 0, 0, 64.62%, 16, 0, 9, 465.16, 3519774, 263, 941, 0
7958, 43, 0, 507, 0, 0, 64.62%, 16, 0, 9, 449.38, 3522077, 263, 944, 0
7963, 43, 367, 507, 0, 0, 64.62%, 16, 0, 9, 429.08, 3524257, 263, 944, 0
7968, 43, 212, 507, 0, 0, 64.62%, 16, 0, 9, 446.19, 3526574, 263, 948, 0
7973, 44, 406, 508, 1, 0, 64.62%, 16, 0, 9, 466.11, 3528921, 263, 948, 0
7978, 44, 503, 508, 1, 0, 64.62%, 16, 0, 9, 446.74, 3531139, 263, 948, 0
7983, 44, 487, 508, 1, 0, 64.62%, 16, 0, 9, 459.05, 3533441, 263, 950, 0
7988, 44, 434, 508, 1, 0, 64.62%, 16, 0, 9, 467.50, 3535783, 263, 951, 0
7993, 44, 507, 508, 1, 0, 64.62%, 16, 0, 9, 472.68, 3538104, 263, 957, 0
7998, 44, 495, 508, 0, 0, 64.62%, 16, 0, 9, 436.90, 3540328, 263, 957, 0
8003, 44, 324, 508, 0, 0, 64.62%, 16, 0, 9, 447.54, 3542609, 263, 957, 0
8009, 44, 505, 508, 0, 0, 64.62%, 16, 0, 9, 441.46, 3544880, 263, 957, 0
8014, 44, 94, 508, 0, 0, 64.62%, 16, 0, 9, 425.56, 3547062, 263, 957, 0
8019, 44, 394, 508, 0, 0, 64.62%, 16, 0, 9, 465.52, 3549405, 263, 957, 0
8024, 44, 462, 508, 0, 0, 64.62%, 16, 0, 9, 469.63, 3551732, 263, 957, 0
8029, 44, 50, 508, 0, 0, 64.62%, 16, 0, 9, 467.50, 3554181, 263, 957, 0
8034, 44, 32, 508, 0, 0, 64.62%, 16, 0, 9, 440.38, 3556381, 263, 957, 0
8039, 44, 264, 508, 0, 0, 64.62%, 16, 0, 9, 448.35, 3558653, 263, 959, 0
8044, 44, 288, 508, 0, 0, 64.62%, 16, 0, 9, 452.91, 3560865, 263, 968, 0
8049, 44, 212, 508, 0, 0, 64.62%, 16, 0, 9, 448.16, 3563100, 263, 972, 0
8054, 44, 188, 508, 0, 0, 64.62%, 16, 0, 9, 449.81, 3565356, 263, 972, 0
8059, 44, 212, 508, 0, 0, 64.62%, 16, 0, 9, 445.75, 3567601, 263, 972, 0
8064, 44, 476, 508, 0, 0, 64.62%, 16, 0, 9, 418.74, 3569690, 263, 973, 0
8069, 44, 200, 508, 0, 0, 64.62%, 16, 0, 9, 448.48, 3571984, 263, 974, 0
8074, 44, 505, 508, 0, 0, 64.62%, 16, 0, 9, 480.04, 3574326, 263, 977, 0
8079, 44, 212, 508, 0, 0, 64.62%, 16, 0, 9, 450.11, 3576548, 263, 977, 0
8084, 44, 50, 508, 0, 0, 64.62%, 16, 0, 9, 476.42, 3578985, 263, 977, 0
8090, 44, 477, 508, 0, 0, 64.62%, 16, 0, 9, 462.82, 3581308, 263, 977, 0
8095, 44, 444, 508, 0, 0, 64.62%, 16, 0, 9, 451.60, 3583537, 263, 977, 0
8100, 44, 351, 508, 0, 0, 64.62%, 16, 0, 9, 425.24, 3585717, 263, 978, 0
8105, 44, 505, 508, 0, 0, 64.62%, 16, 0, 9, 448.49, 3588026, 263, 983, 0
8110, 44, 288, 508, 0, 0, 64.62%, 16, 0, 9, 460.74, 3590377, 263, 983, 0
8115, 44, 462, 508, 0, 0, 64.62%, 16, 0, 9, 455.10, 3592680, 263, 983, 0
8120, 44, 212, 508, 0, 0, 64.62%, 16, 0, 9, 446.41, 3594940, 263, 983, 0
8125, 44, 394, 508, 0, 0, 64.62%, 16, 0, 9, 454.91, 3597236, 263, 983, 0
8130, 44, 421, 508, 0, 0, 64.62%, 16, 0, 9, 473.32, 3599594, 263, 984, 0
8135, 44, 504, 508, 0, 0, 64.62%, 16, 0, 9, 460.24, 3601885, 263, 984, 0
8140, 44, 230, 508, 0, 0, 64.62%, 16, 0, 9, 445.36, 3604097, 263, 984, 0
8145, 45, 259, 508, 0, 0, 64.62%, 16, 0, 9, 476.84, 3606411, 263, 987, 0
8150, 45, 419, 508, 0, 0, 64.62%, 16, 0, 9, 450.29, 3608653, 263, 988, 0
8155, 45, 433, 508, 0, 0, 64.62%, 16, 0, 9, 442.70, 3610895, 263, 991, 0
8160, 45, 212, 508, 0, 0, 64.62%, 16, 0, 9, 452.73, 3613147, 263, 991, 0
8165, 45, 394, 508, 0, 0, 64.62%, 16, 0, 9, 413.94, 3615244, 263, 991, 0
8170, 45, 503, 508, 0, 0, 64.62%, 16, 0, 9, 424.11, 3617340, 263, 991, 0
8176, 45, 212, 508, 0, 0, 64.62%, 16, 0, 9, 429.37, 3619500, 263, 991, 0
8181, 45, 212, 508, 0, 0, 64.62%, 16, 0, 9, 424.47, 3621612, 263, 991, 0
8186, 45, 50, 508, 0, 0, 64.62%, 16, 0, 9, 439.73, 3623813, 263, 997, 0
8191, 45, 462, 508, 0, 0, 64.62%, 16, 0, 9, 436.03, 3626056, 263, 997, 0
8196, 45, 505, 508, 0, 0, 64.62%, 16, 0, 9, 424.08, 3628130, 263, 1001, 0
8201, 45, 141, 508, 0, 0, 64.62%, 16, 0, 9, 432.34, 3630332, 263, 1002, 0
8206, 45, 292, 508, 0, 0, 64.62%, 16, 0, 9, 416.23, 3632472, 263, 1002, 0
8211, 45, 500, 508, 0, 0, 64.62%, 16, 0, 9, 432.74, 3634648, 263, 1002, 0
8216, 45, 283, 508, 0, 0, 64.62%, 16, 0, 9, 436.59, 3636831, 263, 1002, 0
8221, 45, 210, 508, 0, 0, 64.62%, 16, 0, 9, 445.92, 3639068, 263, 1002, 0
8226, 45, 79, 508, 0, 0, 64.62%, 16, 0, 9, 423.96, 3641182, 263, 1002, 0
8231, 45, 376, 508, 0, 0, 64.62%, 16, 0, 9, 414.81, 3643287, 263, 1002, 0
8236, 45, 207, 508, 0, 0, 64.62%, 16, 0, 9, 418.03, 3645446, 263, 1007, 0
8241, 45, 495, 508, 0, 0, 64.62%, 16, 0, 9, 441.01, 3647717, 263, 1009, 0
8246, 45, 179, 508, 0, 0, 64.62%, 16, 0, 9, 452.09, 3650033, 263, 1009, 0
8251, 45, 212, 508, 0, 0, 64.62%, 16, 0, 9, 444.57, 3652241, 263, 1009, 0
8257, 45, 407, 508, 0, 0, 64.62%, 16, 0, 9, 448.59, 3654518, 263, 1010, 0
8262, 45, 95, 508, 0, 0, 64.62%, 16, 0, 9, 468.52, 3656879, 263, 1010, 0
8267, 45, 264, 508, 0, 0, 64.62%, 16, 0, 9, 470.89, 3659249, 263, 1015, 0
8272, 45, 277, 508, 0, 0, 64.62%, 16, 0, 9, 437.91, 3661424, 263, 1015, 0
8277, 45, 456, 508, 0, 0, 64.62%, 16, 0, 9, 406.49, 3663565, 263, 1015, 0
8282, 45, 212, 508, 0, 0, 64.62%, 16, 0, 9, 437.48, 3665854, 263, 1015, 0
8287, 45, 176, 508, 0, 0, 64.62%, 16, 0, 9, 463.22, 3668267, 263, 1016, 0
8292, 45, 495, 508, 0, 0, 64.62%, 16, 0, 9, 447.64, 3670547, 263, 1019, 0
8297, 45, 500, 508, 0, 0, 64.62%, 16, 0, 9, 457.77, 3672881, 263, 1019, 0
8302, 45, 32, 508, 0, 0, 64.62%, 16, 0, 9, 447.82, 3675124, 263, 1019, 0
8307, 45, 324, 508, 0, 0, 64.62%, 16, 0, 9, 424.12, 3677251, 263, 1019, 0
8313, 45, 212, 508, 0, 0, 64.62%, 16, 0, 9, 470.09, 3679639, 263, 1022, 0
8318, 45, 266, 508, 0, 0, 64.62%, 16, 0, 9, 425.60, 3681767, 263, 1022, 0
8323, 46, 32, 508, 0, 0, 64.62%, 16, 0, 9, 442.97, 3684049, 263, 1022, 0
8328, 46, 212, 508, 0, 0, 64.62%, 16, 0, 9, 456.25, 3686383, 263, 1023, 0
8333, 46, 281, 508, 0, 0, 64.62%, 16, 0, 9, 430.29, 3688606, 263, 1023, 0
8338, 46, 407, 508, 0, 0, 64.62%, 16, 0, 9, 442.52, 3690849, 263, 1023, 0
8343, 46, 477, 508, 0, 0, 64.62%, 16, 0, 9, 428.17, 3692975, 263, 1023, 0
8348, 46, 179, 508, 0, 0, 64.62%, 16, 0, 9, 439.71, 3695232, 263, 1023, 0
8353, 46, 212, 508, 0, 0, 64.62%, 16, 0, 9, 466.56, 3697642, 263, 1023, 0
8359, 46, 288, 508, 0, 0, 64.62%, 16, 0, 9, 450.06, 3699938, 263, 1023, 0
8364, 46, 462, 508, 0, 0, 64.62%, 16, 0, 9, 438.39, 3702199, 263, 1023, 0
8369, 46, 324, 508, 0, 0, 64.62%, 16, 0, 9, 423.47, 3704340, 263, 1023, 0
8374, 46, 210, 508, 0, 0, 64.62%, 16, 0, 9, 476.28, 3706740, 263, 1024, 0
8379, 46, 418, 508, 0, 0, 64.62%, 16, 0, 9, 434.93, 3708902, 263, 1024, 0
8384, 46, 260, 508, 0, 0, 64.62%, 16, 0, 9, 442.30, 3711106, 263, 1024, 0
8389, 46, 505, 508, 0, 0, 64.62%, 16, 0, 9, 449.57, 3713395, 263, 1025, 0
8394, 46, 262, 508, 0, 0, 64.62%, 16, 0, 9, 419.19, 3715441, 263, 1031, 0
8399, 46, 447, 508, 0, 0, 64.62%, 16, 0, 9, 436.64, 3717673, 263, 1031, 0
8404, 46, 50, 508, 0, 0, 64.62%, 16, 0, 9, 412.86, 3719749, 263, 1031, 0
8409, 46, 500, 508, 0, 0, 64.62%, 16, 0, 9, 400.60, 3721794, 263, 1031, 0
8414, 46, 28, 508, 0, 0, 64.62%, 16, 0, 9, 411.60, 3723856, 263, 1038, 0
8419, 46, 505, 508, 0, 0, 64.62%, 16, 0, 9, 425.21, 3726009, 263, 1041, 0
8424, 46, 505, 508, 0, 0, 64.62%, 16, 0, 9, 435.31, 3728191, 263, 1044, 0
8429, 46, 455, 508, 0, 0, 64.62%, 16, 0, 9, 458.31, 3730532, 263, 1044, 0
8434, 46, 324, 508, 0, 0, 64.62%, 16, 0, 9, 441.64, 3732708, 263, 1048, 0
8440, 46, 494, 508, 0, 0, 64.62%, 16, 0, 9, 429.79, 3734932, 263, 1048, 0
8445, 46, 505, 508, 0, 0, 64.62%, 16, 0, 9, 430.89, 3737107, 263, 1048, 0
8450, 46, 51, 508, 0, 0, 64.62%, 16, 0, 9, 437.55, 3739388, 263, 1052, 0
8455, 46, 447, 508, 0, 0, 64.62%, 16, 0, 9, 452.81, 3741694, 263, 1052, 0
8460, 46, 188, 508, 0, 0, 64.62%, 16, 0, 9, 451.97, 3743957, 263, 1052, 0
8465, 46, 495, 508, 0, 0, 64.62%, 16, 0, 9, 447.46, 3746250, 263, 1052, 0
8470, 46, 78, 508, 0, 0, 64.62%, 16, 0, 9, 441.54, 3748490, 263, 1053, 0
8475, 46, 462, 508, 0, 0, 64.62%, 16, 0, 9, 452.86, 3750834, 263, 1054, 0
8480, 46, 21, 508, 0, 0, 64.62%, 16, 0, 9, 462.26, 3753173, 263, 1054, 0
8485, 46, 78, 508, 0, 0, 64.62%, 16, 0, 9, 469.97, 3755565, 263, 1054, 0
8490, 47, 425, 508, 0, 0, 64.62%, 16, 0, 9, 465.61, 3757978, 263, 1056, 0
8495, 47, 301, 508, 0, 0, 64.62%, 16, 0, 9, 457.91, 3760311, 263, 1056, 0
8500, 47, 313, 508, 0, 0, 64.62%, 16, 0, 9, 439.63, 3762521, 263, 1058, 0
8506, 47, 505, 508, 0, 0, 64.62%, 16, 0, 9, 433.90, 3764736, 263, 1059, 0
8511, 47, 351, 508, 0, 0, 64.62%, 16, 0, 9, 455.89, 3767074, 263, 1059, 0
8516, 47, 188, 508, 0, 0, 64.62%, 16, 0, 9, 432.33, 3769221, 263, 1059, 0
8521, 47, 201, 508, 0, 0, 64.62%, 16, 0, 9, 441.09, 3771449, 263, 1059, 0
8526, 47, 264, 508, 0, 0, 64.62%, 16, 0, 9, 427.75, 3773586, 263, 1059, 0
8531, 47, 301, 508, 0, 0, 64.62%, 16, 0, 9, 448.46, 3775875, 263, 1059, 0
8536, 47, 406, 508, 0, 0, 64.62%, 16, 0, 9, 444.57, 3778096, 263, 1059, 0
8541, 47, 210, 508, 0, 0, 64.62%, 16, 0, 9, 472.84, 3780530, 263, 1059, 0
8546, 47, 188, 508, 0, 0, 64.62%, 16, 0, 9, 461.25, 3782789, 263, 1059, 0
8551, 47, 500, 508, 0, 0, 64.62%, 16, 0, 9, 464.36, 3785070, 263, 1059, 0
8556, 47, 475, 508, 0, 0, 64.62%, 16, 0, 9, 448.95, 3787318, 263, 1061, 0
8561, 47, 504, 508, 0, 0, 64.62%, 16, 0, 9, 500.83, 3789792, 263, 1061, 0
8566, 47, 505, 508, 0, 0, 64.62%, 16, 0, 9, 468.50, 3792135, 263, 1064, 0
8571, 47, 32, 508, 0, 0, 64.62%, 16, 0, 9, 482.10, 3794579, 263, 1068, 0
8576, 47, 283, 508, 0, 0, 64.62%, 16, 0, 9, 453.59, 3796904, 263, 1068, 0
8581, 47, 505, 508, 0, 0, 64.62%, 16, 0, 9, 447.19, 3799175, 263, 1076, 0
8586, 47, 433, 508, 0, 0, 64.62%, 16, 0, 9, 462.89, 3801481, 263, 1079, 0
8591, 47, 262, 508, 0, 0, 64.62%, 16, 0, 9, 438.66, 3803670, 263, 1079, 0
8597, 47, 244, 508, 0, 0, 64.62%, 16, 0, 9, 457.60, 3805979, 263, 1082, 0
8602, 47, 277, 508, 0, 0, 64.62%, 16, 0, 9, 439.54, 3808197, 263, 1082, 0
8607, 47, 31, 508, 0, 0, 64.62%, 16, 0, 9, 439.32, 3810415, 263, 1084, 0
8612, 47, 505, 508, 0, 0, 64.62%, 16, 0, 9, 462.06, 3812751, 263, 1085, 0
8617, 47, 394, 508, 0, 0, 64.62%, 16, 0, 9, 455.11, 3815053, 263, 1092, 0
8622, 47, 363, 508, 0, 0, 64.62%, 16, 0, 9, 439.92, 3817277, 263, 1098, 0
8627, 47, 31, 508, 0, 0, 64.62%, 16, 0, 9, 442.57, 3819553, 263, 1100, 0
8632, 47, 210, 508, 0, 0, 64.62%, 16, 0, 9, 472.39, 3822061, 263, 1101, 0
8637, 47, 32, 508, 0, 0, 64.62%, 16, 0, 9, 443.41, 3824296, 263, 1105, 0
8642, 47, 465, 508, 0, 0, 64.62%, 16, 0, 9, 435.37, 3826476, 263, 1105, 0
8647, 47, 143, 508, 0, 0, 64.62%, 16, 0, 9, 451.37, 3828772, 263, 1105, 0
8652, 47, 32, 508, 0, 0, 64.62%, 16, 0, 9, 439.48, 3830999, 263, 1105, 0
8658, 47, 407, 508, 0, 0, 64.62%, 16, 0, 9, 403.24, 3833054, 263, 1105, 0
8663, 48, 507, 508, 0, 0, 64.62%, 16, 0, 9, 416.64, 3835159, 263, 1105, 0
8668, 48, 441, 508, 0, 0, 64.62%, 16, 0, 9, 429.43, 3837449, 263, 1106, 0
8673, 48, 470, 508, 0, 0, 64.62%, 16, 0, 9, 443.04, 3839761, 263, 1107, 0
8678, 48, 212, 508, 0, 0, 64.62%, 16, 0, 9, 433.46, 3841985, 263, 1107, 0
8683, 48, 212, 508, 0, 0, 64.62%, 16, 0, 9, 441.74, 3844212, 263, 1113, 0
8688, 48, 412, 508, 0, 0, 64.62%, 16, 0, 9, 433.93, 3846452, 263, 1113, 0
8693, 48, 486, 508, 0, 0, 64.62%, 16, 0, 9, 427.10, 3848554, 263, 1113, 0
8698, 48, 179, 508, 0, 0, 64.62%, 16, 0, 9, 441.62, 3850909, 263, 1114, 0
8704, 48, 251, 508, 0, 0, 64.62%, 16, 0, 9, 436.60, 3853137, 263, 1121, 0
8709, 48, 475, 508, 0, 0, 64.62%, 16, 0, 9, 430.09, 3855295, 263, 1124, 0
8714, 48, 423, 508, 0, 0, 64.62%, 16, 0, 9, 424.75, 3857408, 263, 1124, 0
8719, 48, 414, 508, 0, 0, 64.62%, 16, 0, 9, 438.61, 3859628, 263, 1124, 0
8724, 48, 207, 508, 0, 0, 64.62%, 16, 0, 9, 457.91, 3862024, 263, 1124, 0
8729, 48, 301, 508, 0, 0, 64.62%, 16, 0, 9, 434.31, 3864213, 263, 1124, 0
8734, 48, 504, 508, 0, 0, 64.62%, 16, 0, 9, 436.08, 3866477, 263, 1124, 0
8739, 48, 504, 508, 0, 0, 64.62%, 16, 0, 9, 433.30, 3868636, 263, 1129, 0
8744, 48, 264, 508, 0, 0, 64.62%, 16, 0, 9, 428.86, 3870815, 263, 1134, 0
8749, 48, 324, 508, 0, 0, 64.62%, 16, 0, 9, 430.61, 3872977, 263, 1134, 0
8754, 48, 505, 508, 0, 0, 64.62%, 16, 0, 9, 424.03, 3875084, 263, 1136, 0
8759, 48, 407, 508, 0, 0, 64.62%, 16, 0, 9, 421.21, 3877255, 263, 1136, 0
8764, 48, 487, 508, 0, 0, 64.62%, 16, 0, 9, 443.42, 3879490, 263, 1136, 0
8770, 48, 210, 508, 0, 0, 64.62%, 16, 0, 9, 442.68, 3881711, 263, 1136, 0
8775, 48, 470, 508, 0, 0, 64.62%, 16, 0, 9, 425.71, 3883864, 263, 1136, 0
8780, 48, 245, 508, 0, 0, 64.62%, 16, 0, 9, 447.82, 3886117, 263, 1136, 0
8785, 48, 42, 508, 0, 0, 64.62%, 16, 0, 9, 445.53, 3888364, 263, 1136, 0
8790, 48, 50, 508, 0, 0, 64.62%, 16, 0, 9, 451.80, 3890651, 263, 1136, 0
8795, 48, 225, 508, 0, 0, 64.62%, 16, 0, 9, 459.90, 3892932, 263, 1136, 0
8800, 48, 235, 508, 0, 0, 64.62%, 16, 0, 9, 425.58, 3895114, 263, 1136, 0
8805, 48, 461, 508, 0, 0, 64.62%, 16, 0, 9, 451.07, 3897402, 263, 1138, 0
8810, 48, 69, 508, 0, 0, 64.62%, 16, 0, 9, 462.45, 3899730, 263, 1138, 0
8815, 48, 209, 508, 0, 0, 64.62%, 16, 0, 9, 440.70, 3901936, 263, 1138, 0
8820, 48, 34, 508, 0, 0, 64.62%, 16, 0, 9, 446.37, 3904145, 263, 1141, 0
8825, 48, 31, 508, 0, 0, 64.62%, 16, 0, 9, 449.33, 3906444, 263, 1144, 0
8830, 49, 500, 509, 1, 0, 64.62%, 16, 0, 9, 436.35, 3908633, 263, 1145, 0
8835, 49, 264, 509, 1, 0, 64.62%, 16, 0, 9, 454.42, 3910905, 263, 1146, 0
8840, 49, 185, 509, 1, 0, 64.62%, 16, 0, 9, 439.69, 3913152, 263, 1148, 0
8845, 49, 301, 509, 1, 0, 64.62%, 16, 0, 9, 458.53, 3915454, 263, 1148, 0
8850, 49, 163, 509, 1, 0, 64.62%, 16, 0, 9, 434.80, 3917629, 263, 1149, 0
8856, 49, 340, 509, 1, 0, 64.62%, 16, 0, 9, 437.42, 3919868, 263, 1152, 0
8861, 49, 240, 509, 1, 0, 64.62%, 16, 0, 9, 450.19, 3922124, 263, 1152, 0
8866, 49, 212, 509, 1, 0, 64.62%, 16, 0, 9, 454.51, 3924469, 263, 1152, 0
8871, 49, 266, 509, 1, 0, 64.62%, 16, 0, 9, 453.16, 3926845, 263, 1152, 0
8876, 49, 283, 509, 1, 0, 64.62%, 16, 0, 9, 434.32, 3929016, 263, 1152, 0
8881, 49, 505, 509, 1, 0, 64.62%, 16, 0, 9, 445.09, 3931324, 263, 1153, 0
8886, 49, 188, 509, 1, 0, 64.62%, 16, 0, 9, 457.63, 3933694, 263, 1153, 0
8891, 49, 0, 509, 1, 0, 64.62%, 16, 0, 9, 447.38, 3935910, 263, 1156, 0
8896, 49, 439, 509, 1, 0, 64.62%, 16, 0, 9, 431.92, 3938092, 263, 1156, 0
8901, 49, 31, 509, 0, 0, 64.62%, 16, 0, 9, 433.28, 3940289, 263, 1160, 0
8906, 49, 407, 509, 0, 0, 64.62%, 16, 0, 9, 445.78, 3942538, 263, 1165, 0
8911, 49, 447, 509, 0, 0, 64.62%, 16, 0, 9, 426.15, 3944699, 263, 1165, 0
8916, 49, 441, 509, 0, 0, 64.62%, 16, 0, 9, 425.83, 3946817, 263, 1165, 0
8922, 49, 141, 509, 0, 0, 64.62%, 16, 0, 9, 430.67, 3949092, 263, 1167, 0
8927, 49, 141, 509, 0, 0, 64.62%, 16, 0, 9, 450.25, 3951479, 263, 1167, 0
8932, 49, 281, 509, 0, 0, 64.62%, 16, 0, 9, 466.27, 3953799, 263, 1172, 0
8937, 49, 461, 509, 0, 0, 64.62%, 16, 0, 9, 475.95, 3956246, 263, 1172, 0
8942, 49, 489, 509, 0, 0, 64.62%, 16, 0, 9, 453.81, 3958498, 263, 1172, 0
8947, 49, 183, 509, 0, 0, 64.62%, 16, 0, 9, 470.65, 3960948, 263, 1176, 0
8952, 49, 32, 509, 0, 0, 64.62%, 16, 0, 9, 427.95, 3963068, 263, 1176, 0
8957, 49, 179, 509, 0, 0, 64.62%, 16, 0, 9, 437.30, 3965265, 263, 1176, 0
8962, 49, 505, 509, 0, 0, 64.62%, 16, 0, 9, 444.09, 3967559, 263, 1176, 0
8967, 49, 461, 509, 0, 0, 64.62%, 16, 0, 9, 427.14, 3969671, 263, 1177, 0
8972, 49, 324, 509, 0, 0, 64.62%, 16, 0, 9, 452.98, 3972055, 263, 1177, 0
8978, 49, 281, 509, 0, 0, 64.62%, 16, 0, 9, 460.11, 3974361, 263, 1181, 0
8983, 49, 260, 509, 0, 0, 64.62%, 16, 0, 9, 467.52, 3976695, 263, 1181, 0
8988, 49, 485, 509, 0, 0, 64.62%, 16, 0, 9, 455.81, 3979006, 263, 1184, 0
8993, 49, 500, 509, 0, 0, 64.62%, 16, 0, 9, 443.81, 3981270, 263, 1189, 0
8998, 49, 179, 509, 0, 0, 64.62%, 16, 0, 9, 436.52, 3983444, 263, 1189, 0
9003, 50, 133, 509, 0, 0, 64.62%, 16, 0, 9, 446.51, 3985684, 263, 1189, 0
9008, 50, 457, 509, 0, 0, 64.62%, 16, 0, 9, 431.54, 3987851, 263, 1190, 0
9013, 50, 46, 509, 0, 0, 64.62%, 16, 0, 9, 448.11, 3990084, 263, 1190, 0
9018, 50, 433, 509, 0, 0, 64.62%, 16, 0, 9, 453.83, 3992352, 263, 1190, 0
9023, 50, 212, 509, 0, 0, 64.62%, 16, 0, 9, 443.17, 3994564, 263, 1190, 0
9028, 50, 141, 509, 0, 0, 64.62%, 16, 0, 9, 447.89, 3996867, 263, 1190, 0
9033, 50, 505, 509, 0, 0, 64.62%, 16, 0, 9, 456.24, 3999115, 263, 1190, 0
9038, 50, 505, 509, 0, 0, 64.62%, 16, 0, 9, 460.85, 4001514, 263, 1195, 0
9043, 50, 262, 509, 0, 0, 64.62%, 16, 0, 9, 444.45, 4003757, 263, 1197, 0
9048, 50, 503, 509, 0, 0, 64.62%, 16, 0, 9, 452.24, 4006112, 263, 1199, 0
9053, 50, 447, 509, 0, 0, 64.62%, 16, 0, 9, 458.51, 4008399, 263, 1199, 0
9058, 50, 73, 509, 0, 0, 64.62%, 16, 0, 9, 421.12, 4010550, 263, 1199, 0
9063, 50, 32, 509, 0, 0, 64.62%, 16, 0, 9, 445.38, 4012796, 263, 1199, 0
9068, 50, 446, 509, 0, 0, 64.62%, 16, 0, 9, 450.50, 4015046, 263, 1205, 0
9074, 50, 461, 509, 0, 0, 64.62%, 16, 0, 9, 436.38, 4017255, 263, 1205, 0
9079, 50, 188, 509, 0, 0, 64.62%, 16, 0, 9, 422.95, 4019410, 263, 1205, 0
9084, 50, 433, 509, 0, 0, 64.62%, 16, 0, 9, 433.78, 4021610, 263, 1206, 0
9089, 50, 465, 509, 0, 0, 64.62%, 16, 0, 9, 456.82, 4023937, 263, 1214, 0
9094, 50, 224, 509, 0, 0, 64.62%, 16, 0, 9, 454.58, 4026241, 263, 1214, 0
9099, 50, 50, 509, 0, 0, 64.62%, 16, 0, 9, 465.12, 4028758, 263, 1214, 0
9104, 50, 281, 509, 0, 0, 64.62%, 16, 0, 9, 482.13, 4031224, 263, 1217, 0
9109, 50, 141, 509, 0, 0, 64.62%, 16, 0, 9, 460.27, 4033534, 263, 1217, 0
9114, 50, 281, 509, 0, 0, 64.62%, 16, 0, 9, 440.90, 4035769, 263, 1218, 0
9119, 50, 444, 509, 0, 0, 64.62%, 16, 0, 9, 443.63, 4038008, 263, 1220, 0
9124, 50, 212, 509, 0, 0, 64.62%, 16, 0, 9, 476.89, 4040438, 263, 1220, 0
9129, 50, 35, 509, 0, 0, 64.62%, 16, 0, 9, 458.39, 4042773, 263, 1220, 0
9135, 50, 179, 509, 0, 0, 64.62%, 16, 0, 9, 452.20, 4045080, 263, 1220, 0
9140, 50, 143, 509, 0, 0, 64.62%, 16, 0, 9, 452.53, 4047399, 263, 1220, 0
9145, 50, 503, 509, 0, 0, 64.62%, 16, 0, 9, 437.37, 4049621, 263, 1228, 0
9150, 50, 508, 510, 1, 0, 64.62%, 16, 0, 9, 449.18, 4051888, 263, 1228, 0
9155, 50, 504, 510, 0, 0, 64.62%, 16, 0, 9, 437.64, 4054053, 263, 1228, 0
9160, 50, 505, 510, 0, 0, 64.62%, 16, 0, 9, 445.12, 4056276, 263, 1232, 0
9165, 51, 268, 510, 0, 0, 64.62%, 16, 0, 9, 442.91, 4058478, 263, 1233, 0
9170, 51, 288, 510, 0, 0, 64.62%, 16, 0, 9, 470.82, 4060833, 263, 1233, 0
9175, 51, 301, 510, 0, 0, 64.62%, 16, 0, 9, 470.00, 4063183, 263, 1233, 0
9180, 51, 281, 510, 0, 0, 64.62%, 16, 0, 9, 424.70, 4065315, 263, 1235, 0
9185, 51, 125, 510, 0, 0, 64.62%, 16, 0, 9, 415.56, 4067481, 263, 1235, 0
9190, 51, 78, 510, 0, 0, 64.62%, 16, 0, 9, 451.57, 4069831, 263, 1235, 0
9195, 51, 50, 510, 0, 0, 64.62%, 16, 0, 9, 409.23, 4071909, 263, 1236, 0
9201, 51, 336, 510, 0, 0, 64.62%, 16, 0, 9, 436.11, 4074095, 263, 1240, 0
9206, 51, 157, 510, 0, 0, 64.62%, 16, 0, 9, 444.43, 4076330, 263, 1240, 0
9211, 51, 277, 510, 0, 0, 64.62%, 16, 0, 9, 437.61, 4078467, 263, 1240, 0
9216, 51, 444, 510, 0, 0, 64.62%, 16, 0, 9, 431.67, 4080711, 263, 1240, 0
9221, 51, 212, 510, 0, 0, 64.62%, 16, 0, 9, 459.51, 4083102, 263, 1240, 0
9226, 51, 394, 510, 0, 0, 64.62%, 16, 0, 9, 470.12, 4085516, 263, 1240, 0
9231, 51, 509, 510, 0, 0, 64.62%, 16, 0, 9, 447.19, 4087697, 263, 1240, 0
9236, 51, 355, 510, 0, 0, 64.62%, 16, 0, 9, 430.79, 4089931, 263, 1240, 0
9241, 51, 188, 510, 0, 0, 64.62%, 16, 0, 9, 426.34, 4092072, 263, 1240, 0
9246, 51, 428, 510, 0, 0, 64.62%, 16, 0, 9, 427.80, 4094227, 263, 1241, 0
9252, 51, 447, 510, 0, 0, 64.62%, 16, 0, 9, 425.98, 4096403, 263, 1243, 0
9257, 51, 188, 510, 0, 0, 64.62%, 16, 0, 9, 444.75, 4098626, 263, 1244, 0
9262, 51, 495, 510, 0, 0, 64.62%, 16, 0, 9, 427.07, 4100757, 263, 1251, 0
9267, 51, 509, 510, 0, 0, 64.62%, 16, 0, 9, 450.63, 4103083, 263, 1251, 0
9272, 51, 253, 510, 0, 0, 64.62%, 16, 0, 9, 466.83, 4105481, 263, 1252, 0
9277, 51, 210, 510, 0, 0, 64.62%, 16, 0, 9, 469.00, 4107966, 263, 1261, 0
9282, 51, 337, 510, 0, 0, 64.62%, 16, 0, 9, 436.99, 4110186, 263, 1262, 0
9287, 51, 509, 510, 0, 0, 64.62%, 16, 0, 9, 421.19, 4112271, 263, 1262, 0
9292, 51, 187, 510, 0, 0, 64.62%, 16, 0, 9, 438.31, 4114553, 263, 1262, 0
9297, 51, 188, 510, 0, 0, 64.62%, 16, 0, 9, 430.65, 4116745, 263, 1263, 0
9302, 51, 509, 510, 0, 0, 64.62%, 16, 0, 9, 435.17, 4118944, 263, 1267, 0
9307, 51, 260, 510, 0, 0, 64.62%, 16, 0, 9, 454.42, 4121259, 263, 1267, 0
9312, 51, 509, 510, 0, 0, 64.62%, 16, 0, 9, 403.76, 4123281, 263, 1267, 0
9317, 51, 283, 510, 0, 0, 64.62%, 16, 0, 9, 412.22, 4125357, 263, 1267, 0
9323, 51, 225, 510, 0, 0, 64.62%, 16, 0, 9, 433.79, 4127563, 263, 1267, 0
9328, 51, 270, 510, 0, 0, 64.62%, 16, 0, 9, 443.39, 4129810, 263, 1267, 0
9333, 51, 138, 510, 0, 0, 64.62%, 16, 0, 9, 437.22, 4132036, 263, 1267, 0
9338, 51, 210, 510, 0, 0, 64.62%, 16, 0, 9, 439.13, 4134273, 263, 1267, 0
9343, 51, 253, 510, 0, 0, 64.62%, 16, 0, 9, 451.64, 4136614, 263, 1268, 0
9348, 52, 504, 510, 0, 0, 64.62%, 16, 0, 9, 425.56, 4138748, 263, 1270, 0
9353, 52, 504, 510, 0, 0, 64.62%, 16, 0, 9, 416.54, 4140828, 263, 1273, 0
9358, 52, 260, 510, 0, 0, 64.62%, 16, 0, 9, 414.61, 4142910, 263, 1273, 0
9363, 52, 336, 510, 0, 0, 64.62%, 16, 0, 9, 435.13, 4145061, 263, 1275, 0
9368, 52, 509, 510, 0, 0, 64.62%, 16, 0, 9, 459.62, 4147452, 263, 1278, 0
9373, 52, 179, 510, 0, 0, 64.62%, 16, 0, 9, 457.98, 4149722, 263, 1278, 0
9378, 52, 114, 510, 0, 0, 64.62%, 16, 0, 9, 426.35, 4151874, 263, 1280, 0
9383, 52, 509, 510, 0, 0, 64.62%, 16, 0, 9, 427.90, 4154040, 263, 1280, 0
9388, 52, 192, 510, 0, 0, 64.62%, 16, 0, 9, 408.28, 4156091, 263, 1280, 0
9393, 52, 188, 510, 0, 0, 64.62%, 16, 0, 9, 441.89, 4158332, 263, 1280, 0
9398, 52, 446, 510, 0, 0, 64.62%, 16, 0, 9, 457.95, 4160681, 263, 1282, 0
9403, 52, 399, 510, 0, 0, 64.62%, 16, 0, 9, 468.90, 4163049, 263, 1287, 0
9409, 52, 505, 510, 0, 0, 64.62%, 16, 0, 9, 454.37, 4165323, 263, 1289, 0
9414, 52, 348, 510, 0, 0, 64.62%, 16, 0, 9, 453.39, 4167686, 263, 1294, 0
9419, 52, 374, 510, 0, 0, 64.62%, 16, 0, 9, 450.32, 4169956, 263, 1297, 0
9424, 52, 259, 510, 0, 0, 64.62%, 16, 0, 9, 437.87, 4172131, 263, 1300, 0
9429, 52, 301, 510, 0, 0, 64.62%, 16, 0, 9, 440.91, 4174420, 263, 1300, 0
9434, 52, 259, 510, 0, 0, 64.62%, 16, 0, 9, 452.51, 4176692, 263, 1300, 0
9439, 52, 461, 510, 0, 0, 64.62%, 16, 0, 9, 449.66, 4178949, 263, 1300, 0
9444, 52, 210, 510, 0, 0, 64.62%, 16, 0, 9, 447.83, 4181244, 263, 1300, 0
9449, 52, 194, 510, 0, 0, 64.62%, 16, 0, 9, 437.22, 4183477, 263, 1300, 0
9454, 52, 50, 510, 0, 0, 64.62%, 16, 0, 9, 457.96, 4185812, 263, 1300, 0
9459, 52, 505, 510, 0, 0, 64.62%, 16, 0, 9, 454.04, 4188107, 263, 1303, 0
9464, 52, 458, 510, 0, 0, 64.62%, 16, 0, 9, 429.98, 4190329, 263, 1305, 0
9470, 52, 259, 510, 0, 0, 64.62%, 16, 0, 9, 422.79, 4192572, 263, 1309, 0
9475, 52, 283, 510, 0, 0, 64.62%, 16, 0, 9, 424.39, 4194710, 263, 1309, 0
9480, 52, 444, 510, 0, 0, 64.62%, 16, 0, 9, 447.84, 4196979, 263, 1309, 0
9485, 52, 72, 510, 0, 0, 64.62%, 16, 0, 9, 432.41, 4199214, 263, 1310, 0
9490, 52, 50, 510, 0, 0, 64.62%, 16, 0, 9, 444.42, 4201507, 263, 1310, 0
9495, 52, 301, 510, 0, 0, 64.62%, 16, 0, 9, 426.02, 4203671, 263, 1310, 0
9500, 52, 262, 510, 0, 0, 64.62%, 16, 0, 9, 421.22, 4205795, 263, 1313, 0
9505, 52, 78, 510, 0, 0, 64.62%, 16, 0, 9, 434.94, 4208005, 263, 1313, 0
9510, 52, 434, 510, 0, 0, 64.62%, 16, 0, 9, 451.07, 4210299, 263, 1313, 0
9515, 52, 277, 510, 0, 0, 64.62%, 16, 0, 9, 446.77, 4212522, 263, 1315, 0
9521, 53, 505, 510, 0, 0, 64.62%, 16, 0, 9, 440.84, 4214764, 263, 1318, 0
9526, 53, 71, 510, 0, 0, 64.62%, 16, 0, 9, 440.04, 4217047, 263, 1318, 0
9531, 53, 210, 510, 0, 0, 64.62%, 16, 0, 9, 451.11, 4219341, 263, 1322, 0
9536, 53, 444, 510, 0, 0, 64.62%, 16, 0, 9, 473.46, 4221697, 263, 1322, 0
9541, 53, 301, 510, 0, 0, 64.62%, 16, 0, 9, 456.92, 4223936, 263, 1323, 0
9546, 53, 394, 510, 0, 0, 64.62%, 16, 0, 9, 428.06, 4226039, 263, 1325, 0
9551, 53, 3, 510, 0, 0, 64.62%, 16, 0, 9, 459.58, 4228358, 263, 1327, 0
9556, 53, 447, 510, 0, 0, 64.62%, 16, 0, 9, 426.30, 4230470, 263, 1327, 0
9561, 53, 505, 510, 0, 0, 64.62%, 16, 0, 9, 455.29, 4232794, 263, 1329, 0
9566, 53, 3, 510, 0, 0, 64.62%, 16, 0, 9, 436.92, 4234983, 263, 1331, 0
9571, 53, 487, 510, 0, 0, 64.62%, 16, 0, 9, 429.16, 4237200, 263, 1332, 0
9576, 53, 301, 510, 0, 0, 64.62%, 16, 0, 9, 431.50, 4239374, 263, 1332, 0
9581, 53, 268, 510, 0, 0, 64.62%, 16, 0, 9, 438.01, 4241585, 263, 1332, 0
9586, 53, 487, 510, 0, 0, 64.62%, 16, 0, 9, 434.74, 4243798, 263, 1332, 0
9591, 53, 288, 510, 0, 0, 64.62%, 16, 0, 9, 457.69, 4246118, 263, 1332, 0
9596, 53, 212, 510, 0, 0, 64.62%, 16, 0, 9, 453.27, 4248408, 263, 1334, 0
9602, 53, 447, 510, 0, 0, 64.62%, 16, 0, 9, 423.93, 4250565, 263, 1334, 0
9607, 53, 179, 510, 0, 0, 64.62%, 16, 0, 9, 438.40, 4252767, 263, 1336, 0
9612, 53, 509, 510, 0, 0, 64.62%, 16, 0, 9, 441.53, 4254982, 263, 1336, 0
9617, 53, 433, 510, 0, 0, 64.62%, 16, 0, 9, 433.71, 4257193, 263, 1337, 0
9622, 53, 447, 510, 0, 0, 64.62%, 16, 0, 9, 427.96, 4259368, 263, 1337, 0
9627, 53, 374, 510, 0, 0, 64.62%, 16, 0, 9, 441.91, 4261633, 263, 1338, 0
9632, 53, 224, 510, 0, 0, 64.62%, 16, 0, 9, 454.04, 4263926, 263, 1338, 0
9637, 53, 505, 510, 0, 0, 64.62%, 16, 0, 9, 468.20, 4266324, 263, 1341, 0
9642, 53, 226, 510, 0, 0, 64.62%, 16, 0, 9, 463.30, 4268664, 263, 1345, 0
9647, 53, 378, 510, 0, 0, 64.62%, 16, 0, 9, 453.88, 4270981, 263, 1345, 0
9652, 53, 281, 510, 0, 0, 64.62%, 16, 0, 9, 442.18, 4273215, 263, 1345, 0
9657, 53, 266, 510, 0, 0, 64.62%, 16, 0, 9, 442.03, 4275538, 263, 1349, 0
9662, 53, 179, 510, 0, 0, 64.62%, 16, 0, 9, 470.21, 4277934, 263, 1349, 0
9668, 53, 32, 510, 0, 0, 64.62%, 16, 0, 9, 462.89, 4280227, 263, 1349, 0
9673, 53, 301, 510, 0, 0, 64.62%, 16, 0, 9, 462.56, 4282589, 263, 1349, 0
9678, 53, 509, 510, 0, 0, 64.62%, 16, 0, 9, 452.71, 4284837, 263, 1350, 0
9683, 53, 107, 510, 0, 0, 64.62%, 16, 0, 9, 428.91, 4287018, 263, 1350, 0
9688, 53, 465, 510, 0, 0, 64.62%, 16, 0, 9, 422.31, 4289125, 263, 1350, 0
9693, 53, 259, 510, 0, 0, 64.62%, 16, 0, 9, 430.75, 4291305, 263, 1350, 0
9698, 53, 262, 510, 0, 0, 64.62%, 16, 0, 9, 429.08, 4293508, 263, 1350, 0
9703, 53, 283, 510, 0, 0, 64.62%, 16, 0, 9, 428.80, 4295697, 263, 1354, 0
9708, 54, 283, 510, 0, 0, 64.62%, 16, 0, 9, 424.57, 4297939, 263, 1357, 0
9713, 54, 504, 510, 0, 0, 64.62%, 16, 0, 9, 446.37, 4300314, 263, 1361, 0
9718, 54, 374, 510, 0, 0, 64.62%, 16, 0, 9, 437.36, 4302517, 263, 1362, 0
9724, 54, 187, 510, 0, 0, 64.62%, 16, 0, 9, 435.22, 4304737, 263, 1362, 0
9729, 54, 444, 510, 0, 0, 64.62%, 16, 0, 9, 449.15, 4307069, 263, 1362, 0
9734, 54, 194, 510, 0, 0, 64.62%, 16, 0, 9, 438.49, 4309323, 263, 1362, 0
9739, 54, 288, 510, 0, 0, 64.62%, 16, 0, 9, 435.57, 4311433, 263, 1362, 0
9744, 54, 509, 510, 0, 0, 64.62%, 16, 0, 9, 454.60, 4313723, 263, 1363, 0
9749, 54, 447, 510, 0, 0, 64.62%, 16, 0, 9, 467.23, 4316054, 263, 1364, 0
9754, 54, 385, 510, 0, 0, 64.62%, 16, 0, 9, 440.05, 4318265, 263, 1364, 0
9759, 54, 462, 510, 0, 0, 64.62%, 16, 0, 9, 438.42, 4320486, 263, 1364, 0
9764, 54, 439, 510, 0, 0, 64.62%, 16, 0, 9, 469.80, 4322935, 263, 1366, 0
9769, 54, 191, 510, 0, 0, 64.62%, 16, 0, 9, 440.14, 4325135, 263, 1366, 0
9774, 54, 141, 510, 0, 0, 64.62%, 16, 0, 9, 442.00, 4327338, 263, 1366, 0
9779, 54, 447, 510, 0, 0, 64.62%, 16, 0, 9, 461.89, 4329633, 263, 1368, 0
9785, 54, 32, 510, 0, 0, 64.62%, 16, 0, 9, 444.47, 4331895, 263, 1370, 0
9790, 54, 64, 510, 0, 0, 64.62%, 16, 0, 9, 448.72, 4334080, 263, 1370, 0
9795, 54, 212, 510, 0, 0, 64.62%, 16, 0, 9, 469.39, 4336537, 263, 1371, 0
9800, 54, 104, 510, 0, 0, 64.62%, 16, 0, 9, 424.97, 4338679, 263, 1371, 0
9805, 54, 281, 510, 0, 0, 64.62%, 16, 0, 9, 430.57, 4340911, 263, 1372, 0
9810, 54, 223, 510, 0, 0, 64.62%, 16, 0, 9, 466.46, 4343294, 263, 1378, 0
9815, 54, 187, 510, 0, 0, 64.62%, 16, 0, 9, 437.85, 4345518, 263, 1378, 0
9820, 54, 91, 510, 0, 0, 64.62%, 16, 0, 9, 440.49, 4347753, 263, 1383, 0
9825, 54, 31, 510, 0, 0, 64.62%, 16, 0, 9, 433.03, 4349958, 263, 1387, 0
9830, 54, 122, 510, 0, 0, 64.62%, 16, 0, 9, 450.45, 4352285, 263, 1387, 0
9835, 54, 441, 510, 0, 0, 64.62%, 16, 0, 9, 437.96, 4354501, 263, 1387, 0
9840, 54, 495, 510, 0, 0, 64.62%, 16, 0, 9, 444.19, 4356767, 263, 1387, 0
9846, 54, 429, 510, 0, 0, 64.62%, 16, 0, 9, 454.78, 4359150, 263, 1387, 0
9851, 54, 259, 510, 0, 0, 64.62%, 16, 0, 9, 442.93, 4361347, 263, 1392, 0
9856, 54, 230, 510, 0, 0, 64.62%, 16, 0, 9, 433.69, 4363552, 263, 1392, 0
9861, 54, 301, 510, 0, 0, 64.62%, 16, 0, 9, 418.67, 4365664, 263, 1392, 0
9866, 54, 509, 510, 0, 0, 64.62%, 16, 0, 9, 420.61, 4367807, 263, 1392, 0
9871, 54, 179, 510, 0, 0, 64.62%, 16, 0, 9, 426.83, 4369950, 263, 1392, 0
9876, 54, 105, 510, 0, 0, 64.62%, 16, 0, 9, 415.53, 4372188, 263, 1392, 0
9881, 54, 433, 510, 0, 0, 64.62%, 16, 0, 9, 429.75, 4374358, 263, 1393, 0
9886, 54, 158, 510, 0, 0, 64.62%, 16, 0, 9, 434.21, 4376559, 263, 1393, 0
9891, 55, 441, 510, 0, 0, 64.62%, 16, 0, 9, 445.17, 4378834, 263, 1393, 0
9896, 55, 301, 510, 0, 0, 64.62%, 16, 0, 9, 445.19, 4381161, 263, 1396, 0
9901, 55, 104, 510, 0, 0, 64.62%, 16, 0, 9, 420.97, 4383281, 263, 1396, 0
9907, 55, 283, 510, 0, 0, 64.62%, 16, 0, 9, 426.96, 4385432, 263, 1397, 0
9912, 55, 509, 510, 0, 0, 64.62%, 16, 0, 9, 447.01, 4387730, 263, 1398, 0
9917, 55, 324, 510, 0, 0, 64.62%, 16, 0, 9, 430.75, 4389861, 263, 1398, 0
9922, 55, 433, 510, 0, 0, 64.62%, 16, 0, 9, 428.23, 4392106, 263, 1398, 0
9927, 55, 509, 510, 0, 0, 64.62%, 16, 0, 9, 405.15, 4394148, 263, 1398, 0
9932, 55, 509, 510, 0, 0, 64.62%, 16, 0, 9, 438.78, 4396396, 263, 1399, 0
9937, 55, 253, 510, 0, 0, 64.62%, 16, 0, 9, 454.02, 4398652, 263, 1399, 0
9942, 55, 509, 510, 0, 0, 64.62%, 16, 0, 9, 436.27, 4400835, 263, 1401, 0
9947, 55, 35, 510, 0, 0, 64.62%, 16, 0, 9, 432.50, 4402992, 263, 1401, 0
9952, 55, 495, 510, 0, 0, 64.62%, 16, 0, 9, 441.77, 4405199, 263, 1401, 0
9957, 55, 212, 510, 0, 0, 64.62%, 16, 0, 9, 422.43, 4407319, 263, 1401, 0
9962, 55, 192, 510, 0, 0, 64.62%, 16, 0, 9, 442.23, 4409610, 263, 1401, 0
9967, 55, 470, 510, 0, 0, 64.62%, 16, 0, 9, 442.67, 4411799, 263, 1401, 0
9972, 55, 212, 510, 0, 0, 64.62%, 16, 0, 9, 426.11, 4413930, 263, 1402, 0
9978, 55, 103, 510, 0, 0, 64.62%, 16, 0, 9, 457.82, 4416303, 263, 1402, 0
9983, 55, 259, 510, 0, 0, 64.62%, 16, 0, 9, 457.44, 4418629, 263, 1402, 0
9988, 55, 433, 510, 0, 0, 64.62%, 16, 0, 9, 423.39, 4420692, 263, 1402, 0
9993, 55, 470, 510, 0, 0, 64.62%, 16, 0, 9, 441.61, 4422989, 263, 1402, 0
9998, 55, 277, 510, 0, 0, 64.62%, 16, 0, 9, 446.49, 4425264, 263, 1402, 0
10003, 55, 433, 510, 0, 0, 64.62%, 16, 0, 9, 422.76, 4427331, 263, 1402, 0
10008, 55, 385, 510, 0, 0, 64.62%, 16, 0, 9, 445.55, 4429591, 263, 1405, 0
10013, 55, 394, 510, 0, 0, 64.62%, 16, 0, 9, 448.28, 4431880, 263, 1405, 0
10018, 55, 281, 510, 0, 0, 64.62%, 16, 0, 9, 436.38, 4434090, 263, 1406, 0
10023, 55, 141, 510, 0, 0, 64.62%, 16, 0, 9, 430.34, 4436271, 263, 1407, 0
10028, 55, 500, 510, 0, 0, 64.62%, 16, 0, 9, 434.09, 4438501, 263, 1410, 0
10033, 55, 509, 510, 0, 0, 64.62%, 16, 0, 9, 438.20, 4440757, 263, 1410, 0
10038, 55, 104, 510, 0, 0, 64.62%, 16, 0, 9, 442.29, 4443045, 263, 1410, 0
10044, 55, 12, 510, 0, 0, 64.62%, 16, 0, 9, 435.59, 4445183, 263, 1410, 0
10049, 55, 252, 510, 0, 0, 64.62%, 16, 0, 9, 448.26, 4447469, 263, 1411, 0
10054, 55, 235, 510, 0, 0, 64.62%, 16, 0, 9, 446.29, 4449706, 263, 1414, 0
10059, 55, 212, 510, 0, 0, 64.62%, 16, 0, 9, 433.28, 4451887, 263, 1415, 0
10064, 55, 95, 510, 0, 0, 64.62%, 16, 0, 9, 417.31, 4454010, 263, 1415, 0
10069, 55, 470, 510, 0, 0, 64.62%, 16, 0, 9, 438.23, 4456271, 263, 1415, 0
10074, 55, 462, 510, 0, 0, 64.62%, 16, 0, 9, 445.93, 4458525, 263, 1416, 0
10079, 55, 462, 510, 0, 0, 64.62%, 16, 0, 9, 448.15, 4460815, 263, 1416, 0
10084, 56, 433, 510, 0, 0, 64.62%, 16, 0, 9, 423.16, 4462918, 263, 1418, 0
10089, 56, 241, 510, 0, 0, 64.62%, 16, 0, 9, 461.59, 4465291, 263, 1420, 0
10094, 56, 447, 510, 0, 0, 64.62%, 16, 0, 9, 416.55, 4467332, 263, 1420, 0
10099, 56, 461, 510, 0, 0, 64.62%, 16, 0, 9, 418.87, 4469476, 263, 1420, 0
10105, 56, 255, 510, 0, 0, 64.62%, 16, 0, 9, 446.75, 4471831, 263, 1420, 0
10110, 56, 461, 510, 0, 0, 64.62%, 16, 0, 9, 432.57, 4473977, 263, 1420, 0
10115, 56, 122, 510, 0, 0, 64.62%, 16, 0, 9, 467.76, 4476365, 263, 1420, 0
10120, 56, 212, 510, 0, 0, 64.62%, 16, 0, 9, 453.48, 4478642, 263, 1420, 0
10125, 56, 13, 510, 0, 0, 64.62%, 16, 0, 9, 441.17, 4480822, 263, 1421, 0
10130, 56, 465, 510, 0, 0, 64.62%, 16, 0, 9, 453.07, 4483124, 263, 1421, 0
10135, 56, 399, 510, 0, 0, 64.62%, 16, 0, 9, 427.44, 4485325, 263, 1421, 0
10140, 56, 462, 510, 0, 0, 64.62%, 16, 0, 9, 414.57, 4487371, 263, 1421, 0
10145, 56, 462, 510, 0, 0, 64.62%, 16, 0, 9, 457.10, 4489741, 263, 1421, 0
10150, 56, 50, 510, 0, 0, 64.62%, 16, 0, 9, 444.76, 4491922, 263, 1422, 0
10155, 56, 50, 510, 0, 0, 64.62%, 16, 0, 9, 454.84, 4494187, 263, 1423, 0
10161, 56, 505, 510, 0, 0, 64.62%, 16, 0, 9, 471.80, 4496564, 263, 1432, 0
10166, 56, 433, 510, 0, 0, 64.62%, 16, 0, 9, 450.17, 4498778, 263, 1434, 0
10171, 56, 487, 510, 0, 0, 64.62%, 16, 0, 9, 452.35, 4501054, 263, 1434, 0
10176, 56, 235, 510, 0, 0, 64.62%, 16, 0, 9, 438.32, 4503252, 263, 1434, 0
10181, 56, 146, 510, 0, 0, 64.62%, 16, 0, 9, 460.33, 4505642, 263, 1441, 0
10186, 56, 212, 510, 0, 0, 64.62%, 16, 0, 9, 488.76, 4508208, 263, 1441, 0
10191, 56, 447, 510, 0, 0, 64.62%, 16, 0, 9, 470.38, 4510648, 263, 1441, 0
10196, 56, 283, 510, 0, 0, 64.62%, 16, 0, 9, 452.57, 4512934, 263, 1441, 0
10201, 56, 465, 510, 0, 0, 64.62%, 16, 0, 9, 450.75, 4515176, 263, 1442, 0
10206, 56, 505, 510, 0, 0, 64.62%, 16, 0, 9, 454.41, 4517371, 263, 1445, 0
10211, 56, 212, 510, 0, 0, 64.62%, 16, 0, 9, 452.31, 4519711, 263, 1448, 0
10216, 56, 505, 510, 0, 0, 64.62%, 16, 0, 9, 417.54, 4521809, 263, 1448, 0
10221, 56, 336, 510, 0, 0, 64.62%, 16, 0, 9, 403.68, 4523786, 263, 1454, 0
10227, 56, 253, 510, 0, 0, 64.62%, 16, 0, 9, 411.13, 4525891, 263, 1454, 0
10232, 56, 475, 510, 0, 0, 64.62%, 16, 0, 9, 442.32, 4528190, 263, 1455, 0
10237, 56, 509, 510, 0, 0, 64.62%, 16, 0, 9, 444.51, 4530448, 263, 1455, 0
10242, 56, 487, 510, 0, 0, 64.62%, 16, 0, 9, 428.24, 4532604, 263, 1455, 0
10247, 56, 248, 510, 0, 0, 64.62%, 16, 0, 9, 428.57, 4534771, 263, 1455, 0
10252, 56, 441, 510, 0, 0, 64.62%, 16, 0, 9, 414.77, 4536851, 263, 1455, 0
10257, 56, 462, 510, 0, 0, 64.62%, 16, 0, 9, 426.62, 4539111, 263, 1455, 0
10262, 56, 281, 510, 0, 0, 64.62%, 16, 0, 9, 443.00, 4541333, 263, 1457, 0
10267, 57, 374, 510, 0, 0, 64.62%, 16, 0, 9, 448.59, 4543651, 263, 1461, 0
10272, 57, 277, 510, 0, 0, 64.62%, 16, 0, 9, 422.16, 4545777, 263, 1461, 0
10277, 57, 283, 510, 0, 0, 64.62%, 16, 0, 9, 451.07, 4548074, 263, 1462, 0
10282, 57, 212, 510, 0, 0, 64.62%, 16, 0, 9, 454.34, 4550406, 263, 1462, 0
10287, 57, 276, 510, 0, 0, 64.62%, 16, 0, 9, 449.77, 4552749, 263, 1463, 0
10292, 57, 212, 510, 0, 0, 64.62%, 16, 0, 9, 434.81, 4554924, 263, 1463, 0
10298, 57, 210, 510, 0, 0, 64.62%, 16, 0, 9, 440.62, 4557187, 263, 1463, 0
10303, 57, 270, 510, 0, 0, 64.62%, 16, 0, 9, 458.31, 4559568, 263, 1465, 0
10308, 57, 433, 510, 0, 0, 64.62%, 16, 0, 9, 438.55, 4561803, 263, 1465, 0
10313, 57, 509, 510, 0, 0, 64.62%, 16, 0, 9, 430.17, 4564022, 263, 1465, 0
10318, 57, 210, 510, 0, 0, 64.62%, 16, 0, 9, 476.31, 4566593, 263, 1465, 0
10323, 57, 444, 510, 0, 0, 64.62%, 16, 0, 9, 454.16, 4568805, 263, 1465, 0
10328, 57, 122, 510, 0, 0, 64.62%, 16, 0, 9, 445.50, 4571006, 263, 1467, 0
10333, 57, 109, 510, 0, 0, 64.62%, 16, 0, 9, 458.70, 4573415, 263, 1467, 0
10338, 57, 398, 510, 0, 0, 64.62%, 16, 0, 9, 459.82, 4575662, 263, 1467, 0
10343, 57, 176, 510, 0, 0, 64.62%, 16, 0, 9, 459.23, 4578014, 263, 1468, 0
10349, 57, 509, 510, 0, 0, 64.62%, 16, 0, 9, 452.77, 4580384, 263, 1469, 0
10354, 57, 505, 510, 0, 0, 64.62%, 16, 0, 9, 448.03, 4582626, 263, 1470, 0
10359, 57, 505, 510, 0, 0, 64.62%, 16, 0, 9, 458.22, 4584882, 263, 1474, 0
10364, 57, 495, 510, 0, 0, 64.62%, 16, 0, 9, 465.02, 4587212, 263, 1480, 0
10369, 57, 122, 510, 0, 0, 64.62%, 16, 0, 9, 441.97, 4589427, 263, 1480, 0
10374, 57, 301, 510, 0, 0, 64.62%, 16, 0, 9, 467.73, 4591795, 263, 1480, 0
10379, 57, 304, 510, 0, 0, 64.62%, 16, 0, 9, 430.08, 4593913, 263, 1483, 0
10384, 57, 509, 510, 0, 0, 64.62%, 16, 0, 9, 446.02, 4596158, 263, 1487, 0
10389, 57, 407, 510, 0, 0, 64.62%, 16, 0, 9, 426.27, 4598296, 263, 1487, 0
10394, 57, 376, 510, 0, 0, 64.62%, 16, 0, 9, 438.01, 4600504, 263, 1487, 0
10399, 57, 509, 510, 0, 0, 64.62%, 16, 0, 9, 428.58, 4602663, 263, 1490, 0
10404, 57, 212, 510, 0, 0, 64.62%, 16, 0, 9, 455.03, 4605037, 263, 1490, 0
10409, 57, 324, 510, 0, 0, 64.62%, 16, 0, 9, 449.52, 4607279, 263, 1490, 0
10414, 57, 433, 510, 0, 0, 64.62%, 16, 0, 9, 448.00, 4609542, 263, 1490, 0
10419, 57, 509, 510, 0, 0, 64.62%, 16, 0, 9, 462.03, 4611905, 263, 1490, 0
10424, 57, 122, 510, 0, 0, 64.62%, 16, 0, 9, 464.56, 4614164, 263, 1491, 0
10429, 57, 50, 510, 0, 0, 64.62%, 16, 0, 9, 423.48, 4616253, 263, 1492, 0
10434, 57, 283, 510, 0, 0, 64.62%, 16, 0, 9, 414.78, 4618371, 263, 1492, 0
10439, 57, 188, 510, 0, 0, 64.62%, 16, 0, 9, 419.34, 4620456, 263, 1492, 0
10444, 58, 176, 510, 0, 0, 64.62%, 16, 0, 9, 450.83, 4622759, 263, 1493, 0
10449, 58, 407, 510, 0, 0, 64.62%, 16, 0, 9, 450.82, 4625060, 263, 1495, 0
10455, 58, 218, 510, 0, 0, 64.62%, 16, 0, 9, 416.44, 4627142, 263, 1495, 0
10460, 58, 212, 510, 0, 0, 64.62%, 16, 0, 9, 448.06, 4629432, 263, 1498, 0
10465, 58, 293, 510, 0, 0, 64.62%, 16, 0, 9, 431.62, 4631609, 263, 1498, 0
10470, 58, 188, 510, 0, 0, 64.62%, 16, 0, 9, 465.23, 4633926, 263, 1498, 0
10475, 58, 336, 510, 0, 0, 64.62%, 16, 0, 9, 454.01, 4636179, 263, 1498, 0
10480, 58, 500, 510, 0, 0, 64.62%, 16, 0, 9, 461.68, 4638491, 263, 1498, 0
10485, 58, 407, 510, 0, 0, 64.62%, 16, 0, 9, 462.82, 4640800, 263, 1498, 0
10490, 58, 465, 510, 0, 0, 64.62%, 16, 0, 9, 446.58, 4643113, 263, 1501, 0
10495, 58, 444, 510, 0, 0, 64.62%, 16, 0, 9, 446.55, 4645336, 263, 1501, 0
10500, 58, 461, 510, 0, 0, 64.62%, 16, 0, 9, 461.96, 4647674, 263, 1501, 0
10505, 58, 470, 510, 0, 0, 64.62%, 16, 0, 9, 452.03, 4649948, 263, 1501, 0
10510, 58, 433, 510, 0, 0, 64.62%, 16, 0, 9, 450.69, 4652247, 263, 1501, 0
10515, 58, 321, 510, 0, 0, 64.62%, 16, 0, 9, 467.22, 4654578, 263, 1501, 0
10520, 58, 462, 510, 0, 0, 64.62%, 16, 0, 9, 459.70, 4656896, 263, 1503, 0
10525, 58, 245, 510, 0, 0, 64.62%, 16, 0, 9, 433.38, 4659079, 263, 1503, 0
10531, 58, 391, 510, 0, 0, 64.62%, 16, 0, 9, 428.70, 4661259, 263, 1504, 0
10536, 58, 504, 510, 0, 0, 64.62%, 16, 0, 9, 414.76, 4663400, 263, 1505, 0
10541, 58, 470, 510, 0, 0, 64.62%, 16, 0, 9, 409.40, 4665478, 263, 1506, 0
10546, 58, 351, 510, 0, 0, 64.62%, 16, 0, 9, 417.68, 4667603, 263, 1506, 0
10551, 58, 509, 510, 0, 0, 64.62%, 16, 0, 9, 435.60, 4669824, 263, 1506, 0
10556, 58, 262, 510, 0, 0, 64.62%, 16, 0, 9, 425.26, 4672007, 263, 1506, 0
10561, 58, 495, 510, 0, 0, 64.62%, 16, 0, 9, 423.43, 4674181, 263, 1506, 0
10566, 58, 505, 510, 0, 0, 64.62%, 16, 0, 9, 431.72, 4676378, 263, 1509, 0
10571, 58, 489, 510, 0, 0, 64.62%, 16, 0, 9, 470.10, 4678796, 263, 1509, 0
10576, 58, 394, 510, 0, 0, 64.62%, 16, 0, 9, 432.52, 4680953, 263, 1510, 0
10581, 58, 288, 510, 0, 0, 64.62%, 16, 0, 9, 440.29, 4683218, 263, 1510, 0
10586, 58, 0, 510, 0, 0, 64.62%, 16, 0, 9, 456.29, 4685534, 263, 1510, 0
10591, 58, 32, 510, 0, 0, 64.62%, 16, 0, 9, 457.53, 4687814, 263, 1511, 0
10596, 58, 141, 510, 0, 0, 64.62%, 16, 0, 9, 420.11, 4689861, 263, 1511, 0
10601, 58, 50, 510, 0, 0, 64.62%, 16, 0, 9, 428.00, 4692026, 263, 1513, 0
10606, 58, 262, 510, 0, 0, 64.62%, 16, 0, 9, 457.53, 4694368, 263, 1518, 0
10611, 58, 487, 510, 0, 0, 64.62%, 16, 0, 9, 454.51, 4696659, 263, 1518, 0
10616, 59, 297, 510, 0, 0, 64.62%, 16, 0, 9, 465.28, 4699014, 263, 1520, 0
10622, 59, 351, 510, 0, 0, 64.62%, 16, 0, 9, 412.08, 4701079, 263, 1522, 0
10627, 59, 183, 510, 0, 0, 64.62%, 16, 0, 9, 425.00, 4703224, 263, 1522, 0
10632, 59, 509, 510, 0, 0, 64.62%, 16, 0, 9, 446.49, 4705475, 263, 1522, 0
10637, 59, 505, 510, 0, 0, 64.62%, 16, 0, 9, 438.33, 4707704, 263, 1523, 0
10642, 59, 509, 510, 0, 0, 64.62%, 16, 0, 9, 446.52, 4709941, 263, 1524, 0
10647, 59, 188, 510, 0, 0, 64.62%, 16, 0, 9, 455.78, 4712177, 263, 1528, 0
10652, 59, 188, 510, 0, 0, 64.62%, 16, 0, 9, 459.45, 4714493, 263, 1535, 0
10657, 59, 266, 510, 0, 0, 64.62%, 16, 0, 9, 445.84, 4716741, 263, 1536, 0
10662, 59, 462, 510, 0, 0, 64.62%, 16, 0, 9, 444.85, 4718997, 263, 1536, 0
10667, 59, 483, 510, 0, 0, 64.62%, 16, 0, 9, 422.20, 4721124, 263, 1536, 0
10672, 59, 256, 510, 0, 0, 64.62%, 16, 0, 9, 450.96, 4723433, 263, 1538, 0
10677, 59, 509, 510, 0, 0, 64.62%, 16, 0, 9, 450.54, 4725706, 263, 1539, 0
10682, 59, 283, 510, 0, 0, 64.62%, 16, 0, 9, 435.57, 4727866, 263, 1539, 0
10687, 59, 394, 510, 0, 0, 64.62%, 16, 0, 9, 432.78, 4730134, 263, 1541, 0
10692, 59, 509, 510, 0, 0, 64.62%, 16, 0, 9, 444.91, 4732391, 263, 1541, 0
10698, 59, 503, 510, 0, 0, 64.62%, 16, 0, 9, 424.48, 4734534, 263, 1542, 0
10703, 59, 281, 510, 0, 0, 64.62%, 16, 0, 9, 455.49, 4736850, 263, 1543, 0
10708, 59, 504, 510, 0, 0, 64.62%, 16, 0, 9, 454.74, 4739120, 263, 1549, 0
10713, 59, 444, 510, 0, 0, 64.62%, 16, 0, 9, 452.71, 4741407, 263, 1549, 0
10718, 59, 509, 510, 0, 0, 64.62%, 16, 0, 9, 461.06, 4743797, 263, 1549, 0
10723, 59, 503, 510, 0, 0, 64.62%, 16, 0, 9, 478.27, 4746286, 263, 1549, 0
10728, 59, 179, 510, 0, 0, 64.62%, 16, 0, 9, 462.52, 4748613, 263, 1550, 0
10733, 59, 436, 510, 0, 0, 64.62%, 16, 0, 9, 440.99, 4750837, 263, 1550, 0
10738, 59, 444, 510, 0, 0, 64.62%, 16, 0, 9, 442.99, 4753059, 263, 1552, 0
10743, 59, 444, 510, 0, 0, 64.62%, 16, 0, 9, 433.06, 4755237, 263, 1552, 0
10748, 59, 295, 510, 0, 0, 64.62%, 16, 0, 9, 426.78, 4757423, 263, 1563, 0
10753, 59, 151, 510, 0, 0, 64.62%, 16, 0, 9, 446.06, 4759670, 263, 1563, 0
10758, 59, 210, 510, 0, 0, 64.62%, 16, 0, 9, 479.90, 4762091, 263, 1563, 0
10764, 59, 374, 510, 0, 0, 64.62%, 16, 0, 9, 453.05, 4764322, 263, 1563, 0
10769, 59, 262, 510, 0, 0, 64.62%, 16, 0, 9, 441.08, 4766607, 263, 1563, 0
10774, 59, 495, 510, 0, 0, 64.62%, 16, 0, 9, 464.81, 4768908, 263, 1567, 0
10779, 59, 505, 510, 0, 0, 64.62%, 16, 0, 9, 461.35, 4771339, 263, 1568, 0
10784, 59, 179, 510, 0, 0, 64.62%, 16, 0, 9, 465.03, 4773678, 263, 1575, 0
10789, 59, 505, 510, 0, 0, 64.62%, 16, 0, 9, 454.62, 4775945, 263, 1576, 0
10794, 59, 444, 510, 0, 0, 64.62%, 16, 0, 9, 459.51, 4778183, 263, 1580, 0
10799, 60, 465, 510, 0, 0, 64.62%, 16, 0, 9, 427.71, 4780313, 263, 1591, 0
10804, 60, 477, 510, 0, 0, 64.62%, 16, 0, 9, 423.56, 4782431, 263, 1593, 0
10805, 60, 210, 510, 0, 0, 64.62%, 16, 0, 9, 417.44, 4782582, 263, 1593, 0
