# relative_time, cycles_done, cur_item, corpus_count, pending_total, pending_favs, map_size, saved_crashes, saved_hangs, max_depth, execs_per_sec, total_execs, edges_found, total_crashes, servers_count
61, 0, 8, 56, 49, 21, 31.70%, 0, 0, 2, 411.48, 26548, 129, 0, 0
66, 0, 8, 57, 50, 21, 31.70%, 0, 0, 2, 430.16, 28675, 129, 0, 0
71, 0, 8, 57, 50, 21, 31.70%, 0, 0, 2, 415.55, 30811, 129, 0, 0
76, 0, 8, 57, 50, 21, 31.70%, 0, 0, 2, 426.12, 32971, 129, 0, 0
81, 0, 8, 57, 50, 21, 31.70%, 0, 0, 2, 408.68, 35107, 129, 0, 0
86, 0, 8, 57, 50, 21, 31.70%, 0, 0, 2, 418.34, 37243, 129, 0, 0
91, 0, 8, 57, 50, 21, 31.70%, 0, 0, 2, 419.92, 39340, 129, 0, 0
96, 0, 8, 57, 50, 21, 31.70%, 0, 0, 2, 392.41, 41296, 129, 0, 0
101, 0, 8, 57, 50, 21, 31.70%, 0, 0, 2, 412.33, 43476, 129, 0, 0
106, 0, 8, 57, 50, 21, 31.70%, 0, 0, 2, 401.75, 45509, 129, 0, 0
111, 0, 8, 57, 50, 21, 31.70%, 0, 0, 2, 385.29, 47485, 129, 0, 0
116, 0, 8, 57, 50, 21, 31.70%, 0, 0, 2, 380.46, 49376, 129, 0, 0
121, 0, 8, 57, 50, 21, 31.70%, 0, 0, 2, 397.26, 51406, 129, 0, 0
126, 0, 8, 57, 50, 21, 31.70%, 0, 0, 2, 424.99, 53566, 129, 0, 0
131, 0, 8, 57, 50, 21, 31.70%, 0, 0, 2, 403.22, 55585, 129, 0, 0
136, 0, 8, 57, 50, 21, 31.70%, 0, 0, 2, 385.01, 57489, 129, 0, 0
142, 0, 8, 57, 50, 21, 31.70%, 0, 0, 2, 395.91, 59498, 129, 0, 0
147, 0, 12, 57, 47, 19, 31.70%, 0, 0, 2, 389.59, 61414, 129, 0, 0
152, 0, 14, 57, 45, 17, 31.70%, 0, 0, 2, 434.57, 63692, 129, 0, 0
157, 0, 20, 67, 50, 12, 31.70%, 0, 0, 2, 450.11, 65969, 129, 0, 0
162, 0, 20, 71, 54, 12, 31.70%, 0, 0, 2, 464.97, 68275, 129, 0, 0
167, 0, 20, 75, 58, 12, 31.94%, 0, 0, 2, 449.85, 70571, 130, 0, 0
172, 0, 20, 75, 58, 12, 31.94%, 0, 0, 2, 459.18, 72894, 130, 0, 0
177, 0, 20, 75, 58, 12, 31.94%, 0, 0, 2, 428.82, 75093, 130, 0, 0
182, 0, 20, 77, 60, 12, 32.19%, 0, 0, 2, 418.40, 77219, 131, 0, 0
187, 0, 20, 82, 65, 12, 32.43%, 0, 0, 2, 454.82, 79523, 132, 0, 0
192, 0, 20, 82, 65, 12, 32.43%, 0, 0, 2, 460.03, 81827, 132, 0, 0
197, 0, 20, 82, 65, 12, 32.43%, 0, 0, 2, 441.45, 84054, 132, 0, 0
202, 0, 20, 82, 65, 12, 32.43%, 0, 0, 2, 457.25, 86390, 132, 0, 0
207, 0, 20, 82, 65, 12, 32.43%, 0, 0, 2, 455.92, 88721, 132, 0, 0
212, 0, 20, 82, 65, 12, 32.43%, 0, 0, 2, 474.26, 91070, 132, 0, 0
218, 0, 20, 82, 65, 12, 32.43%, 0, 0, 2, 462.99, 93383, 132, 0, 0
223, 0, 20, 82, 65, 12, 32.43%, 0, 0, 2, 455.63, 95678, 132, 0, 0
228, 0, 20, 82, 65, 12, 32.43%, 0, 0, 2, 473.11, 98018, 132, 0, 0
233, 0, 20, 83, 66, 12, 32.43%, 0, 0, 2, 453.93, 100338, 132, 0, 0
238, 0, 20, 83, 66, 12, 32.43%, 0, 0, 2, 422.60, 102478, 132, 0, 0
243, 0, 28, 86, 68, 11, 33.42%, 0, 0, 2, 427.99, 104677, 136, 0, 0
248, 0, 34, 92, 73, 11, 33.66%, 0, 0, 2, 448.24, 106940, 137, 0, 0
253, 0, 61, 95, 72, 7, 33.66%, 0, 0, 2, 456.81, 109285, 137, 0, 0
258, 0, 71, 102, 77, 6, 33.66%, 0, 0, 3, 418.21, 111421, 137, 0, 0
263, 0, 71, 109, 84, 6, 33.66%, 0, 0, 3, 421.11, 113577, 137, 0, 0
268, 0, 71, 111, 86, 6, 33.66%, 0, 0, 3, 435.50, 115767, 137, 0, 0
273, 0, 71, 111, 86, 6, 33.66%, 0, 0, 3, 426.10, 117911, 137, 0, 0
278, 0, 71, 111, 86, 6, 33.66%, 0, 0, 3, 413.10, 119999, 137, 0, 0
283, 0, 93, 118, 89, 4, 33.66%, 0, 0, 3, 447.88, 122272, 137, 0, 0
288, 0, 117, 120, 87, 2, 33.66%, 0, 0, 4, 430.97, 124432, 137, 0, 0
293, 0, 119, 127, 93, 1, 33.91%, 0, 0, 5, 443.88, 126655, 138, 0, 0
298, 0, 119, 128, 94, 1, 33.91%, 0, 0, 5, 429.58, 128774, 138, 0, 0
303, 0, 119, 129, 95, 1, 33.91%, 0, 0, 5, 445.05, 131013, 138, 0, 0
309, 0, 119, 130, 96, 1, 33.91%, 0, 0, 5, 442.24, 133276, 138, 0, 0
314, 0, 124, 132, 97, 1, 33.91%, 0, 0, 6, 416.52, 135364, 138, 0, 0
319, 1, 40, 135, 94, 0, 33.91%, 0, 0, 6, 428.43, 137575, 138, 0, 0
324, 1, 77, 140, 91, 0, 33.91%, 0, 0, 6, 417.01, 139687, 138, 0, 0
329, 1, 77, 143, 94, 0, 33.91%, 0, 0, 6, 447.62, 141932, 138, 0, 0
334, 1, 77, 145, 96, 0, 33.91%, 0, 0, 6, 452.84, 144170, 138, 0, 0
339, 1, 77, 145, 96, 0, 33.91%, 0, 0, 6, 413.94, 146250, 138, 0, 0
344, 1, 77, 146, 97, 0, 33.91%, 0, 0, 6, 439.36, 148553, 138, 0, 0
349, 1, 77, 149, 100, 0, 33.91%, 0, 0, 6, 445.67, 150849, 138, 0, 0
354, 1, 137, 154, 103, 1, 33.91%, 0, 0, 6, 429.81, 153025, 138, 0, 0
359, 1, 137, 159, 108, 1, 33.91%, 0, 0, 6, 462.40, 155378, 138, 0, 0
364, 1, 137, 160, 109, 1, 33.91%, 0, 0, 6, 476.69, 157752, 138, 0, 0
369, 1, 137, 161, 110, 1, 33.91%, 0, 0, 6, 437.45, 159938, 138, 0, 0
374, 1, 149, 163, 110, 0, 33.91%, 0, 0, 6, 477.94, 162380, 138, 0, 0
379, 1, 158, 165, 109, 0, 33.91%, 0, 0, 6, 458.10, 164659, 138, 0, 0
384, 1, 164, 167, 109, 0, 33.91%, 0, 0, 6, 437.14, 166836, 138, 0, 0
389, 1, 164, 168, 110, 0, 33.91%, 0, 0, 6, 466.05, 169207, 138, 0, 0
394, 1, 164, 169, 111, 0, 33.91%, 0, 0, 6, 441.18, 171458, 138, 0, 0
400, 1, 164, 169, 111, 0, 33.91%, 0, 0, 6, 445.47, 173722, 138, 0, 0
405, 1, 165, 174, 115, 1, 33.91%, 0, 0, 7, 449.30, 175960, 138, 0, 0
410, 1, 165, 178, 119, 1, 33.91%, 0, 0, 7, 446.10, 178247, 138, 0, 0
415, 1, 165, 181, 122, 1, 33.91%, 0, 0, 7, 444.85, 180470, 138, 0, 0
420, 1, 167, 181, 121, 0, 33.91%, 0, 0, 7, 440.53, 182744, 138, 0, 0
425, 1, 181, 212, 148, 0, 34.64%, 0, 0, 7, 431.41, 184897, 141, 0, 0
430, 2, 195, 262, 192, 16, 48.16%, 0, 0, 7, 446.04, 187085, 196, 0, 0
435, 2, 222, 263, 188, 12, 48.16%, 0, 0, 7, 445.71, 189323, 196, 0, 0
440, 2, 239, 272, 193, 8, 48.40%, 0, 0, 7, 423.64, 191478, 197, 0, 0
445, 2, 249, 276, 194, 7, 48.40%, 0, 0, 7, 443.85, 193720, 197, 0, 0
450, 2, 260, 277, 193, 5, 48.65%, 0, 0, 7, 443.54, 196014, 198, 0, 0
455, 2, 271, 293, 206, 3, 48.89%, 0, 0, 7, 433.90, 198178, 199, 0, 0
460, 2, 276, 293, 205, 4, 48.89%, 0, 0, 7, 436.02, 200450, 199, 0, 0
465, 2, 282, 305, 215, 2, 49.14%, 0, 0, 7, 433.84, 202637, 200, 0, 0
471, 2, 282, 310, 220, 2, 49.14%, 0, 0, 7, 419.33, 204808, 200, 0, 0
476, 2, 282, 316, 226, 2, 49.14%, 0, 0, 7, 437.78, 207042, 200, 0, 0
481, 2, 284, 319, 228, 2, 49.39%, 0, 0, 7, 451.60, 209352, 201, 0, 0
486, 2, 301, 319, 227, 3, 49.39%, 0, 0, 7, 406.99, 211339, 201, 0, 0
491, 2, 317, 323, 230, 2, 49.39%, 0, 0, 7, 438.89, 213604, 201, 0, 0
496, 2, 317, 324, 231, 2, 49.39%, 0, 0, 7, 443.50, 215851, 201, 0, 0
501, 2, 317, 324, 231, 2, 49.39%, 0, 0, 7, 454.16, 218125, 201, 0, 0
506, 2, 317, 324, 231, 2, 49.39%, 0, 0, 7, 463.77, 220448, 201, 0, 0
511, 2, 318, 324, 230, 1, 49.39%, 0, 0, 7, 456.66, 222756, 201, 0, 0
516, 4, 0, 330, 231, 0, 49.39%, 1, 0, 7, 451.49, 225028, 201, 1, 0
521, 4, 100, 330, 219, 0, 49.39%, 1, 0, 7, 480.82, 227390, 201, 1, 0
526, 4, 147, 330, 210, 0, 49.39%, 1, 0, 7, 446.87, 229631, 201, 1, 0
531, 4, 191, 330, 204, 0, 49.39%, 1, 0, 7, 457.40, 231953, 201, 1, 0
536, 4, 235, 330, 194, 0, 49.39%, 1, 0, 7, 445.25, 234251, 201, 1, 0
541, 4, 260, 331, 189, 0, 49.39%, 1, 0, 7, 464.92, 236579, 201, 1, 0
546, 4, 300, 331, 183, 0, 49.39%, 1, 0, 7, 468.65, 238915, 201, 1, 0
551, 4, 317, 331, 179, 0, 49.39%, 1, 0, 7, 494.04, 241390, 201, 1, 0
556, 5, 331, 332, 178, 1, 49.39%, 1, 0, 7, 445.55, 243609, 201, 1, 0
562, 6, 109, 332, 168, 0, 49.39%, 1, 0, 7, 478.52, 246056, 201, 1, 0
567, 6, 160, 332, 160, 0, 49.39%, 1, 0, 7, 472.89, 248462, 201, 1, 0
572, 6, 220, 332, 151, 0, 49.39%, 1, 0, 7, 465.61, 250764, 201, 1, 0
577, 6, 271, 332, 143, 0, 49.39%, 1, 0, 7, 479.03, 253182, 201, 1, 0
582, 6, 301, 332, 138, 0, 49.39%, 1, 0, 7, 466.87, 255586, 201, 1, 0
587, 6, 310, 332, 135, 0, 49.39%, 1, 0, 7, 466.38, 257971, 201, 1, 0
592, 7, 0, 333, 132, 0, 49.39%, 1, 0, 7, 454.80, 260212, 201, 1, 0
597, 7, 104, 333, 122, 0, 49.39%, 1, 0, 7, 459.42, 262446, 201, 1, 0
602, 7, 166, 333, 116, 0, 49.39%, 1, 0, 7, 459.06, 264813, 201, 1, 0
607, 7, 221, 335, 113, 0, 49.39%, 2, 0, 7, 474.44, 267243, 201, 2, 0
612, 7, 334, 336, 113, 1, 49.39%, 2, 0, 7, 469.65, 269638, 201, 2, 0
617, 8, 336, 360, 136, 1, 57.25%, 2, 0, 7, 439.97, 271859, 233, 2, 0
622, 8, 336, 362, 138, 1, 57.25%, 2, 0, 7, 433.13, 274138, 233, 2, 0
628, 8, 336, 365, 141, 1, 57.49%, 2, 0, 7, 472.79, 276518, 234, 2, 0
633, 8, 336, 367, 143, 1, 57.49%, 2, 0, 7, 448.67, 278756, 234, 2, 0
638, 8, 336, 367, 143, 1, 57.49%, 2, 0, 7, 440.69, 281022, 234, 2, 0
643, 8, 336, 368, 144, 1, 57.49%, 2, 0, 7, 437.42, 283245, 234, 2, 0
648, 8, 336, 369, 145, 1, 57.49%, 2, 0, 7, 431.41, 285460, 234, 2, 0
653, 8, 336, 371, 147, 1, 57.49%, 2, 0, 7, 409.13, 287618, 234, 2, 0
658, 8, 336, 371, 147, 1, 57.49%, 2, 0, 7, 433.29, 289850, 234, 2, 0
663, 8, 336, 372, 148, 1, 57.49%, 2, 0, 7, 455.20, 292129, 234, 2, 0
668, 8, 336, 372, 148, 1, 57.49%, 2, 0, 7, 450.93, 294433, 234, 2, 0
673, 8, 336, 372, 148, 1, 57.49%, 2, 0, 7, 446.32, 296689, 234, 2, 0
678, 8, 336, 372, 148, 1, 57.49%, 2, 0, 7, 448.33, 298996, 234, 2, 0
683, 8, 336, 372, 148, 1, 57.49%, 2, 0, 7, 452.55, 301281, 234, 2, 0
688, 8, 336, 374, 150, 1, 57.49%, 2, 0, 7, 442.01, 303511, 234, 2, 0
693, 8, 336, 374, 150, 1, 57.49%, 2, 0, 7, 448.01, 305727, 234, 2, 0
698, 8, 336, 374, 150, 1, 57.49%, 2, 0, 7, 454.97, 308011, 234, 2, 0
704, 8, 336, 374, 150, 1, 57.49%, 2, 0, 7, 449.03, 310288, 234, 2, 0
709, 8, 336, 375, 151, 1, 57.49%, 2, 0, 7, 442.17, 312567, 234, 2, 0
714, 8, 336, 376, 152, 1, 57.74%, 2, 0, 7, 472.41, 315009, 235, 2, 0
719, 8, 336, 376, 152, 1, 57.74%, 2, 0, 7, 448.64, 317302, 235, 2, 0
724, 8, 336, 377, 153, 1, 57.74%, 2, 0, 7, 448.78, 319573, 235, 2, 0
729, 8, 336, 377, 153, 1, 57.74%, 2, 0, 7, 428.45, 321749, 235, 2, 0
734, 8, 345, 386, 159, 7, 57.74%, 2, 0, 7, 432.06, 323964, 235, 2, 0
739, 8, 346, 395, 167, 6, 57.74%, 2, 0, 7, 434.51, 326141, 235, 2, 0
744, 8, 349, 409, 180, 6, 57.99%, 2, 0, 7, 457.33, 328502, 236, 2, 0
749, 8, 364, 411, 181, 6, 57.99%, 2, 0, 7, 458.11, 330737, 236, 2, 0
754, 8, 364, 413, 183, 6, 58.23%, 2, 0, 7, 441.98, 332929, 237, 2, 0
759, 8, 364, 413, 183, 6, 58.23%, 2, 0, 7, 439.96, 335161, 237, 2, 0
764, 8, 375, 413, 182, 7, 58.23%, 2, 0, 7, 453.68, 337398, 237, 2, 0
769, 8, 375, 416, 185, 7, 58.23%, 2, 0, 7, 461.80, 339736, 237, 2, 0
774, 8, 375, 417, 186, 7, 58.23%, 2, 0, 7, 442.42, 341971, 237, 2, 0
779, 8, 375, 417, 186, 7, 58.23%, 2, 0, 7, 425.24, 344107, 237, 2, 0
784, 8, 375, 417, 186, 7, 58.23%, 2, 0, 7, 445.99, 346339, 237, 2, 0
789, 8, 375, 418, 187, 7, 58.23%, 2, 0, 7, 442.35, 348570, 237, 2, 0
794, 8, 375, 418, 187, 7, 58.23%, 2, 0, 7, 451.96, 350883, 237, 2, 0
800, 8, 375, 418, 187, 7, 58.23%, 2, 0, 7, 466.89, 353232, 237, 2, 0
805, 8, 375, 418, 187, 7, 58.23%, 2, 0, 7, 454.63, 355563, 237, 2, 0
810, 8, 375, 419, 188, 7, 58.23%, 2, 0, 7, 426.68, 357745, 237, 2, 0
815, 8, 375, 419, 188, 7, 58.23%, 2, 0, 7, 437.30, 359945, 237, 2, 0
820, 8, 375, 419, 188, 7, 58.23%, 2, 0, 7, 460.03, 362221, 237, 2, 0
825, 8, 375, 419, 188, 7, 58.23%, 2, 0, 7, 442.23, 364481, 237, 2, 0
830, 8, 375, 419, 188, 7, 58.23%, 2, 0, 7, 451.87, 366785, 237, 2, 0
835, 8, 375, 419, 188, 7, 58.23%, 2, 0, 7, 436.96, 369001, 237, 2, 0
840, 8, 375, 419, 188, 7, 58.23%, 2, 0, 7, 435.58, 371241, 237, 2, 0
845, 8, 375, 419, 188, 7, 58.23%, 2, 0, 7, 455.86, 373633, 237, 2, 0
850, 8, 375, 419, 188, 7, 58.23%, 2, 0, 7, 455.56, 375892, 237, 2, 0
855, 8, 375, 419, 188, 7, 58.23%, 2, 0, 7, 428.71, 378033, 237, 2, 0
861, 8, 375, 419, 188, 7, 58.23%, 2, 0, 7, 447.94, 380353, 237, 2, 0
866, 8, 375, 419, 188, 7, 58.23%, 2, 0, 7, 439.93, 382577, 237, 2, 0
871, 8, 375, 419, 188, 7, 58.23%, 2, 0, 7, 464.71, 384928, 237, 2, 0
876, 8, 375, 419, 188, 7, 58.23%, 2, 0, 7, 435.54, 387113, 237, 2, 0
881, 8, 375, 419, 188, 7, 58.23%, 2, 0, 7, 428.72, 389265, 237, 2, 0
886, 8, 387, 419, 187, 6, 58.23%, 2, 0, 7, 452.32, 391562, 237, 2, 0
891, 8, 404, 419, 185, 4, 58.23%, 2, 0, 7, 473.13, 394031, 237, 2, 0
896, 8, 408, 420, 185, 3, 58.23%, 2, 0, 7, 451.76, 396372, 237, 2, 0
901, 8, 409, 420, 184, 2, 58.23%, 2, 0, 7, 438.10, 398594, 237, 2, 0
906, 9, 0, 429, 191, 0, 59.71%, 2, 0, 7, 442.97, 400804, 243, 2, 0
911, 9, 361, 429, 188, 6, 59.71%, 2, 0, 7, 420.12, 402975, 243, 2, 0
916, 9, 424, 429, 184, 4, 59.71%, 2, 0, 7, 438.51, 405220, 243, 2, 0
921, 9, 426, 431, 184, 4, 60.20%, 2, 0, 7, 450.29, 407497, 245, 2, 0
927, 9, 430, 431, 181, 1, 60.20%, 2, 0, 7, 444.15, 409717, 245, 2, 0
932, 10, 114, 432, 171, 0, 60.20%, 3, 0, 7, 449.21, 411972, 245, 3, 0
937, 10, 169, 432, 167, 0, 60.20%, 3, 0, 7, 419.82, 414105, 245, 3, 0
942, 10, 247, 432, 164, 0, 60.20%, 3, 0, 7, 423.18, 416287, 245, 5, 0
947, 10, 277, 432, 158, 0, 60.20%, 3, 0, 7, 404.12, 418351, 245, 5, 0
952, 10, 326, 432, 156, 0, 60.20%, 3, 0, 7, 426.46, 420553, 245, 5, 0
957, 10, 347, 432, 155, 0, 60.20%, 3, 0, 7, 437.81, 422768, 245, 5, 0
962, 10, 432, 434, 155, 1, 60.20%, 3, 0, 7, 449.12, 425078, 245, 5, 0
967, 11, 15, 434, 154, 0, 60.20%, 3, 0, 7, 440.06, 427350, 245, 5, 0
972, 11, 130, 434, 146, 0, 60.20%, 3, 0, 7, 462.98, 429669, 245, 5, 0
977, 11, 240, 434, 140, 0, 60.20%, 3, 0, 7, 432.36, 431943, 245, 8, 0
982, 11, 306, 434, 137, 0, 60.20%, 3, 0, 7, 438.57, 434204, 245, 8, 0
987, 11, 340, 434, 136, 0, 60.20%, 3, 0, 7, 434.25, 436386, 245, 8, 0
992, 11, 368, 434, 130, 0, 60.20%, 3, 0, 7, 444.40, 438746, 245, 8, 0
998, 11, 383, 434, 127, 0, 60.20%, 3, 0, 7, 418.97, 440874, 245, 8, 0
1003, 11, 390, 434, 126, 0, 60.20%, 3, 0, 7, 438.06, 443138, 245, 8, 0
1008, 11, 399, 435, 126, 0, 60.20%, 3, 0, 7, 445.28, 445449, 245, 8, 0
1013, 11, 399, 436, 127, 0, 60.20%, 3, 0, 7, 478.72, 447891, 245, 8, 0
1018, 11, 400, 442, 132, 0, 60.20%, 3, 0, 7, 498.21, 450422, 245, 8, 0
1023, 11, 400, 442, 132, 0, 60.20%, 3, 0, 7, 480.06, 452807, 245, 8, 0
1028, 11, 400, 443, 133, 0, 60.20%, 3, 0, 7, 453.28, 455082, 245, 8, 0
1033, 11, 400, 443, 133, 0, 60.20%, 3, 0, 7, 465.59, 457557, 245, 8, 0
1038, 11, 400, 443, 133, 0, 60.20%, 3, 0, 7, 468.86, 459915, 245, 8, 0
1043, 11, 438, 444, 133, 1, 60.20%, 3, 0, 7, 444.60, 462136, 245, 8, 0
1048, 11, 438, 444, 133, 1, 60.20%, 3, 0, 7, 455.71, 464478, 245, 8, 0
1053, 11, 439, 444, 132, 0, 60.20%, 3, 0, 7, 456.61, 466767, 245, 8, 0
1058, 12, 444, 445, 132, 1, 60.44%, 3, 0, 7, 462.31, 469110, 246, 8, 0
1064, 13, 130, 445, 128, 0, 60.44%, 4, 0, 7, 478.91, 471613, 246, 10, 0
1069, 13, 222, 445, 123, 0, 60.44%, 4, 0, 7, 474.93, 474082, 246, 11, 0
1074, 13, 282, 446, 122, 0, 60.44%, 4, 0, 7, 432.46, 476211, 246, 11, 0
1079, 13, 326, 447, 120, 0, 60.44%, 4, 0, 7, 465.63, 478670, 246, 11, 0
1084, 13, 387, 447, 117, 0, 60.44%, 4, 0, 7, 490.69, 481220, 246, 11, 0
1089, 13, 403, 448, 117, 0, 60.44%, 4, 0, 7, 465.07, 483563, 246, 11, 0
1094, 13, 406, 448, 116, 0, 60.44%, 4, 0, 7, 481.28, 486012, 246, 11, 0
1099, 13, 412, 448, 115, 0, 60.44%, 4, 0, 7, 439.51, 488203, 246, 11, 0
1104, 13, 425, 448, 114, 0, 60.44%, 4, 0, 7, 458.22, 490491, 246, 11, 0
1109, 13, 448, 450, 115, 2, 60.69%, 4, 0, 7, 469.46, 492855, 247, 11, 0
1114, 14, 17, 452, 115, 0, 60.69%, 4, 0, 7, 442.14, 495097, 247, 11, 0
1120, 14, 163, 452, 113, 0, 60.69%, 4, 0, 7, 451.86, 497422, 247, 11, 0
1125, 14, 276, 452, 110, 0, 60.69%, 4, 0, 7, 443.78, 499686, 247, 11, 0
1130, 14, 318, 452, 107, 0, 60.69%, 4, 0, 7, 460.44, 502058, 247, 11, 0
1135, 14, 365, 452, 103, 0, 60.69%, 4, 0, 7, 446.31, 504333, 247, 11, 0
1140, 14, 387, 452, 99, 0, 60.69%, 4, 0, 7, 420.09, 506377, 247, 11, 0
1145, 14, 397, 453, 100, 0, 60.69%, 4, 0, 7, 449.50, 508641, 247, 11, 0
1150, 14, 411, 453, 98, 0, 60.69%, 4, 0, 7, 470.73, 511021, 247, 11, 0
1155, 14, 414, 453, 97, 0, 60.69%, 4, 0, 7, 423.49, 513095, 247, 11, 0
1160, 14, 431, 454, 97, 0, 60.69%, 4, 0, 7, 451.17, 515450, 247, 11, 0
1165, 14, 438, 454, 94, 0, 60.69%, 4, 0, 7, 469.75, 517865, 247, 11, 0
1170, 14, 438, 455, 95, 0, 60.69%, 4, 0, 7, 458.39, 520230, 247, 11, 0
1175, 14, 440, 455, 95, 0, 60.69%, 4, 0, 7, 458.43, 522537, 247, 11, 0
1180, 14, 449, 455, 93, 0, 60.69%, 4, 0, 7, 461.62, 524874, 247, 11, 0
1185, 15, 111, 455, 89, 0, 60.69%, 4, 0, 7, 452.71, 527159, 247, 11, 0
1190, 15, 260, 455, 88, 0, 60.69%, 4, 0, 7, 491.76, 529662, 247, 12, 0
1196, 15, 308, 455, 86, 0, 60.69%, 4, 0, 7, 490.33, 532122, 247, 12, 0
1201, 15, 317, 455, 82, 0, 60.69%, 4, 0, 7, 455.66, 534415, 247, 12, 0
1206, 15, 332, 456, 82, 0, 60.69%, 4, 0, 7, 454.04, 536739, 247, 13, 0
1211, 15, 365, 456, 77, 0, 60.69%, 4, 0, 7, 476.21, 539156, 247, 13, 0
1216, 15, 379, 456, 77, 0, 60.69%, 4, 0, 7, 426.65, 541277, 247, 13, 0
1221, 15, 387, 456, 74, 0, 60.69%, 4, 0, 7, 394.57, 543169, 247, 13, 0
1226, 15, 395, 456, 72, 0, 60.69%, 4, 0, 7, 437.30, 545437, 247, 13, 0
1231, 15, 401, 456, 70, 0, 60.69%, 4, 0, 7, 441.53, 547741, 247, 13, 0
1236, 15, 415, 456, 68, 0, 60.69%, 4, 0, 7, 437.46, 549933, 247, 13, 0
1241, 15, 428, 456, 66, 0, 60.69%, 4, 0, 7, 434.09, 552126, 247, 13, 0
1246, 15, 443, 456, 66, 0, 60.69%, 4, 0, 7, 455.62, 554466, 247, 13, 0
1251, 16, 13, 456, 63, 0, 60.69%, 4, 0, 7, 442.99, 556656, 247, 14, 0
1256, 16, 191, 456, 61, 0, 60.69%, 4, 0, 7, 445.62, 558898, 247, 16, 0
1261, 16, 301, 457, 61, 0, 60.69%, 4, 0, 7, 453.34, 561194, 247, 16, 0
1266, 16, 337, 457, 61, 0, 60.69%, 4, 0, 7, 443.29, 563430, 247, 16, 0
1271, 16, 378, 457, 57, 0, 60.69%, 4, 0, 7, 440.78, 565673, 247, 16, 0
1277, 16, 412, 457, 56, 0, 60.69%, 4, 0, 7, 401.36, 567621, 247, 16, 0
1282, 16, 435, 457, 56, 0, 60.69%, 4, 0, 7, 444.91, 569966, 247, 16, 0
1287, 16, 453, 458, 56, 0, 60.69%, 4, 0, 7, 453.72, 572229, 247, 16, 0
1292, 17, 15, 461, 56, 0, 60.69%, 4, 0, 7, 448.68, 574555, 247, 16, 0
1297, 17, 195, 461, 53, 0, 60.69%, 4, 0, 7, 455.35, 576930, 247, 19, 0
1302, 17, 301, 461, 48, 0, 60.69%, 4, 0, 7, 472.34, 579288, 247, 19, 0
1307, 17, 351, 461, 47, 0, 60.69%, 4, 0, 7, 441.67, 581478, 247, 19, 0
1312, 17, 391, 461, 44, 0, 60.69%, 4, 0, 7, 439.48, 583690, 247, 19, 0
1317, 17, 412, 461, 44, 0, 60.69%, 4, 0, 7, 457.52, 586037, 247, 19, 0
1322, 17, 438, 461, 43, 0, 60.69%, 4, 0, 7, 464.06, 588395, 247, 19, 0
1327, 17, 452, 461, 42, 0, 60.69%, 4, 0, 7, 466.35, 590774, 247, 19, 0
1332, 18, 117, 461, 40, 0, 60.69%, 4, 0, 7, 450.43, 593022, 247, 22, 0
1337, 18, 259, 461, 38, 0, 60.69%, 4, 0, 7, 476.26, 595445, 247, 26, 0
1343, 18, 318, 461, 36, 0, 60.69%, 4, 0, 7, 481.92, 597959, 247, 26, 0
1348, 18, 377, 461, 35, 0, 60.69%, 4, 0, 7, 462.82, 600263, 247, 26, 0
1353, 18, 404, 461, 35, 0, 60.69%, 4, 0, 7, 430.28, 602338, 247, 26, 0
1358, 18, 436, 461, 35, 0, 60.69%, 4, 0, 7, 465.00, 604785, 247, 26, 0
1363, 19, 15, 462, 35, 0, 60.69%, 5, 0, 7, 454.91, 607017, 247, 27, 0
1368, 19, 191, 462, 32, 0, 60.69%, 5, 0, 7, 430.08, 609231, 247, 31, 0
1373, 19, 294, 462, 32, 0, 60.69%, 5, 0, 7, 464.78, 611560, 247, 32, 0
1378, 19, 342, 462, 31, 0, 60.69%, 5, 0, 7, 446.54, 613828, 247, 32, 0
1383, 19, 381, 462, 29, 0, 60.69%, 5, 0, 7, 453.01, 616074, 247, 32, 0
1388, 19, 413, 462, 29, 0, 60.69%, 5, 0, 7, 437.58, 618306, 247, 32, 0
1393, 19, 433, 462, 26, 0, 60.69%, 5, 0, 7, 427.85, 620487, 247, 32, 0
1398, 20, 71, 462, 26, 0, 60.69%, 5, 0, 7, 453.45, 622693, 247, 32, 0
1403, 20, 257, 462, 25, 0, 60.69%, 5, 0, 7, 432.61, 624932, 247, 36, 0
1408, 20, 326, 462, 24, 0, 60.69%, 5, 0, 7, 438.51, 627142, 247, 36, 0
1413, 20, 388, 462, 23, 0, 60.69%, 5, 0, 7, 438.22, 629315, 247, 36, 0
1418, 20, 396, 462, 22, 0, 60.69%, 5, 0, 7, 453.51, 631631, 247, 36, 0
1423, 20, 408, 462, 21, 0, 60.69%, 5, 0, 7, 481.33, 634061, 247, 36, 0
1428, 20, 438, 462, 20, 0, 60.69%, 5, 0, 7, 456.88, 636312, 247, 36, 0
1433, 21, 117, 462, 19, 0, 60.69%, 5, 0, 7, 469.16, 638671, 247, 38, 0
1439, 21, 283, 462, 18, 0, 60.69%, 5, 0, 7, 468.02, 641046, 247, 42, 0
1444, 21, 357, 462, 17, 0, 60.69%, 5, 0, 7, 450.27, 643330, 247, 42, 0
1449, 21, 394, 462, 17, 0, 60.69%, 5, 0, 7, 463.49, 645699, 247, 42, 0
1454, 21, 394, 464, 19, 0, 60.69%, 5, 0, 7, 434.65, 647883, 247, 42, 0
1459, 22, 311, 465, 18, 1, 60.93%, 5, 0, 7, 432.42, 650091, 248, 42, 0
1464, 23, 151, 465, 17, 0, 60.93%, 5, 0, 7, 449.41, 652415, 248, 42, 0
1469, 23, 289, 465, 17, 0, 60.93%, 5, 0, 7, 450.71, 654695, 248, 47, 0
1474, 23, 341, 465, 17, 0, 60.93%, 5, 0, 7, 451.06, 657055, 248, 47, 0
1479, 23, 394, 465, 15, 0, 60.93%, 5, 0, 7, 430.33, 659239, 248, 47, 0
1484, 23, 438, 465, 15, 0, 60.93%, 5, 0, 7, 475.87, 661671, 248, 47, 0
1489, 23, 463, 465, 14, 0, 60.93%, 5, 0, 7, 479.34, 664085, 248, 47, 0
1494, 24, 466, 467, 16, 1, 61.18%, 5, 0, 7, 454.06, 666370, 249, 47, 0
1499, 25, 72, 468, 16, 0, 61.18%, 5, 0, 7, 429.88, 668476, 249, 47, 0
1504, 25, 266, 468, 15, 0, 61.18%, 5, 0, 7, 440.58, 670701, 249, 50, 0
1509, 25, 343, 468, 15, 0, 61.18%, 5, 0, 7, 463.48, 673072, 249, 50, 0
1514, 25, 410, 468, 15, 0, 61.18%, 5, 0, 7, 468.79, 675438, 249, 50, 0
1520, 25, 448, 468, 14, 0, 61.18%, 5, 0, 7, 444.71, 677714, 249, 50, 0
1525, 25, 463, 468, 13, 0, 61.18%, 5, 0, 7, 458.68, 680062, 249, 50, 0
1530, 26, 468, 471, 16, 2, 61.67%, 5, 0, 7, 435.57, 682263, 251, 50, 0
1535, 26, 470, 471, 14, 0, 61.67%, 5, 0, 7, 430.39, 684469, 251, 50, 0
1540, 26, 470, 473, 16, 0, 61.67%, 5, 0, 7, 456.73, 686816, 251, 50, 0
1545, 27, 403, 474, 15, 1, 61.67%, 5, 0, 7, 432.82, 689060, 251, 51, 0
1550, 28, 12, 475, 15, 0, 61.67%, 5, 0, 7, 447.16, 691368, 251, 51, 0
1555, 28, 249, 475, 13, 0, 61.67%, 5, 0, 7, 438.48, 693562, 251, 55, 0
1560, 28, 332, 475, 13, 0, 61.67%, 5, 0, 7, 456.18, 695914, 251, 55, 0
1565, 28, 399, 475, 13, 0, 61.67%, 5, 0, 7, 438.85, 698097, 251, 55, 0
1570, 28, 430, 475, 13, 0, 61.67%, 5, 0, 7, 440.60, 700323, 251, 55, 0
1575, 28, 447, 477, 15, 0, 61.67%, 5, 0, 7, 431.72, 702450, 251, 55, 0
1580, 28, 475, 477, 14, 1, 61.67%, 5, 0, 7, 440.06, 704698, 251, 55, 0
1585, 30, 59, 479, 14, 0, 61.67%, 5, 0, 7, 458.05, 706983, 251, 55, 0
1590, 30, 228, 479, 14, 0, 61.67%, 6, 0, 7, 453.08, 709258, 251, 56, 0
1595, 30, 312, 479, 13, 0, 61.67%, 6, 0, 7, 460.43, 711568, 251, 56, 0
1600, 30, 343, 479, 13, 0, 61.67%, 6, 0, 7, 440.23, 713821, 251, 56, 0
1605, 30, 438, 479, 13, 0, 61.67%, 6, 0, 7, 453.45, 716142, 251, 56, 0
1611, 30, 473, 479, 12, 0, 61.67%, 6, 0, 7, 459.91, 718447, 251, 56, 0
1616, 30, 477, 480, 12, 0, 61.67%, 6, 0, 7, 460.25, 720650, 251, 56, 0
1621, 32, 65, 482, 13, 0, 61.92%, 6, 0, 7, 458.07, 722928, 252, 56, 0
1626, 32, 260, 482, 13, 0, 61.92%, 6, 0, 7, 453.93, 725220, 252, 57, 0
1631, 32, 341, 482, 13, 0, 61.92%, 6, 0, 7, 446.51, 727378, 252, 57, 0
1636, 32, 382, 482, 13, 0, 61.92%, 6, 0, 7, 399.82, 729397, 252, 57, 0
1641, 32, 407, 482, 13, 0, 61.92%, 6, 0, 7, 419.37, 731443, 252, 57, 0
1646, 32, 412, 482, 12, 0, 61.92%, 6, 0, 7, 433.05, 733747, 252, 57, 0
1651, 32, 449, 482, 11, 0, 61.92%, 6, 0, 7, 447.47, 736008, 252, 57, 0
1656, 32, 475, 482, 11, 0, 61.92%, 6, 0, 7, 446.27, 738225, 252, 57, 0
1661, 33, 467, 485, 14, 1, 61.92%, 6, 0, 7, 462.32, 740676, 252, 57, 0
1666, 34, 161, 485, 12, 0, 61.92%, 6, 0, 7, 469.83, 742949, 252, 59, 0
1672, 34, 274, 485, 12, 0, 61.92%, 6, 0, 7, 460.03, 745239, 252, 61, 0
1677, 34, 347, 485, 12, 0, 61.92%, 6, 0, 7, 474.80, 747637, 252, 61, 0
1682, 34, 438, 485, 12, 0, 61.92%, 6, 0, 7, 467.91, 749952, 252, 61, 0
1687, 34, 473, 485, 10, 0, 61.92%, 6, 0, 7, 461.88, 752272, 252, 61, 0
1692, 34, 477, 485, 9, 0, 61.92%, 6, 0, 7, 499.99, 754792, 252, 61, 0
1697, 35, 11, 485, 7, 0, 61.92%, 6, 0, 7, 455.29, 757049, 252, 61, 0
1702, 35, 195, 485, 7, 0, 61.92%, 6, 0, 7, 470.26, 759385, 252, 64, 0
1707, 35, 301, 485, 7, 0, 61.92%, 6, 0, 7, 466.66, 761768, 252, 64, 0
1712, 35, 372, 485, 7, 0, 61.92%, 6, 0, 7, 472.01, 763780, 252, 64, 0
1717, 35, 404, 485, 7, 0, 61.92%, 6, 0, 7, 441.59, 766008, 252, 64, 0
1722, 35, 421, 485, 7, 0, 61.92%, 6, 0, 7, 452.99, 768262, 252, 64, 0
1727, 35, 473, 485, 7, 0, 61.92%, 6, 0, 7, 444.67, 770487, 252, 64, 0
1732, 35, 480, 485, 7, 0, 61.92%, 6, 0, 7, 456.76, 772839, 252, 64, 0
1737, 36, 0, 485, 5, 0, 61.92%, 6, 0, 7, 452.57, 775135, 252, 64, 0
1742, 36, 228, 485, 5, 0, 61.92%, 6, 0, 7, 460.00, 777503, 252, 67, 0
1747, 36, 317, 485, 5, 0, 61.92%, 6, 0, 7, 461.54, 779824, 252, 68, 0
1752, 36, 387, 485, 5, 0, 61.92%, 6, 0, 7, 447.56, 782148, 252, 68, 0
1757, 36, 404, 485, 5, 0, 61.92%, 6, 0, 7, 469.37, 784590, 252, 68, 0
1762, 36, 434, 485, 5, 0, 61.92%, 6, 0, 7, 454.69, 786860, 252, 68, 0
1768, 36, 439, 485, 4, 0, 61.92%, 6, 0, 7, 465.33, 789250, 252, 68, 0
1773, 36, 458, 485, 4, 0, 61.92%, 6, 0, 7, 438.60, 791389, 252, 68, 0
1778, 36, 475, 485, 4, 0, 61.92%, 6, 0, 7, 419.42, 793566, 252, 68, 0
1783, 36, 484, 485, 4, 0, 61.92%, 6, 0, 7, 453.57, 795912, 252, 68, 0
1788, 37, 486, 488, 7, 1, 62.16%, 6, 0, 7, 468.88, 798253, 253, 68, 0
1793, 38, 118, 490, 7, 1, 62.41%, 6, 0, 7, 472.04, 800708, 254, 68, 0
1798, 38, 489, 490, 7, 1, 62.41%, 6, 0, 7, 461.95, 803045, 254, 68, 0
1803, 39, 191, 490, 6, 0, 62.41%, 6, 0, 7, 439.08, 805285, 254, 70, 0
1808, 39, 318, 490, 6, 0, 62.41%, 6, 0, 7, 443.43, 807503, 254, 72, 0
1813, 39, 378, 490, 6, 0, 62.41%, 6, 0, 7, 419.65, 809681, 254, 72, 0
1819, 39, 409, 490, 6, 0, 62.41%, 6, 0, 7, 438.74, 811957, 254, 72, 0
1824, 39, 458, 490, 6, 0, 62.41%, 6, 0, 7, 426.45, 814136, 254, 72, 0
1829, 39, 473, 490, 5, 0, 62.41%, 6, 0, 7, 438.48, 816332, 254, 72, 0
1834, 39, 480, 490, 5, 0, 62.41%, 6, 0, 7, 429.86, 818510, 254, 72, 0
1839, 39, 487, 490, 4, 0, 62.41%, 6, 0, 7, 444.10, 820758, 254, 72, 0
1844, 40, 129, 491, 5, 0, 62.41%, 6, 0, 7, 448.58, 823037, 254, 76, 0
1849, 40, 301, 491, 5, 0, 62.41%, 6, 0, 7, 431.72, 825212, 254, 80, 0
1854, 40, 375, 491, 5, 0, 62.41%, 6, 0, 7, 426.37, 827380, 254, 80, 0
1859, 40, 438, 491, 5, 0, 62.41%, 6, 0, 7, 438.53, 829577, 254, 80, 0
1864, 40, 468, 491, 4, 0, 62.41%, 6, 0, 7, 422.72, 831745, 254, 81, 0
1869, 40, 486, 491, 4, 0, 62.41%, 6, 0, 7, 434.40, 833991, 254, 81, 0
1874, 41, 109, 491, 4, 0, 62.41%, 6, 0, 7, 453.72, 836259, 254, 81, 0
1879, 41, 301, 491, 4, 0, 62.41%, 6, 0, 7, 470.16, 838612, 254, 82, 0
1884, 41, 358, 491, 4, 0, 62.41%, 6, 0, 7, 433.00, 840782, 254, 82, 0
1889, 41, 438, 491, 4, 0, 62.41%, 6, 0, 7, 452.49, 843077, 254, 82, 0
1894, 41, 469, 491, 4, 0, 62.41%, 6, 0, 7, 420.41, 845214, 254, 82, 0
1900, 41, 484, 491, 3, 0, 62.41%, 6, 0, 7, 404.57, 847256, 254, 82, 0
1905, 42, 36, 492, 4, 0, 62.41%, 6, 0, 7, 392.60, 849204, 254, 82, 0
1910, 42, 238, 492, 3, 0, 62.41%, 6, 0, 7, 413.85, 851241, 254, 83, 0
1915, 42, 317, 492, 3, 0, 62.41%, 6, 0, 7, 424.01, 853358, 254, 83, 0
1920, 42, 390, 492, 3, 0, 62.41%, 6, 0, 7, 423.35, 855592, 254, 83, 0
1925, 42, 444, 492, 3, 0, 62.41%, 6, 0, 7, 444.71, 857859, 254, 83, 0
1930, 42, 487, 492, 3, 0, 62.41%, 6, 0, 7, 443.20, 860084, 254, 83, 0
1935, 43, 82, 492, 1, 0, 62.41%, 6, 0, 7, 441.91, 862275, 254, 83, 0
1940, 43, 284, 492, 1, 0, 62.41%, 6, 0, 7, 480.23, 864658, 254, 87, 0
1945, 43, 340, 492, 1, 0, 62.41%, 6, 0, 7, 453.08, 866881, 254, 87, 0
1950, 43, 410, 492, 1, 0, 62.41%, 6, 0, 7, 443.03, 869124, 254, 87, 0
1955, 43, 431, 492, 1, 0, 62.41%, 6, 0, 7, 452.20, 871419, 254, 87, 0
1960, 43, 473, 492, 1, 0, 62.41%, 6, 0, 7, 450.15, 873675, 254, 87, 0
1965, 44, 29, 492, 1, 0, 62.41%, 6, 0, 7, 467.03, 875981, 254, 87, 0
1970, 44, 260, 492, 1, 0, 62.41%, 6, 0, 7, 462.28, 878328, 254, 92, 0
1975, 44, 375, 492, 1, 0, 62.41%, 6, 0, 7, 464.65, 880653, 254, 92, 0
1980, 44, 438, 492, 1, 0, 62.41%, 6, 0, 7, 458.27, 882873, 254, 92, 0
1985, 44, 487, 492, 1, 0, 62.41%, 6, 0, 7, 455.94, 885152, 254, 92, 0
1991, 45, 224, 492, 1, 0, 62.41%, 6, 0, 7, 436.90, 887346, 254, 94, 0
1996, 45, 310, 492, 1, 0, 62.41%, 6, 0, 7, 421.32, 889501, 254, 94, 0
2001, 45, 398, 492, 1, 0, 62.41%, 6, 0, 7, 445.49, 891832, 254, 94, 0
2006, 45, 447, 492, 1, 0, 62.41%, 6, 0, 7, 451.51, 894114, 254, 94, 0
2011, 45, 484, 492, 1, 0, 62.41%, 6, 0, 7, 447.02, 896452, 254, 94, 0
2016, 46, 109, 492, 1, 0, 62.41%, 6, 0, 7, 442.91, 898718, 254, 94, 0
2021, 46, 268, 492, 1, 0, 62.41%, 6, 0, 7, 462.92, 901088, 254, 99, 0
2026, 46, 334, 492, 1, 0, 62.41%, 6, 0, 7, 435.89, 903251, 254, 99, 0
2031, 46, 421, 492, 1, 0, 62.41%, 6, 0, 7, 437.01, 905459, 254, 99, 0
2036, 46, 471, 492, 1, 0, 62.41%, 6, 0, 7, 420.76, 907574, 254, 99, 0
2041, 47, 10, 492, 1, 0, 62.41%, 6, 0, 7, 430.87, 909828, 254, 99, 0
2047, 47, 228, 492, 1, 0, 62.41%, 6, 0, 7, 423.91, 911951, 254, 99, 0
2052, 47, 317, 492, 1, 0, 62.41%, 6, 0, 7, 416.91, 914041, 254, 99, 0
2057, 47, 387, 492, 1, 0, 62.41%, 6, 0, 7, 431.88, 916243, 254, 99, 0
2062, 47, 444, 492, 1, 0, 62.41%, 6, 0, 7, 423.44, 918354, 254, 99, 0
2067, 47, 488, 492, 1, 0, 62.41%, 6, 0, 7, 427.92, 920496, 254, 99, 0
2072, 48, 212, 492, 1, 0, 62.41%, 6, 0, 7, 430.83, 922694, 254, 101, 0
2077, 48, 318, 492, 1, 0, 62.41%, 6, 0, 7, 422.14, 924806, 254, 101, 0
2082, 48, 415, 492, 1, 0, 62.41%, 6, 0, 7, 431.58, 927032, 254, 101, 0
2087, 48, 429, 492, 1, 0, 62.41%, 6, 0, 7, 442.50, 929257, 254, 101, 0
2092, 48, 484, 492, 1, 0, 62.41%, 6, 0, 7, 467.62, 931588, 254, 101, 0
2097, 49, 93, 492, 0, 0, 62.41%, 6, 0, 7, 455.80, 933942, 254, 102, 0
2102, 49, 276, 492, 0, 0, 62.41%, 6, 0, 7, 446.68, 936215, 254, 104, 0
2107, 49, 384, 492, 0, 0, 62.41%, 6, 0, 7, 445.02, 938590, 254, 104, 0
2113, 49, 430, 492, 0, 0, 62.41%, 6, 0, 7, 447.04, 940933, 254, 104, 0
2118, 49, 463, 492, 0, 0, 62.41%, 6, 0, 7, 455.07, 943229, 254, 104, 0
2123, 50, 9, 492, 0, 0, 62.41%, 6, 0, 7, 426.04, 945373, 254, 104, 0
2128, 50, 162, 492, 0, 0, 62.41%, 6, 0, 7, 407.82, 947441, 254, 106, 0
2133, 50, 287, 492, 0, 0, 62.41%, 6, 0, 7, 473.64, 949903, 254, 107, 0
2138, 50, 341, 492, 0, 0, 62.41%, 6, 0, 7, 438.72, 952120, 254, 107, 0
2143, 50, 430, 492, 0, 0, 62.41%, 6, 0, 7, 450.15, 954353, 254, 107, 0
2148, 50, 473, 492, 0, 0, 62.41%, 6, 0, 7, 437.71, 956576, 254, 107, 0
2153, 51, 46, 492, 0, 0, 62.41%, 6, 0, 7, 437.45, 958803, 254, 107, 0
2158, 51, 238, 492, 0, 0, 62.41%, 6, 0, 7, 413.32, 960860, 254, 110, 0
2163, 51, 312, 492, 0, 0, 62.41%, 6, 0, 7, 430.75, 963040, 254, 110, 0
2168, 51, 390, 492, 0, 0, 62.41%, 6, 0, 7, 456.90, 965379, 254, 110, 0
2173, 51, 445, 492, 0, 0, 62.41%, 6, 0, 7, 455.21, 967647, 254, 110, 0
2179, 51, 475, 492, 0, 0, 62.41%, 6, 0, 7, 437.41, 969898, 254, 110, 0
2184, 52, 53, 492, 0, 0, 62.41%, 6, 0, 7, 423.30, 971966, 254, 110, 0
2189, 52, 191, 492, 0, 0, 62.41%, 6, 0, 7, 442.02, 974184, 254, 111, 0
2194, 52, 301, 492, 0, 0, 62.41%, 6, 0, 7, 435.72, 976376, 254, 111, 0
2199, 52, 404, 492, 0, 0, 62.41%, 6, 0, 7, 412.80, 978470, 254, 111, 0
2204, 52, 430, 492, 0, 0, 62.41%, 6, 0, 7, 450.97, 980790, 254, 111, 0
2209, 53, 14, 492, 0, 0, 62.41%, 6, 0, 7, 449.12, 983106, 254, 111, 0
2214, 53, 165, 492, 0, 0, 62.41%, 6, 0, 7, 447.59, 985398, 254, 111, 0
2219, 53, 317, 492, 0, 0, 62.41%, 6, 0, 7, 450.84, 987579, 254, 114, 0
2224, 53, 409, 492, 0, 0, 62.41%, 6, 0, 7, 463.87, 989889, 254, 114, 0
2229, 53, 450, 492, 0, 0, 62.41%, 6, 0, 7, 447.04, 992070, 254, 114, 0
2234, 53, 480, 492, 0, 0, 62.41%, 6, 0, 7, 453.92, 994351, 254, 114, 0
2239, 54, 109, 492, 0, 0, 62.41%, 6, 0, 7, 435.99, 996552, 254, 115, 0
2244, 54, 266, 492, 0, 0, 62.41%, 6, 0, 7, 434.23, 998796, 254, 116, 0
2249, 54, 335, 492, 0, 0, 62.41%, 6, 0, 7, 440.84, 1001095, 254, 116, 0
2254, 54, 432, 492, 0, 0, 62.41%, 6, 0, 7, 482.73, 1003591, 254, 116, 0
2260, 54, 473, 492, 0, 0, 62.41%, 6, 0, 7, 434.35, 1005748, 254, 116, 0
2265, 55, 182, 492, 0, 0, 62.41%, 6, 0, 7, 440.18, 1007992, 254, 118, 0
2270, 55, 312, 492, 0, 0, 62.41%, 6, 0, 7, 480.51, 1010451, 254, 118, 0
2275, 55, 393, 492, 0, 0, 62.41%, 6, 0, 7, 472.24, 1012832, 254, 118, 0
2280, 55, 444, 492, 0, 0, 62.41%, 6, 0, 7, 460.77, 1015135, 254, 118, 0
2285, 55, 486, 492, 0, 0, 62.41%, 6, 0, 7, 469.21, 1017575, 254, 118, 0
2290, 56, 195, 492, 0, 0, 62.41%, 6, 0, 7, 458.42, 1019915, 254, 118, 0
2295, 56, 308, 492, 0, 0, 62.41%, 6, 0, 7, 440.74, 1022087, 254, 118, 0
2300, 56, 409, 492, 0, 0, 62.41%, 6, 0, 7, 474.23, 1024512, 254, 118, 0
2305, 56, 475, 492, 0, 0, 62.41%, 6, 0, 7, 464.02, 1026849, 254, 118, 0
2310, 57, 136, 492, 0, 0, 62.41%, 6, 0, 7, 451.21, 1029174, 254, 118, 0
2315, 57, 278, 492, 0, 0, 62.41%, 6, 0, 7, 450.98, 1031399, 254, 120, 0
2320, 57, 334, 492, 0, 0, 62.41%, 6, 0, 7, 447.71, 1033648, 254, 120, 0
2325, 57, 402, 492, 0, 0, 62.41%, 6, 0, 7, 459.40, 1035936, 254, 120, 0
2330, 57, 444, 492, 0, 0, 62.41%, 6, 0, 7, 424.08, 1038020, 254, 120, 0
2335, 57, 480, 492, 0, 0, 62.41%, 6, 0, 7, 457.20, 1040279, 254, 120, 0
2340, 58, 128, 492, 0, 0, 62.41%, 6, 0, 7, 469.32, 1042675, 254, 122, 0
2346, 58, 317, 492, 0, 0, 62.41%, 6, 0, 7, 447.78, 1044946, 254, 122, 0
2351, 58, 412, 492, 0, 0, 62.41%, 6, 0, 7, 448.74, 1047233, 254, 122, 0
2356, 58, 469, 492, 0, 0, 62.41%, 6, 0, 7, 452.69, 1049532, 254, 122, 0
2361, 59, 17, 492, 0, 0, 62.41%, 6, 0, 7, 466.90, 1051903, 254, 122, 0
2366, 59, 266, 492, 0, 0, 62.41%, 6, 0, 7, 464.79, 1054228, 254, 122, 0
2371, 59, 334, 492, 0, 0, 62.41%, 6, 0, 7, 458.46, 1056567, 254, 122, 0
2376, 59, 412, 492, 0, 0, 62.41%, 6, 0, 7, 448.56, 1058781, 254, 122, 0
2381, 59, 444, 493, 1, 0, 62.41%, 6, 0, 7, 416.14, 1060896, 254, 122, 0
2386, 60, 129, 493, 1, 0, 62.41%, 6, 0, 7, 450.46, 1063292, 254, 122, 0
2391, 60, 298, 493, 1, 0, 62.41%, 6, 0, 7, 440.90, 1065594, 254, 125, 0
2396, 60, 387, 493, 1, 0, 62.41%, 6, 0, 7, 437.88, 1067790, 254, 125, 0
2401, 60, 438, 493, 1, 0, 62.41%, 6, 0, 7, 411.13, 1069865, 254, 125, 0
2406, 60, 477, 493, 1, 0, 62.41%, 6, 0, 7, 446.11, 1072203, 254, 125, 0
2411, 61, 102, 494, 2, 0, 62.41%, 6, 0, 7, 425.36, 1074403, 254, 125, 0
2416, 61, 277, 494, 2, 0, 62.41%, 6, 0, 7, 442.92, 1076650, 254, 126, 0
2421, 61, 387, 494, 2, 0, 62.41%, 6, 0, 7, 446.59, 1078909, 254, 126, 0
2427, 61, 439, 494, 2, 0, 62.41%, 6, 0, 7, 439.28, 1081159, 254, 126, 0
2432, 61, 487, 494, 2, 0, 62.41%, 6, 0, 7, 432.85, 1083397, 254, 126, 0
2437, 62, 224, 494, 2, 0, 62.41%, 6, 0, 7, 436.95, 1085590, 254, 127, 0
2442, 62, 303, 494, 2, 0, 62.41%, 6, 0, 7, 452.11, 1087850, 254, 127, 0
2447, 62, 377, 494, 2, 0, 62.41%, 6, 0, 7, 434.10, 1089998, 254, 127, 0
2452, 62, 438, 494, 2, 0, 62.41%, 6, 0, 7, 471.96, 1092426, 254, 127, 0
2457, 62, 484, 494, 2, 0, 62.41%, 6, 0, 7, 473.20, 1094800, 254, 127, 0
2462, 63, 182, 494, 2, 0, 62.41%, 6, 0, 7, 472.43, 1097089, 254, 130, 0
2467, 63, 301, 494, 2, 0, 62.41%, 6, 0, 7, 439.45, 1099326, 254, 130, 0
2472, 63, 386, 494, 2, 0, 62.41%, 6, 0, 7, 421.17, 1101514, 254, 130, 0
2477, 63, 429, 494, 2, 0, 62.41%, 6, 0, 7, 453.59, 1103849, 254, 130, 0
2482, 63, 489, 494, 2, 0, 62.41%, 6, 0, 7, 446.20, 1106071, 254, 130, 0
2487, 64, 266, 494, 2, 0, 62.41%, 6, 0, 7, 433.26, 1108201, 254, 130, 0
2492, 64, 375, 494, 2, 0, 62.41%, 6, 0, 7, 447.10, 1110524, 254, 130, 0
2497, 64, 412, 494, 2, 0, 62.41%, 6, 0, 7, 446.44, 1112784, 254, 130, 0
2502, 64, 475, 494, 2, 0, 62.41%, 6, 0, 7, 451.87, 1115104, 254, 130, 0
2508, 65, 178, 494, 1, 0, 62.41%, 6, 0, 7, 460.78, 1117480, 254, 134, 0
2513, 65, 302, 494, 1, 0, 62.41%, 6, 0, 7, 449.41, 1119708, 254, 135, 0
2518, 65, 375, 494, 1, 0, 62.41%, 6, 0, 7, 428.48, 1121944, 254, 135, 0
2523, 65, 438, 494, 1, 0, 62.41%, 6, 0, 7, 425.89, 1124167, 254, 135, 0
2528, 65, 482, 494, 1, 0, 62.41%, 6, 0, 7, 443.64, 1126490, 254, 135, 0
2533, 66, 115, 494, 1, 0, 62.41%, 6, 0, 7, 440.65, 1128738, 254, 137, 0
2538, 66, 260, 494, 1, 0, 62.41%, 6, 0, 7, 437.32, 1130974, 254, 138, 0
2543, 66, 338, 494, 1, 0, 62.41%, 6, 0, 7, 447.46, 1133236, 254, 138, 0
2549, 66, 396, 494, 1, 0, 62.41%, 6, 0, 7, 421.77, 1135327, 254, 138, 0
2554, 66, 433, 494, 1, 0, 62.41%, 6, 0, 7, 427.93, 1137498, 254, 138, 0
2559, 66, 467, 494, 1, 0, 62.41%, 6, 0, 7, 440.60, 1139738, 254, 138, 0
2564, 66, 491, 494, 1, 0, 62.41%, 6, 0, 7, 451.42, 1142075, 254, 138, 0
2569, 67, 155, 494, 1, 0, 62.41%, 6, 0, 7, 435.12, 1144255, 254, 138, 0
2574, 67, 249, 494, 1, 0, 62.41%, 6, 0, 7, 435.08, 1146480, 254, 138, 0
2579, 67, 317, 494, 1, 0, 62.41%, 6, 0, 7, 439.88, 1148697, 254, 138, 0
2584, 67, 409, 494, 1, 0, 62.41%, 6, 0, 7, 448.66, 1150967, 254, 138, 0
2589, 67, 439, 494, 1, 0, 62.41%, 6, 0, 7, 429.87, 1153142, 254, 138, 0
2594, 67, 492, 494, 1, 0, 62.41%, 6, 0, 7, 438.17, 1155362, 254, 138, 0
2599, 68, 201, 494, 0, 0, 62.41%, 6, 0, 7, 458.85, 1157749, 254, 139, 0
2604, 68, 318, 494, 0, 0, 62.41%, 6, 0, 7, 456.28, 1160052, 254, 139, 0
2609, 68, 412, 494, 0, 0, 62.41%, 6, 0, 7, 444.66, 1162324, 254, 139, 0
2614, 68, 438, 494, 0, 0, 62.41%, 6, 0, 7, 436.99, 1164538, 254, 140, 0
2619, 69, 37, 495, 1, 0, 62.41%, 6, 0, 7, 454.51, 1166817, 254, 140, 0
2625, 69, 256, 495, 1, 0, 62.41%, 6, 0, 7, 441.86, 1169044, 254, 141, 0
2630, 69, 318, 495, 1, 0, 62.41%, 6, 0, 7, 435.50, 1171251, 254, 141, 0
2635, 69, 421, 495, 1, 0, 62.41%, 6, 0, 7, 453.26, 1173575, 254, 141, 0
2640, 69, 475, 495, 1, 0, 62.41%, 6, 0, 7, 437.51, 1175781, 254, 141, 0
2645, 69, 489, 495, 1, 0, 62.41%, 6, 0, 7, 429.74, 1178020, 254, 141, 0
2650, 70, 184, 495, 0, 0, 62.41%, 6, 0, 7, 415.86, 1180159, 254, 142, 0
2655, 70, 301, 495, 0, 0, 62.41%, 6, 0, 7, 454.06, 1182526, 254, 146, 0
2660, 70, 404, 495, 0, 0, 62.41%, 6, 0, 7, 452.51, 1184804, 254, 146, 0
2665, 70, 440, 495, 0, 0, 62.41%, 6, 0, 7, 406.72, 1186860, 254, 146, 0
2670, 70, 471, 495, 0, 0, 62.41%, 6, 0, 7, 438.68, 1189060, 254, 146, 0
2675, 71, 38, 495, 0, 0, 62.41%, 6, 0, 7, 447.03, 1191317, 254, 146, 0
2681, 71, 211, 495, 0, 0, 62.41%, 6, 0, 7, 408.66, 1193397, 254, 147, 0
2686, 71, 317, 495, 0, 0, 62.41%, 6, 0, 7, 415.05, 1195502, 254, 147, 0
2691, 71, 387, 495, 0, 0, 62.41%, 6, 0, 7, 408.56, 1197580, 254, 147, 0
2696, 71, 438, 495, 0, 0, 62.41%, 6, 0, 7, 438.08, 1199835, 254, 147, 0
2701, 71, 475, 495, 0, 0, 62.41%, 6, 0, 7, 432.94, 1201980, 254, 147, 0
2706, 72, 109, 495, 0, 0, 62.41%, 6, 0, 7, 447.05, 1204368, 254, 147, 0
2711, 72, 301, 495, 0, 0, 62.41%, 6, 0, 7, 435.12, 1206663, 254, 151, 0
2716, 72, 409, 495, 0, 0, 62.41%, 6, 0, 7, 452.33, 1208937, 254, 151, 0
2721, 72, 475, 495, 0, 0, 62.41%, 6, 0, 7, 466.37, 1211305, 254, 151, 0
2726, 73, 34, 495, 0, 0, 62.41%, 6, 0, 7, 446.89, 1213522, 254, 151, 0
2731, 73, 224, 495, 0, 0, 62.41%, 6, 0, 7, 442.12, 1215743, 254, 155, 0
2736, 73, 318, 495, 0, 0, 62.41%, 6, 0, 7, 449.46, 1218033, 254, 155, 0
2742, 73, 409, 495, 0, 0, 62.41%, 6, 0, 7, 461.08, 1220442, 254, 155, 0
2747, 73, 438, 495, 0, 0, 62.41%, 6, 0, 7, 464.66, 1222758, 254, 156, 0
2752, 73, 484, 495, 0, 0, 62.41%, 6, 0, 7, 452.55, 1225008, 254, 156, 0
2757, 74, 100, 495, 0, 0, 62.41%, 6, 0, 7, 455.90, 1227321, 254, 157, 0
2762, 74, 238, 495, 0, 0, 62.41%, 6, 0, 7, 459.95, 1229677, 254, 161, 0
2767, 74, 317, 495, 0, 0, 62.41%, 6, 0, 7, 455.52, 1231962, 254, 161, 0
2772, 74, 386, 495, 0, 0, 62.41%, 6, 0, 7, 424.48, 1234081, 254, 161, 0
2777, 74, 438, 495, 0, 0, 62.41%, 6, 0, 7, 443.03, 1236342, 254, 162, 0
2782, 74, 487, 495, 0, 0, 62.41%, 6, 0, 7, 458.22, 1238608, 254, 162, 0
2787, 75, 268, 495, 0, 0, 62.41%, 6, 0, 7, 486.76, 1241191, 254, 165, 0
2792, 75, 342, 495, 0, 0, 62.41%, 6, 0, 7, 451.86, 1243445, 254, 165, 0
2797, 75, 421, 495, 0, 0, 62.41%, 6, 0, 7, 451.71, 1245772, 254, 165, 0
2803, 75, 480, 495, 0, 0, 62.41%, 6, 0, 7, 428.53, 1247948, 254, 165, 0
2808, 76, 191, 495, 0, 0, 62.41%, 6, 0, 7, 448.72, 1250208, 254, 165, 0
2813, 76, 317, 495, 0, 0, 62.41%, 6, 0, 7, 469.29, 1252633, 254, 166, 0
2818, 76, 404, 495, 0, 0, 62.41%, 6, 0, 7, 466.41, 1254990, 254, 166, 0
2823, 76, 438, 495, 0, 0, 62.41%, 6, 0, 7, 435.48, 1257112, 254, 166, 0
2828, 76, 483, 495, 0, 0, 62.41%, 6, 0, 7, 453.51, 1259417, 254, 166, 0
2833, 77, 191, 495, 0, 0, 62.41%, 6, 0, 7, 468.05, 1261827, 254, 167, 0
2838, 77, 318, 495, 0, 0, 62.41%, 6, 0, 7, 450.43, 1264143, 254, 170, 0
2843, 77, 438, 495, 0, 0, 62.41%, 6, 0, 7, 467.83, 1266508, 254, 170, 0
2848, 77, 475, 495, 0, 0, 62.41%, 6, 0, 7, 456.55, 1268835, 254, 170, 0
2854, 78, 156, 495, 0, 0, 62.41%, 6, 0, 7, 443.64, 1271109, 254, 171, 0
2859, 78, 301, 495, 0, 0, 62.41%, 6, 0, 7, 453.62, 1273433, 254, 175, 0
2864, 78, 387, 495, 0, 0, 62.41%, 6, 0, 7, 448.61, 1275667, 254, 175, 0
2869, 78, 438, 495, 0, 0, 62.41%, 6, 0, 7, 439.81, 1277922, 254, 175, 0
2874, 78, 484, 495, 0, 0, 62.41%, 6, 0, 7, 428.21, 1280011, 254, 175, 0
2879, 79, 144, 495, 0, 0, 62.41%, 6, 0, 7, 449.95, 1282419, 254, 175, 0
2884, 79, 289, 495, 0, 0, 62.41%, 6, 0, 7, 468.02, 1284781, 254, 178, 0
2889, 79, 400, 495, 0, 0, 62.41%, 6, 0, 7, 479.83, 1287139, 254, 178, 0
2894, 79, 438, 495, 0, 0, 62.41%, 6, 0, 7, 462.61, 1289409, 254, 178, 0
2899, 79, 487, 495, 0, 0, 62.41%, 6, 0, 7, 434.85, 1291601, 254, 178, 0
2904, 80, 191, 495, 0, 0, 62.41%, 6, 0, 7, 451.46, 1293863, 254, 179, 0
2909, 80, 301, 495, 0, 0, 62.41%, 6, 0, 7, 451.93, 1296130, 254, 180, 0
2914, 80, 404, 495, 0, 0, 62.41%, 6, 0, 7, 449.27, 1298474, 254, 180, 0
2919, 80, 438, 495, 0, 0, 62.41%, 6, 0, 7, 469.35, 1300818, 254, 180, 0
2924, 80, 484, 495, 0, 0, 62.41%, 6, 0, 7, 447.32, 1303107, 254, 180, 0
2929, 81, 182, 495, 0, 0, 62.41%, 6, 0, 7, 475.15, 1305520, 254, 181, 0
2935, 81, 301, 495, 0, 0, 62.41%, 6, 0, 7, 446.54, 1307843, 254, 183, 0
2940, 81, 387, 495, 0, 0, 62.41%, 6, 0, 7, 440.62, 1310103, 254, 183, 0
2945, 81, 438, 495, 0, 0, 62.41%, 6, 0, 7, 451.90, 1312401, 254, 183, 0
2950, 81, 479, 495, 0, 0, 62.41%, 6, 0, 7, 449.83, 1314610, 254, 183, 0
2955, 82, 21, 495, 0, 0, 62.41%, 6, 0, 7, 427.42, 1316776, 254, 183, 0
2960, 82, 260, 495, 0, 0, 62.41%, 6, 0, 7, 436.29, 1318939, 254, 187, 0
2965, 82, 338, 495, 0, 0, 62.41%, 6, 0, 7, 437.49, 1321127, 254, 187, 0
2970, 82, 407, 495, 0, 0, 62.41%, 6, 0, 7, 458.48, 1323406, 254, 187, 0
2975, 82, 438, 495, 0, 0, 62.41%, 6, 0, 7, 425.08, 1325615, 254, 187, 0
2980, 83, 12, 495, 0, 0, 62.41%, 6, 0, 7, 432.03, 1327753, 254, 187, 0
2985, 83, 228, 495, 0, 0, 62.41%, 6, 0, 7, 432.75, 1329972, 254, 190, 0
2990, 83, 334, 495, 0, 0, 62.41%, 6, 0, 7, 455.02, 1332391, 254, 190, 0
2995, 83, 438, 495, 0, 0, 62.41%, 6, 0, 7, 425.01, 1334580, 254, 190, 0
3000, 83, 486, 495, 0, 0, 62.41%, 6, 0, 7, 431.92, 1336838, 254, 190, 0
3006, 84, 181, 495, 0, 0, 62.41%, 6, 0, 7, 443.16, 1339127, 254, 197, 0
3011, 84, 317, 495, 0, 0, 62.41%, 6, 0, 7, 451.43, 1341498, 254, 199, 0
3016, 84, 387, 495, 0, 0, 62.41%, 6, 0, 7, 457.70, 1343793, 254, 199, 0
3021, 84, 434, 495, 0, 0, 62.41%, 6, 0, 7, 441.37, 1345959, 254, 199, 0
3026, 84, 473, 495, 0, 0, 62.41%, 6, 0, 7, 444.98, 1348259, 254, 199, 0
3031, 85, 62, 495, 0, 0, 62.41%, 6, 0, 7, 437.50, 1350471, 254, 199, 0
3036, 85, 255, 495, 0, 0, 62.41%, 6, 0, 7, 428.25, 1352505, 254, 201, 0
3041, 85, 342, 495, 0, 0, 62.41%, 6, 0, 7, 406.55, 1354614, 254, 201, 0
3046, 85, 409, 495, 0, 0, 62.41%, 6, 0, 7, 418.10, 1356771, 254, 201, 0
3051, 85, 473, 495, 0, 0, 62.41%, 6, 0, 7, 451.22, 1359062, 254, 201, 0
3056, 86, 104, 495, 0, 0, 62.41%, 6, 0, 7, 428.49, 1361277, 254, 201, 0
3061, 86, 301, 495, 0, 0, 62.41%, 6, 0, 7, 432.47, 1363457, 254, 201, 0
3066, 86, 394, 495, 0, 0, 62.41%, 6, 0, 7, 447.39, 1365724, 254, 201, 0
3071, 86, 438, 495, 0, 0, 62.41%, 6, 0, 7, 449.34, 1367972, 254, 201, 0
3077, 87, 43, 495, 0, 0, 62.41%, 6, 0, 7, 419.75, 1370132, 254, 201, 0
3082, 87, 260, 495, 0, 0, 62.41%, 6, 0, 7, 454.43, 1372520, 254, 201, 0
3087, 87, 354, 495, 0, 0, 62.41%, 6, 0, 7, 446.57, 1374715, 254, 201, 0
3092, 87, 413, 495, 0, 0, 62.41%, 6, 0, 7, 470.77, 1377096, 254, 201, 0
3097, 87, 473, 495, 0, 0, 62.41%, 6, 0, 7, 479.64, 1379505, 254, 201, 0
3102, 88, 16, 495, 0, 0, 62.41%, 6, 0, 7, 466.71, 1381829, 254, 201, 0
3107, 88, 191, 495, 0, 0, 62.41%, 6, 0, 7, 466.52, 1384153, 254, 205, 0
3112, 88, 313, 495, 0, 0, 62.41%, 6, 0, 7, 452.31, 1386539, 254, 205, 0
3117, 88, 400, 495, 0, 0, 62.41%, 6, 0, 7, 448.35, 1388864, 254, 205, 0
3122, 88, 444, 495, 0, 0, 62.41%, 6, 0, 7, 445.00, 1391152, 254, 205, 0
3127, 88, 480, 495, 0, 0, 62.41%, 6, 0, 7, 467.35, 1393680, 254, 205, 0
3133, 89, 152, 495, 0, 0, 62.41%, 6, 0, 7, 442.84, 1395924, 254, 205, 0
3138, 89, 293, 495, 0, 0, 62.41%, 6, 0, 7, 445.06, 1398166, 254, 206, 0
3143, 89, 384, 495, 0, 0, 62.41%, 6, 0, 7, 445.89, 1400397, 254, 206, 0
3148, 89, 414, 495, 0, 0, 62.41%, 6, 0, 7, 400.53, 1402410, 254, 206, 0
3153, 89, 484, 495, 0, 0, 62.41%, 6, 0, 7, 490.14, 1405019, 254, 206, 0
3158, 90, 125, 495, 0, 0, 62.41%, 6, 0, 7, 457.07, 1407325, 254, 207, 0
3163, 90, 301, 495, 0, 0, 62.41%, 6, 0, 7, 451.52, 1409612, 254, 210, 0
3168, 90, 401, 495, 0, 0, 62.41%, 6, 0, 7, 457.54, 1411902, 254, 210, 0
3173, 90, 438, 495, 0, 0, 62.41%, 6, 0, 7, 451.46, 1414217, 254, 210, 0
3178, 90, 489, 495, 0, 0, 62.41%, 6, 0, 7, 439.65, 1416417, 254, 210, 0
3183, 91, 195, 495, 0, 0, 62.41%, 6, 0, 7, 445.70, 1418637, 254, 211, 0
3188, 91, 301, 495, 0, 0, 62.41%, 6, 0, 7, 454.36, 1421004, 254, 211, 0
3193, 91, 404, 495, 0, 0, 62.41%, 6, 0, 7, 450.45, 1423216, 254, 211, 0
3198, 91, 449, 495, 0, 0, 62.41%, 6, 0, 7, 450.46, 1425537, 254, 211, 0
3203, 92, 16, 495, 0, 0, 62.41%, 6, 0, 7, 462.00, 1427882, 254, 211, 0
3208, 92, 224, 495, 0, 0, 62.41%, 6, 0, 7, 463.19, 1430250, 254, 214, 0
3213, 92, 317, 495, 0, 0, 62.41%, 6, 0, 7, 448.69, 1432542, 254, 214, 0
3218, 92, 406, 495, 0, 0, 62.41%, 6, 0, 7, 460.11, 1434830, 254, 214, 0
3223, 92, 473, 495, 0, 0, 62.41%, 6, 0, 7, 483.64, 1437232, 254, 215, 0
3229, 93, 109, 495, 0, 0, 62.41%, 6, 0, 7, 477.14, 1439635, 254, 215, 0
3234, 93, 301, 495, 0, 0, 62.41%, 6, 0, 7, 459.10, 1441968, 254, 215, 0
3239, 93, 387, 495, 0, 0, 62.41%, 6, 0, 7, 464.71, 1444256, 254, 215, 0
3244, 93, 438, 495, 0, 0, 62.41%, 6, 0, 7, 457.00, 1446614, 254, 215, 0
3249, 94, 17, 495, 0, 0, 62.41%, 6, 0, 7, 459.62, 1448918, 254, 215, 0
3254, 94, 195, 495, 0, 0, 62.41%, 6, 0, 7, 452.42, 1451174, 254, 217, 0
3259, 94, 317, 495, 0, 0, 62.41%, 6, 0, 7, 409.51, 1453256, 254, 217, 0
3264, 94, 412, 495, 0, 0, 62.41%, 6, 0, 7, 437.62, 1455564, 254, 217, 0
3269, 94, 444, 495, 0, 0, 62.41%, 6, 0, 7, 434.85, 1457748, 254, 217, 0
3274, 95, 295, 496, 1, 1, 63.14%, 6, 0, 7, 441.02, 1459975, 257, 218, 0
3280, 96, 55, 496, 0, 0, 63.14%, 6, 0, 7, 426.00, 1462198, 257, 218, 0
3285, 96, 301, 496, 0, 0, 63.14%, 6, 0, 7, 437.18, 1464465, 257, 222, 0
3290, 96, 384, 496, 0, 0, 63.14%, 6, 0, 7, 445.14, 1466746, 257, 222, 0
3295, 96, 438, 496, 0, 0, 63.14%, 6, 0, 7, 465.75, 1469042, 257, 222, 0
3300, 96, 495, 496, 0, 0, 63.14%, 6, 0, 7, 462.75, 1471358, 257, 222, 0
3305, 97, 120, 497, 1, 0, 63.14%, 6, 0, 7, 476.80, 1473746, 257, 222, 0
3310, 97, 260, 497, 1, 0, 63.14%, 6, 0, 7, 440.53, 1475937, 257, 222, 0
3315, 97, 334, 497, 1, 0, 63.14%, 6, 0, 7, 434.87, 1478067, 257, 222, 0
3320, 97, 438, 497, 1, 0, 63.14%, 6, 0, 7, 455.78, 1480371, 257, 222, 0
3325, 97, 475, 497, 1, 0, 63.14%, 6, 0, 7, 455.96, 1482635, 257, 222, 0
3330, 98, 475, 499, 3, 1, 63.64%, 6, 0, 7, 437.03, 1484810, 259, 222, 0
3335, 98, 498, 500, 4, 1, 63.64%, 6, 0, 7, 421.54, 1486918, 259, 222, 0
3340, 98, 499, 501, 4, 1, 63.64%, 6, 0, 7, 457.87, 1489291, 259, 222, 0
3345, 99, 195, 501, 3, 0, 63.64%, 6, 0, 7, 462.09, 1491515, 259, 226, 0
3350, 99, 317, 501, 3, 0, 63.64%, 6, 0, 7, 445.51, 1493812, 259, 226, 0
3355, 99, 409, 501, 3, 0, 63.64%, 6, 0, 7, 425.77, 1495994, 259, 226, 0
3360, 99, 475, 501, 3, 0, 63.64%, 6, 0, 7, 456.07, 1498322, 259, 226, 0
3365, 99, 500, 502, 4, 0, 63.64%, 6, 0, 7, 456.72, 1500642, 259, 226, 0
3371, 100, 109, 503, 4, 0, 63.64%, 6, 0, 7, 442.49, 1502887, 259, 226, 0
3376, 100, 266, 503, 4, 0, 63.64%, 6, 0, 7, 435.48, 1505029, 259, 231, 0
3381, 100, 343, 503, 4, 0, 63.64%, 6, 0, 7, 477.68, 1507526, 259, 232, 0
3386, 100, 438, 503, 4, 0, 63.64%, 6, 0, 7, 447.32, 1509822, 259, 232, 0
3391, 100, 489, 503, 4, 0, 63.64%, 6, 0, 7, 470.60, 1512130, 259, 232, 0
3396, 100, 499, 504, 3, 0, 63.64%, 6, 0, 7, 459.80, 1514469, 259, 232, 0
3401, 101, 119, 504, 3, 0, 63.64%, 6, 0, 7, 431.04, 1516606, 259, 232, 0
3406, 101, 277, 504, 3, 0, 63.64%, 6, 0, 7, 449.65, 1518933, 259, 234, 0
3411, 101, 409, 504, 3, 0, 63.64%, 6, 0, 7, 457.76, 1521300, 259, 234, 0
3416, 101, 475, 504, 3, 0, 63.64%, 6, 0, 7, 442.34, 1523509, 259, 234, 0
3421, 102, 16, 504, 3, 0, 63.64%, 6, 0, 7, 442.51, 1525806, 259, 234, 0
3427, 102, 234, 504, 3, 0, 63.64%, 6, 0, 7, 459.56, 1528160, 259, 238, 0
3432, 102, 334, 504, 3, 0, 63.64%, 6, 0, 7, 462.68, 1530444, 259, 238, 0
3437, 102, 427, 504, 3, 0, 63.64%, 6, 0, 7, 462.72, 1532775, 259, 238, 0
3442, 102, 471, 504, 3, 0, 63.64%, 6, 0, 7, 437.07, 1535038, 259, 238, 0
3447, 102, 492, 504, 3, 0, 63.64%, 6, 0, 7, 444.83, 1537280, 259, 238, 0
3452, 103, 28, 504, 3, 0, 63.64%, 6, 0, 7, 444.56, 1539596, 259, 238, 0
3457, 103, 238, 504, 3, 0, 63.64%, 6, 0, 7, 464.08, 1541971, 259, 240, 0
3462, 103, 326, 504, 3, 0, 63.64%, 6, 0, 7, 463.36, 1544263, 259, 240, 0
3467, 103, 423, 504, 3, 0, 63.64%, 6, 0, 7, 485.74, 1546731, 259, 240, 0
3472, 103, 489, 504, 3, 0, 63.64%, 6, 0, 7, 493.73, 1549299, 259, 240, 0
3477, 104, 15, 505, 3, 0, 63.64%, 6, 0, 7, 472.16, 1551714, 259, 240, 0
3482, 104, 257, 505, 3, 0, 63.64%, 6, 0, 7, 464.07, 1554025, 259, 243, 0
3487, 104, 375, 505, 3, 0, 63.64%, 6, 0, 7, 442.54, 1556291, 259, 243, 0
3492, 104, 438, 505, 3, 0, 63.64%, 6, 0, 7, 471.99, 1558708, 259, 243, 0
3497, 104, 496, 505, 3, 0, 63.64%, 6, 0, 7, 451.29, 1560994, 259, 243, 0
3503, 105, 11, 505, 2, 0, 63.64%, 6, 0, 7, 455.84, 1563284, 259, 243, 0
3508, 105, 180, 505, 2, 0, 63.64%, 6, 0, 7, 459.23, 1565564, 259, 243, 0
3513, 105, 289, 505, 2, 0, 63.64%, 6, 0, 7, 478.77, 1567953, 259, 247, 0
3518, 105, 404, 505, 2, 0, 63.64%, 6, 0, 7, 462.19, 1570240, 259, 247, 0
3523, 105, 445, 505, 2, 0, 63.64%, 6, 0, 7, 446.73, 1572490, 259, 247, 0
3528, 105, 499, 505, 2, 0, 63.64%, 6, 0, 7, 464.81, 1574826, 259, 247, 0
3533, 106, 438, 506, 3, 1, 63.88%, 6, 0, 7, 464.74, 1577186, 260, 247, 0
3538, 107, 79, 506, 2, 0, 63.88%, 6, 0, 7, 439.52, 1579411, 260, 247, 0
3543, 107, 180, 506, 2, 0, 63.88%, 6, 0, 7, 435.82, 1581617, 260, 247, 0
3548, 107, 316, 506, 2, 0, 63.88%, 6, 0, 7, 436.81, 1583872, 260, 253, 0
3553, 107, 407, 506, 2, 0, 63.88%, 6, 0, 7, 447.33, 1586131, 260, 253, 0
3558, 107, 441, 506, 2, 0, 63.88%, 6, 0, 7, 455.16, 1588445, 260, 253, 0
3563, 107, 499, 506, 2, 0, 63.88%, 6, 0, 7, 456.01, 1590719, 260, 253, 0
3568, 108, 191, 506, 2, 0, 63.88%, 6, 0, 7, 450.84, 1593013, 260, 253, 0
3573, 108, 318, 506, 2, 0, 63.88%, 6, 0, 7, 434.18, 1595181, 260, 256, 0
3579, 108, 412, 506, 2, 0, 63.88%, 6, 0, 7, 449.49, 1597485, 260, 256, 0
3584, 108, 484, 506, 2, 0, 63.88%, 6, 0, 7, 451.51, 1599770, 260, 256, 0
3589, 109, 109, 506, 2, 0, 63.88%, 6, 0, 7, 457.45, 1602077, 260, 257, 0
3594, 109, 245, 506, 2, 0, 63.88%, 6, 0, 7, 454.56, 1604439, 260, 258, 0
3599, 109, 375, 506, 2, 0, 63.88%, 6, 0, 7, 470.17, 1606859, 260, 258, 0
3604, 109, 423, 506, 2, 0, 63.88%, 6, 0, 7, 464.39, 1609299, 260, 258, 0
3609, 109, 499, 506, 2, 0, 63.88%, 6, 0, 7, 490.11, 1611809, 260, 258, 0
3614, 110, 116, 506, 1, 0, 63.88%, 6, 0, 7, 466.38, 1614127, 260, 258, 0
3619, 110, 287, 506, 1, 0, 63.88%, 6, 0, 7, 465.34, 1616609, 260, 262, 0
3624, 110, 403, 506, 1, 0, 63.88%, 6, 0, 7, 464.55, 1618949, 260, 262, 0
3629, 110, 449, 506, 1, 0, 63.88%, 6, 0, 7, 458.24, 1621315, 260, 262, 0
3635, 110, 489, 506, 1, 0, 63.88%, 6, 0, 7, 455.79, 1623588, 260, 262, 0
3640, 111, 109, 506, 1, 0, 63.88%, 6, 0, 7, 475.98, 1625994, 260, 262, 0
3645, 111, 289, 506, 1, 0, 63.88%, 6, 0, 7, 457.03, 1628268, 260, 262, 0
3650, 111, 363, 506, 1, 0, 63.88%, 6, 0, 7, 419.78, 1630396, 260, 262, 0
3655, 111, 430, 506, 1, 0, 63.88%, 6, 0, 7, 425.50, 1632603, 260, 262, 0
3660, 111, 489, 506, 1, 0, 63.88%, 6, 0, 7, 426.14, 1634765, 260, 262, 0
3665, 112, 75, 507, 2, 0, 63.88%, 6, 0, 7, 442.18, 1636992, 260, 262, 0
3670, 112, 218, 507, 2, 0, 63.88%, 6, 0, 7, 422.58, 1639188, 260, 266, 0
3675, 112, 318, 507, 2, 0, 63.88%, 6, 0, 7, 437.12, 1641362, 260, 266, 0
3680, 112, 409, 507, 2, 0, 63.88%, 6, 0, 7, 423.85, 1643464, 260, 266, 0
3685, 112, 464, 507, 2, 0, 63.88%, 6, 0, 7, 426.56, 1645605, 260, 266, 0
3690, 112, 499, 507, 2, 0, 63.88%, 6, 0, 7, 447.83, 1647887, 260, 266, 0
3695, 113, 125, 507, 2, 0, 63.88%, 6, 0, 7, 440.97, 1650111, 260, 267, 0
3700, 113, 301, 507, 2, 0, 63.88%, 6, 0, 7, 425.46, 1652209, 260, 267, 0
3705, 113, 387, 507, 2, 0, 63.88%, 6, 0, 7, 433.60, 1654423, 260, 267, 0
3710, 113, 444, 507, 2, 0, 63.88%, 6, 0, 7, 436.38, 1656590, 260, 267, 0
3715, 113, 484, 507, 2, 0, 63.88%, 6, 0, 7, 437.56, 1658778, 260, 267, 0
3720, 114, 17, 507, 2, 0, 63.88%, 6, 0, 7, 450.76, 1661043, 260, 267, 0
3726, 114, 204, 507, 2, 0, 63.88%, 6, 0, 7, 432.62, 1663243, 260, 270, 0
3731, 114, 303, 507, 2, 0, 63.88%, 6, 0, 7, 433.90, 1665465, 260, 270, 0
3736, 114, 409, 507, 2, 0, 63.88%, 6, 0, 7, 465.96, 1667833, 260, 270, 0
3741, 114, 477, 507, 2, 0, 63.88%, 6, 0, 7, 485.25, 1670350, 260, 270, 0
3746, 114, 499, 507, 2, 0, 63.88%, 6, 0, 7, 456.56, 1672592, 260, 270, 0
3751, 115, 233, 507, 2, 0, 63.88%, 6, 0, 7, 420.24, 1674735, 260, 270, 0
3756, 115, 331, 507, 2, 0, 63.88%, 6, 0, 7, 429.73, 1676919, 260, 270, 0
3761, 115, 428, 507, 2, 0, 63.88%, 6, 0, 7, 443.73, 1679228, 260, 270, 0
3766, 115, 484, 507, 2, 0, 63.88%, 6, 0, 7, 446.71, 1681502, 260, 270, 0
3771, 115, 505, 507, 2, 0, 63.88%, 6, 0, 7, 434.40, 1683727, 260, 270, 0
3777, 116, 224, 507, 2, 0, 63.88%, 6, 0, 7, 469.06, 1686210, 260, 273, 0
3782, 116, 370, 507, 2, 0, 63.88%, 6, 0, 7, 478.02, 1688705, 260, 273, 0
3787, 116, 438, 507, 2, 0, 63.88%, 6, 0, 7, 440.34, 1690874, 260, 273, 0
3792, 116, 493, 507, 2, 0, 63.88%, 6, 0, 7, 448.75, 1693119, 260, 273, 0
3797, 117, 3, 508, 2, 0, 63.88%, 6, 0, 7, 438.45, 1695267, 260, 273, 0
3802, 117, 255, 508, 2, 0, 63.88%, 6, 0, 7, 464.04, 1697655, 260, 277, 0
3807, 117, 343, 508, 2, 0, 63.88%, 6, 0, 7, 460.96, 1699947, 260, 277, 0
3812, 117, 435, 508, 2, 0, 63.88%, 6, 0, 7, 449.47, 1702283, 260, 277, 0
3817, 117, 480, 508, 2, 0, 63.88%, 6, 0, 7, 451.12, 1704556, 260, 278, 0
3822, 117, 499, 508, 2, 0, 63.88%, 6, 0, 7, 445.32, 1706800, 260, 278, 0
3827, 117, 504, 508, 1, 0, 63.88%, 6, 0, 7, 445.54, 1709040, 260, 279, 0
3832, 118, 149, 508, 0, 0, 63.88%, 6, 0, 7, 447.33, 1711271, 260, 280, 0
3837, 118, 309, 508, 0, 0, 63.88%, 6, 0, 7, 475.81, 1713621, 260, 285, 0
3842, 118, 387, 508, 0, 0, 63.88%, 6, 0, 7, 441.36, 1715773, 260, 285, 0
3847, 118, 444, 508, 0, 0, 63.88%, 6, 0, 7, 447.10, 1717977, 260, 285, 0
3852, 118, 499, 508, 0, 0, 63.88%, 6, 0, 7, 447.01, 1720233, 260, 285, 0
3858, 118, 507, 508, 0, 0, 63.88%, 6, 0, 7, 423.65, 1722329, 260, 285, 0
3863, 119, 191, 509, 1, 0, 63.88%, 6, 0, 7, 434.29, 1724513, 260, 285, 0
3868, 119, 318, 509, 1, 0, 63.88%, 6, 0, 7, 427.30, 1726679, 260, 285, 0
3873, 119, 424, 509, 1, 0, 63.88%, 6, 0, 7, 435.16, 1728959, 260, 285, 0
3878, 119, 466, 509, 1, 0, 63.88%, 6, 0, 7, 427.35, 1731194, 260, 285, 0
3883, 119, 504, 509, 1, 0, 63.88%, 6, 0, 7, 455.19, 1733521, 260, 285, 0
3888, 120, 126, 509, 1, 0, 63.88%, 6, 0, 7, 472.64, 1735879, 260, 285, 0
3893, 120, 289, 509, 1, 0, 63.88%, 6, 0, 7, 469.26, 1738268, 260, 290, 0
3898, 120, 375, 509, 1, 0, 63.88%, 6, 0, 7, 413.12, 1740315, 260, 290, 0
3903, 120, 438, 509, 1, 0, 63.88%, 6, 0, 7, 415.56, 1742398, 260, 290, 0
3909, 120, 476, 509, 1, 0, 63.88%, 6, 0, 7, 422.08, 1744534, 260, 290, 0
3914, 120, 505, 509, 1, 0, 63.88%, 6, 0, 7, 476.72, 1746980, 260, 290, 0
3919, 121, 224, 510, 2, 0, 63.88%, 6, 0, 7, 461.89, 1749267, 260, 297, 0
3924, 121, 334, 510, 2, 0, 63.88%, 6, 0, 7, 439.40, 1751489, 260, 297, 0
3929, 121, 409, 510, 2, 0, 63.88%, 6, 0, 7, 442.84, 1753731, 260, 297, 0
3934, 121, 463, 510, 2, 0, 63.88%, 6, 0, 7, 441.83, 1755928, 260, 297, 0
3939, 121, 505, 510, 2, 0, 63.88%, 6, 0, 7, 454.80, 1758177, 260, 297, 0
3944, 122, 191, 510, 2, 0, 63.88%, 6, 0, 7, 466.02, 1760479, 260, 297, 0
3949, 122, 317, 510, 2, 0, 63.88%, 6, 0, 7, 430.99, 1762630, 260, 298, 0
3954, 122, 412, 510, 2, 0, 63.88%, 6, 0, 7, 434.84, 1764891, 260, 298, 0
3959, 122, 475, 510, 2, 0, 63.88%, 6, 0, 7, 454.97, 1767261, 260, 298, 0
3964, 122, 504, 510, 2, 0, 63.88%, 6, 0, 7, 446.74, 1769504, 260, 298, 0
3969, 123, 187, 510, 2, 0, 63.88%, 6, 0, 7, 440.63, 1771670, 260, 299, 0
3974, 123, 307, 510, 2, 0, 63.88%, 6, 0, 7, 454.24, 1773948, 260, 299, 0
3979, 123, 387, 510, 2, 0, 63.88%, 6, 0, 7, 440.10, 1776178, 260, 299, 0
3984, 123, 438, 510, 2, 0, 63.88%, 6, 0, 7, 428.74, 1778297, 260, 299, 0
3989, 123, 490, 510, 2, 0, 63.88%, 6, 0, 7, 422.29, 1780422, 260, 299, 0
3994, 124, 141, 510, 2, 0, 63.88%, 6, 0, 7, 436.06, 1782629, 260, 299, 0
4000, 124, 252, 510, 2, 0, 63.88%, 6, 0, 7, 429.65, 1784811, 260, 301, 0
4005, 124, 334, 510, 2, 0, 63.88%, 6, 0, 7, 428.38, 1787001, 260, 301, 0
4010, 124, 415, 510, 2, 0, 63.88%, 6, 0, 7, 454.76, 1789387, 260, 301, 0
4015, 124, 469, 510, 2, 0, 63.88%, 6, 0, 7, 450.40, 1791605, 260, 301, 0
4020, 124, 505, 510, 2, 0, 63.88%, 6, 0, 7, 435.54, 1793834, 260, 301, 0
4025, 125, 179, 511, 3, 0, 63.88%, 6, 0, 7, 432.26, 1796023, 260, 302, 0
4030, 125, 318, 511, 3, 0, 63.88%, 6, 0, 7, 433.21, 1798216, 260, 305, 0
4035, 125, 424, 511, 3, 0, 63.88%, 6, 0, 7, 439.46, 1800424, 260, 305, 0
4040, 125, 472, 511, 3, 0, 63.88%, 6, 0, 7, 443.78, 1802634, 260, 305, 0
4045, 125, 505, 511, 3, 0, 63.88%, 6, 0, 7, 460.78, 1804941, 260, 305, 0
4050, 126, 125, 511, 2, 0, 63.88%, 6, 0, 7, 432.43, 1807068, 260, 305, 0
4055, 126, 301, 511, 2, 0, 63.88%, 6, 0, 7, 447.85, 1809298, 260, 309, 0
4060, 126, 393, 511, 2, 0, 63.88%, 6, 0, 7, 419.89, 1811396, 260, 309, 0
4065, 126, 430, 511, 2, 0, 63.88%, 6, 0, 7, 417.78, 1813494, 260, 309, 0
4070, 126, 477, 511, 2, 0, 63.88%, 6, 0, 7, 422.16, 1815649, 260, 309, 0
4075, 127, 29, 511, 1, 0, 63.88%, 6, 0, 7, 436.64, 1817919, 260, 309, 0
4080, 127, 224, 511, 1, 0, 63.88%, 6, 0, 7, 431.40, 1820080, 260, 310, 0
4086, 127, 325, 511, 1, 0, 63.88%, 6, 0, 7, 408.95, 1822134, 260, 310, 0
4091, 127, 412, 511, 1, 0, 63.88%, 6, 0, 7, 425.59, 1824350, 260, 310, 0
4096, 127, 447, 511, 1, 0, 63.88%, 6, 0, 7, 422.14, 1826459, 260, 310, 0
4101, 127, 505, 511, 1, 0, 63.88%, 6, 0, 7, 461.89, 1828841, 260, 310, 0
4106, 128, 195, 511, 1, 0, 63.88%, 6, 0, 7, 428.40, 1831053, 260, 310, 0
4111, 128, 317, 511, 1, 0, 63.88%, 6, 0, 7, 438.20, 1833394, 260, 311, 0
4116, 128, 412, 511, 1, 0, 63.88%, 6, 0, 7, 480.05, 1835810, 260, 311, 0
4121, 128, 475, 511, 1, 0, 63.88%, 6, 0, 7, 463.64, 1838082, 260, 311, 0
4126, 128, 492, 511, 1, 0, 63.88%, 6, 0, 7, 422.51, 1840211, 260, 311, 0
4131, 129, 178, 511, 0, 0, 63.88%, 6, 0, 7, 449.94, 1842590, 260, 311, 0
4137, 129, 317, 511, 0, 0, 63.88%, 6, 0, 7, 450.14, 1844920, 260, 311, 0
4142, 129, 409, 511, 0, 0, 63.88%, 6, 0, 7, 477.89, 1847396, 260, 311, 0
4147, 129, 464, 511, 0, 0, 63.88%, 6, 0, 7, 445.53, 1849512, 260, 311, 0
4152, 130, 62, 511, 0, 0, 63.88%, 6, 0, 7, 465.33, 1851899, 260, 311, 0
4157, 130, 260, 511, 0, 0, 63.88%, 6, 0, 7, 456.40, 1854185, 260, 311, 0
4162, 130, 375, 511, 0, 0, 63.88%, 6, 0, 7, 458.00, 1856534, 260, 311, 0
4167, 130, 438, 511, 0, 0, 63.88%, 6, 0, 7, 425.34, 1858647, 260, 311, 0
4172, 130, 499, 511, 0, 0, 63.88%, 6, 0, 7, 443.46, 1860949, 260, 311, 0
4177, 131, 240, 511, 0, 0, 63.88%, 6, 0, 7, 441.83, 1863192, 260, 312, 0
4182, 131, 358, 511, 0, 0, 63.88%, 6, 0, 7, 453.65, 1865493, 260, 312, 0
4187, 131, 430, 511, 0, 0, 63.88%, 6, 0, 7, 430.11, 1867613, 260, 312, 0
4192, 131, 484, 511, 0, 0, 63.88%, 6, 0, 7, 430.16, 1869796, 260, 312, 0
4197, 132, 191, 511, 0, 0, 63.88%, 6, 0, 7, 439.77, 1872085, 260, 312, 0
4202, 132, 318, 511, 0, 0, 63.88%, 6, 0, 7, 452.14, 1874359, 260, 314, 0
4207, 132, 412, 511, 0, 0, 63.88%, 6, 0, 7, 434.61, 1876573, 260, 314, 0
4212, 132, 484, 511, 0, 0, 63.88%, 6, 0, 7, 454.11, 1878875, 260, 314, 0
4217, 133, 12, 511, 0, 0, 63.88%, 6, 0, 7, 434.28, 1881046, 260, 314, 0
4222, 133, 254, 511, 0, 0, 63.88%, 6, 0, 7, 443.20, 1883305, 260, 315, 0
4228, 133, 335, 511, 0, 0, 63.88%, 6, 0, 7, 437.92, 1885510, 260, 315, 0
4233, 133, 412, 511, 0, 0, 63.88%, 6, 0, 7, 427.83, 1887633, 260, 315, 0
4238, 133, 480, 511, 0, 0, 63.88%, 6, 0, 7, 435.04, 1889824, 260, 315, 0
4243, 134, 101, 511, 0, 0, 63.88%, 6, 0, 7, 414.08, 1891886, 260, 317, 0
4248, 134, 266, 511, 0, 0, 63.88%, 6, 0, 7, 434.86, 1894088, 260, 318, 0
4253, 134, 387, 511, 0, 0, 63.88%, 6, 0, 7, 424.85, 1896265, 260, 318, 0
4258, 134, 438, 511, 0, 0, 63.88%, 6, 0, 7, 435.28, 1898488, 260, 318, 0
4263, 135, 32, 511, 0, 0, 63.88%, 6, 0, 7, 436.16, 1900722, 260, 318, 0
4268, 135, 266, 511, 0, 0, 63.88%, 6, 0, 7, 436.14, 1902902, 260, 320, 0
4273, 135, 387, 511, 0, 0, 63.88%, 6, 0, 7, 427.90, 1905056, 260, 320, 0
4278, 135, 438, 511, 0, 0, 63.88%, 6, 0, 7, 422.23, 1907169, 260, 320, 0
4283, 135, 484, 511, 0, 0, 63.88%, 6, 0, 7, 416.73, 1909293, 260, 320, 0
4288, 136, 155, 511, 0, 0, 63.88%, 6, 0, 7, 449.74, 1911594, 260, 322, 0
4293, 136, 312, 511, 0, 0, 63.88%, 6, 0, 7, 431.41, 1913745, 260, 326, 0
4298, 136, 408, 511, 0, 0, 63.88%, 6, 0, 7, 448.14, 1915975, 260, 326, 0
4304, 136, 449, 511, 0, 0, 63.88%, 6, 0, 7, 436.04, 1918188, 260, 326, 0
4309, 136, 506, 511, 0, 0, 63.88%, 6, 0, 7, 435.48, 1920411, 260, 326, 0
4314, 137, 191, 512, 1, 0, 63.88%, 6, 0, 7, 433.55, 1922578, 260, 326, 0
4319, 137, 318, 512, 1, 0, 63.88%, 6, 0, 7, 451.81, 1924830, 260, 327, 0
4324, 137, 428, 512, 1, 0, 63.88%, 6, 0, 7, 433.57, 1927013, 260, 327, 0
4329, 137, 484, 512, 1, 0, 63.88%, 6, 0, 7, 440.89, 1929271, 260, 327, 0
4334, 138, 182, 512, 1, 0, 63.88%, 6, 0, 7, 446.21, 1931562, 260, 328, 0
4339, 138, 317, 512, 1, 0, 63.88%, 6, 0, 7, 426.54, 1933661, 260, 330, 0
4344, 138, 412, 512, 1, 0, 63.88%, 6, 0, 7, 440.85, 1935941, 260, 330, 0
4349, 138, 475, 512, 1, 0, 63.88%, 6, 0, 7, 442.09, 1938109, 260, 330, 0
4354, 139, 35, 512, 1, 0, 63.88%, 6, 0, 7, 435.89, 1940263, 260, 330, 0
4359, 139, 260, 512, 1, 0, 63.88%, 6, 0, 7, 440.56, 1942507, 260, 333, 0
4364, 139, 375, 512, 1, 0, 63.88%, 6, 0, 7, 442.00, 1944711, 260, 333, 0
4369, 139, 428, 512, 1, 0, 63.88%, 6, 0, 7, 449.15, 1946964, 260, 333, 0
4374, 139, 499, 512, 1, 0, 63.88%, 6, 0, 7, 446.00, 1949224, 260, 333, 0
4380, 140, 109, 512, 0, 0, 63.88%, 6, 0, 7, 456.09, 1951478, 260, 333, 0
4385, 140, 277, 512, 0, 0, 63.88%, 6, 0, 7, 429.95, 1953687, 260, 334, 0
4390, 140, 375, 512, 0, 0, 63.88%, 6, 0, 7, 445.84, 1955974, 260, 334, 0
4395, 140, 425, 512, 0, 0, 63.88%, 6, 0, 7, 442.91, 1958189, 260, 335, 0
4400, 140, 482, 512, 0, 0, 63.88%, 7, 0, 7, 458.78, 1960559, 260, 336, 0
4405, 140, 501, 512, 0, 0, 63.88%, 7, 0, 7, 441.58, 1962805, 260, 336, 0
4410, 141, 150, 512, 0, 0, 63.88%, 7, 0, 7, 441.73, 1965012, 260, 336, 0
4415, 141, 273, 512, 0, 0, 63.88%, 7, 0, 7, 464.19, 1967372, 260, 337, 0
4420, 141, 354, 512, 0, 0, 63.88%, 7, 0, 7, 453.01, 1969637, 260, 337, 0
4425, 141, 429, 512, 0, 0, 63.88%, 7, 0, 7, 439.81, 1971846, 260, 337, 0
4431, 141, 477, 512, 0, 0, 63.88%, 7, 0, 7, 430.02, 1974100, 260, 337, 0
4436, 142, 97, 512, 0, 0, 63.88%, 7, 0, 7, 413.46, 1976207, 260, 337, 0
4441, 142, 276, 512, 0, 0, 63.88%, 7, 0, 7, 455.08, 1978523, 260, 341, 0
4446, 142, 379, 512, 0, 0, 63.88%, 7, 0, 7, 468.28, 1980885, 260, 341, 0
4451, 142, 428, 512, 0, 0, 63.88%, 7, 0, 7, 417.82, 1982940, 260, 341, 0
4456, 142, 475, 512, 0, 0, 63.88%, 7, 0, 7, 455.12, 1985214, 260, 341, 0
4461, 143, 142, 512, 0, 0, 63.88%, 7, 0, 7, 491.50, 1987859, 260, 342, 0
4466, 143, 270, 512, 0, 0, 63.88%, 7, 0, 7, 484.05, 1990265, 260, 345, 0
4471, 143, 379, 512, 0, 0, 63.88%, 7, 0, 7, 448.94, 1992511, 260, 345, 0
4476, 143, 438, 512, 0, 0, 63.88%, 7, 0, 7, 432.80, 1994696, 260, 345, 0
4481, 143, 484, 512, 0, 0, 63.88%, 7, 0, 7, 445.56, 1996933, 260, 345, 0
4486, 144, 109, 512, 0, 0, 63.88%, 7, 0, 7, 451.06, 1999195, 260, 345, 0
4491, 144, 317, 512, 0, 0, 63.88%, 7, 0, 7, 447.16, 2001446, 260, 349, 0
4497, 144, 409, 512, 0, 0, 63.88%, 7, 0, 7, 444.86, 2003677, 260, 349, 0
4502, 144, 475, 512, 0, 0, 63.88%, 7, 0, 7, 441.39, 2005884, 260, 349, 0
4507, 145, 163, 512, 0, 0, 63.88%, 7, 0, 7, 438.72, 2008079, 260, 349, 0
4512, 145, 301, 512, 0, 0, 63.88%, 7, 0, 7, 445.38, 2010395, 260, 350, 0
4517, 145, 409, 512, 0, 0, 63.88%, 7, 0, 7, 461.76, 2012782, 260, 350, 0
4522, 145, 449, 512, 0, 0, 63.88%, 7, 0, 7, 469.57, 2015154, 260, 350, 0
4527, 145, 485, 512, 0, 0, 63.88%, 7, 0, 7, 439.25, 2017420, 260, 350, 0
4532, 146, 109, 512, 0, 0, 63.88%, 7, 0, 7, 441.45, 2019662, 260, 350, 0
4537, 146, 285, 512, 0, 0, 63.88%, 7, 0, 7, 447.17, 2021979, 260, 352, 0
4542, 146, 404, 512, 0, 0, 63.88%, 7, 0, 7, 446.57, 2024219, 260, 352, 0
4547, 146, 449, 512, 0, 0, 63.88%, 7, 0, 7, 455.07, 2026517, 260, 352, 0
4553, 146, 499, 512, 0, 0, 63.88%, 7, 0, 7, 454.56, 2028824, 260, 352, 0
4558, 147, 157, 512, 0, 0, 63.88%, 7, 0, 7, 444.95, 2031086, 260, 352, 0
4563, 147, 301, 512, 0, 0, 63.88%, 7, 0, 7, 451.69, 2033454, 260, 355, 0
4568, 147, 409, 512, 0, 0, 63.88%, 7, 0, 7, 436.63, 2035634, 260, 355, 0
4573, 147, 475, 512, 0, 0, 63.88%, 7, 0, 7, 449.66, 2037939, 260, 355, 0
4578, 147, 501, 512, 0, 0, 63.88%, 7, 0, 7, 445.56, 2040204, 260, 355, 0
4583, 148, 190, 513, 1, 0, 63.88%, 7, 0, 7, 446.92, 2042471, 260, 355, 0
4588, 148, 316, 513, 1, 0, 63.88%, 7, 0, 7, 432.39, 2044659, 260, 356, 0
4593, 148, 398, 513, 1, 0, 63.88%, 7, 0, 7, 435.73, 2046833, 260, 356, 0
4598, 148, 438, 513, 1, 0, 63.88%, 7, 0, 7, 427.50, 2048970, 260, 356, 0
4603, 148, 505, 513, 1, 0, 63.88%, 7, 0, 7, 436.92, 2051241, 260, 356, 0
4609, 149, 154, 513, 1, 0, 63.88%, 7, 0, 7, 443.98, 2053515, 260, 356, 0
4614, 149, 255, 513, 1, 0, 63.88%, 7, 0, 7, 450.40, 2055777, 260, 357, 0
4619, 149, 318, 513, 1, 0, 63.88%, 7, 0, 7, 460.88, 2058042, 260, 357, 0
4624, 149, 412, 513, 1, 0, 63.88%, 7, 0, 7, 473.24, 2060379, 260, 357, 0
4629, 149, 451, 513, 1, 0, 63.88%, 7, 0, 7, 432.92, 2062546, 260, 357, 0
4634, 150, 30, 513, 1, 0, 63.88%, 7, 0, 7, 434.77, 2064714, 260, 357, 0
4639, 150, 268, 513, 1, 0, 63.88%, 7, 0, 7, 442.77, 2066932, 260, 365, 0
4644, 150, 387, 513, 1, 0, 63.88%, 7, 0, 7, 440.02, 2069166, 260, 365, 0
4649, 150, 438, 513, 1, 0, 63.88%, 7, 0, 7, 440.26, 2071365, 260, 365, 0
4654, 150, 490, 513, 1, 0, 63.88%, 7, 0, 7, 457.44, 2073754, 260, 365, 0
4659, 151, 109, 513, 1, 0, 63.88%, 7, 0, 7, 429.23, 2075928, 260, 366, 0
4664, 151, 266, 513, 1, 0, 63.88%, 7, 0, 7, 446.44, 2078253, 260, 369, 0
4669, 151, 350, 513, 1, 0, 63.88%, 7, 0, 7, 454.80, 2080539, 260, 370, 0
4674, 151, 430, 513, 1, 0, 63.88%, 7, 0, 7, 438.45, 2082700, 260, 370, 0
4680, 151, 489, 513, 1, 0, 63.88%, 7, 0, 7, 401.86, 2084724, 260, 370, 0
4685, 151, 512, 513, 1, 0, 63.88%, 7, 0, 7, 442.40, 2087088, 260, 370, 0
4690, 152, 164, 513, 0, 0, 63.88%, 7, 0, 7, 432.17, 2089198, 260, 371, 0
4695, 152, 313, 513, 0, 0, 63.88%, 7, 0, 7, 437.69, 2091449, 260, 376, 0
4700, 152, 409, 513, 0, 0, 63.88%, 7, 0, 7, 446.44, 2093726, 260, 376, 0
4705, 152, 466, 513, 0, 0, 63.88%, 7, 0, 7, 453.76, 2096021, 260, 376, 0
4710, 152, 503, 513, 0, 0, 63.88%, 7, 0, 7, 443.04, 2098282, 260, 376, 0
4715, 153, 191, 513, 0, 0, 63.88%, 7, 0, 7, 438.70, 2100553, 260, 376, 0
4720, 153, 318, 513, 0, 0, 63.88%, 7, 0, 7, 433.52, 2102777, 260, 376, 0
4725, 153, 412, 513, 0, 0, 63.88%, 7, 0, 7, 455.85, 2105136, 260, 376, 0
4731, 153, 481, 513, 0, 0, 63.88%, 7, 0, 7, 456.42, 2107438, 260, 376, 0
4736, 154, 109, 513, 0, 0, 63.88%, 7, 0, 7, 448.74, 2109748, 260, 378, 0
4741, 154, 301, 513, 0, 0, 63.88%, 7, 0, 7, 444.51, 2112018, 260, 379, 0
4746, 154, 404, 513, 0, 0, 63.88%, 7, 0, 7, 456.14, 2114295, 260, 379, 0
4751, 154, 452, 513, 0, 0, 63.88%, 7, 0, 7, 461.64, 2116576, 260, 379, 0
4756, 154, 499, 513, 0, 0, 63.88%, 7, 0, 7, 422.13, 2118683, 260, 379, 0
4761, 155, 170, 513, 0, 0, 63.88%, 7, 0, 7, 444.84, 2121054, 260, 379, 0
4767, 155, 296, 513, 0, 0, 63.88%, 7, 0, 7, 429.98, 2123202, 260, 382, 0
4772, 155, 384, 513, 0, 0, 63.88%, 7, 0, 7, 435.39, 2125405, 260, 382, 0
4777, 155, 429, 513, 0, 0, 63.88%, 7, 0, 7, 432.59, 2127498, 260, 382, 0
4782, 155, 482, 513, 0, 0, 63.88%, 7, 0, 7, 430.76, 2129655, 260, 382, 0
4787, 156, 195, 513, 0, 0, 63.88%, 7, 0, 7, 458.12, 2132035, 260, 384, 0
4792, 156, 323, 513, 0, 0, 63.88%, 7, 0, 7, 461.18, 2134324, 260, 384, 0
4797, 156, 401, 513, 0, 0, 63.88%, 7, 0, 7, 447.53, 2136562, 260, 384, 0
4802, 156, 438, 513, 0, 0, 63.88%, 7, 0, 7, 443.25, 2138787, 260, 384, 0
4807, 156, 484, 513, 0, 0, 63.88%, 7, 0, 7, 451.41, 2141097, 260, 384, 0
4812, 157, 18, 513, 0, 0, 63.88%, 7, 0, 7, 451.81, 2143339, 260, 384, 0
4817, 157, 260, 513, 0, 0, 63.88%, 7, 0, 7, 445.53, 2145545, 260, 387, 0
4822, 157, 338, 513, 0, 0, 63.88%, 7, 0, 7, 443.87, 2147750, 260, 387, 0
4827, 157, 421, 513, 0, 0, 63.88%, 7, 0, 7, 444.00, 2150013, 260, 387, 0
4833, 157, 498, 513, 0, 0, 63.88%, 7, 0, 7, 439.58, 2152305, 260, 387, 0
4838, 158, 179, 513, 0, 0, 63.88%, 7, 0, 7, 441.19, 2154501, 260, 387, 0
4843, 158, 301, 513, 0, 0, 63.88%, 7, 0, 7, 440.29, 2156749, 260, 388, 0
4848, 158, 404, 513, 0, 0, 63.88%, 7, 0, 7, 419.69, 2158893, 260, 388, 0
4853, 158, 454, 513, 0, 0, 63.88%, 7, 0, 7, 430.78, 2161080, 260, 389, 0
4858, 159, 73, 513, 0, 0, 63.88%, 7, 0, 7, 437.86, 2163337, 260, 389, 0
4863, 159, 282, 513, 0, 0, 63.88%, 7, 0, 7, 447.14, 2165681, 260, 393, 0
4868, 159, 386, 513, 0, 0, 63.88%, 7, 0, 7, 458.73, 2167943, 260, 393, 0
4873, 159, 438, 513, 0, 0, 63.88%, 7, 0, 7, 447.89, 2170120, 260, 393, 0
4878, 159, 506, 513, 0, 0, 63.88%, 7, 0, 7, 428.94, 2172289, 260, 393, 0
4883, 160, 195, 513, 0, 0, 63.88%, 7, 0, 7, 413.85, 2174368, 260, 397, 0
4888, 160, 301, 513, 0, 0, 63.88%, 7, 0, 7, 428.45, 2176519, 260, 397, 0
4893, 160, 404, 513, 0, 0, 63.88%, 7, 0, 7, 420.66, 2178631, 260, 397, 0
4898, 160, 442, 513, 0, 0, 63.88%, 7, 0, 7, 441.95, 2180910, 260, 397, 0
4904, 160, 499, 513, 0, 0, 63.88%, 7, 0, 7, 439.67, 2183203, 260, 397, 0
4909, 161, 187, 513, 0, 0, 63.88%, 7, 0, 7, 441.49, 2185465, 260, 397, 0
4914, 161, 334, 513, 0, 0, 63.88%, 7, 0, 7, 471.99, 2187883, 260, 398, 0
4919, 161, 431, 513, 0, 0, 63.88%, 7, 0, 7, 459.14, 2190187, 260, 398, 0
4924, 161, 499, 513, 0, 0, 63.88%, 7, 0, 7, 437.79, 2192387, 260, 400, 0
4929, 162, 191, 513, 0, 0, 63.88%, 7, 0, 7, 431.73, 2194576, 260, 400, 0
4934, 162, 318, 513, 0, 0, 63.88%, 7, 0, 7, 459.40, 2196959, 260, 401, 0
4939, 162, 410, 513, 0, 0, 63.88%, 7, 0, 7, 466.86, 2199288, 260, 401, 0
4944, 162, 477, 513, 0, 0, 63.88%, 7, 0, 7, 432.42, 2201469, 260, 401, 0
4949, 162, 501, 513, 0, 0, 63.88%, 7, 0, 7, 436.48, 2203682, 260, 401, 0
4955, 163, 195, 513, 0, 0, 63.88%, 7, 0, 7, 442.92, 2205866, 260, 403, 0
4960, 163, 338, 513, 0, 0, 63.88%, 7, 0, 7, 447.61, 2208130, 260, 403, 0
4965, 163, 430, 513, 0, 0, 63.88%, 7, 0, 7, 432.56, 2210297, 260, 403, 0
4970, 163, 499, 513, 0, 0, 63.88%, 7, 0, 7, 454.04, 2212647, 260, 403, 0
4975, 164, 109, 513, 0, 0, 63.88%, 7, 0, 7, 470.80, 2215018, 260, 404, 0
4980, 164, 301, 513, 0, 0, 63.88%, 7, 0, 7, 447.51, 2217276, 260, 407, 0
4985, 164, 387, 513, 0, 0, 63.88%, 7, 0, 7, 409.10, 2219439, 260, 407, 0
4990, 164, 432, 513, 0, 0, 63.88%, 7, 0, 7, 420.07, 2221625, 260, 407, 0
4995, 164, 499, 513, 0, 0, 63.88%, 7, 0, 7, 430.23, 2223869, 260, 408, 0
5000, 165, 191, 514, 1, 0, 63.88%, 7, 0, 7, 447.62, 2226131, 260, 410, 0
5005, 165, 307, 514, 1, 0, 63.88%, 7, 0, 7, 439.13, 2228322, 260, 411, 0
5010, 165, 392, 514, 1, 0, 63.88%, 7, 0, 7, 430.09, 2230446, 260, 411, 0
5015, 165, 438, 514, 1, 0, 63.88%, 7, 0, 7, 448.56, 2232730, 260, 411, 0
5021, 166, 11, 517, 4, 0, 63.88%, 7, 0, 7, 440.69, 2234917, 260, 411, 0
5026, 166, 173, 517, 4, 0, 63.88%, 7, 0, 7, 419.81, 2237046, 260, 411, 0
5031, 166, 301, 517, 4, 0, 63.88%, 7, 0, 7, 459.51, 2239319, 260, 412, 0
5036, 166, 409, 517, 4, 0, 63.88%, 7, 0, 7, 448.83, 2241598, 260, 412, 0
5041, 166, 449, 517, 4, 0, 63.88%, 7, 0, 7, 403.20, 2243524, 260, 412, 0
5046, 167, 58, 517, 4, 0, 63.88%, 7, 0, 7, 427.99, 2245699, 260, 412, 0
5051, 167, 240, 517, 4, 0, 63.88%, 7, 0, 7, 426.30, 2247900, 260, 415, 0
5056, 167, 362, 517, 4, 0, 63.88%, 7, 0, 7, 455.81, 2250190, 260, 415, 0
5061, 167, 414, 517, 4, 0, 63.88%, 7, 0, 7, 425.01, 2252325, 260, 415, 0
5066, 167, 475, 517, 4, 0, 63.88%, 7, 0, 7, 418.88, 2254435, 260, 415, 0
5071, 167, 506, 517, 4, 0, 63.88%, 7, 0, 7, 444.78, 2256720, 260, 415, 0
5076, 168, 109, 519, 4, 0, 63.88%, 7, 0, 7, 446.18, 2259026, 260, 415, 0
5081, 168, 302, 519, 4, 0, 63.88%, 7, 0, 7, 464.99, 2261473, 260, 416, 0
5087, 168, 409, 519, 4, 0, 63.88%, 7, 0, 7, 445.08, 2263699, 260, 416, 0
5092, 168, 456, 519, 4, 0, 63.88%, 7, 0, 7, 441.51, 2265929, 260, 416, 0
5097, 168, 501, 519, 4, 0, 63.88%, 7, 0, 7, 460.96, 2268239, 260, 416, 0
5102, 169, 55, 519, 3, 0, 63.88%, 7, 0, 7, 467.78, 2270700, 260, 416, 0
5107, 169, 224, 519, 3, 0, 63.88%, 7, 0, 7, 451.86, 2273010, 260, 418, 0
5112, 169, 375, 519, 3, 0, 63.88%, 7, 0, 7, 470.38, 2275378, 260, 418, 0
5117, 169, 438, 519, 3, 0, 63.88%, 7, 0, 7, 463.05, 2277708, 260, 418, 0
5122, 169, 489, 519, 3, 0, 63.88%, 7, 0, 7, 441.57, 2279905, 260, 418, 0
5127, 169, 518, 519, 2, 0, 63.88%, 7, 0, 7, 439.14, 2282185, 260, 418, 0
5132, 170, 248, 519, 1, 0, 63.88%, 7, 0, 7, 464.00, 2284522, 260, 420, 0
5137, 170, 343, 519, 1, 0, 63.88%, 7, 0, 7, 462.00, 2286923, 260, 420, 0
5142, 170, 429, 519, 1, 0, 63.88%, 7, 0, 7, 459.73, 2289237, 260, 420, 0
5147, 170, 496, 519, 1, 0, 63.88%, 7, 0, 7, 458.20, 2291566, 260, 420, 0
5153, 171, 152, 519, 1, 0, 63.88%, 7, 0, 7, 458.63, 2293884, 260, 422, 0
5158, 171, 293, 519, 1, 0, 63.88%, 7, 0, 7, 466.22, 2296332, 260, 422, 0
5163, 171, 387, 519, 1, 0, 63.88%, 7, 0, 7, 450.84, 2298558, 260, 422, 0
5168, 171, 435, 519, 1, 0, 63.88%, 7, 0, 7, 448.80, 2300804, 260, 422, 0
5173, 171, 484, 519, 1, 0, 63.88%, 7, 0, 7, 444.28, 2303064, 260, 422, 0
5178, 172, 142, 519, 1, 0, 63.88%, 7, 0, 7, 447.13, 2305307, 260, 425, 0
5183, 172, 287, 519, 1, 0, 63.88%, 7, 0, 7, 443.78, 2307505, 260, 425, 0
5188, 172, 409, 519, 1, 0, 63.88%, 7, 0, 7, 449.70, 2309891, 260, 425, 0
5193, 172, 449, 519, 1, 0, 63.88%, 7, 0, 7, 430.29, 2312083, 260, 425, 0
5198, 173, 14, 519, 0, 0, 63.88%, 7, 0, 7, 432.61, 2314265, 260, 425, 0
5203, 173, 224, 519, 0, 0, 63.88%, 7, 0, 7, 418.20, 2316398, 260, 428, 0
5208, 173, 317, 519, 0, 0, 63.88%, 7, 0, 7, 447.17, 2318716, 260, 428, 0
5214, 173, 404, 519, 0, 0, 63.88%, 7, 0, 7, 461.79, 2321104, 260, 428, 0
5219, 173, 449, 519, 0, 0, 63.88%, 7, 0, 7, 424.81, 2323209, 260, 428, 0
5224, 173, 503, 519, 0, 0, 63.88%, 7, 0, 7, 456.08, 2325629, 260, 428, 0
5229, 174, 70, 519, 0, 0, 63.88%, 7, 0, 7, 422.61, 2327766, 260, 428, 0
5234, 174, 277, 519, 0, 0, 63.88%, 7, 0, 7, 434.08, 2329973, 260, 437, 0
5239, 174, 375, 519, 0, 0, 63.88%, 7, 0, 7, 422.60, 2332075, 260, 437, 0
5244, 174, 438, 519, 0, 0, 63.88%, 7, 0, 7, 432.26, 2334244, 260, 438, 0
5249, 174, 497, 519, 0, 0, 63.88%, 7, 0, 7, 429.80, 2336381, 260, 438, 0
5254, 174, 514, 519, 0, 0, 63.88%, 7, 0, 7, 447.38, 2338750, 260, 438, 0
5259, 175, 191, 519, 0, 0, 63.88%, 7, 0, 7, 449.11, 2341021, 260, 438, 0
5264, 175, 317, 519, 0, 0, 63.88%, 7, 0, 7, 457.54, 2343274, 260, 439, 0
5270, 175, 413, 519, 0, 0, 63.88%, 7, 0, 7, 436.50, 2345484, 260, 439, 0
5275, 175, 453, 519, 0, 0, 63.88%, 7, 0, 7, 443.10, 2347783, 260, 439, 0
5280, 176, 9, 519, 0, 0, 63.88%, 7, 0, 7, 442.80, 2350003, 260, 439, 0
5285, 176, 245, 519, 0, 0, 63.88%, 7, 0, 7, 438.37, 2352329, 260, 440, 0
5290, 176, 343, 519, 0, 0, 63.88%, 7, 0, 7, 446.85, 2354596, 260, 440, 0
5295, 176, 425, 519, 0, 0, 63.88%, 7, 0, 7, 439.53, 2356840, 260, 440, 0
5300, 176, 499, 519, 0, 0, 63.88%, 7, 0, 7, 467.63, 2359162, 260, 440, 0
5305, 177, 130, 519, 0, 0, 63.88%, 7, 0, 7, 447.14, 2361376, 260, 441, 0
5310, 177, 247, 519, 0, 0, 63.88%, 7, 0, 7, 454.79, 2363724, 260, 442, 0
5315, 177, 385, 519, 0, 0, 63.88%, 7, 0, 7, 445.69, 2365992, 260, 442, 0
5320, 177, 431, 519, 0, 0, 63.88%, 7, 0, 7, 428.40, 2368135, 260, 442, 0
5326, 177, 509, 519, 0, 0, 63.88%, 7, 0, 7, 443.67, 2370447, 260, 442, 0
5331, 178, 181, 519, 0, 0, 63.88%, 7, 0, 7, 434.68, 2372690, 260, 442, 0
5336, 178, 302, 519, 0, 0, 63.88%, 7, 0, 7, 434.50, 2374887, 260, 445, 0
5341, 178, 409, 519, 0, 0, 63.88%, 7, 0, 7, 452.30, 2377185, 260, 445, 0
5346, 178, 452, 519, 0, 0, 63.88%, 7, 0, 7, 451.43, 2379405, 260, 445, 0
5351, 179, 28, 519, 0, 0, 63.88%, 7, 0, 7, 468.65, 2381728, 260, 445, 0
5356, 179, 191, 519, 0, 0, 63.88%, 7, 0, 7, 420.55, 2383830, 260, 446, 0
5361, 179, 334, 519, 0, 0, 63.88%, 7, 0, 7, 460.86, 2386205, 260, 448, 0
5366, 179, 412, 519, 0, 0, 63.88%, 7, 0, 7, 531.71, 2388281, 260, 448, 0
5371, 179, 480, 519, 0, 0, 63.88%, 7, 0, 7, 473.80, 2390620, 260, 448, 0
5376, 179, 514, 519, 0, 0, 63.88%, 7, 0, 7, 446.03, 2392866, 260, 448, 0
5381, 180, 212, 519, 0, 0, 63.88%, 7, 0, 7, 453.78, 2395216, 260, 451, 0
5386, 180, 334, 519, 0, 0, 63.88%, 7, 0, 7, 468.14, 2397478, 260, 451, 0
5392, 180, 423, 519, 0, 0, 63.88%, 7, 0, 7, 421.78, 2399631, 260, 451, 0
5397, 180, 475, 519, 0, 0, 63.88%, 7, 0, 7, 446.79, 2401904, 260, 451, 0
5402, 181, 176, 519, 0, 0, 63.88%, 7, 0, 7, 463.13, 2404205, 260, 451, 0
5407, 181, 301, 519, 0, 0, 63.88%, 7, 0, 7, 460.08, 2406448, 260, 453, 0
5412, 181, 409, 519, 0, 0, 63.88%, 7, 0, 7, 480.90, 2408881, 260, 453, 0
5417, 181, 454, 519, 0, 0, 63.88%, 7, 0, 7, 464.83, 2411182, 260, 453, 0
5422, 182, 109, 519, 0, 0, 63.88%, 7, 0, 7, 452.77, 2413433, 260, 453, 0
5427, 182, 301, 519, 0, 0, 63.88%, 7, 0, 7, 423.85, 2415534, 260, 454, 0
5432, 182, 375, 519, 0, 0, 63.88%, 7, 0, 7, 442.14, 2417750, 260, 454, 0
5437, 182, 435, 519, 0, 0, 63.88%, 7, 0, 7, 429.62, 2419917, 260, 454, 0
5442, 182, 484, 519, 0, 0, 63.88%, 7, 0, 7, 431.06, 2422094, 260, 454, 0
5447, 183, 179, 519, 0, 0, 63.88%, 7, 0, 7, 433.08, 2424333, 260, 457, 0
5452, 183, 301, 519, 0, 0, 63.88%, 7, 0, 7, 428.83, 2426487, 260, 461, 0
5457, 183, 387, 519, 0, 0, 63.88%, 7, 0, 7, 454.87, 2428796, 260, 461, 0
5462, 183, 438, 519, 0, 0, 63.88%, 7, 0, 7, 438.87, 2430974, 260, 461, 0
5467, 183, 510, 519, 0, 0, 63.88%, 7, 0, 7, 445.71, 2433248, 260, 461, 0
5472, 184, 191, 519, 0, 0, 63.88%, 7, 0, 7, 446.17, 2435504, 260, 463, 0
5477, 184, 318, 519, 0, 0, 63.88%, 7, 0, 7, 463.14, 2437848, 260, 463, 0
5482, 184, 409, 519, 0, 0, 63.88%, 7, 0, 7, 440.15, 2440124, 260, 463, 0
5487, 184, 475, 519, 0, 0, 63.88%, 7, 0, 7, 453.01, 2442295, 260, 463, 0
5492, 185, 36, 519, 0, 0, 63.88%, 7, 0, 7, 439.31, 2444450, 260, 463, 0
5498, 185, 246, 519, 0, 0, 63.88%, 7, 0, 7, 463.83, 2446819, 260, 464, 0
5503, 185, 332, 519, 0, 0, 63.88%, 7, 0, 7, 430.10, 2449017, 260, 464, 0
5508, 185, 423, 519, 0, 0, 63.88%, 7, 0, 7, 432.52, 2451233, 260, 464, 0
5513, 185, 478, 519, 0, 0, 63.88%, 7, 0, 7, 417.59, 2453360, 260, 464, 0
5518, 186, 36, 519, 0, 0, 63.88%, 7, 0, 7, 402.06, 2455352, 260, 464, 0
5523, 186, 276, 519, 0, 0, 63.88%, 7, 0, 7, 491.21, 2457902, 260, 465, 0
5528, 186, 387, 519, 0, 0, 63.88%, 7, 0, 7, 457.63, 2460177, 260, 465, 0
5533, 186, 444, 519, 0, 0, 63.88%, 7, 0, 7, 471.77, 2462563, 260, 465, 0
5538, 187, 36, 519, 0, 0, 63.88%, 7, 0, 7, 454.61, 2464831, 260, 465, 0
5543, 187, 209, 519, 0, 0, 63.88%, 7, 0, 7, 429.34, 2467077, 260, 469, 0
5548, 187, 317, 519, 0, 0, 63.88%, 7, 0, 7, 414.15, 2469226, 260, 469, 0
5553, 187, 409, 519, 0, 0, 63.88%, 7, 0, 7, 445.04, 2471491, 260, 469, 0
5558, 187, 444, 519, 0, 0, 63.88%, 7, 0, 7, 433.47, 2473682, 260, 469, 0
5563, 187, 498, 519, 0, 0, 63.88%, 7, 0, 7, 462.61, 2476031, 260, 469, 0
5568, 188, 228, 519, 0, 0, 63.88%, 7, 0, 7, 459.95, 2478307, 260, 471, 0
5573, 188, 318, 519, 0, 0, 63.88%, 7, 0, 7, 465.05, 2480606, 260, 471, 0
5578, 188, 421, 519, 0, 0, 63.88%, 7, 0, 7, 461.50, 2482911, 260, 471, 0
5583, 188, 475, 519, 0, 0, 63.88%, 7, 0, 7, 458.04, 2485229, 260, 471, 0
5588, 188, 505, 519, 0, 0, 63.88%, 7, 0, 7, 433.36, 2487399, 260, 471, 0
5593, 189, 180, 519, 0, 0, 63.88%, 7, 0, 7, 450.28, 2489697, 260, 472, 0
5598, 189, 301, 519, 0, 0, 63.88%, 7, 0, 7, 442.06, 2491990, 260, 473, 0
5604, 189, 409, 519, 0, 0, 63.88%, 7, 0, 7, 468.97, 2494416, 260, 473, 0
5609, 189, 454, 519, 0, 0, 63.88%, 7, 0, 7, 455.13, 2496627, 260, 473, 0
5614, 190, 17, 519, 0, 0, 63.88%, 7, 0, 7, 427.93, 2498813, 260, 473, 0
5619, 190, 266, 519, 0, 0, 63.88%, 7, 0, 7, 438.57, 2501043, 260, 478, 0
5624, 190, 375, 519, 0, 0, 63.88%, 7, 0, 7, 415.52, 2503115, 260, 478, 0
5629, 190, 438, 519, 0, 0, 63.88%, 7, 0, 7, 452.44, 2505566, 260, 478, 0
5634, 190, 505, 519, 0, 0, 63.88%, 7, 0, 7, 433.82, 2507777, 260, 478, 0
5639, 191, 218, 519, 0, 0, 63.88%, 7, 0, 7, 454.75, 2510081, 260, 482, 0
5644, 191, 318, 519, 0, 0, 63.88%, 7, 0, 7, 433.92, 2512226, 260, 482, 0
5649, 191, 412, 519, 0, 0, 63.88%, 7, 0, 7, 441.28, 2514515, 260, 482, 0
5654, 191, 484, 519, 0, 0, 63.88%, 7, 0, 7, 429.64, 2516671, 260, 483, 0
5659, 192, 160, 519, 0, 0, 63.88%, 7, 0, 7, 427.44, 2518791, 260, 483, 0
5664, 192, 301, 519, 0, 0, 63.88%, 7, 0, 7, 412.29, 2520882, 260, 485, 0
5670, 192, 387, 519, 0, 0, 63.88%, 7, 0, 7, 437.41, 2523075, 260, 485, 0
5675, 192, 423, 519, 0, 0, 63.88%, 7, 0, 7, 437.67, 2525248, 260, 485, 0
5680, 192, 481, 519, 0, 0, 63.88%, 7, 0, 7, 437.15, 2527448, 260, 485, 0
5685, 193, 167, 519, 0, 0, 63.88%, 7, 0, 7, 434.82, 2529643, 260, 486, 0
5690, 193, 317, 519, 0, 0, 63.88%, 7, 0, 7, 461.27, 2531978, 260, 488, 0
5695, 193, 404, 519, 0, 0, 63.88%, 7, 0, 7, 436.28, 2534188, 260, 488, 0
5700, 193, 449, 519, 0, 0, 63.88%, 7, 0, 7, 415.97, 2536231, 260, 488, 0
5705, 194, 9, 519, 0, 0, 63.88%, 7, 0, 7, 437.38, 2538556, 260, 488, 0
5710, 194, 266, 519, 0, 0, 63.88%, 7, 0, 7, 446.05, 2540789, 260, 491, 0
5715, 194, 387, 519, 0, 0, 63.88%, 7, 0, 7, 444.03, 2543048, 260, 491, 0
5720, 194, 449, 519, 0, 0, 63.88%, 7, 0, 7, 441.42, 2545329, 260, 491, 0
5725, 195, 95, 519, 0, 0, 63.88%, 7, 0, 7, 472.61, 2547721, 260, 491, 0
5730, 195, 191, 519, 0, 0, 63.88%, 7, 0, 7, 444.49, 2549956, 260, 494, 0
5736, 195, 317, 519, 0, 0, 63.88%, 7, 0, 7, 427.82, 2552061, 260, 498, 0
5741, 195, 405, 519, 0, 0, 63.88%, 7, 0, 7, 462.38, 2554507, 260, 498, 0
5746, 195, 449, 519, 0, 0, 63.88%, 7, 0, 7, 474.43, 2556850, 260, 499, 0
5751, 196, 73, 519, 0, 0, 63.88%, 7, 0, 7, 422.29, 2558964, 260, 499, 0
5756, 196, 291, 519, 0, 0, 63.88%, 7, 0, 7, 418.70, 2561063, 260, 501, 0
5761, 196, 400, 519, 0, 0, 63.88%, 7, 0, 7, 439.39, 2563245, 260, 501, 0
5766, 196, 438, 519, 0, 0, 63.88%, 7, 0, 7, 435.18, 2565436, 260, 501, 0
5771, 196, 517, 519, 0, 0, 63.88%, 7, 0, 7, 425.64, 2567649, 260, 501, 0
5776, 197, 191, 519, 0, 0, 63.88%, 7, 0, 7, 432.85, 2569855, 260, 502, 0
5781, 197, 299, 519, 0, 0, 63.88%, 7, 0, 7, 452.24, 2572154, 260, 503, 0
5786, 197, 391, 519, 0, 0, 63.88%, 7, 0, 7, 421.48, 2574324, 260, 503, 0
5791, 197, 444, 519, 0, 0, 63.88%, 7, 0, 7, 433.94, 2576539, 260, 503, 0
5796, 197, 501, 519, 0, 0, 63.88%, 7, 0, 7, 416.28, 2578605, 260, 503, 0
5801, 198, 85, 519, 0, 0, 63.88%, 7, 0, 7, 441.02, 2580889, 260, 504, 0
5806, 198, 266, 519, 0, 0, 63.88%, 7, 0, 7, 454.67, 2583235, 260, 506, 0
5812, 198, 358, 519, 0, 0, 63.88%, 7, 0, 7, 425.66, 2585380, 260, 506, 0
5817, 198, 430, 519, 0, 0, 63.88%, 7, 0, 7, 437.02, 2587606, 260, 506, 0
5822, 198, 486, 519, 0, 0, 63.88%, 7, 0, 7, 455.40, 2589911, 260, 506, 0
5827, 199, 144, 519, 0, 0, 63.88%, 7, 0, 7, 445.35, 2592087, 260, 506, 0
5832, 199, 297, 519, 0, 0, 63.88%, 7, 0, 7, 454.18, 2594363, 260, 506, 0
5837, 199, 343, 519, 0, 0, 63.88%, 7, 0, 7, 349.98, 2596134, 260, 506, 0
5842, 199, 412, 519, 0, 0, 63.88%, 7, 0, 7, 309.94, 2597660, 260, 506, 0
5847, 199, 449, 519, 0, 0, 63.88%, 7, 0, 7, 317.24, 2599279, 260, 506, 0
5852, 199, 499, 519, 0, 0, 63.88%, 7, 0, 7, 315.64, 2600874, 260, 506, 0
5857, 200, 129, 519, 0, 0, 63.88%, 7, 0, 7, 296.06, 2602327, 260, 506, 0
5862, 200, 191, 519, 0, 0, 63.88%, 7, 0, 7, 301.94, 2603841, 260, 510, 0
5867, 200, 273, 519, 0, 0, 63.88%, 7, 0, 7, 282.39, 2605278, 260, 510, 0
5872, 200, 330, 519, 0, 0, 63.88%, 7, 0, 7, 290.70, 2606765, 260, 510, 0
5878, 200, 408, 519, 0, 0, 63.88%, 7, 0, 7, 280.83, 2608233, 260, 510, 0
5883, 200, 423, 519, 0, 0, 63.88%, 7, 0, 7, 302.43, 2609807, 260, 510, 0
5888, 200, 460, 519, 0, 0, 63.88%, 7, 0, 7, 317.94, 2611436, 260, 510, 0
5893, 200, 489, 519, 0, 0, 63.88%, 7, 0, 7, 361.39, 2613302, 260, 510, 0
5898, 201, 191, 519, 0, 0, 63.88%, 7, 0, 7, 393.11, 2615303, 260, 511, 0
5903, 201, 301, 519, 0, 0, 63.88%, 7, 0, 7, 394.38, 2617260, 260, 512, 0
5908, 201, 387, 519, 0, 0, 63.88%, 7, 0, 7, 398.97, 2619200, 260, 512, 0
5913, 201, 438, 519, 0, 0, 63.88%, 7, 0, 7, 401.00, 2621221, 260, 512, 0
5918, 201, 489, 519, 0, 0, 63.88%, 7, 0, 7, 383.84, 2623205, 260, 512, 0
5923, 202, 98, 519, 0, 0, 63.88%, 7, 0, 7, 390.07, 2625145, 260, 512, 0
5928, 202, 260, 519, 0, 0, 63.88%, 7, 0, 7, 374.44, 2627048, 260, 515, 0
5933, 202, 334, 519, 0, 0, 63.88%, 7, 0, 7, 361.04, 2628886, 260, 515, 0
5938, 202, 428, 519, 0, 0, 63.88%, 7, 0, 7, 346.73, 2630652, 260, 515, 0
5944, 202, 484, 519, 0, 0, 63.88%, 7, 0, 7, 368.63, 2632547, 260, 515, 0
5949, 203, 11, 519, 0, 0, 63.88%, 7, 0, 7, 319.96, 2634186, 260, 515, 0
5954, 203, 195, 519, 0, 0, 63.88%, 7, 0, 7, 318.76, 2635827, 260, 516, 0
5959, 203, 317, 519, 0, 0, 63.88%, 7, 0, 7, 337.23, 2637568, 260, 516, 0
5964, 203, 405, 519, 0, 0, 63.88%, 7, 0, 7, 360.49, 2639524, 260, 516, 0
5969, 203, 438, 519, 0, 0, 63.88%, 7, 0, 7, 326.74, 2641199, 260, 516, 0
5974, 203, 480, 519, 0, 0, 63.88%, 7, 0, 7, 326.71, 2642873, 260, 516, 0
5979, 204, 99, 519, 0, 0, 63.88%, 7, 0, 7, 337.74, 2644585, 260, 516, 0
5984, 204, 277, 519, 0, 0, 63.88%, 7, 0, 7, 327.77, 2646276, 260, 520, 0
5989, 204, 375, 519, 0, 0, 63.88%, 7, 0, 7, 427.11, 2648470, 260, 520, 0
5994, 204, 429, 519, 0, 0, 63.88%, 7, 0, 7, 453.60, 2650780, 260, 520, 0
5999, 204, 488, 519, 0, 0, 63.88%, 7, 0, 7, 455.40, 2653006, 260, 520, 0
6004, 205, 109, 519, 0, 0, 63.88%, 7, 0, 7, 448.82, 2655258, 260, 525, 0
6009, 205, 317, 519, 0, 0, 63.88%, 7, 0, 7, 440.48, 2657499, 260, 525, 0
6015, 205, 412, 519, 0, 0, 63.88%, 7, 0, 7, 454.91, 2659872, 260, 525, 0
6020, 205, 475, 519, 0, 0, 63.88%, 7, 0, 7, 427.38, 2662042, 260, 525, 0
6025, 205, 501, 519, 0, 0, 63.88%, 7, 0, 7, 439.53, 2664273, 260, 525, 0
6030, 206, 18, 519, 0, 0, 63.88%, 7, 0, 7, 412.36, 2666340, 260, 525, 0
6035, 206, 195, 519, 0, 0, 63.88%, 7, 0, 7, 454.91, 2668675, 260, 527, 0
6040, 206, 304, 519, 0, 0, 63.88%, 7, 0, 7, 433.71, 2670797, 260, 527, 0
6045, 206, 378, 519, 0, 0, 63.88%, 7, 0, 7, 429.89, 2673038, 260, 527, 0
6050, 206, 438, 519, 0, 0, 63.88%, 7, 0, 7, 425.66, 2675131, 260, 527, 0
6055, 206, 509, 519, 0, 0, 63.88%, 7, 0, 7, 451.37, 2677342, 260, 527, 0
6060, 207, 195, 519, 0, 0, 63.88%, 7, 0, 7, 468.69, 2679708, 260, 527, 0
6065, 207, 315, 519, 0, 0, 63.88%, 7, 0, 7, 446.48, 2681896, 260, 527, 0
6071, 207, 409, 519, 0, 0, 63.88%, 7, 0, 7, 437.10, 2684121, 260, 527, 0
6076, 207, 476, 519, 0, 0, 63.88%, 7, 0, 7, 450.46, 2686468, 260, 527, 0
6081, 208, 174, 519, 0, 0, 63.88%, 7, 0, 7, 449.20, 2688758, 260, 527, 0
6086, 208, 301, 519, 0, 0, 63.88%, 7, 0, 7, 472.18, 2691121, 260, 527, 0
6091, 208, 404, 519, 0, 0, 63.88%, 7, 0, 7, 459.67, 2693427, 260, 527, 0
6096, 208, 449, 519, 0, 0, 63.88%, 7, 0, 7, 437.54, 2695581, 260, 527, 0
6101, 209, 10, 519, 0, 0, 63.88%, 7, 0, 7, 438.22, 2697734, 260, 527, 0
6106, 209, 228, 519, 0, 0, 63.88%, 7, 0, 7, 438.99, 2699972, 260, 528, 0
6111, 209, 343, 519, 0, 0, 63.88%, 7, 0, 7, 457.60, 2702336, 260, 528, 0
6116, 209, 428, 519, 0, 0, 63.88%, 7, 0, 7, 447.80, 2704577, 260, 528, 0
6121, 209, 484, 519, 0, 0, 63.88%, 7, 0, 7, 439.58, 2706763, 260, 528, 0
6126, 210, 135, 519, 0, 0, 63.88%, 7, 0, 7, 434.65, 2709003, 260, 528, 0
6131, 210, 260, 519, 0, 0, 63.88%, 7, 0, 7, 449.36, 2711326, 260, 529, 0
6136, 210, 387, 519, 0, 0, 63.88%, 7, 0, 7, 461.33, 2713709, 260, 529, 0
6141, 210, 438, 519, 0, 0, 63.88%, 7, 0, 7, 438.26, 2715926, 260, 529, 0
6146, 211, 11, 519, 0, 0, 63.88%, 7, 0, 7, 444.99, 2718200, 260, 529, 0
6152, 211, 271, 519, 0, 0, 63.88%, 7, 0, 7, 458.92, 2720528, 260, 531, 0
6157, 211, 388, 519, 0, 0, 63.88%, 7, 0, 7, 466.72, 2722898, 260, 531, 0
6162, 211, 437, 519, 0, 0, 63.88%, 7, 0, 7, 442.28, 2725131, 260, 531, 0
6167, 211, 507, 519, 0, 0, 63.88%, 7, 0, 7, 462.31, 2727481, 260, 531, 0
6172, 212, 155, 519, 0, 0, 63.88%, 7, 0, 7, 467.87, 2729849, 260, 532, 0
6177, 212, 277, 519, 0, 0, 63.88%, 7, 0, 7, 480.63, 2732348, 260, 533, 0
6182, 212, 404, 519, 0, 0, 63.88%, 7, 0, 7, 470.22, 2734681, 260, 533, 0
6187, 212, 449, 519, 0, 0, 63.88%, 7, 0, 7, 448.69, 2736971, 260, 533, 0
6192, 213, 11, 519, 0, 0, 63.88%, 7, 0, 7, 439.31, 2739201, 260, 533, 0
6197, 213, 204, 519, 0, 0, 63.88%, 7, 0, 7, 465.40, 2741544, 260, 533, 0
6202, 213, 318, 519, 0, 0, 63.88%, 7, 0, 7, 476.30, 2743917, 260, 533, 0
6207, 213, 408, 519, 0, 0, 63.88%, 7, 0, 7, 425.48, 2745960, 260, 533, 0
6213, 213, 441, 519, 0, 0, 63.88%, 7, 0, 7, 451.18, 2748271, 260, 533, 0
6218, 213, 499, 519, 0, 0, 63.88%, 7, 0, 7, 433.11, 2750438, 260, 533, 0
6223, 214, 212, 519, 0, 0, 63.88%, 7, 0, 7, 433.70, 2752605, 260, 536, 0
6228, 214, 318, 519, 0, 0, 63.88%, 7, 0, 7, 450.02, 2754956, 260, 536, 0
6233, 214, 428, 519, 0, 0, 63.88%, 7, 0, 7, 429.32, 2757075, 260, 536, 0
6238, 214, 489, 519, 0, 0, 63.88%, 7, 0, 7, 458.64, 2759393, 260, 536, 0
6243, 215, 109, 519, 0, 0, 63.88%, 7, 0, 7, 484.66, 2761809, 260, 536, 0
6248, 215, 317, 519, 0, 0, 63.88%, 7, 0, 7, 445.85, 2764076, 260, 536, 0
6253, 215, 412, 519, 0, 0, 63.88%, 7, 0, 7, 451.54, 2766455, 260, 536, 0
6258, 215, 484, 519, 0, 0, 63.88%, 7, 0, 7, 458.19, 2768748, 260, 536, 0
6263, 216, 110, 519, 0, 0, 63.88%, 7, 0, 7, 454.86, 2771063, 260, 536, 0
6269, 216, 301, 519, 0, 0, 63.88%, 7, 0, 7, 443.17, 2773384, 260, 539, 0
6274, 216, 405, 519, 0, 0, 63.88%, 7, 0, 7, 459.44, 2775761, 260, 539, 0
6279, 216, 444, 519, 0, 0, 63.88%, 7, 0, 7, 470.20, 2778100, 260, 539, 0
6284, 217, 11, 519, 0, 0, 63.88%, 7, 0, 7, 434.59, 2780251, 260, 539, 0
6289, 217, 240, 519, 0, 0, 63.88%, 7, 0, 7, 439.96, 2782497, 260, 542, 0
6294, 217, 338, 519, 0, 0, 63.88%, 7, 0, 7, 503.97, 2784967, 260, 542, 0
6299, 217, 429, 519, 0, 0, 63.88%, 7, 0, 7, 460.34, 2787256, 260, 542, 0
6304, 217, 484, 519, 0, 0, 63.88%, 8, 0, 7, 429.12, 2789360, 260, 543, 0
6309, 217, 511, 519, 0, 0, 63.88%, 8, 0, 7, 469.40, 2791753, 260, 543, 0
6314, 218, 191, 519, 0, 0, 63.88%, 8, 0, 7, 445.36, 2793971, 260, 545, 0
6319, 218, 334, 519, 0, 0, 63.88%, 8, 0, 7, 435.65, 2796150, 260, 545, 0
6324, 218, 409, 519, 0, 0, 63.88%, 8, 0, 7, 458.17, 2798475, 260, 545, 0
6329, 218, 475, 519, 0, 0, 63.88%, 8, 0, 7, 477.21, 2800959, 260, 545, 0
6334, 219, 191, 519, 0, 0, 63.88%, 8, 0, 7, 440.39, 2803190, 260, 546, 0
6339, 219, 318, 519, 0, 0, 63.88%, 8, 0, 7, 462.21, 2805504, 260, 546, 0
6344, 219, 413, 519, 0, 0, 63.88%, 8, 0, 7, 459.22, 2807853, 260, 546, 0
6349, 219, 475, 519, 0, 0, 63.88%, 8, 0, 7, 433.92, 2810062, 260, 546, 0
6354, 220, 109, 519, 0, 0, 63.88%, 8, 0, 7, 438.76, 2812241, 260, 546, 0
6360, 220, 301, 519, 0, 0, 63.88%, 8, 0, 7, 440.65, 2814427, 260, 547, 0
6365, 220, 390, 519, 0, 0, 63.88%, 8, 0, 7, 450.35, 2816669, 260, 547, 0
6370, 220, 438, 519, 0, 0, 63.88%, 8, 0, 7, 429.62, 2818880, 260, 547, 0
6375, 220, 499, 519, 0, 0, 63.88%, 8, 0, 7, 451.43, 2821189, 260, 547, 0
6380, 221, 64, 519, 0, 0, 63.88%, 8, 0, 7, 435.01, 2823342, 260, 547, 0
6385, 221, 249, 519, 0, 0, 63.88%, 8, 0, 7, 439.87, 2825546, 260, 549, 0
6390, 221, 387, 519, 0, 0, 63.88%, 8, 0, 7, 449.25, 2827798, 260, 549, 0
6395, 221, 438, 519, 0, 0, 63.88%, 8, 0, 7, 444.00, 2829957, 260, 549, 0
6400, 222, 17, 519, 0, 0, 63.88%, 8, 0, 7, 459.93, 2832252, 260, 549, 0
6405, 222, 249, 519, 0, 0, 63.88%, 8, 0, 7, 436.34, 2834462, 260, 551, 0
6410, 222, 334, 519, 0, 0, 63.88%, 8, 0, 7, 438.57, 2836698, 260, 551, 0
6415, 222, 434, 519, 0, 0, 63.88%, 8, 0, 7, 454.04, 2838968, 260, 551, 0
6420, 222, 498, 519, 0, 0, 63.88%, 8, 0, 7, 455.73, 2841222, 260, 551, 0
6425, 222, 515, 519, 0, 0, 63.88%, 8, 0, 7, 461.36, 2843605, 260, 551, 0
6430, 223, 191, 519, 0, 0, 63.88%, 8, 0, 7, 457.53, 2845995, 260, 552, 0
6436, 223, 317, 519, 0, 0, 63.88%, 8, 0, 7, 444.58, 2848214, 260, 553, 0
6441, 223, 412, 519, 0, 0, 63.88%, 8, 0, 7, 455.60, 2850508, 260, 553, 0
6446, 223, 475, 519, 0, 0, 63.88%, 8, 0, 7, 431.74, 2852697, 260, 553, 0
6451, 224, 79, 519, 0, 0, 63.88%, 8, 0, 7, 457.25, 2854993, 260, 553, 0
6456, 224, 207, 519, 0, 0, 63.88%, 8, 0, 7, 449.96, 2857357, 260, 555, 0
6461, 224, 317, 519, 0, 0, 63.88%, 8, 0, 7, 450.02, 2859678, 260, 555, 0
6466, 224, 409, 519, 0, 0, 63.88%, 8, 0, 7, 416.32, 2861725, 260, 555, 0
6471, 224, 463, 519, 0, 0, 63.88%, 8, 0, 7, 444.10, 2863992, 260, 556, 0
6476, 225, 9, 519, 0, 0, 63.88%, 8, 0, 7, 461.27, 2866321, 260, 557, 0
6481, 225, 156, 519, 0, 0, 63.88%, 8, 0, 7, 440.00, 2868573, 260, 557, 0
6486, 225, 301, 519, 0, 0, 63.88%, 8, 0, 7, 455.47, 2870849, 260, 557, 0
6491, 225, 409, 519, 0, 0, 63.88%, 8, 0, 7, 430.73, 2872988, 260, 557, 0
6496, 225, 475, 519, 0, 0, 63.88%, 8, 0, 7, 444.86, 2875342, 260, 557, 0
6502, 225, 507, 519, 0, 0, 63.88%, 8, 0, 7, 451.45, 2877629, 260, 557, 0
6507, 226, 184, 519, 0, 0, 63.88%, 8, 0, 7, 464.32, 2880011, 260, 559, 0
6512, 226, 317, 519, 0, 0, 63.88%, 8, 0, 7, 436.87, 2882238, 260, 565, 0
6517, 226, 409, 519, 0, 0, 63.88%, 8, 0, 7, 443.77, 2884452, 260, 565, 0
6522, 226, 446, 519, 0, 0, 63.88%, 8, 0, 7, 433.43, 2886655, 260, 565, 0
6527, 226, 498, 519, 0, 0, 63.88%, 8, 0, 7, 472.87, 2889064, 260, 565, 0
6532, 227, 109, 519, 0, 0, 63.88%, 8, 0, 7, 439.67, 2891238, 260, 565, 0
6537, 227, 266, 519, 0, 0, 63.88%, 8, 0, 7, 480.46, 2893654, 260, 568, 0
6542, 227, 387, 519, 0, 0, 63.88%, 8, 0, 7, 461.94, 2895991, 260, 568, 0
6547, 227, 438, 519, 0, 0, 63.88%, 8, 0, 7, 470.61, 2898363, 260, 568, 0
6552, 227, 500, 519, 0, 0, 63.88%, 8, 0, 7, 457.80, 2900702, 260, 568, 0
6557, 228, 185, 519, 0, 0, 63.88%, 9, 0, 7, 461.31, 2902992, 260, 569, 0
6562, 228, 316, 519, 0, 0, 63.88%, 9, 0, 7, 459.63, 2905351, 260, 573, 0
6567, 228, 404, 519, 0, 0, 63.88%, 9, 0, 7, 468.25, 2907693, 260, 573, 0
6572, 228, 438, 519, 0, 0, 63.88%, 9, 0, 7, 440.32, 2909855, 260, 573, 0
6577, 228, 497, 519, 0, 0, 63.88%, 9, 0, 7, 453.25, 2912190, 260, 573, 0
6582, 229, 138, 519, 0, 0, 63.88%, 9, 0, 7, 467.80, 2914612, 260, 573, 0
6587, 229, 280, 519, 0, 0, 63.88%, 9, 0, 7, 453.33, 2916829, 260, 576, 0
6593, 229, 375, 519, 0, 0, 63.88%, 9, 0, 7, 438.82, 2919031, 260, 576, 0
6598, 229, 438, 519, 0, 0, 63.88%, 9, 0, 7, 420.55, 2921086, 260, 576, 0
6603, 229, 499, 519, 0, 0, 63.88%, 9, 0, 7, 447.12, 2923302, 260, 576, 0
6608, 230, 249, 519, 0, 0, 63.88%, 9, 0, 7, 443.74, 2925543, 260, 578, 0
6613, 230, 343, 519, 0, 0, 63.88%, 9, 0, 7, 438.79, 2927787, 260, 578, 0
6618, 230, 438, 519, 0, 0, 63.88%, 9, 0, 7, 438.99, 2930036, 260, 578, 0
6623, 230, 484, 519, 0, 0, 63.88%, 9, 0, 7, 419.89, 2932155, 260, 579, 0
6628, 231, 109, 519, 0, 0, 63.88%, 9, 0, 7, 419.59, 2934302, 260, 579, 0
6633, 231, 277, 519, 0, 0, 63.88%, 9, 0, 7, 465.40, 2936763, 260, 580, 0
6638, 231, 404, 519, 0, 0, 63.88%, 9, 0, 7, 461.11, 2939058, 260, 580, 0
6643, 231, 438, 519, 0, 0, 63.88%, 9, 0, 7, 438.59, 2941265, 260, 580, 0
6648, 232, 15, 519, 0, 0, 63.88%, 9, 0, 7, 443.53, 2943541, 260, 580, 0
6653, 232, 249, 519, 0, 0, 63.88%, 9, 0, 7, 446.92, 2945789, 260, 582, 0
6658, 232, 375, 519, 0, 0, 63.88%, 9, 0, 7, 419.76, 2947887, 260, 582, 0
6663, 232, 421, 519, 0, 0, 63.88%, 9, 0, 7, 427.87, 2950031, 260, 582, 0
6669, 232, 505, 519, 0, 0, 63.88%, 9, 0, 7, 454.37, 2952456, 260, 582, 0
6674, 233, 226, 519, 0, 0, 63.88%, 9, 0, 7, 475.48, 2954860, 260, 585, 0
6679, 233, 318, 519, 0, 0, 63.88%, 9, 0, 7, 473.92, 2957206, 260, 585, 0
6684, 233, 429, 519, 0, 0, 63.88%, 9, 0, 7, 452.10, 2959474, 260, 585, 0
6689, 233, 489, 519, 0, 0, 63.88%, 9, 0, 7, 451.31, 2961721, 260, 585, 0
6694, 234, 191, 519, 0, 0, 63.88%, 9, 0, 7, 471.92, 2964142, 260, 585, 0
6699, 234, 318, 519, 0, 0, 63.88%, 9, 0, 7, 436.52, 2966360, 260, 586, 0
6704, 234, 414, 519, 0, 0, 63.88%, 9, 0, 7, 429.33, 2968577, 260, 586, 0
6709, 234, 464, 519, 0, 0, 63.88%, 9, 0, 7, 442.01, 2970839, 260, 586, 0
6714, 235, 17, 519, 0, 0, 63.88%, 9, 0, 7, 431.95, 2973031, 260, 586, 0
6719, 235, 266, 519, 0, 0, 63.88%, 9, 0, 7, 449.72, 2975353, 260, 590, 0
6724, 235, 387, 519, 0, 0, 63.88%, 9, 0, 7, 470.65, 2977710, 260, 590, 0
6729, 235, 438, 519, 0, 0, 63.88%, 9, 0, 7, 463.78, 2980037, 260, 590, 0
6735, 235, 518, 519, 0, 0, 63.88%, 9, 0, 7, 446.68, 2982332, 260, 590, 0
6740, 236, 244, 519, 0, 0, 63.88%, 9, 0, 7, 461.72, 2984760, 260, 593, 0
6745, 236, 319, 519, 0, 0, 63.88%, 9, 0, 7, 452.35, 2986981, 260, 593, 0
6750, 236, 387, 519, 0, 0, 63.88%, 9, 0, 7, 417.44, 2989119, 260, 593, 0
6755, 236, 438, 519, 0, 0, 63.88%, 9, 0, 7, 435.32, 2991358, 260, 593, 0
6760, 236, 517, 519, 0, 0, 63.88%, 9, 0, 7, 462.15, 2993710, 260, 593, 0
6765, 237, 163, 519, 0, 0, 63.88%, 9, 0, 7, 454.39, 2995923, 260, 593, 0
6770, 237, 305, 519, 0, 0, 63.88%, 9, 0, 7, 465.66, 2998283, 260, 594, 0
6775, 237, 386, 519, 0, 0, 63.88%, 9, 0, 7, 435.85, 3000494, 260, 594, 0
6780, 237, 438, 519, 0, 0, 63.88%, 9, 0, 7, 464.92, 3002879, 260, 594, 0
6785, 237, 517, 519, 0, 0, 63.88%, 10, 0, 7, 447.38, 3005080, 260, 595, 0
6790, 238, 191, 519, 0, 0, 63.88%, 10, 0, 7, 445.97, 3007307, 260, 595, 0
6795, 238, 306, 519, 0, 0, 63.88%, 10, 0, 7, 454.00, 3009597, 260, 597, 0
6801, 238, 412, 519, 0, 0, 63.88%, 10, 0, 7, 472.19, 3011982, 260, 597, 0
6806, 238, 475, 519, 0, 0, 63.88%, 10, 0, 7, 453.42, 3014212, 260, 598, 0
6811, 239, 109, 519, 0, 0, 63.88%, 10, 0, 7, 462.60, 3016529, 260, 598, 0
6816, 239, 295, 519, 0, 0, 63.88%, 10, 0, 7, 474.23, 3018895, 260, 602, 0
6821, 239, 368, 519, 0, 0, 63.88%, 10, 0, 7, 464.13, 3021222, 260, 602, 0
6826, 239, 429, 519, 0, 0, 63.88%, 10, 0, 7, 449.96, 3023472, 260, 602, 0
6831, 239, 499, 519, 0, 0, 63.88%, 10, 0, 7, 442.49, 3025706, 260, 602, 0
6836, 240, 130, 519, 0, 0, 63.88%, 10, 0, 7, 448.82, 3027955, 260, 605, 0
6841, 240, 317, 519, 0, 0, 63.88%, 10, 0, 7, 451.88, 3030220, 260, 607, 0
6846, 240, 409, 519, 0, 0, 63.88%, 10, 0, 7, 460.69, 3032612, 260, 607, 0
6851, 240, 477, 519, 0, 0, 63.88%, 10, 0, 7, 450.25, 3034796, 260, 607, 0
6856, 240, 505, 519, 0, 0, 63.88%, 10, 0, 7, 483.01, 3037384, 260, 607, 0
6861, 241, 191, 519, 0, 0, 63.88%, 10, 0, 7, 428.29, 3039522, 260, 610, 0
6866, 241, 318, 519, 0, 0, 63.88%, 10, 0, 7, 433.28, 3041747, 260, 613, 0
6871, 241, 412, 519, 0, 0, 63.88%, 10, 0, 7, 439.12, 3043987, 260, 613, 0
6877, 241, 477, 519, 0, 0, 63.88%, 10, 0, 7, 420.63, 3046114, 260, 613, 0
6882, 242, 110, 519, 0, 0, 63.88%, 10, 0, 7, 444.91, 3048411, 260, 613, 0
6887, 242, 277, 519, 0, 0, 63.88%, 10, 0, 7, 454.95, 3050679, 260, 615, 0
6892, 242, 387, 519, 0, 0, 63.88%, 10, 0, 7, 442.94, 3052908, 260, 615, 0
6897, 242, 438, 519, 0, 0, 63.88%, 10, 0, 7, 455.13, 3055294, 260, 616, 0
6902, 242, 498, 519, 0, 0, 63.88%, 10, 0, 7, 442.63, 3057511, 260, 616, 0
6907, 243, 118, 519, 0, 0, 63.88%, 10, 0, 7, 463.21, 3059937, 260, 617, 0
6912, 243, 266, 519, 0, 0, 63.88%, 10, 0, 7, 433.42, 3062129, 260, 625, 0
6917, 243, 343, 519, 0, 0, 63.88%, 10, 0, 7, 459.55, 3064441, 260, 625, 0
6922, 243, 428, 519, 0, 0, 63.88%, 10, 0, 7, 423.66, 3066626, 260, 625, 0
6928, 243, 480, 519, 0, 0, 63.88%, 10, 0, 7, 418.73, 3068723, 260, 625, 0
6933, 244, 109, 519, 0, 0, 63.88%, 10, 0, 7, 421.05, 3070857, 260, 625, 0
6938, 244, 240, 519, 0, 0, 63.88%, 10, 0, 7, 421.08, 3072961, 260, 629, 0
6943, 244, 331, 519, 0, 0, 63.88%, 10, 0, 7, 419.06, 3075091, 260, 629, 0
6948, 244, 412, 519, 0, 0, 63.88%, 10, 0, 7, 404.48, 3077107, 260, 629, 0
6953, 244, 475, 519, 0, 0, 63.88%, 10, 0, 7, 413.68, 3079188, 260, 629, 0
6958, 245, 15, 519, 0, 0, 63.88%, 10, 0, 7, 420.64, 3081300, 260, 629, 0
6963, 245, 210, 519, 0, 0, 63.88%, 10, 0, 7, 443.92, 3083574, 260, 631, 0
6968, 245, 315, 519, 0, 0, 63.88%, 10, 0, 7, 453.86, 3085922, 260, 631, 0
6973, 245, 409, 519, 0, 0, 63.88%, 10, 0, 7, 455.36, 3088287, 260, 631, 0
6978, 245, 475, 519, 0, 0, 63.88%, 10, 0, 7, 439.92, 3090524, 260, 631, 0
6983, 245, 518, 519, 0, 0, 63.88%, 10, 0, 7, 476.57, 3092968, 260, 631, 0
6988, 246, 257, 519, 0, 0, 63.88%, 10, 0, 7, 451.65, 3095229, 260, 632, 0
6993, 246, 375, 519, 0, 0, 63.88%, 10, 0, 7, 440.98, 3097459, 260, 632, 0
6998, 246, 438, 519, 0, 0, 63.88%, 10, 0, 7, 404.79, 3099524, 260, 632, 0
7003, 246, 518, 519, 0, 0, 63.88%, 10, 0, 7, 444.48, 3101809, 260, 632, 0
7009, 247, 239, 519, 0, 0, 63.88%, 10, 0, 7, 406.60, 3103958, 260, 634, 0
7014, 247, 318, 519, 0, 0, 63.88%, 10, 0, 7, 441.81, 3106216, 260, 634, 0
7019, 247, 412, 519, 0, 0, 63.88%, 10, 0, 7, 450.77, 3108446, 260, 634, 0
7024, 247, 475, 519, 0, 0, 63.88%, 10, 0, 7, 448.55, 3110809, 260, 634, 0
7029, 248, 42, 519, 0, 0, 63.88%, 10, 0, 7, 455.01, 3113070, 260, 634, 0
7034, 248, 249, 519, 0, 0, 63.88%, 10, 0, 7, 443.04, 3115393, 260, 636, 0
7039, 248, 347, 519, 0, 0, 63.88%, 10, 0, 7, 450.17, 3117642, 260, 636, 0
7044, 248, 429, 519, 0, 0, 63.88%, 10, 0, 7, 447.22, 3119875, 260, 636, 0
7049, 248, 494, 519, 0, 0, 63.88%, 10, 0, 7, 438.18, 3122065, 260, 636, 0
7054, 249, 228, 519, 0, 0, 63.88%, 10, 0, 7, 411.25, 3124189, 260, 641, 0
7059, 249, 334, 519, 0, 0, 63.88%, 10, 0, 7, 440.48, 3126371, 260, 641, 0
7064, 249, 434, 519, 0, 0, 63.88%, 10, 0, 7, 437.52, 3128577, 260, 641, 0
7070, 249, 499, 519, 0, 0, 63.88%, 10, 0, 7, 448.69, 3130850, 260, 641, 0
7075, 250, 84, 519, 0, 0, 63.88%, 10, 0, 7, 431.49, 3133008, 260, 641, 0
7080, 250, 240, 519, 0, 0, 63.88%, 10, 0, 7, 434.18, 3135281, 260, 644, 0
7085, 250, 323, 519, 0, 0, 63.88%, 10, 0, 7, 452.81, 3137578, 260, 644, 0
7090, 250, 412, 519, 0, 0, 63.88%, 10, 0, 7, 474.33, 3139954, 260, 644, 0
7095, 250, 477, 519, 0, 0, 63.88%, 10, 0, 7, 440.36, 3142217, 260, 644, 0
7100, 251, 71, 519, 0, 0, 63.88%, 10, 0, 7, 421.02, 3144327, 260, 644, 0
7105, 251, 261, 519, 0, 0, 63.88%, 10, 0, 7, 438.53, 3146526, 260, 645, 0
7110, 251, 387, 519, 0, 0, 63.88%, 10, 0, 7, 457.55, 3148855, 260, 645, 0
7115, 251, 438, 519, 0, 0, 63.88%, 10, 0, 7, 445.37, 3151093, 260, 645, 0
7120, 251, 505, 519, 0, 0, 63.88%, 10, 0, 7, 461.53, 3153478, 260, 645, 0
7125, 252, 276, 519, 0, 0, 63.88%, 10, 0, 7, 494.94, 3156043, 260, 649, 0
7130, 252, 409, 519, 0, 0, 63.88%, 10, 0, 7, 473.78, 3158386, 260, 649, 0
7135, 252, 438, 519, 0, 0, 63.88%, 10, 0, 7, 462.14, 3160666, 260, 649, 0
7140, 253, 36, 519, 0, 0, 63.88%, 10, 0, 7, 439.00, 3162874, 260, 649, 0
7145, 253, 249, 519, 0, 0, 63.88%, 10, 0, 7, 431.94, 3165076, 260, 654, 0
7151, 253, 375, 519, 0, 0, 63.88%, 10, 0, 7, 448.65, 3167394, 260, 654, 0
7156, 253, 437, 519, 0, 0, 63.88%, 10, 0, 7, 459.55, 3169737, 260, 654, 0
7161, 253, 490, 519, 0, 0, 63.88%, 10, 0, 7, 418.15, 3171814, 260, 654, 0
7166, 254, 78, 519, 0, 0, 63.88%, 10, 0, 7, 406.87, 3173908, 260, 654, 0
7171, 254, 260, 519, 0, 0, 63.88%, 10, 0, 7, 426.94, 3176088, 260, 656, 0
7176, 254, 334, 519, 0, 0, 63.88%, 10, 0, 7, 452.10, 3178459, 260, 656, 0
7181, 254, 407, 519, 0, 0, 63.88%, 10, 0, 7, 424.65, 3180563, 260, 656, 0
7186, 254, 438, 519, 0, 0, 63.88%, 10, 0, 7, 437.51, 3182838, 260, 656, 0
7191, 254, 497, 519, 0, 0, 63.88%, 10, 0, 7, 438.48, 3185089, 260, 656, 0
7196, 255, 195, 519, 0, 0, 63.88%, 10, 0, 7, 449.60, 3187370, 260, 658, 0
7202, 255, 318, 519, 0, 0, 63.88%, 10, 0, 7, 440.82, 3189673, 260, 658, 0
7207, 255, 421, 519, 0, 0, 63.88%, 10, 0, 7, 441.77, 3191921, 260, 658, 0
7212, 255, 484, 519, 0, 0, 63.88%, 10, 0, 7, 421.53, 3194024, 260, 658, 0
7217, 256, 61, 519, 0, 0, 63.88%, 10, 0, 7, 441.37, 3196286, 260, 658, 0
7222, 256, 282, 519, 0, 0, 63.88%, 10, 0, 7, 461.38, 3198615, 260, 660, 0
7227, 256, 375, 519, 0, 0, 63.88%, 10, 0, 7, 433.73, 3200739, 260, 660, 0
7232, 256, 412, 519, 0, 0, 63.88%, 10, 0, 7, 414.76, 3202810, 260, 660, 0
7237, 256, 477, 519, 0, 0, 63.88%, 10, 0, 7, 437.91, 3205062, 260, 660, 0
7242, 256, 516, 519, 0, 0, 63.88%, 10, 0, 7, 439.70, 3207340, 260, 660, 0
7247, 257, 169, 519, 0, 0, 63.88%, 10, 0, 7, 427.46, 3209463, 260, 665, 0
7252, 257, 318, 519, 0, 0, 63.88%, 10, 0, 7, 479.15, 3211899, 260, 667, 0
7257, 257, 412, 519, 0, 0, 63.88%, 10, 0, 7, 455.65, 3214183, 260, 667, 0
7262, 257, 477, 519, 0, 0, 63.88%, 10, 0, 7, 462.98, 3216565, 260, 667, 0
7267, 258, 125, 519, 0, 0, 63.88%, 10, 0, 7, 460.01, 3218978, 260, 667, 0
7272, 258, 268, 519, 0, 0, 63.88%, 10, 0, 7, 455.29, 3221207, 260, 667, 0
7278, 258, 404, 519, 0, 0, 63.88%, 10, 0, 7, 432.05, 3223472, 260, 667, 0
7283, 258, 445, 519, 0, 0, 63.88%, 10, 0, 7, 440.61, 3225625, 260, 667, 0
7288, 258, 511, 519, 0, 0, 63.88%, 10, 0, 7, 446.04, 3227915, 260, 667, 0
7293, 259, 191, 519, 0, 0, 63.88%, 10, 0, 7, 466.18, 3230231, 260, 674, 0
7298, 259, 331, 519, 0, 0, 63.88%, 10, 0, 7, 457.08, 3232558, 260, 674, 0
7303, 259, 429, 519, 0, 0, 63.88%, 10, 0, 7, 448.52, 3234816, 260, 674, 0
7308, 259, 489, 519, 0, 0, 63.88%, 10, 0, 7, 443.19, 3237037, 260, 674, 0
7313, 260, 17, 519, 0, 0, 63.88%, 10, 0, 7, 423.77, 3239139, 260, 675, 0
7318, 260, 260, 519, 0, 0, 63.88%, 10, 0, 7, 450.98, 3241482, 260, 676, 0
7323, 260, 375, 519, 0, 0, 63.88%, 10, 0, 7, 463.68, 3243838, 260, 676, 0
7328, 260, 444, 519, 0, 0, 63.88%, 10, 0, 7, 451.22, 3246194, 260, 676, 0
7333, 261, 53, 519, 0, 0, 63.88%, 10, 0, 7, 470.37, 3248617, 260, 676, 0
7338, 261, 249, 519, 0, 0, 63.88%, 10, 0, 7, 427.46, 3250762, 260, 681, 0
7344, 261, 343, 519, 0, 0, 63.88%, 10, 0, 7, 438.36, 3253014, 260, 681, 0
7349, 261, 438, 519, 0, 0, 63.88%, 10, 0, 7, 433.44, 3255203, 260, 681, 0
7354, 261, 517, 519, 0, 0, 63.88%, 10, 0, 7, 455.06, 3257585, 260, 681, 0
7359, 262, 249, 519, 0, 0, 63.88%, 10, 0, 7, 464.22, 3259935, 260, 685, 0
7364, 262, 358, 519, 0, 0, 63.88%, 10, 0, 7, 452.16, 3262135, 260, 685, 0
7369, 262, 438, 519, 0, 0, 63.88%, 10, 0, 7, 464.00, 3264569, 260, 685, 0
7374, 262, 511, 519, 0, 0, 63.88%, 10, 0, 7, 445.31, 3266896, 260, 685, 0
7379, 263, 195, 519, 0, 0, 63.88%, 10, 0, 7, 454.17, 3269174, 260, 687, 0
7384, 263, 318, 519, 0, 0, 63.88%, 10, 0, 7, 434.26, 3271358, 260, 687, 0
7389, 263, 409, 519, 0, 0, 63.88%, 10, 0, 7, 460.40, 3273683, 260, 687, 0
7394, 263, 479, 519, 0, 0, 63.88%, 10, 0, 7, 446.52, 3275909, 260, 688, 0
7399, 264, 10, 519, 0, 0, 63.88%, 10, 0, 7, 430.23, 3278010, 260, 688, 0
7404, 264, 249, 519, 0, 0, 63.88%, 10, 0, 7, 450.70, 3280383, 260, 692, 0
7409, 264, 338, 519, 0, 0, 63.88%, 10, 0, 7, 439.12, 3282650, 260, 692, 0
7415, 264, 428, 519, 0, 0, 63.88%, 10, 0, 7, 444.49, 3284976, 260, 692, 0
7420, 264, 492, 519, 0, 0, 63.88%, 10, 0, 7, 463.37, 3287353, 260, 692, 0
7425, 265, 17, 519, 0, 0, 63.88%, 10, 0, 7, 462.23, 3289715, 260, 692, 0
7430, 265, 223, 519, 0, 0, 63.88%, 10, 0, 7, 464.01, 3292025, 260, 697, 0
7435, 265, 334, 519, 0, 0, 63.88%, 10, 0, 7, 452.70, 3294364, 260, 697, 0
7440, 265, 421, 519, 0, 0, 63.88%, 10, 0, 7, 448.94, 3296690, 260, 697, 0
7445, 265, 475, 519, 0, 0, 63.88%, 10, 0, 7, 475.58, 3299132, 260, 697, 0
7450, 266, 191, 519, 0, 0, 63.88%, 10, 0, 7, 470.77, 3301509, 260, 697, 0
7455, 266, 317, 519, 0, 0, 63.88%, 10, 0, 7, 450.26, 3303779, 260, 700, 0
7460, 266, 409, 519, 0, 0, 63.88%, 10, 0, 7, 449.45, 3306025, 260, 700, 0
7465, 266, 475, 519, 0, 0, 63.88%, 10, 0, 7, 447.06, 3308282, 260, 700, 0
7470, 266, 501, 519, 0, 0, 63.88%, 10, 0, 7, 459.52, 3310678, 260, 701, 0
7475, 267, 191, 519, 0, 0, 63.88%, 10, 0, 7, 455.50, 3312970, 260, 701, 0
7481, 267, 318, 519, 0, 0, 63.88%, 10, 0, 7, 463.14, 3315352, 260, 702, 0
7486, 267, 412, 519, 0, 0, 63.88%, 10, 0, 7, 445.83, 3317584, 260, 702, 0
7491, 267, 484, 519, 0, 0, 63.88%, 10, 0, 7, 476.59, 3320028, 260, 702, 0
7496, 268, 109, 519, 0, 0, 63.88%, 10, 0, 7, 449.78, 3322267, 260, 703, 0
7501, 268, 287, 519, 0, 0, 63.88%, 10, 0, 7, 441.92, 3324534, 260, 708, 0
7506, 268, 395, 519, 0, 0, 63.88%, 10, 0, 7, 432.37, 3326746, 260, 708, 0
7511, 268, 438, 519, 0, 0, 63.88%, 10, 0, 7, 431.92, 3328899, 260, 708, 0
7516, 269, 15, 519, 0, 0, 63.88%, 10, 0, 7, 457.04, 3331271, 260, 708, 0
7521, 269, 233, 519, 0, 0, 63.88%, 10, 0, 7, 435.39, 3333479, 260, 711, 0
7526, 269, 318, 519, 0, 0, 63.88%, 10, 0, 7, 439.86, 3335659, 260, 711, 0
7532, 269, 412, 519, 0, 0, 63.88%, 10, 0, 7, 452.36, 3338060, 260, 711, 0
7537, 269, 480, 519, 0, 0, 63.88%, 10, 0, 7, 463.13, 3340432, 260, 711, 0
7542, 270, 109, 519, 0, 0, 63.88%, 10, 0, 7, 449.02, 3342702, 260, 711, 0
7547, 270, 301, 519, 0, 0, 63.88%, 10, 0, 7, 459.90, 3345058, 260, 721, 0
7552, 270, 408, 519, 0, 0, 63.88%, 10, 0, 7, 468.11, 3347434, 260, 721, 0
7557, 270, 438, 519, 0, 0, 63.88%, 10, 0, 7, 461.86, 3349732, 260, 721, 0
7562, 271, 38, 519, 0, 0, 63.88%, 10, 0, 7, 443.63, 3352037, 260, 721, 0
7567, 271, 296, 519, 0, 0, 63.88%, 10, 0, 7, 413.88, 3354089, 260, 723, 0
7572, 271, 375, 519, 0, 0, 63.88%, 10, 0, 7, 458.42, 3356400, 260, 723, 0
7577, 271, 438, 519, 0, 0, 63.88%, 10, 0, 7, 447.70, 3358669, 260, 723, 0
7582, 271, 518, 519, 0, 0, 63.88%, 10, 0, 7, 434.94, 3360814, 260, 723, 0
7587, 272, 195, 519, 0, 0, 63.88%, 10, 0, 7, 461.12, 3363143, 260, 727, 0
7592, 272, 307, 519, 0, 0, 63.88%, 10, 0, 7, 490.17, 3365638, 260, 727, 0
7597, 272, 393, 519, 0, 0, 63.88%, 10, 0, 7, 460.31, 3367927, 260, 727, 0
7602, 272, 438, 519, 0, 0, 63.88%, 10, 0, 7, 442.50, 3370153, 260, 727, 0
7607, 273, 17, 519, 0, 0, 63.88%, 10, 0, 7, 423.00, 3372276, 260, 727, 0
7612, 273, 224, 519, 0, 0, 63.88%, 10, 0, 7, 440.06, 3374490, 260, 730, 0
7618, 273, 334, 519, 0, 0, 63.88%, 10, 0, 7, 455.54, 3376833, 260, 730, 0
7623, 273, 412, 519, 0, 0, 63.88%, 10, 0, 7, 449.34, 3379101, 260, 730, 0
7628, 273, 475, 519, 0, 0, 63.88%, 10, 0, 7, 463.42, 3381428, 260, 730, 0
7633, 274, 158, 519, 0, 0, 63.88%, 10, 0, 7, 460.02, 3383759, 260, 730, 0
7638, 274, 266, 519, 0, 0, 63.88%, 10, 0, 7, 488.28, 3386225, 260, 732, 0
7643, 274, 387, 519, 0, 0, 63.88%, 10, 0, 7, 454.95, 3388582, 260, 732, 0
7648, 274, 444, 519, 0, 0, 63.88%, 10, 0, 7, 442.33, 3390814, 260, 732, 0
7653, 275, 12, 519, 0, 0, 63.88%, 10, 0, 7, 470.95, 3393269, 260, 732, 0
7658, 275, 228, 519, 0, 0, 63.88%, 10, 0, 7, 464.30, 3395654, 260, 735, 0
7663, 275, 347, 519, 0, 0, 63.88%, 10, 0, 7, 465.51, 3398056, 260, 735, 0
7668, 275, 438, 519, 0, 0, 63.88%, 10, 0, 7, 439.38, 3400276, 260, 735, 0
7673, 276, 11, 519, 0, 0, 63.88%, 10, 0, 7, 465.71, 3402697, 260, 735, 0
7678, 276, 240, 519, 0, 0, 63.88%, 10, 0, 7, 457.80, 3404935, 260, 744, 0
7683, 276, 375, 519, 0, 0, 63.88%, 10, 0, 7, 456.87, 3407307, 260, 744, 0
7688, 276, 438, 519, 0, 0, 63.88%, 10, 0, 7, 446.71, 3409559, 260, 744, 0
7693, 276, 511, 519, 0, 0, 63.88%, 10, 0, 7, 459.67, 3411874, 260, 744, 0
7698, 277, 195, 519, 0, 0, 63.88%, 10, 0, 7, 450.75, 3414152, 260, 748, 0
7703, 277, 334, 519, 0, 0, 63.88%, 10, 0, 7, 463.51, 3416603, 260, 748, 0
7708, 277, 408, 519, 0, 0, 63.88%, 10, 0, 7, 450.08, 3418893, 260, 748, 0
7713, 277, 475, 519, 0, 0, 63.88%, 10, 0, 7, 477.58, 3421317, 260, 748, 0
7719, 278, 10, 519, 0, 0, 63.88%, 10, 0, 7, 445.33, 3423538, 260, 748, 0
7724, 278, 260, 519, 0, 0, 63.88%, 10, 0, 7, 475.37, 3426003, 260, 751, 0
7729, 278, 375, 519, 0, 0, 63.88%, 10, 0, 7, 451.90, 3428256, 260, 751, 0
7734, 278, 438, 519, 0, 0, 63.88%, 10, 0, 7, 447.47, 3430500, 260, 751, 0
7739, 279, 74, 519, 0, 0, 63.88%, 10, 0, 7, 438.08, 3432768, 260, 751, 0
7744, 279, 224, 519, 0, 0, 63.88%, 10, 0, 7, 427.88, 3434889, 260, 753, 0
7749, 279, 328, 519, 0, 0, 63.88%, 10, 0, 7, 449.25, 3437142, 260, 753, 0
7754, 279, 412, 519, 0, 0, 63.88%, 10, 0, 7, 473.21, 3439535, 260, 753, 0
7759, 279, 475, 519, 0, 0, 63.88%, 10, 0, 7, 454.89, 3441853, 260, 753, 0
7764, 280, 11, 519, 0, 0, 63.88%, 10, 0, 7, 447.64, 3444024, 260, 753, 0
7769, 280, 168, 519, 0, 0, 63.88%, 10, 0, 7, 429.32, 3446177, 260, 754, 0
7774, 280, 278, 519, 0, 0, 63.88%, 10, 0, 7, 452.06, 3448477, 260, 754, 0
7779, 280, 387, 519, 0, 0, 63.88%, 10, 0, 7, 451.16, 3450734, 260, 754, 0
7784, 280, 438, 519, 0, 0, 63.88%, 10, 0, 7, 439.78, 3452926, 260, 754, 0
7789, 280, 499, 519, 0, 0, 63.88%, 10, 0, 7, 431.91, 3455134, 260, 754, 0
7794, 281, 20, 519, 0, 0, 63.88%, 10, 0, 7, 435.29, 3457371, 260, 754, 0
7799, 281, 266, 519, 0, 0, 63.88%, 10, 0, 7, 460.25, 3459713, 260, 760, 0
7804, 281, 387, 519, 0, 0, 63.88%, 10, 0, 7, 456.36, 3461931, 260, 760, 0
7810, 281, 438, 519, 0, 0, 63.88%, 10, 0, 7, 417.15, 3464042, 260, 760, 0
7815, 281, 499, 519, 0, 0, 63.88%, 10, 0, 7, 445.36, 3466357, 260, 760, 0
7820, 282, 228, 519, 0, 0, 63.88%, 10, 0, 7, 437.10, 3468562, 260, 763, 0
7825, 282, 334, 519, 0, 0, 63.88%, 10, 0, 7, 443.01, 3470804, 260, 763, 0
7830, 282, 433, 519, 0, 0, 63.88%, 10, 0, 7, 470.23, 3473154, 260, 763, 0
7835, 282, 499, 519, 0, 0, 63.88%, 10, 0, 7, 448.47, 3475440, 260, 763, 0
7840, 283, 200, 519, 0, 0, 63.88%, 10, 0, 7, 474.53, 3477852, 260, 766, 0
7845, 283, 317, 519, 0, 0, 63.88%, 10, 0, 7, 436.95, 3480063, 260, 766, 0
7850, 283, 409, 519, 0, 0, 63.88%, 10, 0, 7, 452.85, 3482364, 260, 766, 0
7855, 283, 449, 519, 0, 0, 63.88%, 10, 0, 7, 446.93, 3484616, 260, 766, 0
7860, 283, 505, 519, 0, 0, 63.88%, 10, 0, 7, 461.50, 3486892, 260, 766, 0
7865, 284, 175, 519, 0, 0, 63.88%, 10, 0, 7, 454.36, 3489134, 260, 767, 0
7870, 284, 301, 519, 0, 0, 63.88%, 10, 0, 7, 471.01, 3491456, 260, 769, 0
7875, 284, 409, 519, 0, 0, 63.88%, 10, 0, 7, 446.92, 3493673, 260, 769, 0
7880, 284, 467, 519, 0, 0, 63.88%, 10, 0, 7, 468.38, 3496039, 260, 769, 0
7886, 285, 15, 519, 0, 0, 63.88%, 10, 0, 7, 434.21, 3498269, 260, 769, 0
7891, 285, 264, 519, 0, 0, 63.88%, 10, 0, 7, 475.04, 3500719, 260, 777, 0
7896, 285, 375, 519, 0, 0, 63.88%, 10, 0, 7, 469.93, 3503081, 260, 777, 0
7901, 285, 444, 519, 0, 0, 63.88%, 10, 0, 7, 464.52, 3505422, 260, 777, 0
7906, 286, 28, 519, 0, 0, 63.88%, 10, 0, 7, 436.52, 3507615, 260, 778, 0
7911, 286, 249, 519, 0, 0, 63.88%, 10, 0, 7, 453.18, 3509933, 260, 787, 0
7916, 286, 323, 519, 0, 0, 63.88%, 10, 0, 7, 409.33, 3511985, 260, 787, 0
7921, 286, 421, 519, 0, 0, 63.88%, 10, 0, 7, 416.21, 3514113, 260, 787, 0
7926, 286, 489, 519, 0, 0, 63.88%, 10, 0, 7, 469.19, 3516499, 260, 787, 0
7931, 287, 228, 519, 0, 0, 63.88%, 10, 0, 7, 476.09, 3518907, 260, 788, 0
7936, 287, 338, 519, 0, 0, 63.88%, 10, 0, 7, 443.60, 3521091, 260, 788, 0
7941, 287, 412, 519, 0, 0, 63.88%, 10, 0, 7, 427.92, 3523265, 260, 788, 0
7946, 287, 477, 519, 0, 0, 63.88%, 10, 0, 7, 436.31, 3525400, 260, 788, 0
7951, 288, 153, 519, 0, 0, 63.88%, 10, 0, 7, 460.13, 3527718, 260, 789, 0
7956, 288, 275, 519, 0, 0, 63.88%, 10, 0, 7, 465.59, 3530035, 260, 789, 0
7961, 288, 376, 519, 0, 0, 63.88%, 10, 0, 7, 463.06, 3532369, 260, 789, 0
7966, 288, 438, 519, 0, 0, 63.88%, 10, 0, 7, 441.05, 3534605, 260, 789, 0
7971, 288, 511, 519, 0, 0, 63.88%, 10, 0, 7, 449.76, 3536871, 260, 789, 0
7976, 289, 228, 519, 0, 0, 63.88%, 10, 0, 7, 461.56, 3539216, 260, 794, 0
7982, 289, 375, 519, 0, 0, 63.88%, 10, 0, 7, 461.67, 3541575, 260, 794, 0
7987, 289, 437, 519, 0, 0, 63.88%, 10, 0, 7, 460.56, 3543916, 260, 794, 0
7992, 289, 499, 519, 0, 0, 63.88%, 10, 0, 7, 446.17, 3546154, 260, 794, 0
7997, 290, 64, 519, 0, 0, 63.88%, 10, 0, 7, 446.42, 3548431, 260, 794, 0
8002, 290, 254, 519, 0, 0, 63.88%, 10, 0, 7, 450.96, 3550757, 260, 798, 0
8007, 290, 357, 519, 0, 0, 63.88%, 10, 0, 7, 441.09, 3552921, 260, 798, 0
8012, 290, 422, 519, 0, 0, 63.88%, 10, 0, 7, 428.67, 3554983, 260, 798, 0
8017, 290, 475, 519, 0, 0, 63.88%, 10, 0, 7, 445.63, 3557246, 260, 798, 0
8022, 291, 191, 519, 0, 0, 63.88%, 10, 0, 7, 449.75, 3559545, 260, 800, 0
8027, 291, 317, 519, 0, 0, 63.88%, 10, 0, 7, 449.19, 3561864, 260, 801, 0
8032, 291, 410, 519, 0, 0, 63.88%, 10, 0, 7, 439.64, 3564095, 260, 801, 0
8037, 291, 464, 519, 0, 0, 63.88%, 10, 0, 7, 454.46, 3566407, 260, 801, 0
8042, 291, 516, 519, 0, 0, 63.88%, 10, 0, 7, 436.90, 3568640, 260, 801, 0
8047, 292, 209, 519, 0, 0, 63.88%, 10, 0, 7, 449.60, 3570832, 260, 808, 0
8052, 292, 338, 519, 0, 0, 63.88%, 10, 0, 7, 433.30, 3573027, 260, 808, 0
8057, 292, 429, 519, 0, 0, 63.88%, 10, 0, 7, 448.21, 3575319, 260, 808, 0
8063, 292, 489, 519, 0, 0, 63.88%, 10, 0, 7, 403.49, 3577350, 260, 808, 0
8068, 293, 14, 520, 1, 0, 63.88%, 10, 0, 7, 418.93, 3579524, 260, 808, 0
8073, 293, 228, 520, 1, 0, 63.88%, 10, 0, 7, 439.30, 3581736, 260, 814, 0
8078, 293, 331, 520, 1, 0, 63.88%, 10, 0, 7, 419.99, 3583864, 260, 814, 0
8083, 293, 409, 520, 1, 0, 63.88%, 10, 0, 7, 410.98, 3585944, 260, 814, 0
8088, 293, 475, 520, 1, 0, 63.88%, 10, 0, 7, 452.15, 3588308, 260, 814, 0
8093, 294, 18, 520, 1, 0, 63.88%, 10, 0, 7, 417.94, 3590511, 260, 814, 0
8098, 294, 268, 520, 1, 0, 63.88%, 10, 0, 7, 437.77, 3592672, 260, 818, 0
8103, 294, 343, 520, 1, 0, 63.88%, 10, 0, 7, 449.79, 3594969, 260, 818, 0
8108, 294, 430, 520, 1, 0, 63.88%, 10, 0, 7, 456.41, 3597248, 260, 818, 0
8113, 294, 480, 520, 1, 0, 63.88%, 10, 0, 7, 444.68, 3599463, 260, 818, 0
8118, 295, 191, 520, 1, 0, 63.88%, 10, 0, 7, 441.28, 3601745, 260, 818, 0
8124, 295, 318, 520, 1, 0, 63.88%, 10, 0, 7, 451.10, 3604142, 260, 820, 0
8129, 295, 428, 520, 1, 0, 63.88%, 10, 0, 7, 435.63, 3606312, 260, 820, 0
8134, 295, 489, 520, 1, 0, 63.88%, 10, 0, 7, 457.92, 3608592, 260, 820, 0
8139, 296, 99, 520, 1, 0, 63.88%, 10, 0, 7, 444.14, 3610799, 260, 820, 0
8144, 296, 260, 520, 1, 0, 63.88%, 10, 0, 7, 421.72, 3612954, 260, 824, 0
8149, 296, 387, 520, 1, 0, 63.88%, 10, 0, 7, 433.98, 3615156, 260, 825, 0
8154, 296, 438, 520, 1, 0, 63.88%, 10, 0, 7, 463.39, 3617540, 260, 825, 0
8159, 296, 512, 520, 1, 0, 63.88%, 10, 0, 7, 466.31, 3619901, 260, 825, 0
8164, 297, 109, 520, 1, 0, 63.88%, 10, 0, 7, 454.18, 3622098, 260, 826, 0
8169, 297, 266, 520, 1, 0, 63.88%, 10, 0, 7, 424.69, 3624232, 260, 826, 0
8174, 297, 345, 520, 1, 0, 63.88%, 10, 0, 7, 416.25, 3626288, 260, 826, 0
8180, 297, 424, 520, 1, 0, 63.88%, 10, 0, 7, 430.64, 3628502, 260, 826, 0
8185, 297, 487, 520, 1, 0, 63.88%, 10, 0, 7, 445.94, 3630747, 260, 826, 0
8190, 298, 94, 520, 0, 0, 63.88%, 10, 0, 7, 443.90, 3632905, 260, 827, 0
8195, 298, 238, 520, 0, 0, 63.88%, 10, 0, 7, 431.74, 3635087, 260, 829, 0
8200, 298, 331, 520, 0, 0, 63.88%, 10, 0, 7, 435.33, 3637270, 260, 829, 0
8205, 298, 412, 520, 0, 0, 63.88%, 10, 0, 7, 418.83, 3639464, 260, 829, 0
8210, 298, 477, 520, 0, 0, 63.88%, 10, 0, 7, 433.61, 3641606, 260, 829, 0
8215, 298, 506, 520, 0, 0, 63.88%, 10, 0, 7, 404.02, 3643695, 260, 829, 0
8220, 299, 121, 520, 0, 0, 63.88%, 10, 0, 7, 441.32, 3645950, 260, 829, 0
8225, 299, 266, 520, 0, 0, 63.88%, 10, 0, 7, 413.31, 3647998, 260, 829, 0
8230, 299, 387, 520, 0, 0, 63.88%, 10, 0, 7, 441.49, 3650195, 260, 829, 0
8235, 299, 435, 520, 0, 0, 63.88%, 10, 0, 7, 432.60, 3652382, 260, 829, 0
8240, 299, 505, 520, 0, 0, 63.88%, 10, 0, 7, 456.79, 3654638, 260, 829, 0
8245, 300, 230, 520, 0, 0, 63.88%, 10, 0, 7, 433.08, 3656781, 260, 831, 0
8250, 300, 334, 520, 0, 0, 63.88%, 10, 0, 7, 477.90, 3659312, 260, 831, 0
8255, 300, 430, 520, 0, 0, 63.88%, 10, 0, 7, 456.84, 3661580, 260, 831, 0
8260, 300, 492, 520, 0, 0, 63.88%, 10, 0, 7, 437.68, 3663748, 260, 831, 0
8266, 301, 227, 520, 0, 0, 63.88%, 10, 0, 7, 439.94, 3666005, 260, 832, 0
8271, 301, 334, 520, 0, 0, 63.88%, 10, 0, 7, 443.62, 3668264, 260, 832, 0
8276, 301, 429, 520, 0, 0, 63.88%, 10, 0, 7, 458.98, 3670597, 260, 832, 0
8281, 301, 484, 520, 0, 0, 63.88%, 10, 0, 7, 445.19, 3672897, 260, 832, 0
8286, 302, 156, 520, 0, 0, 63.88%, 10, 0, 7, 466.45, 3675338, 260, 832, 0
8291, 302, 301, 520, 0, 0, 63.88%, 10, 0, 7, 466.73, 3677691, 260, 833, 0
8296, 302, 409, 520, 0, 0, 63.88%, 10, 0, 7, 447.31, 3679955, 260, 833, 0
8301, 302, 449, 520, 0, 0, 63.88%, 10, 0, 7, 439.80, 3682128, 260, 833, 0
8306, 302, 501, 520, 0, 0, 63.88%, 10, 0, 7, 443.72, 3684421, 260, 833, 0
8312, 302, 506, 520, 0, 0, 63.88%, 10, 0, 7, 430.90, 3686617, 260, 833, 0
8317, 303, 139, 520, 0, 0, 63.88%, 10, 0, 7, 468.13, 3688943, 260, 834, 0
8322, 303, 268, 520, 0, 0, 63.88%, 10, 0, 7, 439.66, 3691177, 260, 835, 0
8327, 303, 338, 520, 0, 0, 63.88%, 10, 0, 7, 443.91, 3693410, 260, 835, 0
8332, 303, 430, 520, 0, 0, 63.88%, 10, 0, 7, 451.84, 3695684, 260, 835, 0
8337, 303, 484, 520, 0, 0, 63.88%, 10, 0, 7, 439.95, 3697901, 260, 835, 0
8342, 304, 209, 520, 0, 0, 63.88%, 10, 0, 7, 443.40, 3700112, 260, 836, 0
8347, 304, 334, 520, 0, 0, 63.88%, 10, 0, 7, 422.48, 3702244, 260, 836, 0
8352, 304, 430, 520, 0, 0, 63.88%, 10, 0, 7, 441.83, 3704578, 260, 836, 0
8357, 304, 487, 520, 0, 0, 63.88%, 10, 0, 7, 455.55, 3706841, 260, 836, 0
8362, 305, 110, 520, 0, 0, 63.88%, 10, 0, 7, 454.75, 3709117, 260, 837, 0
8367, 305, 286, 520, 0, 0, 63.88%, 10, 0, 7, 423.89, 3711208, 260, 837, 0
8372, 305, 398, 520, 0, 0, 63.88%, 10, 0, 7, 444.96, 3713522, 260, 837, 0
8377, 305, 438, 520, 0, 0, 63.88%, 10, 0, 7, 451.42, 3715829, 260, 837, 0
8382, 305, 497, 520, 0, 0, 63.88%, 10, 0, 7, 428.82, 3718022, 260, 837, 0
8388, 305, 501, 520, 0, 0, 63.88%, 10, 0, 7, 415.14, 3720158, 260, 837, 0
8393, 306, 160, 520, 0, 0, 63.88%, 10, 0, 7, 461.70, 3722508, 260, 837, 0
8398, 306, 277, 520, 0, 0, 63.88%, 10, 0, 7, 434.51, 3724669, 260, 841, 0
8403, 306, 381, 520, 0, 0, 63.88%, 10, 0, 7, 433.88, 3726850, 260, 841, 0
8408, 306, 438, 520, 0, 0, 63.88%, 10, 0, 7, 440.13, 3729091, 260, 841, 0
8413, 307, 15, 520, 0, 0, 63.88%, 10, 0, 7, 451.09, 3731411, 260, 841, 0
8418, 307, 206, 520, 0, 0, 63.88%, 10, 0, 7, 458.72, 3733699, 260, 842, 0
8423, 307, 318, 520, 0, 0, 63.88%, 10, 0, 7, 447.65, 3735889, 260, 842, 0
8428, 307, 408, 520, 0, 0, 63.88%, 10, 0, 7, 455.89, 3738139, 260, 842, 0
8433, 307, 449, 520, 0, 0, 63.88%, 10, 0, 7, 455.30, 3740384, 260, 842, 0
8438, 307, 503, 520, 0, 0, 63.88%, 10, 0, 7, 439.21, 3742574, 260, 842, 0
8443, 308, 195, 520, 0, 0, 63.88%, 10, 0, 7, 434.77, 3744754, 260, 843, 0
8448, 308, 334, 520, 0, 0, 63.88%, 10, 0, 7, 463.31, 3747116, 260, 843, 0
8453, 308, 432, 520, 0, 0, 63.88%, 10, 0, 7, 455.79, 3749437, 260, 843, 0
8458, 308, 495, 520, 0, 0, 63.88%, 10, 0, 7, 452.80, 3751757, 260, 843, 0
8463, 309, 131, 520, 0, 0, 63.88%, 10, 0, 7, 422.84, 3753825, 260, 843, 0
8469, 309, 317, 520, 0, 0, 63.88%, 10, 0, 7, 436.31, 3756020, 260, 844, 0
8474, 309, 387, 520, 0, 0, 63.88%, 10, 0, 7, 414.14, 3758180, 260, 844, 0
8479, 309, 438, 520, 0, 0, 63.88%, 10, 0, 7, 435.54, 3760385, 260, 844, 0
8484, 309, 502, 520, 0, 0, 63.88%, 10, 0, 7, 441.49, 3762614, 260, 844, 0
8489, 310, 249, 520, 0, 0, 63.88%, 10, 0, 7, 465.95, 3764913, 260, 846, 0
8494, 310, 328, 520, 0, 0, 63.88%, 10, 0, 7, 441.66, 3767082, 260, 846, 0
8499, 310, 421, 520, 0, 0, 63.88%, 10, 0, 7, 440.10, 3769280, 260, 846, 0
8504, 310, 464, 520, 0, 0, 63.88%, 10, 0, 7, 427.03, 3771440, 260, 846, 0
8509, 311, 108, 520, 0, 0, 63.88%, 10, 0, 7, 426.37, 3773614, 260, 846, 0
8514, 311, 260, 520, 0, 0, 63.88%, 10, 0, 7, 458.38, 3775909, 260, 851, 0
8519, 311, 375, 520, 0, 0, 63.88%, 10, 0, 7, 433.51, 3778030, 260, 851, 0
8524, 311, 438, 520, 0, 0, 63.88%, 10, 0, 7, 428.89, 3780181, 260, 851, 0
8529, 311, 499, 520, 0, 0, 63.88%, 10, 0, 7, 426.75, 3782351, 260, 851, 0
8534, 312, 121, 520, 0, 0, 63.88%, 10, 0, 7, 422.24, 3784486, 260, 852, 0
8539, 312, 317, 520, 0, 0, 63.88%, 10, 0, 7, 422.89, 3786680, 260, 854, 0
8544, 312, 409, 520, 0, 0, 63.88%, 10, 0, 7, 434.80, 3788939, 260, 854, 0
8549, 312, 475, 520, 0, 0, 63.88%, 10, 0, 7, 448.23, 3791244, 260, 854, 0
8554, 313, 14, 520, 0, 0, 63.88%, 10, 0, 7, 415.73, 3793315, 260, 854, 0
8560, 313, 266, 520, 0, 0, 63.88%, 10, 0, 7, 412.14, 3795441, 260, 857, 0
8565, 313, 387, 520, 0, 0, 63.88%, 10, 0, 7, 466.15, 3797844, 260, 857, 0
8570, 313, 438, 520, 0, 0, 63.88%, 10, 0, 7, 442.58, 3800090, 260, 857, 0
8575, 314, 32, 520, 0, 0, 63.88%, 10, 0, 7, 436.35, 3802327, 260, 857, 0
8580, 314, 249, 520, 0, 0, 63.88%, 10, 0, 7, 444.15, 3804565, 260, 861, 0
8585, 314, 375, 520, 0, 0, 63.88%, 10, 0, 7, 451.27, 3806862, 260, 861, 0
8590, 314, 428, 520, 0, 0, 63.88%, 10, 0, 7, 442.45, 3809025, 260, 861, 0
8595, 314, 489, 520, 0, 0, 63.88%, 10, 0, 7, 444.35, 3811281, 260, 861, 0
8600, 315, 166, 520, 0, 0, 63.88%, 10, 0, 7, 427.80, 3813377, 260, 861, 0
8605, 315, 315, 520, 0, 0, 63.88%, 10, 0, 7, 436.70, 3815620, 260, 862, 0
8610, 315, 404, 520, 0, 0, 63.88%, 10, 0, 7, 423.72, 3817708, 260, 862, 0
8615, 315, 438, 520, 0, 0, 63.88%, 10, 0, 7, 430.29, 3819841, 260, 862, 0
8620, 315, 511, 520, 0, 0, 63.88%, 10, 0, 7, 451.68, 3822134, 260, 862, 0
8625, 316, 191, 520, 0, 0, 63.88%, 10, 0, 7, 456.36, 3824387, 260, 869, 0
8630, 316, 317, 520, 0, 0, 63.88%, 10, 0, 7, 444.54, 3826580, 260, 869, 0
8635, 316, 421, 520, 0, 0, 63.88%, 10, 0, 7, 452.22, 3828834, 260, 869, 0
8640, 316, 480, 520, 0, 0, 63.88%, 10, 0, 7, 471.78, 3831239, 260, 869, 0
8645, 317, 149, 520, 0, 0, 63.88%, 10, 0, 7, 439.59, 3833386, 260, 869, 0
8650, 317, 317, 520, 0, 0, 63.88%, 10, 0, 7, 466.40, 3835769, 260, 870, 0
8655, 317, 412, 520, 0, 0, 63.88%, 10, 0, 7, 457.58, 3838059, 260, 870, 0
8661, 317, 477, 520, 0, 0, 63.88%, 10, 0, 7, 444.57, 3840419, 260, 870, 0
8666, 318, 15, 520, 0, 0, 63.88%, 10, 0, 7, 438.22, 3842693, 260, 870, 0
8671, 318, 220, 520, 0, 0, 63.88%, 10, 0, 7, 433.72, 3844881, 260, 871, 0
8676, 318, 317, 520, 0, 0, 63.88%, 10, 0, 7, 430.76, 3846993, 260, 871, 0
8681, 318, 421, 520, 0, 0, 63.88%, 10, 0, 7, 432.31, 3849179, 260, 871, 0
8686, 318, 480, 520, 0, 0, 63.88%, 10, 0, 7, 448.71, 3851461, 260, 871, 0
8691, 319, 109, 520, 0, 0, 63.88%, 10, 0, 7, 459.52, 3853884, 260, 871, 0
8696, 319, 230, 520, 0, 0, 63.88%, 10, 0, 7, 443.00, 3856114, 260, 879, 0
8701, 319, 334, 520, 0, 0, 63.88%, 10, 0, 7, 438.99, 3858357, 260, 879, 0
8707, 319, 434, 520, 0, 0, 63.88%, 10, 0, 7, 448.98, 3860719, 260, 879, 0
8712, 319, 503, 520, 0, 0, 63.88%, 10, 0, 7, 457.09, 3863040, 260, 879, 0
8717, 320, 89, 520, 0, 0, 63.88%, 10, 0, 7, 463.17, 3865279, 260, 879, 0
8722, 320, 301, 520, 0, 0, 63.88%, 10, 0, 7, 451.15, 3867554, 260, 882, 0
8727, 320, 412, 520, 0, 0, 63.88%, 10, 0, 7, 465.38, 3869992, 260, 882, 0
8732, 320, 475, 520, 0, 0, 63.88%, 10, 0, 7, 441.98, 3872192, 260, 882, 0
8737, 320, 516, 520, 0, 0, 63.88%, 10, 0, 7, 428.70, 3874325, 260, 882, 0
8742, 321, 209, 520, 0, 0, 63.88%, 10, 0, 7, 446.18, 3876626, 260, 884, 0
8747, 321, 301, 520, 0, 0, 63.88%, 10, 0, 7, 463.75, 3879029, 260, 884, 0
8752, 321, 399, 520, 0, 0, 63.88%, 10, 0, 7, 483.30, 3881463, 260, 884, 0
8757, 321, 438, 520, 0, 0, 63.88%, 10, 0, 7, 434.84, 3883637, 260, 884, 0
8763, 321, 502, 520, 0, 0, 63.88%, 10, 0, 7, 429.22, 3885789, 260, 884, 0
8768, 322, 208, 520, 0, 0, 63.88%, 10, 0, 7, 460.33, 3888124, 260, 885, 0
8773, 322, 317, 520, 0, 0, 63.88%, 10, 0, 7, 450.58, 3890369, 260, 885, 0
8778, 322, 404, 520, 0, 0, 63.88%, 10, 0, 7, 452.99, 3892637, 260, 885, 0
8783, 322, 449, 520, 0, 0, 63.88%, 10, 0, 7, 470.11, 3895095, 260, 885, 0
8788, 323, 70, 520, 0, 0, 63.88%, 10, 0, 7, 436.18, 3897266, 260, 885, 0
8793, 323, 268, 520, 0, 0, 63.88%, 10, 0, 7, 452.82, 3899532, 260, 888, 0
8798, 323, 387, 520, 0, 0, 63.88%, 10, 0, 7, 457.49, 3901851, 260, 888, 0
8803, 323, 444, 520, 0, 0, 63.88%, 10, 0, 7, 438.59, 3904051, 260, 888, 0
8808, 323, 497, 520, 0, 0, 63.88%, 10, 0, 7, 428.05, 3906205, 260, 888, 0
8813, 324, 109, 520, 0, 0, 63.88%, 10, 0, 7, 440.61, 3908387, 260, 889, 0
8818, 324, 301, 520, 0, 0, 63.88%, 10, 0, 7, 454.56, 3910679, 260, 889, 0
8823, 324, 409, 520, 0, 0, 63.88%, 10, 0, 7, 465.43, 3913046, 260, 889, 0
8828, 324, 453, 520, 0, 0, 63.88%, 10, 0, 7, 447.26, 3915211, 260, 889, 0
8833, 324, 507, 520, 0, 0, 63.88%, 10, 0, 7, 437.52, 3917388, 260, 890, 0
8838, 325, 248, 520, 0, 0, 63.88%, 10, 0, 7, 467.77, 3919857, 260, 893, 0
8843, 325, 328, 520, 0, 0, 63.88%, 10, 0, 7, 442.36, 3922051, 260, 893, 0
8848, 325, 423, 520, 0, 0, 63.88%, 10, 0, 7, 449.57, 3924329, 260, 893, 0
8853, 325, 480, 520, 0, 0, 63.88%, 10, 0, 7, 444.63, 3926539, 260, 893, 0
8859, 326, 109, 520, 0, 0, 63.88%, 10, 0, 7, 449.32, 3928774, 260, 893, 0
8864, 326, 277, 520, 0, 0, 63.88%, 10, 0, 7, 447.85, 3931060, 260, 895, 0
8869, 326, 375, 520, 0, 0, 63.88%, 10, 0, 7, 435.37, 3933305, 260, 895, 0
8874, 326, 444, 520, 0, 0, 63.88%, 10, 0, 7, 442.04, 3935560, 260, 895, 0
8879, 326, 504, 520, 0, 0, 63.88%, 10, 0, 7, 425.84, 3937711, 260, 895, 0
8884, 327, 42, 520, 0, 0, 63.88%, 10, 0, 7, 446.21, 3939942, 260, 895, 0
8889, 327, 222, 520, 0, 0, 63.88%, 10, 0, 7, 426.22, 3942127, 260, 897, 0
8894, 327, 308, 520, 0, 0, 63.88%, 10, 0, 7, 441.17, 3944420, 260, 898, 0
8899, 327, 404, 520, 0, 0, 63.88%, 10, 0, 7, 422.21, 3946522, 260, 898, 0
8904, 327, 442, 520, 0, 0, 63.88%, 10, 0, 7, 419.93, 3948657, 260, 898, 0
8909, 328, 58, 520, 0, 0, 63.88%, 10, 0, 7, 431.93, 3950897, 260, 898, 0
8914, 328, 191, 520, 0, 0, 63.88%, 10, 0, 7, 424.99, 3953045, 260, 902, 0
8919, 328, 318, 520, 0, 0, 63.88%, 10, 0, 7, 439.61, 3955208, 260, 903, 0
8924, 328, 428, 520, 0, 0, 63.88%, 10, 0, 7, 453.10, 3957540, 260, 903, 0
8929, 328, 484, 520, 0, 0, 63.88%, 11, 0, 7, 432.71, 3959715, 260, 904, 0
8935, 329, 191, 520, 0, 0, 63.88%, 11, 0, 7, 456.78, 3962167, 260, 911, 0
8940, 329, 317, 520, 0, 0, 63.88%, 11, 0, 7, 442.87, 3964450, 260, 911, 0
8945, 329, 403, 520, 0, 0, 63.88%, 11, 0, 7, 463.99, 3966815, 260, 911, 0
8950, 329, 438, 520, 0, 0, 63.88%, 11, 0, 7, 440.95, 3968970, 260, 911, 0
8955, 329, 483, 520, 0, 0, 63.88%, 11, 0, 7, 447.81, 3971241, 260, 912, 0
8960, 330, 91, 520, 0, 0, 63.88%, 11, 0, 7, 438.67, 3973429, 260, 912, 0
8965, 330, 260, 520, 0, 0, 63.88%, 11, 0, 7, 450.48, 3975735, 260, 914, 0
8970, 330, 334, 520, 0, 0, 63.88%, 11, 0, 7, 445.03, 3977957, 260, 914, 0
8975, 330, 438, 520, 0, 0, 63.88%, 11, 0, 7, 444.90, 3980174, 260, 914, 0
8980, 330, 496, 520, 0, 0, 63.88%, 11, 0, 7, 442.98, 3982433, 260, 914, 0
8985, 331, 130, 520, 0, 0, 63.88%, 11, 0, 7, 450.05, 3984730, 260, 914, 0
8990, 331, 317, 520, 0, 0, 63.88%, 11, 0, 7, 431.49, 3986867, 260, 918, 0
8995, 331, 412, 520, 0, 0, 63.88%, 11, 0, 7, 447.92, 3989186, 260, 918, 0
9000, 331, 475, 520, 0, 0, 63.88%, 11, 0, 7, 441.93, 3991421, 260, 918, 0
9005, 331, 501, 520, 0, 0, 63.88%, 11, 0, 7, 439.26, 3993638, 260, 918, 0
9010, 332, 120, 520, 0, 0, 63.88%, 11, 0, 7, 439.13, 3995833, 260, 918, 0
9015, 332, 277, 520, 0, 0, 63.88%, 11, 0, 7, 456.12, 3998066, 260, 918, 0
9021, 332, 402, 520, 0, 0, 63.88%, 11, 0, 7, 443.44, 4000317, 260, 918, 0
9026, 332, 438, 520, 0, 0, 63.88%, 11, 0, 7, 425.82, 4002464, 260, 918, 0
9031, 333, 94, 520, 0, 0, 63.88%, 11, 0, 7, 441.63, 4004759, 260, 918, 0
9036, 333, 277, 520, 0, 0, 63.88%, 11, 0, 7, 427.30, 4006976, 260, 923, 0
9041, 333, 387, 520, 0, 0, 63.88%, 11, 0, 7, 424.09, 4009172, 260, 923, 0
9046, 333, 438, 520, 0, 0, 63.88%, 11, 0, 7, 438.36, 4011353, 260, 923, 0
9051, 333, 499, 520, 0, 0, 63.88%, 11, 0, 7, 441.14, 4013542, 260, 923, 0
9056, 334, 109, 520, 0, 0, 63.88%, 11, 0, 7, 457.92, 4015885, 260, 924, 0
9061, 334, 317, 520, 0, 0, 63.88%, 11, 0, 7, 463.31, 4018218, 260, 924, 0
9066, 334, 409, 520, 0, 0, 63.88%, 11, 0, 7, 444.50, 4020451, 260, 924, 0
9071, 334, 449, 520, 0, 0, 63.88%, 11, 0, 7, 426.75, 4022592, 260, 924, 0
9076, 334, 500, 520, 0, 0, 63.88%, 11, 0, 7, 427.76, 4024831, 260, 924, 0
9082, 335, 10, 520, 0, 0, 63.88%, 11, 0, 7, 421.12, 4026982, 260, 924, 0
9087, 335, 188, 520, 0, 0, 63.88%, 11, 0, 7, 439.24, 4029211, 260, 925, 0
9092, 335, 334, 520, 0, 0, 63.88%, 11, 0, 7, 461.67, 4031555, 260, 925, 0
9097, 335, 438, 520, 0, 0, 63.88%, 11, 0, 7, 473.35, 4033992, 260, 925, 0
9102, 335, 496, 520, 0, 0, 63.88%, 11, 0, 7, 435.60, 4036137, 260, 925, 0
9107, 336, 17, 520, 0, 0, 63.88%, 11, 0, 7, 441.18, 4038441, 260, 925, 0
9112, 336, 240, 520, 0, 0, 63.88%, 11, 0, 7, 450.52, 4040653, 260, 931, 0
9117, 336, 329, 520, 0, 0, 63.88%, 11, 0, 7, 433.75, 4042857, 260, 931, 0
9122, 336, 423, 520, 0, 0, 63.88%, 11, 0, 7, 450.94, 4045147, 260, 931, 0
9127, 336, 480, 520, 0, 0, 63.88%, 11, 0, 7, 449.60, 4047428, 260, 931, 0
9132, 337, 109, 520, 0, 0, 63.88%, 11, 0, 7, 446.35, 4049691, 260, 931, 0
9137, 337, 301, 520, 0, 0, 63.88%, 11, 0, 7, 431.22, 4051877, 260, 934, 0
9142, 337, 404, 520, 0, 0, 63.88%, 11, 0, 7, 460.40, 4054251, 260, 934, 0
9148, 337, 449, 520, 0, 0, 63.88%, 11, 0, 7, 470.94, 4056719, 260, 934, 0
9153, 338, 28, 520, 0, 0, 63.88%, 11, 0, 7, 458.94, 4058943, 260, 934, 0
9158, 338, 259, 520, 0, 0, 63.88%, 11, 0, 7, 468.18, 4061295, 260, 940, 0
9163, 338, 375, 520, 0, 0, 63.88%, 12, 0, 7, 464.01, 4063584, 260, 941, 0
9168, 338, 438, 520, 0, 0, 63.88%, 12, 0, 7, 452.76, 4065889, 260, 941, 0
9173, 338, 499, 520, 0, 0, 63.88%, 12, 0, 7, 451.51, 4068113, 260, 941, 0
9178, 339, 60, 520, 0, 0, 63.88%, 12, 0, 7, 445.80, 4070389, 260, 941, 0
9183, 339, 255, 520, 0, 0, 63.88%, 12, 0, 7, 439.62, 4072562, 260, 942, 0
9188, 339, 338, 520, 0, 0, 63.88%, 12, 0, 7, 462.60, 4074804, 260, 942, 0
9193, 339, 423, 520, 0, 0, 63.88%, 12, 0, 7, 448.75, 4077069, 260, 942, 0
9198, 339, 484, 520, 0, 0, 63.88%, 12, 0, 7, 418.45, 4079228, 260, 942, 0
9203, 340, 121, 520, 0, 0, 63.88%, 12, 0, 7, 417.05, 4081249, 260, 942, 0
9208, 340, 276, 520, 0, 0, 63.88%, 12, 0, 7, 413.67, 4083309, 260, 944, 0
9213, 340, 356, 520, 0, 0, 63.88%, 12, 0, 7, 423.17, 4085355, 260, 944, 0
9218, 340, 438, 520, 0, 0, 63.88%, 12, 0, 7, 439.10, 4087643, 260, 944, 0
9223, 341, 11, 520, 0, 0, 63.88%, 12, 0, 7, 435.08, 4089874, 260, 944, 0
9228, 341, 249, 520, 0, 0, 63.88%, 12, 0, 7, 426.53, 4092029, 260, 946, 0
9234, 341, 356, 520, 0, 0, 63.88%, 12, 0, 7, 434.35, 4094272, 260, 946, 0
9239, 341, 428, 520, 0, 0, 63.88%, 12, 0, 7, 430.60, 4096447, 260, 946, 0
9244, 341, 480, 520, 0, 0, 63.88%, 12, 0, 7, 437.55, 4098634, 260, 946, 0
9249, 342, 138, 520, 0, 0, 63.88%, 12, 0, 7, 412.58, 4100727, 260, 947, 0
9254, 342, 276, 520, 0, 0, 63.88%, 12, 0, 7, 448.95, 4103013, 260, 949, 0
9259, 342, 375, 520, 0, 0, 63.88%, 12, 0, 7, 450.08, 4105232, 260, 949, 0
9264, 342, 431, 520, 0, 0, 63.88%, 12, 0, 7, 416.09, 4107327, 260, 949, 0
9269, 342, 480, 520, 0, 0, 63.88%, 12, 0, 7, 438.73, 4109573, 260, 950, 0
9274, 343, 10, 520, 0, 0, 63.88%, 12, 0, 7, 426.85, 4111678, 260, 950, 0
9279, 343, 194, 520, 0, 0, 63.88%, 12, 0, 7, 471.05, 4114084, 260, 954, 0
9284, 343, 331, 520, 0, 0, 63.88%, 12, 0, 7, 483.07, 4116518, 260, 954, 0
9289, 343, 429, 520, 0, 0, 63.88%, 12, 0, 7, 474.30, 4118825, 260, 954, 0
9294, 343, 496, 520, 0, 0, 63.88%, 12, 0, 7, 445.87, 4121008, 260, 955, 0
9299, 344, 159, 520, 0, 0, 63.88%, 12, 0, 7, 452.39, 4123346, 260, 956, 0
9305, 344, 317, 520, 0, 0, 63.88%, 12, 0, 7, 425.12, 4125451, 260, 958, 0
9310, 344, 409, 520, 0, 0, 63.88%, 12, 0, 7, 447.20, 4127693, 260, 958, 0
9315, 344, 444, 520, 0, 0, 63.88%, 12, 0, 7, 437.12, 4129856, 260, 959, 0
9320, 345, 18, 520, 0, 0, 63.88%, 12, 0, 7, 481.99, 4132309, 260, 959, 0
9325, 345, 268, 520, 0, 0, 63.88%, 12, 0, 7, 449.03, 4134502, 260, 962, 0
9330, 345, 361, 520, 0, 0, 63.88%, 12, 0, 7, 433.80, 4136689, 260, 962, 0
9335, 345, 429, 520, 0, 0, 63.88%, 12, 0, 7, 461.80, 4139113, 260, 962, 0
9340, 345, 484, 520, 0, 0, 63.88%, 12, 0, 7, 449.24, 4141325, 260, 962, 0
9345, 346, 166, 520, 0, 0, 63.88%, 12, 0, 7, 439.26, 4143568, 260, 962, 0
9350, 346, 313, 520, 0, 0, 63.88%, 12, 0, 7, 449.36, 4145849, 260, 967, 0
9355, 346, 409, 520, 0, 0, 63.88%, 12, 0, 7, 443.74, 4148077, 260, 967, 0
9360, 346, 475, 520, 0, 0, 63.88%, 12, 0, 7, 446.54, 4150308, 260, 967, 0
9365, 347, 31, 520, 0, 0, 63.88%, 12, 0, 7, 459.13, 4152556, 260, 967, 0
9371, 347, 266, 520, 0, 0, 63.88%, 12, 0, 7, 439.09, 4154837, 260, 968, 0
9376, 347, 351, 520, 0, 0, 63.88%, 12, 0, 7, 429.94, 4156991, 260, 968, 0
9381, 347, 421, 520, 0, 0, 63.88%, 12, 0, 7, 388.15, 4158871, 260, 968, 0
9386, 347, 477, 520, 0, 0, 63.88%, 12, 0, 7, 421.37, 4161079, 260, 968, 0
9391, 348, 156, 520, 0, 0, 63.88%, 12, 0, 7, 421.41, 4163217, 260, 968, 0
9396, 348, 317, 520, 0, 0, 63.88%, 12, 0, 7, 426.12, 4165440, 260, 971, 0
9401, 348, 404, 520, 0, 0, 63.88%, 12, 0, 7, 442.99, 4167660, 260, 971, 0
9406, 348, 449, 520, 0, 0, 63.88%, 12, 0, 7, 426.76, 4169827, 260, 971, 0
9411, 348, 512, 520, 0, 0, 63.88%, 12, 0, 7, 417.78, 4171932, 260, 971, 0
9417, 349, 168, 520, 0, 0, 63.88%, 12, 0, 7, 436.86, 4174223, 260, 972, 0
9422, 349, 281, 520, 0, 0, 63.88%, 12, 0, 7, 448.10, 4176441, 260, 976, 0
9427, 349, 348, 520, 0, 0, 63.88%, 12, 0, 7, 452.06, 4178757, 260, 976, 0
9432, 349, 438, 520, 0, 0, 63.88%, 12, 0, 7, 451.92, 4181035, 260, 976, 0
9437, 349, 499, 520, 0, 0, 63.88%, 12, 0, 7, 457.11, 4183304, 260, 976, 0
9442, 350, 191, 520, 0, 0, 63.88%, 12, 0, 7, 450.81, 4185550, 260, 979, 0
9447, 350, 318, 520, 0, 0, 63.88%, 12, 0, 7, 477.71, 4188064, 260, 979, 0
9452, 350, 423, 520, 0, 0, 63.88%, 12, 0, 7, 469.52, 4190516, 260, 979, 0
9457, 350, 484, 520, 0, 0, 63.88%, 12, 0, 7, 446.44, 4192732, 260, 979, 0
9462, 351, 195, 520, 0, 0, 63.88%, 12, 0, 7, 442.85, 4194947, 260, 981, 0
9467, 351, 334, 520, 0, 0, 63.88%, 12, 0, 7, 456.73, 4197301, 260, 981, 0
9472, 351, 409, 520, 0, 0, 63.88%, 12, 0, 7, 447.00, 4199542, 260, 981, 0
9478, 351, 454, 520, 0, 0, 63.88%, 12, 0, 7, 425.83, 4201700, 260, 981, 0
9483, 352, 117, 520, 0, 0, 63.88%, 12, 0, 7, 455.97, 4203961, 260, 981, 0
9488, 352, 301, 520, 0, 0, 63.88%, 12, 0, 7, 453.12, 4206268, 260, 983, 0
9493, 352, 404, 520, 0, 0, 63.88%, 12, 0, 7, 457.91, 4208553, 260, 983, 0
9498, 352, 438, 520, 0, 0, 63.88%, 12, 0, 7, 459.87, 4210880, 260, 983, 0
9503, 353, 28, 520, 0, 0, 63.88%, 12, 0, 7, 461.13, 4213203, 260, 983, 0
9508, 353, 276, 520, 0, 0, 63.88%, 12, 0, 7, 458.49, 4215483, 260, 985, 0
9513, 353, 375, 520, 0, 0, 63.88%, 12, 0, 7, 430.34, 4217658, 260, 985, 0
9518, 353, 438, 520, 0, 0, 63.88%, 12, 0, 7, 444.98, 4219901, 260, 985, 0
9523, 353, 499, 520, 0, 0, 63.88%, 12, 0, 7, 457.05, 4222258, 260, 985, 0
9528, 354, 176, 520, 0, 0, 63.88%, 12, 0, 7, 462.33, 4224592, 260, 985, 0
9533, 354, 301, 520, 0, 0, 63.88%, 12, 0, 7, 417.40, 4226747, 260, 991, 0
9538, 354, 409, 520, 0, 0, 63.88%, 12, 0, 7, 432.22, 4228951, 260, 991, 0
9543, 354, 446, 520, 0, 0, 63.88%, 12, 0, 7, 453.89, 4231224, 260, 991, 0
9548, 355, 52, 520, 0, 0, 63.88%, 12, 0, 7, 435.64, 4233375, 260, 991, 0
9553, 355, 218, 520, 0, 0, 63.88%, 12, 0, 7, 423.12, 4235564, 260, 993, 0
9558, 355, 317, 520, 0, 0, 63.88%, 12, 0, 7, 442.86, 4237743, 260, 993, 0
9563, 355, 409, 520, 0, 0, 63.88%, 12, 0, 7, 447.02, 4239979, 260, 993, 0
9568, 355, 480, 520, 0, 0, 63.88%, 12, 0, 7, 458.62, 4242302, 260, 993, 0
9574, 356, 186, 520, 0, 0, 63.88%, 12, 0, 7, 443.96, 4244581, 260, 993, 0
9579, 356, 304, 520, 0, 0, 63.88%, 12, 0, 7, 429.71, 4246784, 260, 995, 0
9584, 356, 404, 520, 0, 0, 63.88%, 12, 0, 7, 439.94, 4249012, 260, 995, 0
9589, 356, 444, 520, 0, 0, 63.88%, 12, 0, 7, 428.97, 4251153, 260, 995, 0
9594, 357, 10, 520, 0, 0, 63.88%, 12, 0, 7, 441.66, 4253408, 260, 995, 0
9599, 357, 260, 520, 0, 0, 63.88%, 12, 0, 7, 419.64, 4255540, 260, 997, 0
9604, 357, 387, 520, 0, 0, 63.88%, 12, 0, 7, 440.26, 4257844, 260, 998, 0
9609, 357, 432, 520, 0, 0, 63.88%, 12, 0, 7, 451.66, 4260135, 260, 998, 0
9614, 357, 487, 520, 0, 0, 63.88%, 12, 0, 7, 442.84, 4262384, 260, 998, 0
9619, 358, 147, 520, 0, 0, 63.88%, 12, 0, 7, 453.67, 4264675, 260, 998, 0
9624, 358, 301, 520, 0, 0, 63.88%, 12, 0, 7, 450.66, 4266930, 260, 999, 0
9629, 358, 404, 520, 0, 0, 63.88%, 12, 0, 7, 440.95, 4269150, 260, 999, 0
9635, 358, 449, 520, 0, 0, 63.88%, 12, 0, 7, 471.06, 4271506, 260, 999, 0
9640, 358, 503, 520, 0, 0, 63.88%, 12, 0, 7, 437.95, 4273658, 260, 999, 0
9645, 359, 238, 520, 0, 0, 63.88%, 12, 0, 7, 426.26, 4275878, 260, 1002, 0
9650, 359, 334, 520, 0, 0, 63.88%, 12, 0, 7, 426.67, 4278104, 260, 1002, 0
9655, 359, 430, 520, 0, 0, 63.88%, 12, 0, 7, 437.44, 4280296, 260, 1002, 0
9660, 359, 499, 520, 0, 0, 63.88%, 12, 0, 7, 431.63, 4282515, 260, 1002, 0
9665, 360, 228, 520, 0, 0, 63.88%, 12, 0, 7, 456.56, 4284859, 260, 1003, 0
9670, 360, 323, 520, 0, 0, 63.88%, 12, 0, 7, 456.88, 4287172, 260, 1003, 0
9675, 360, 409, 520, 0, 0, 63.88%, 12, 0, 7, 438.80, 4289429, 260, 1003, 0
9680, 360, 444, 520, 0, 0, 63.88%, 12, 0, 7, 444.06, 4291692, 260, 1003, 0
9686, 361, 15, 520, 0, 0, 63.88%, 12, 0, 7, 431.90, 4293924, 260, 1003, 0
9691, 361, 249, 520, 0, 0, 63.88%, 12, 0, 7, 444.54, 4296171, 260, 1005, 0
9696, 361, 334, 520, 0, 0, 63.88%, 12, 0, 7, 422.79, 4298339, 260, 1005, 0
9701, 361, 415, 520, 0, 0, 63.88%, 12, 0, 7, 432.88, 4300585, 260, 1005, 0
9706, 361, 464, 520, 0, 0, 63.88%, 12, 0, 7, 425.96, 4302755, 260, 1005, 0
9711, 361, 506, 520, 0, 0, 63.88%, 12, 0, 7, 424.35, 4304857, 260, 1005, 0
9716, 362, 197, 520, 0, 0, 63.88%, 12, 0, 7, 436.72, 4307054, 260, 1007, 0
9721, 362, 337, 520, 0, 0, 63.88%, 12, 0, 7, 437.13, 4309239, 260, 1007, 0
9726, 362, 421, 520, 0, 0, 63.88%, 12, 0, 7, 441.66, 4311451, 260, 1007, 0
9731, 362, 464, 520, 0, 0, 63.88%, 12, 0, 7, 424.32, 4313617, 260, 1007, 0
9736, 362, 501, 520, 0, 0, 63.88%, 12, 0, 7, 438.99, 4315776, 260, 1007, 0
9741, 363, 91, 520, 0, 0, 63.88%, 12, 0, 7, 447.22, 4318078, 260, 1007, 0
9746, 363, 260, 520, 0, 0, 63.88%, 12, 0, 7, 437.31, 4320255, 260, 1009, 0
9751, 363, 334, 520, 0, 0, 63.88%, 12, 0, 7, 411.73, 4322321, 260, 1009, 0
9756, 363, 438, 520, 0, 0, 63.88%, 12, 0, 7, 442.63, 4324560, 260, 1009, 0
9761, 363, 497, 520, 0, 0, 63.88%, 12, 0, 7, 438.27, 4326816, 260, 1009, 0
9767, 364, 67, 520, 0, 0, 63.88%, 12, 0, 7, 440.15, 4329034, 260, 1009, 0
9772, 364, 279, 520, 0, 0, 63.88%, 12, 0, 7, 454.56, 4331404, 260, 1013, 0
9777, 364, 404, 520, 0, 0, 63.88%, 12, 0, 7, 451.54, 4333720, 260, 1013, 0
9782, 364, 444, 520, 0, 0, 63.88%, 12, 0, 7, 432.96, 4335924, 260, 1013, 0
9787, 364, 513, 520, 0, 0, 63.88%, 12, 0, 7, 433.55, 4338160, 260, 1013, 0
9792, 365, 192, 520, 0, 0, 63.88%, 12, 0, 7, 425.27, 4340339, 260, 1016, 0
9797, 365, 317, 520, 0, 0, 63.88%, 12, 0, 7, 420.34, 4342496, 260, 1016, 0
9802, 365, 407, 520, 0, 0, 63.88%, 12, 0, 7, 434.55, 4344736, 260, 1016, 0
9807, 365, 468, 520, 0, 0, 63.88%, 12, 0, 7, 449.10, 4347085, 260, 1016, 0
9812, 366, 109, 520, 0, 0, 63.88%, 12, 0, 7, 447.89, 4349446, 260, 1016, 0
9818, 366, 301, 520, 0, 0, 63.88%, 12, 0, 7, 451.05, 4351748, 260, 1018, 0
9823, 366, 404, 520, 0, 0, 63.88%, 12, 0, 7, 433.33, 4353952, 260, 1018, 0
9828, 366, 438, 520, 0, 0, 63.88%, 12, 0, 7, 425.78, 4356037, 260, 1018, 0
9833, 367, 78, 520, 0, 0, 63.88%, 12, 0, 7, 445.09, 4358347, 260, 1018, 0
9838, 367, 249, 520, 0, 0, 63.88%, 12, 0, 7, 453.91, 4360666, 260, 1020, 0
9843, 367, 358, 520, 0, 0, 63.88%, 12, 0, 7, 446.87, 4362907, 260, 1020, 0
9848, 367, 429, 520, 0, 0, 63.88%, 12, 0, 7, 452.70, 4365189, 260, 1020, 0
9853, 367, 489, 520, 0, 0, 63.88%, 12, 0, 7, 455.30, 4367430, 260, 1020, 0
9858, 368, 134, 520, 0, 0, 63.88%, 12, 0, 7, 432.30, 4369574, 260, 1020, 0
9863, 368, 301, 520, 0, 0, 63.88%, 12, 0, 7, 455.26, 4371837, 260, 1021, 0
9868, 368, 387, 520, 0, 0, 63.88%, 12, 0, 7, 431.66, 4373969, 260, 1021, 0
9873, 368, 438, 520, 0, 0, 63.88%, 12, 0, 7, 439.83, 4376208, 260, 1021, 0
9878, 368, 502, 520, 0, 0, 63.88%, 12, 0, 7, 430.75, 4378382, 260, 1021, 0
9883, 369, 191, 520, 0, 0, 63.88%, 12, 0, 7, 424.38, 4380504, 260, 1021, 0
9888, 369, 331, 520, 0, 0, 63.88%, 12, 0, 7, 459.63, 4382811, 260, 1022, 0
9893, 369, 428, 520, 0, 0, 63.88%, 12, 0, 7, 464.07, 4385163, 260, 1022, 0
9898, 369, 484, 520, 0, 0, 63.88%, 12, 0, 7, 429.26, 4387276, 260, 1022, 0
9903, 370, 101, 520, 0, 0, 63.88%, 12, 0, 7, 420.62, 4389402, 260, 1022, 0
9908, 370, 255, 520, 0, 0, 63.88%, 12, 0, 7, 438.93, 4391658, 260, 1022, 0
9913, 370, 344, 520, 0, 0, 63.88%, 12, 0, 7, 442.45, 4393871, 260, 1022, 0
9918, 370, 412, 520, 0, 0, 63.88%, 12, 0, 7, 423.18, 4396013, 260, 1022, 0
9923, 370, 484, 520, 0, 0, 63.88%, 12, 0, 7, 462.24, 4398330, 260, 1022, 0
9929, 371, 18, 520, 0, 0, 63.88%, 12, 0, 7, 434.67, 4400512, 260, 1022, 0
9934, 371, 224, 520, 0, 0, 63.88%, 12, 0, 7, 444.17, 4402776, 260, 1025, 0
9939, 371, 334, 520, 0, 0, 63.88%, 12, 0, 7, 439.42, 4405086, 260, 1026, 0
9944, 371, 412, 520, 0, 0, 63.88%, 12, 0, 7, 454.19, 4407399, 260, 1026, 0
9949, 371, 464, 520, 0, 0, 63.88%, 12, 0, 7, 457.52, 4409718, 260, 1026, 0
9954, 372, 40, 520, 0, 0, 63.88%, 12, 0, 7, 452.43, 4412045, 260, 1026, 0
9959, 372, 244, 520, 0, 0, 63.88%, 12, 0, 7, 433.59, 4414245, 260, 1027, 0
9964, 372, 338, 520, 0, 0, 63.88%, 12, 0, 7, 431.62, 4416458, 260, 1027, 0
9969, 372, 438, 520, 0, 0, 63.88%, 12, 0, 7, 442.47, 4418700, 260, 1027, 0
9974, 373, 32, 520, 0, 0, 63.88%, 12, 0, 7, 454.52, 4421053, 260, 1027, 0
9979, 373, 254, 520, 0, 0, 63.88%, 12, 0, 7, 476.45, 4423518, 260, 1028, 0
9984, 373, 368, 520, 0, 0, 63.88%, 12, 0, 7, 458.89, 4425814, 260, 1028, 0
9989, 373, 435, 520, 0, 0, 63.88%, 12, 0, 7, 447.91, 4428041, 260, 1028, 0
9995, 373, 499, 520, 0, 0, 63.88%, 12, 0, 7, 457.62, 4430410, 260, 1028, 0
10000, 374, 191, 520, 0, 0, 63.88%, 12, 0, 7, 468.79, 4432775, 260, 1030, 0
10005, 374, 317, 520, 0, 0, 63.88%, 12, 0, 7, 474.91, 4435181, 260, 1030, 0
10010, 374, 387, 520, 0, 0, 63.88%, 12, 0, 7, 425.46, 4437331, 260, 1030, 0
10015, 374, 432, 520, 0, 0, 63.88%, 12, 0, 7, 446.19, 4439546, 260, 1030, 0
10020, 374, 489, 520, 0, 0, 63.88%, 12, 0, 7, 428.75, 4441744, 260, 1030, 0
10025, 375, 182, 520, 0, 0, 63.88%, 12, 0, 7, 449.08, 4444121, 260, 1030, 0
10030, 375, 301, 520, 0, 0, 63.88%, 12, 0, 7, 427.62, 4446265, 260, 1032, 0
10035, 375, 388, 520, 0, 0, 63.88%, 12, 0, 7, 450.84, 4448567, 260, 1032, 0
10040, 375, 449, 520, 0, 0, 63.88%, 12, 0, 7, 431.68, 4450752, 260, 1032, 0
10045, 375, 506, 520, 0, 0, 63.88%, 12, 0, 7, 476.52, 4453168, 260, 1032, 0
10050, 376, 109, 520, 0, 0, 63.88%, 12, 0, 7, 450.25, 4455375, 260, 1032, 0
10056, 376, 307, 520, 0, 0, 63.88%, 12, 0, 7, 456.85, 4457690, 260, 1033, 0
10061, 376, 369, 520, 0, 0, 63.88%, 12, 0, 7, 450.84, 4459942, 260, 1033, 0
10066, 376, 438, 520, 0, 0, 63.88%, 12, 0, 7, 459.58, 4462319, 260, 1033, 0
10071, 377, 10, 520, 0, 0, 63.88%, 12, 0, 7, 436.93, 4464553, 260, 1033, 0
10076, 377, 228, 520, 0, 0, 63.88%, 12, 0, 7, 437.40, 4466781, 260, 1034, 0
10081, 377, 318, 520, 0, 0, 63.88%, 12, 0, 7, 421.94, 4468923, 260, 1034, 0
10086, 377, 412, 520, 0, 0, 63.88%, 12, 0, 7, 431.65, 4471169, 260, 1034, 0
10091, 377, 499, 520, 0, 0, 63.88%, 12, 0, 7, 457.90, 4473541, 260, 1034, 0
10096, 378, 240, 520, 0, 0, 63.88%, 12, 0, 7, 463.83, 4475923, 260, 1037, 0
10101, 378, 356, 520, 0, 0, 63.88%, 12, 0, 7, 456.93, 4478216, 260, 1037, 0
10106, 378, 430, 520, 0, 0, 63.88%, 12, 0, 7, 438.57, 4480469, 260, 1037, 0
10111, 378, 499, 520, 0, 0, 63.88%, 12, 0, 7, 463.76, 4482823, 260, 1037, 0
10117, 379, 235, 520, 0, 0, 63.88%, 12, 0, 7, 460.79, 4485142, 260, 1038, 0
10122, 379, 373, 520, 0, 0, 63.88%, 12, 0, 7, 457.21, 4487538, 260, 1038, 0
10127, 379, 430, 520, 0, 0, 63.88%, 12, 0, 7, 455.95, 4489772, 260, 1038, 0
10132, 379, 506, 520, 0, 0, 63.88%, 12, 0, 7, 480.84, 4492177, 260, 1038, 0
10137, 380, 171, 520, 0, 0, 63.88%, 12, 0, 7, 460.61, 4494515, 260, 1038, 0
10142, 380, 313, 520, 0, 0, 63.88%, 12, 0, 7, 463.39, 4496849, 260, 1040, 0
10147, 380, 409, 520, 0, 0, 63.88%, 12, 0, 7, 455.15, 4499122, 260, 1040, 0
10152, 380, 475, 520, 0, 0, 63.88%, 12, 0, 7, 434.54, 4501297, 260, 1040, 0
10157, 381, 167, 520, 0, 0, 63.88%, 12, 0, 7, 421.32, 4503548, 260, 1040, 0
10162, 381, 301, 520, 0, 0, 63.88%, 12, 0, 7, 453.04, 4505902, 260, 1041, 0
10168, 381, 394, 520, 0, 0, 63.88%, 12, 0, 7, 448.28, 4508152, 260, 1042, 0
10173, 381, 449, 520, 0, 0, 63.88%, 12, 0, 7, 454.83, 4510461, 260, 1042, 0
10178, 382, 17, 520, 0, 0, 63.88%, 12, 0, 7, 457.22, 4512788, 260, 1042, 0
10183, 382, 168, 520, 0, 0, 63.88%, 12, 0, 7, 439.50, 4514975, 260, 1042, 0
10188, 382, 301, 520, 0, 0, 63.88%, 12, 0, 7, 438.44, 4517171, 260, 1045, 0
10193, 382, 403, 520, 0, 0, 63.88%, 12, 0, 7, 428.59, 4519296, 260, 1045, 0
10198, 382, 475, 520, 0, 0, 63.88%, 12, 0, 7, 476.04, 4521742, 260, 1045, 0
10203, 382, 514, 520, 0, 0, 63.88%, 12, 0, 7, 457.46, 4523997, 260, 1045, 0
10208, 383, 260, 520, 0, 0, 63.88%, 12, 0, 7, 451.24, 4526299, 260, 1049, 0
10213, 383, 343, 520, 0, 0, 63.88%, 12, 0, 7, 431.63, 4528527, 260, 1049, 0
10218, 383, 424, 520, 0, 0, 63.88%, 12, 0, 7, 449.16, 4530817, 260, 1049, 0
10224, 383, 499, 520, 0, 0, 63.88%, 12, 0, 7, 420.21, 4532951, 260, 1049, 0
10229, 384, 195, 520, 0, 0, 63.88%, 12, 0, 7, 432.91, 4535144, 260, 1052, 0
10234, 384, 318, 520, 0, 0, 63.88%, 12, 0, 7, 465.11, 4537496, 260, 1052, 0
10239, 384, 409, 520, 0, 0, 63.88%, 12, 0, 7, 469.70, 4539789, 260, 1052, 0
10244, 384, 475, 520, 0, 0, 63.88%, 12, 0, 7, 427.46, 4541916, 260, 1052, 0
10249, 384, 500, 520, 0, 0, 63.88%, 12, 0, 7, 428.19, 4544109, 260, 1052, 0
10254, 385, 208, 520, 0, 0, 63.88%, 12, 0, 7, 462.25, 4546455, 260, 1054, 0
10259, 385, 317, 520, 0, 0, 63.88%, 12, 0, 7, 445.54, 4548685, 260, 1054, 0
10264, 385, 412, 520, 0, 0, 63.88%, 12, 0, 7, 449.94, 4550974, 260, 1054, 0
10269, 385, 485, 520, 0, 0, 63.88%, 12, 0, 7, 454.02, 4553267, 260, 1055, 0
10274, 386, 195, 520, 0, 0, 63.88%, 12, 0, 7, 442.15, 4555480, 260, 1059, 0
10279, 386, 317, 520, 0, 0, 63.88%, 12, 0, 7, 430.62, 4557663, 260, 1059, 0
10284, 386, 412, 520, 0, 0, 63.88%, 12, 0, 7, 433.19, 4559965, 260, 1059, 0
10289, 386, 449, 520, 0, 0, 63.88%, 12, 0, 7, 423.26, 4562050, 260, 1059, 0
10294, 386, 516, 520, 0, 0, 63.88%, 12, 0, 7, 436.85, 4564342, 260, 1059, 0
10299, 387, 210, 520, 0, 0, 63.88%, 12, 0, 7, 436.70, 4566693, 260, 1060, 0
10305, 387, 318, 520, 0, 0, 63.88%, 12, 0, 7, 460.12, 4569022, 260, 1060, 0
10310, 387, 412, 520, 0, 0, 63.88%, 12, 0, 7, 425.25, 4571193, 260, 1060, 0
10315, 387, 484, 520, 0, 0, 63.88%, 12, 0, 7, 443.29, 4573520, 260, 1060, 0
10320, 388, 164, 520, 0, 0, 63.88%, 12, 0, 7, 465.01, 4575802, 260, 1061, 0
10325, 388, 318, 520, 0, 0, 63.88%, 12, 0, 7, 476.84, 4578176, 260, 1061, 0
10330, 388, 428, 520, 0, 0, 63.88%, 12, 0, 7, 447.85, 4580499, 260, 1061, 0
10335, 388, 480, 520, 0, 0, 63.88%, 12, 0, 7, 457.73, 4582791, 260, 1061, 0
10340, 389, 109, 520, 0, 0, 63.88%, 12, 0, 7, 425.59, 4584954, 260, 1061, 0
10345, 389, 261, 520, 0, 0, 63.88%, 12, 0, 7, 441.87, 4587203, 260, 1064, 0
10350, 389, 334, 520, 0, 0, 63.88%, 12, 0, 7, 458.15, 4589563, 260, 1064, 0
10355, 389, 430, 520, 0, 0, 63.88%, 12, 0, 7, 499.52, 4592125, 260, 1064, 0
10360, 389, 498, 520, 0, 0, 63.88%, 12, 0, 7, 475.57, 4594460, 260, 1064, 0
10365, 390, 156, 520, 0, 0, 63.88%, 12, 0, 7, 475.14, 4596787, 260, 1064, 0
10370, 390, 268, 520, 0, 0, 63.88%, 12, 0, 7, 492.46, 4599285, 260, 1065, 0
10375, 390, 343, 520, 0, 0, 63.88%, 12, 0, 7, 487.48, 4601703, 260, 1065, 0
10380, 390, 428, 520, 0, 0, 63.88%, 12, 0, 7, 455.93, 4604002, 260, 1065, 0
10385, 390, 484, 520, 0, 0, 63.88%, 12, 0, 7, 441.64, 4606252, 260, 1065, 0
10390, 391, 174, 520, 0, 0, 63.88%, 12, 0, 7, 458.28, 4608623, 260, 1065, 0
10395, 391, 315, 520, 0, 0, 63.88%, 12, 0, 7, 443.35, 4610864, 260, 1072, 0
10401, 391, 409, 520, 0, 0, 63.88%, 12, 0, 7, 458.72, 4613162, 260, 1072, 0
10406, 391, 444, 520, 0, 0, 63.88%, 12, 0, 7, 431.67, 4615369, 260, 1072, 0
10411, 391, 499, 520, 0, 0, 63.88%, 12, 0, 7, 421.65, 4617472, 260, 1073, 0
10416, 392, 22, 520, 0, 0, 63.88%, 12, 0, 7, 430.76, 4619667, 260, 1073, 0
10421, 392, 226, 520, 0, 0, 63.88%, 12, 0, 7, 444.58, 4621895, 260, 1074, 0
10426, 392, 331, 520, 0, 0, 63.88%, 12, 0, 7, 426.55, 4624022, 260, 1074, 0
10431, 392, 427, 520, 0, 0, 63.88%, 13, 0, 7, 439.77, 4626280, 260, 1075, 0
10436, 392, 484, 520, 0, 0, 63.88%, 13, 0, 7, 470.42, 4628700, 260, 1075, 0
10441, 393, 228, 520, 0, 0, 63.88%, 13, 0, 7, 481.40, 4631172, 260, 1077, 0
10446, 393, 335, 520, 0, 0, 63.88%, 13, 0, 7, 447.23, 4633427, 260, 1077, 0
10451, 393, 421, 520, 0, 0, 63.88%, 13, 0, 7, 445.29, 4635655, 260, 1077, 0
10456, 393, 475, 520, 0, 0, 63.88%, 13, 0, 7, 439.56, 4637936, 260, 1077, 0
10461, 394, 139, 520, 0, 0, 63.88%, 13, 0, 7, 453.16, 4640263, 260, 1078, 0
10467, 394, 299, 520, 0, 0, 63.88%, 13, 0, 7, 443.58, 4642556, 260, 1079, 0
10472, 394, 391, 520, 0, 0, 63.88%, 13, 0, 7, 446.63, 4644852, 260, 1079, 0
10477, 394, 438, 520, 0, 0, 63.88%, 13, 0, 7, 426.62, 4647027, 260, 1079, 0
10482, 395, 12, 520, 0, 0, 63.88%, 13, 0, 7, 451.70, 4649298, 260, 1079, 0
10487, 395, 260, 520, 0, 0, 63.88%, 13, 0, 7, 456.42, 4651625, 260, 1084, 0
10492, 395, 375, 520, 0, 0, 63.88%, 13, 0, 7, 457.79, 4653918, 260, 1084, 0
10497, 395, 428, 520, 0, 0, 63.88%, 13, 0, 7, 433.00, 4656134, 260, 1084, 0
10502, 395, 499, 520, 0, 0, 63.88%, 13, 0, 7, 457.14, 4658431, 260, 1084, 0
10507, 396, 187, 520, 0, 0, 63.88%, 13, 0, 7, 455.53, 4660677, 260, 1084, 0
10512, 396, 301, 520, 0, 0, 63.88%, 13, 0, 7, 435.21, 4662846, 260, 1086, 0
10517, 396, 387, 520, 0, 0, 63.88%, 13, 0, 7, 429.51, 4665063, 260, 1086, 0
10522, 396, 444, 520, 0, 0, 63.88%, 13, 0, 7, 443.30, 4667278, 260, 1086, 0
10527, 397, 14, 520, 0, 0, 63.88%, 13, 0, 7, 431.29, 4669520, 260, 1086, 0
10532, 397, 191, 520, 0, 0, 63.88%, 13, 0, 7, 429.52, 4671713, 260, 1086, 0
10537, 397, 317, 520, 0, 0, 63.88%, 13, 0, 7, 438.25, 4673939, 260, 1089, 0
10542, 397, 409, 520, 0, 0, 63.88%, 13, 0, 7, 452.18, 4676213, 260, 1089, 0
10547, 397, 484, 520, 0, 0, 63.88%, 13, 0, 7, 458.51, 4678564, 260, 1089, 0
10552, 398, 118, 520, 0, 0, 63.88%, 13, 0, 7, 449.47, 4680802, 260, 1090, 0
10557, 398, 301, 520, 0, 0, 63.88%, 13, 0, 7, 446.20, 4683016, 260, 1092, 0
10563, 398, 410, 520, 0, 0, 63.88%, 13, 0, 7, 442.88, 4685196, 260, 1092, 0
10568, 398, 475, 520, 0, 0, 63.88%, 13, 0, 7, 455.96, 4687490, 260, 1092, 0
10573, 399, 109, 520, 0, 0, 63.88%, 13, 0, 7, 464.67, 4689731, 260, 1092, 0
10578, 399, 275, 520, 0, 0, 63.88%, 13, 0, 7, 456.58, 4691995, 260, 1094, 0
10583, 399, 375, 520, 0, 0, 63.88%, 13, 0, 7, 429.27, 4694235, 260, 1094, 0
10588, 399, 438, 520, 0, 0, 63.88%, 13, 0, 7, 430.11, 4696466, 260, 1094, 0
10593, 400, 11, 520, 0, 0, 63.88%, 13, 0, 7, 431.60, 4698614, 260, 1094, 0
10598, 400, 174, 520, 0, 0, 63.88%, 13, 0, 7, 446.05, 4700899, 260, 1094, 0
10603, 400, 317, 520, 0, 0, 63.88%, 13, 0, 7, 434.94, 4703073, 260, 1096, 0
10608, 400, 409, 520, 0, 0, 63.88%, 13, 0, 7, 439.57, 4705234, 260, 1096, 0
10613, 400, 452, 520, 0, 0, 63.88%, 13, 0, 7, 443.75, 4707440, 260, 1096, 0
10618, 401, 13, 520, 0, 0, 63.88%, 13, 0, 7, 467.68, 4709833, 260, 1096, 0
10623, 401, 240, 520, 0, 0, 63.88%, 13, 0, 7, 441.18, 4712035, 260, 1098, 0
10628, 401, 334, 520, 0, 0, 63.88%, 13, 0, 7, 437.50, 4714260, 260, 1098, 0
10634, 401, 412, 520, 0, 0, 63.88%, 13, 0, 7, 462.39, 4716722, 260, 1098, 0
10639, 401, 475, 520, 0, 0, 63.88%, 13, 0, 7, 455.97, 4719017, 260, 1098, 0
10644, 401, 518, 520, 0, 0, 63.88%, 13, 0, 7, 459.15, 4721340, 260, 1098, 0
10649, 402, 190, 520, 0, 0, 63.88%, 13, 0, 7, 458.78, 4723600, 260, 1100, 0
10654, 402, 312, 520, 0, 0, 63.88%, 13, 0, 7, 442.58, 4725844, 260, 1101, 0
10659, 402, 404, 520, 0, 0, 63.88%, 13, 0, 7, 456.34, 4728110, 260, 1101, 0
10664, 402, 444, 520, 0, 0, 63.88%, 13, 0, 7, 421.70, 4730245, 260, 1101, 0
10669, 403, 13, 520, 0, 0, 63.88%, 13, 0, 7, 422.15, 4732382, 260, 1102, 0
10674, 403, 270, 520, 0, 0, 63.88%, 13, 0, 7, 434.36, 4734652, 260, 1103, 0
10679, 403, 387, 520, 0, 0, 63.88%, 13, 0, 7, 446.73, 4736945, 260, 1103, 0
10685, 403, 438, 520, 0, 0, 63.88%, 13, 0, 7, 444.56, 4739277, 260, 1103, 0
10690, 403, 495, 520, 0, 0, 63.88%, 13, 0, 7, 448.78, 4741550, 260, 1103, 0
10695, 404, 109, 520, 0, 0, 63.88%, 13, 0, 7, 461.06, 4743842, 260, 1104, 0
10700, 404, 255, 520, 0, 0, 63.88%, 13, 0, 7, 421.55, 4745885, 260, 1108, 0
10705, 404, 317, 520, 0, 0, 63.88%, 13, 0, 7, 420.19, 4748077, 260, 1108, 0
10710, 404, 409, 520, 0, 0, 63.88%, 13, 0, 7, 429.50, 4750261, 260, 1108, 0
10715, 404, 477, 520, 0, 0, 63.88%, 13, 0, 7, 452.07, 4752515, 260, 1108, 0
10720, 405, 137, 520, 0, 0, 63.88%, 13, 0, 7, 447.73, 4754743, 260, 1108, 0
10725, 405, 301, 520, 0, 0, 63.88%, 13, 0, 7, 432.78, 4757023, 260, 1108, 0
10730, 405, 409, 520, 0, 0, 63.88%, 13, 0, 7, 455.80, 4759312, 260, 1108, 0
10735, 405, 477, 520, 0, 0, 63.88%, 13, 0, 7, 455.55, 4761595, 260, 1109, 0
10740, 406, 191, 520, 0, 0, 63.88%, 13, 0, 7, 431.77, 4763754, 260, 1110, 0
10746, 406, 331, 520, 0, 0, 63.88%, 13, 0, 7, 435.89, 4766018, 260, 1111, 0
10751, 406, 423, 520, 0, 0, 63.88%, 13, 0, 7, 444.70, 4768356, 260, 1111, 0
10756, 406, 499, 520, 0, 0, 63.88%, 13, 0, 7, 429.13, 4770591, 260, 1111, 0
10761, 407, 191, 520, 0, 0, 63.88%, 13, 0, 7, 434.54, 4772779, 260, 1112, 0
10766, 407, 317, 520, 0, 0, 63.88%, 13, 0, 7, 450.05, 4775085, 260, 1113, 0
10771, 407, 409, 520, 0, 0, 63.88%, 13, 0, 7, 461.43, 4777449, 260, 1113, 0
10776, 407, 475, 520, 0, 0, 63.88%, 13, 0, 7, 447.87, 4779661, 260, 1113, 0
10781, 408, 71, 520, 0, 0, 63.88%, 13, 0, 7, 446.95, 4781903, 260, 1113, 0
10786, 408, 301, 520, 0, 0, 63.88%, 13, 0, 7, 463.58, 4784239, 260, 1113, 0
10791, 408, 404, 520, 0, 0, 63.88%, 13, 0, 7, 457.22, 4786535, 260, 1113, 0
10796, 408, 438, 520, 0, 0, 63.88%, 13, 0, 7, 453.89, 4788764, 260, 1113, 0
10801, 409, 15, 520, 0, 0, 63.88%, 13, 0, 7, 466.97, 4791087, 260, 1113, 0
10806, 409, 206, 520, 0, 0, 63.88%, 13, 0, 7, 433.50, 4793289, 260, 1116, 0
