# relative_time, cycles_done, cur_item, corpus_count, pending_total, pending_favs, map_size, saved_crashes, saved_hangs, max_depth, execs_per_sec, total_execs, edges_found, total_crashes, servers_count
60, 0, 9, 62, 57, 2, 30.47%, 0, 0, 2, 438.82, 27931, 124, 0, 0
66, 0, 9, 63, 58, 2, 30.71%, 0, 0, 2, 462.87, 30389, 125, 0, 0
71, 0, 9, 64, 59, 2, 30.71%, 0, 0, 2, 468.03, 32745, 125, 0, 0
76, 0, 9, 65, 60, 2, 30.71%, 0, 0, 2, 458.32, 35083, 125, 0, 0
81, 0, 9, 66, 61, 2, 30.71%, 0, 0, 2, 475.21, 37511, 125, 0, 0
86, 0, 9, 68, 63, 2, 30.71%, 0, 0, 2, 468.10, 39838, 125, 0, 0
91, 0, 9, 68, 63, 2, 30.71%, 0, 0, 2, 440.42, 42069, 125, 0, 0
96, 0, 9, 69, 64, 2, 30.71%, 0, 0, 2, 445.51, 44388, 125, 0, 0
101, 0, 9, 69, 64, 2, 30.71%, 0, 0, 2, 461.93, 46757, 125, 0, 0
106, 0, 9, 70, 65, 2, 30.71%, 0, 0, 2, 430.84, 48939, 125, 0, 0
111, 0, 9, 72, 67, 2, 30.71%, 0, 0, 2, 429.24, 51145, 125, 0, 0
116, 0, 9, 72, 67, 2, 30.71%, 0, 0, 2, 428.96, 53257, 125, 0, 0
121, 0, 50, 95, 89, 25, 32.68%, 0, 0, 3, 457.08, 55571, 133, 0, 0
126, 0, 50, 99, 93, 25, 32.92%, 0, 0, 3, 453.89, 57931, 134, 0, 0
131, 0, 50, 101, 95, 25, 32.92%, 0, 0, 3, 422.50, 60060, 134, 0, 0
137, 0, 50, 105, 99, 25, 32.92%, 0, 0, 3, 413.34, 62176, 134, 0, 0
142, 0, 50, 107, 101, 25, 32.92%, 0, 0, 3, 418.41, 64310, 134, 0, 0
147, 0, 50, 108, 102, 25, 32.92%, 0, 0, 3, 440.63, 66533, 134, 0, 0
152, 0, 74, 110, 97, 19, 33.17%, 0, 0, 3, 438.16, 68719, 135, 0, 0
157, 0, 99, 112, 98, 18, 33.17%, 0, 0, 4, 444.39, 70979, 135, 0, 0
162, 0, 99, 117, 103, 18, 33.17%, 0, 0, 4, 459.88, 73356, 135, 0, 0
167, 0, 99, 119, 105, 18, 33.17%, 0, 0, 4, 455.79, 75647, 135, 0, 0
172, 0, 48, 120, 105, 18, 33.17%, 0, 0, 4, 444.03, 77934, 135, 0, 0
177, 0, 23, 122, 104, 16, 33.17%, 0, 0, 4, 425.70, 80073, 135, 0, 0
182, 0, 110, 129, 108, 13, 33.17%, 0, 0, 4, 448.71, 82296, 135, 0, 0
187, 0, 87, 130, 106, 11, 33.42%, 0, 0, 4, 449.04, 84555, 136, 0, 0
192, 0, 73, 134, 108, 9, 33.42%, 0, 0, 4, 415.61, 86647, 136, 0, 0
197, 0, 51, 143, 113, 6, 33.42%, 0, 0, 4, 440.89, 88893, 136, 0, 0
202, 0, 26, 145, 111, 3, 33.42%, 0, 0, 4, 451.59, 91191, 136, 0, 0
208, 0, 138, 148, 110, 0, 33.42%, 0, 0, 5, 423.39, 93264, 136, 0, 0
213, 0, 90, 148, 106, 0, 33.42%, 0, 0, 5, 452.70, 95651, 136, 0, 0
218, 0, 133, 152, 109, 0, 33.42%, 0, 0, 5, 453.21, 97932, 136, 0, 0
223, 0, 133, 155, 112, 0, 33.42%, 0, 0, 5, 449.60, 100201, 136, 0, 0
228, 0, 133, 155, 112, 0, 33.42%, 0, 0, 5, 445.89, 102481, 136, 0, 0
233, 0, 133, 157, 114, 0, 33.42%, 0, 0, 5, 433.81, 104663, 136, 0, 0
238, 0, 133, 158, 115, 0, 33.42%, 0, 0, 5, 458.03, 107053, 136, 0, 0
243, 0, 133, 159, 116, 0, 33.42%, 0, 0, 5, 444.01, 109256, 136, 0, 0
248, 0, 156, 162, 116, 1, 33.42%, 0, 0, 6, 444.51, 111635, 136, 0, 0
254, 0, 156, 162, 116, 1, 33.42%, 0, 0, 6, 431.60, 113876, 136, 0, 0
259, 0, 150, 165, 118, 0, 33.42%, 0, 0, 6, 414.59, 115956, 136, 0, 0
264, 0, 0, 165, 116, 0, 33.42%, 0, 0, 6, 428.50, 118143, 136, 0, 0
269, 0, 83, 166, 116, 0, 33.42%, 0, 0, 6, 409.67, 120228, 136, 0, 0
274, 0, 45, 167, 116, 0, 33.42%, 0, 0, 6, 417.89, 122366, 136, 0, 0
279, 0, 85, 167, 113, 0, 33.42%, 0, 0, 6, 425.77, 124594, 136, 0, 0
284, 0, 48, 167, 107, 0, 33.42%, 0, 0, 6, 414.94, 126672, 136, 0, 0
289, 0, 71, 167, 102, 0, 33.42%, 0, 0, 6, 429.00, 128816, 136, 0, 0
294, 0, 164, 168, 99, 0, 33.42%, 0, 0, 6, 408.44, 130878, 136, 0, 0
299, 0, 45, 168, 95, 0, 33.42%, 0, 0, 6, 429.40, 133075, 136, 0, 0
304, 0, 163, 169, 95, 0, 33.42%, 0, 0, 6, 429.63, 135301, 136, 0, 0
309, 0, 63, 169, 91, 0, 33.42%, 0, 0, 6, 399.86, 137295, 136, 0, 0
314, 0, 48, 170, 88, 0, 33.42%, 0, 0, 6, 436.55, 139512, 136, 0, 0
319, 1, 124, 170, 85, 0, 33.42%, 0, 0, 6, 422.56, 141644, 136, 0, 0
324, 1, 3, 170, 79, 0, 33.42%, 0, 0, 6, 442.12, 143888, 136, 0, 0
329, 1, 138, 170, 76, 0, 33.42%, 0, 0, 6, 431.49, 146026, 136, 0, 0
334, 1, 68, 170, 73, 0, 33.42%, 0, 0, 6, 429.36, 148231, 136, 0, 0
339, 1, 110, 170, 67, 0, 33.42%, 0, 0, 6, 446.00, 150475, 136, 0, 0
345, 1, 74, 170, 65, 0, 33.42%, 0, 0, 6, 440.13, 152704, 136, 0, 0
350, 1, 130, 172, 65, 0, 33.42%, 0, 0, 6, 425.14, 154892, 136, 0, 0
355, 1, 83, 173, 62, 0, 33.42%, 0, 0, 6, 448.43, 157251, 136, 0, 0
360, 1, 171, 173, 60, 0, 33.42%, 0, 0, 6, 442.78, 159445, 136, 0, 0
365, 1, 79, 173, 56, 0, 33.42%, 0, 0, 6, 429.49, 161673, 136, 0, 0
370, 1, 45, 173, 51, 0, 33.42%, 0, 0, 6, 469.06, 164056, 136, 0, 0
375, 1, 132, 174, 51, 0, 33.42%, 0, 0, 6, 447.25, 166334, 136, 0, 0
380, 1, 101, 175, 48, 0, 33.42%, 0, 0, 6, 443.09, 168611, 136, 0, 0
385, 1, 50, 175, 42, 0, 33.42%, 0, 0, 6, 444.00, 170862, 136, 0, 0
390, 1, 88, 178, 43, 0, 34.64%, 0, 0, 6, 420.96, 173014, 141, 0, 0
395, 1, 88, 182, 47, 0, 34.64%, 0, 0, 6, 414.87, 175098, 141, 0, 0
401, 1, 88, 185, 50, 0, 35.38%, 0, 0, 6, 417.66, 177264, 144, 0, 0
406, 1, 88, 190, 55, 0, 35.38%, 0, 0, 6, 403.22, 179332, 144, 0, 0
411, 1, 88, 191, 56, 0, 35.38%, 0, 0, 6, 414.55, 181419, 144, 0, 0
416, 1, 190, 192, 56, 3, 35.38%, 0, 0, 6, 429.84, 183586, 144, 0, 0
421, 1, 190, 199, 63, 3, 35.38%, 0, 0, 6, 423.20, 185684, 144, 0, 0
426, 1, 190, 199, 63, 3, 35.38%, 0, 0, 6, 429.24, 187932, 144, 0, 0
431, 1, 190, 199, 63, 3, 35.38%, 0, 0, 6, 415.74, 190004, 144, 0, 0
436, 1, 190, 199, 63, 3, 35.38%, 0, 0, 6, 388.87, 191990, 144, 0, 0
441, 1, 190, 199, 63, 3, 35.38%, 0, 0, 6, 402.89, 194004, 144, 0, 0
446, 1, 190, 199, 63, 3, 35.38%, 0, 0, 6, 423.43, 196124, 144, 0, 0
451, 1, 191, 200, 63, 2, 35.38%, 0, 0, 6, 416.17, 198188, 144, 0, 0
456, 1, 198, 200, 60, 0, 35.38%, 0, 0, 6, 406.82, 200307, 144, 0, 0
461, 1, 84, 200, 57, 0, 35.38%, 0, 0, 6, 426.71, 202538, 144, 0, 0
467, 1, 54, 200, 55, 0, 35.38%, 0, 0, 6, 424.55, 204660, 144, 0, 0
472, 1, 81, 200, 50, 0, 35.38%, 0, 0, 6, 430.28, 206816, 144, 0, 0
477, 1, 177, 200, 49, 0, 35.38%, 0, 0, 6, 441.75, 209094, 144, 0, 0
482, 1, 201, 203, 50, 2, 36.36%, 0, 0, 6, 420.32, 211127, 148, 0, 0
487, 1, 202, 203, 48, 1, 36.36%, 0, 0, 6, 445.86, 213448, 148, 0, 0
492, 1, 47, 203, 46, 0, 36.36%, 0, 0, 6, 431.23, 215679, 148, 0, 0
497, 1, 98, 203, 41, 0, 36.36%, 0, 0, 6, 465.68, 218040, 148, 0, 0
502, 1, 86, 203, 38, 0, 36.36%, 0, 0, 6, 442.94, 220295, 148, 0, 0
507, 1, 195, 203, 36, 0, 36.36%, 0, 0, 6, 446.41, 222558, 148, 0, 0
512, 1, 192, 203, 35, 0, 36.36%, 0, 0, 6, 444.13, 224747, 148, 0, 0
517, 1, 197, 203, 31, 0, 36.36%, 0, 0, 6, 450.36, 226994, 148, 0, 0
522, 1, 178, 204, 30, 0, 36.36%, 0, 0, 6, 440.36, 229232, 148, 0, 0
527, 2, 251, 318, 142, 0, 49.39%, 0, 0, 6, 454.37, 231555, 201, 0, 0
532, 2, 235, 318, 140, 15, 49.39%, 0, 0, 6, 451.88, 233854, 201, 0, 0
537, 2, 237, 319, 140, 14, 49.39%, 0, 0, 6, 469.26, 236219, 201, 0, 0
543, 2, 252, 319, 138, 12, 49.39%, 0, 0, 6, 477.51, 238559, 201, 0, 0
548, 2, 265, 319, 136, 10, 49.39%, 0, 0, 6, 505.58, 241118, 201, 0, 0
553, 2, 216, 319, 134, 8, 49.39%, 0, 0, 6, 451.21, 243454, 201, 0, 0
558, 2, 306, 319, 132, 6, 49.39%, 0, 0, 6, 475.61, 245925, 201, 0, 0
563, 2, 289, 319, 131, 5, 49.39%, 0, 0, 6, 457.36, 248243, 201, 0, 0
568, 2, 221, 319, 130, 4, 49.39%, 0, 0, 6, 466.09, 250528, 201, 0, 0
573, 2, 241, 319, 128, 3, 49.39%, 0, 0, 6, 491.70, 253031, 201, 0, 0
578, 2, 230, 319, 126, 2, 49.39%, 0, 0, 6, 462.93, 255350, 201, 0, 0
583, 2, 186, 319, 123, 0, 49.39%, 0, 0, 6, 450.30, 257615, 201, 0, 0
588, 2, 254, 319, 121, 0, 49.39%, 0, 0, 6, 444.51, 259837, 201, 0, 0
593, 2, 276, 319, 119, 0, 49.39%, 0, 0, 6, 458.73, 262162, 201, 0, 0
598, 2, 286, 319, 118, 0, 49.39%, 0, 0, 6, 439.45, 264367, 201, 0, 0
604, 2, 263, 319, 115, 0, 49.39%, 0, 0, 6, 464.20, 266781, 201, 0, 0
609, 2, 262, 319, 113, 0, 49.39%, 1, 0, 6, 479.65, 269282, 201, 1, 0
614, 2, 239, 319, 110, 0, 49.39%, 1, 0, 6, 444.95, 271474, 201, 1, 0
619, 2, 239, 321, 112, 0, 49.39%, 1, 0, 6, 401.66, 273450, 201, 1, 0
624, 2, 214, 321, 109, 0, 49.39%, 1, 0, 6, 457.28, 275811, 201, 1, 0
629, 2, 257, 321, 107, 0, 49.39%, 1, 0, 6, 437.02, 278007, 201, 1, 0
634, 2, 261, 321, 105, 0, 49.39%, 1, 0, 6, 432.27, 280198, 201, 6, 0
639, 2, 229, 321, 102, 0, 49.39%, 1, 0, 6, 445.24, 282476, 201, 6, 0
644, 2, 266, 322, 100, 0, 49.39%, 1, 0, 6, 428.71, 284617, 201, 6, 0
649, 2, 232, 322, 98, 0, 49.39%, 1, 0, 6, 439.55, 286796, 201, 6, 0
654, 2, 270, 322, 95, 0, 49.39%, 1, 0, 6, 441.97, 289029, 201, 6, 0
659, 2, 292, 322, 92, 0, 49.39%, 1, 0, 6, 460.58, 291365, 201, 6, 0
664, 2, 258, 322, 89, 0, 49.39%, 1, 0, 6, 447.77, 293629, 201, 6, 0
669, 2, 223, 322, 87, 0, 49.39%, 1, 0, 6, 446.58, 295917, 201, 6, 0
675, 2, 321, 323, 86, 0, 49.39%, 1, 0, 6, 452.75, 298284, 201, 6, 0
680, 2, 309, 323, 84, 0, 49.39%, 1, 0, 6, 469.76, 300592, 201, 6, 0
685, 2, 297, 323, 82, 0, 49.39%, 1, 0, 6, 460.31, 302906, 201, 6, 0
690, 2, 234, 323, 80, 0, 49.39%, 1, 0, 6, 459.85, 305206, 201, 6, 0
695, 2, 288, 323, 78, 0, 49.39%, 1, 0, 6, 457.79, 307507, 201, 6, 0
700, 2, 304, 323, 76, 0, 49.39%, 1, 0, 6, 467.96, 309912, 201, 6, 0
705, 2, 269, 323, 74, 0, 49.39%, 1, 0, 6, 460.64, 312279, 201, 6, 0
710, 2, 300, 323, 72, 0, 49.39%, 1, 0, 6, 478.48, 314687, 201, 6, 0
715, 2, 260, 323, 70, 0, 49.39%, 1, 0, 6, 464.96, 317043, 201, 6, 0
720, 2, 248, 324, 68, 0, 49.63%, 1, 0, 6, 447.26, 319278, 202, 6, 0
725, 2, 242, 324, 65, 0, 49.63%, 1, 0, 6, 431.85, 321497, 202, 6, 0
730, 2, 311, 324, 61, 0, 49.63%, 1, 0, 6, 449.49, 323742, 202, 6, 0
735, 2, 255, 324, 59, 0, 49.63%, 1, 0, 6, 449.93, 326029, 202, 6, 0
740, 2, 176, 324, 57, 0, 49.63%, 1, 0, 6, 434.76, 328263, 202, 6, 0
746, 2, 228, 324, 55, 0, 49.63%, 1, 0, 6, 453.14, 330584, 202, 6, 0
751, 2, 279, 324, 52, 0, 49.63%, 1, 0, 6, 432.92, 332709, 202, 6, 0
756, 2, 244, 324, 51, 0, 49.63%, 1, 0, 6, 432.57, 334906, 202, 6, 0
761, 2, 181, 324, 48, 0, 49.63%, 1, 0, 6, 442.21, 337157, 202, 6, 0
766, 2, 243, 324, 46, 0, 49.63%, 1, 0, 6, 454.86, 339468, 202, 6, 0
771, 2, 289, 324, 44, 0, 49.63%, 1, 0, 6, 413.63, 341517, 202, 6, 0
776, 2, 316, 324, 43, 0, 49.63%, 1, 0, 6, 427.90, 343677, 202, 6, 0
781, 2, 45, 326, 43, 0, 49.63%, 1, 0, 6, 437.17, 345879, 202, 6, 0
786, 2, 110, 326, 42, 0, 49.63%, 1, 0, 6, 429.38, 348039, 202, 6, 0
791, 2, 298, 326, 41, 0, 49.63%, 1, 0, 6, 437.19, 350282, 202, 6, 0
796, 2, 252, 326, 40, 0, 49.63%, 1, 0, 6, 432.23, 352548, 202, 12, 0
802, 2, 264, 326, 37, 0, 49.63%, 1, 0, 6, 426.17, 354746, 202, 12, 0
807, 2, 312, 327, 37, 0, 49.88%, 1, 0, 6, 427.68, 356943, 203, 12, 0
812, 2, 325, 327, 35, 0, 49.88%, 1, 0, 6, 440.58, 359186, 203, 12, 0
817, 2, 222, 327, 34, 0, 49.88%, 1, 0, 6, 460.12, 361464, 203, 13, 0
822, 2, 296, 327, 32, 0, 49.88%, 1, 0, 6, 439.39, 363669, 203, 13, 0
827, 2, 180, 327, 29, 0, 49.88%, 1, 0, 6, 460.00, 366016, 203, 13, 0
832, 2, 326, 327, 27, 0, 49.88%, 1, 0, 6, 430.86, 368188, 203, 13, 0
837, 2, 193, 327, 24, 0, 49.88%, 1, 0, 6, 438.96, 370395, 203, 13, 0
842, 2, 256, 327, 23, 0, 49.88%, 1, 0, 6, 454.06, 372713, 203, 13, 0
847, 2, 188, 327, 22, 0, 49.88%, 1, 0, 6, 455.94, 374968, 203, 18, 0
852, 2, 271, 327, 20, 0, 49.88%, 1, 0, 6, 427.11, 377055, 203, 18, 0
857, 2, 110, 327, 19, 0, 49.88%, 1, 0, 6, 453.91, 379386, 203, 20, 0
862, 2, 296, 327, 18, 0, 49.88%, 1, 0, 6, 438.01, 381593, 203, 20, 0
867, 2, 101, 381, 70, 0, 58.23%, 1, 0, 6, 444.21, 383825, 237, 20, 0
872, 3, 357, 408, 96, 10, 58.72%, 1, 0, 6, 437.08, 386021, 239, 20, 0
877, 3, 357, 408, 96, 10, 58.72%, 1, 0, 6, 432.86, 388243, 239, 20, 0
882, 3, 368, 409, 96, 9, 58.72%, 1, 0, 6, 470.35, 390635, 239, 20, 0
887, 3, 408, 409, 95, 9, 58.72%, 1, 0, 6, 469.06, 393000, 239, 20, 0
892, 3, 385, 409, 93, 7, 58.72%, 1, 0, 6, 451.16, 395338, 239, 20, 0
897, 3, 331, 410, 92, 5, 58.72%, 1, 0, 6, 447.97, 397581, 239, 20, 0
903, 3, 403, 410, 90, 3, 58.72%, 1, 0, 6, 481.52, 400047, 239, 20, 0
908, 3, 395, 410, 89, 2, 58.72%, 1, 0, 6, 425.34, 402187, 239, 20, 0
913, 3, 344, 410, 87, 0, 58.72%, 1, 0, 6, 446.11, 404446, 239, 20, 0
918, 3, 392, 410, 85, 0, 58.72%, 1, 0, 6, 452.72, 406770, 239, 20, 0
923, 3, 339, 410, 83, 0, 58.72%, 1, 0, 6, 441.57, 409004, 239, 20, 0
928, 3, 394, 411, 82, 0, 58.72%, 1, 0, 6, 454.27, 411326, 239, 20, 0
933, 3, 351, 411, 80, 0, 58.72%, 1, 0, 6, 433.90, 413566, 239, 20, 0
938, 3, 367, 411, 79, 0, 58.72%, 1, 0, 6, 403.75, 415635, 239, 20, 0
943, 3, 410, 411, 77, 0, 58.72%, 1, 0, 6, 413.59, 417748, 239, 20, 0
948, 3, 347, 411, 75, 0, 58.72%, 1, 0, 6, 432.29, 419938, 239, 20, 0
953, 3, 364, 411, 73, 0, 58.72%, 1, 0, 6, 432.14, 422153, 239, 20, 0
958, 3, 280, 411, 71, 0, 58.72%, 1, 0, 6, 440.25, 424455, 239, 20, 0
963, 3, 363, 411, 69, 0, 58.72%, 1, 0, 6, 452.42, 426807, 239, 20, 0
968, 3, 50, 411, 67, 0, 58.72%, 1, 0, 6, 459.45, 429102, 239, 20, 0
973, 3, 356, 411, 66, 0, 58.72%, 2, 0, 6, 440.33, 431364, 239, 23, 0
978, 3, 328, 411, 64, 0, 58.72%, 2, 0, 6, 435.44, 433581, 239, 23, 0
983, 3, 306, 412, 63, 0, 58.72%, 2, 0, 6, 418.84, 435693, 239, 23, 0
989, 3, 349, 412, 62, 0, 58.72%, 2, 0, 6, 438.32, 438024, 239, 23, 0
994, 3, 361, 412, 60, 0, 58.72%, 2, 0, 6, 443.62, 440285, 239, 23, 0
999, 3, 289, 412, 57, 0, 58.72%, 2, 0, 6, 439.11, 442582, 239, 23, 0
1004, 3, 291, 412, 56, 0, 58.72%, 2, 0, 6, 442.58, 444842, 239, 23, 0
1009, 3, 305, 412, 54, 0, 58.72%, 2, 0, 6, 468.99, 447262, 239, 23, 0
1014, 3, 329, 412, 52, 0, 58.72%, 2, 0, 6, 497.18, 449785, 239, 23, 0
1019, 3, 16, 412, 50, 0, 58.72%, 2, 0, 6, 482.32, 452171, 239, 23, 0
1024, 3, 259, 412, 48, 0, 58.72%, 2, 0, 6, 459.49, 454468, 239, 28, 0
1029, 3, 375, 412, 47, 0, 58.72%, 2, 0, 6, 471.24, 456886, 239, 28, 0
1034, 3, 389, 412, 45, 0, 58.72%, 2, 0, 6, 478.83, 459268, 239, 28, 0
1039, 3, 404, 412, 44, 0, 58.72%, 2, 0, 6, 451.39, 461493, 239, 28, 0
1044, 3, 362, 412, 42, 0, 58.72%, 2, 0, 6, 453.72, 463832, 239, 28, 0
1049, 3, 124, 412, 40, 0, 58.72%, 3, 0, 6, 451.68, 466110, 239, 29, 0
1054, 3, 365, 412, 39, 0, 58.72%, 3, 0, 6, 438.96, 468354, 239, 29, 0
1060, 3, 386, 412, 37, 0, 58.72%, 3, 0, 6, 478.17, 470814, 239, 29, 0
1065, 3, 382, 412, 35, 0, 58.72%, 3, 0, 6, 474.20, 473183, 239, 29, 0
1070, 3, 396, 412, 34, 0, 58.72%, 3, 0, 6, 440.51, 475393, 239, 29, 0
1075, 3, 163, 412, 32, 0, 58.72%, 3, 0, 6, 471.92, 477888, 239, 29, 0
1080, 3, 391, 412, 31, 0, 58.72%, 3, 0, 6, 481.09, 480490, 239, 29, 0
1085, 3, 387, 412, 29, 0, 58.72%, 3, 0, 6, 487.80, 482986, 239, 29, 0
1090, 3, 13, 412, 27, 0, 58.72%, 3, 0, 6, 495.39, 485495, 239, 31, 0
1095, 3, 185, 412, 26, 0, 58.72%, 3, 0, 6, 451.09, 487748, 239, 31, 0
1100, 3, 30, 412, 24, 0, 58.72%, 3, 0, 6, 457.82, 490044, 239, 31, 0
1105, 3, 330, 412, 23, 0, 58.72%, 4, 0, 6, 468.21, 492384, 239, 32, 0
1110, 3, 350, 412, 22, 0, 58.72%, 4, 0, 6, 459.60, 494744, 239, 32, 0
1116, 3, 372, 413, 22, 0, 58.72%, 4, 0, 6, 455.59, 497104, 239, 32, 0
1121, 3, 326, 413, 21, 0, 58.72%, 4, 0, 6, 444.16, 499393, 239, 32, 0
1126, 3, 346, 413, 21, 0, 58.72%, 4, 0, 6, 439.82, 501596, 239, 32, 0
1131, 3, 213, 413, 19, 0, 58.72%, 4, 0, 6, 455.53, 503910, 239, 32, 0
1136, 3, 403, 413, 18, 0, 58.72%, 4, 0, 6, 448.33, 506110, 239, 32, 0
1141, 3, 163, 413, 17, 0, 58.72%, 4, 0, 6, 425.35, 508232, 239, 32, 0
1146, 3, 26, 413, 16, 0, 58.72%, 4, 0, 6, 445.72, 510503, 239, 32, 0
1151, 3, 412, 413, 15, 0, 58.72%, 4, 0, 6, 428.54, 512603, 239, 32, 0
1156, 3, 355, 413, 13, 0, 58.72%, 4, 0, 6, 456.62, 515014, 239, 32, 0
1161, 3, 45, 413, 12, 0, 58.72%, 4, 0, 6, 444.67, 517229, 239, 32, 0
1166, 3, 282, 413, 12, 0, 58.72%, 4, 0, 6, 444.57, 519468, 239, 34, 0
1171, 4, 434, 443, 41, 0, 60.69%, 4, 0, 6, 450.63, 521767, 247, 34, 0
1176, 4, 433, 443, 40, 8, 60.69%, 4, 0, 6, 473.72, 524190, 247, 34, 0
1181, 4, 415, 443, 37, 5, 60.69%, 4, 0, 6, 461.87, 526567, 247, 34, 0
1187, 4, 418, 443, 35, 3, 60.69%, 4, 0, 6, 467.22, 528972, 247, 34, 0
1192, 4, 419, 443, 34, 2, 60.69%, 4, 0, 6, 486.23, 531382, 247, 34, 0
1197, 4, 440, 443, 33, 1, 60.69%, 4, 0, 6, 452.13, 533609, 247, 34, 0
1202, 4, 420, 443, 31, 1, 60.69%, 4, 0, 6, 461.12, 535979, 247, 34, 0
1207, 4, 256, 443, 28, 0, 60.69%, 4, 0, 6, 463.73, 538332, 247, 34, 0
1212, 4, 281, 443, 27, 0, 60.69%, 4, 0, 6, 443.99, 540532, 247, 34, 0
1217, 4, 360, 443, 26, 0, 60.69%, 4, 0, 6, 443.73, 542721, 247, 34, 0
1222, 4, 313, 443, 23, 0, 60.69%, 4, 0, 6, 444.25, 545076, 247, 34, 0
1227, 4, 203, 443, 22, 0, 60.69%, 4, 0, 6, 457.38, 547406, 247, 34, 0
1232, 4, 428, 443, 21, 0, 60.69%, 4, 0, 6, 448.94, 549608, 247, 34, 0
1237, 4, 331, 443, 19, 0, 60.69%, 4, 0, 6, 446.78, 551859, 247, 34, 0
1242, 4, 343, 443, 18, 0, 60.69%, 4, 0, 6, 443.96, 554158, 247, 34, 0
1248, 4, 224, 443, 17, 0, 60.69%, 4, 0, 6, 452.92, 556487, 247, 34, 0
1253, 4, 191, 444, 17, 0, 60.69%, 4, 0, 6, 435.63, 558633, 247, 35, 0
1258, 4, 138, 445, 17, 0, 60.69%, 4, 0, 6, 459.33, 560944, 247, 35, 0
1263, 4, 443, 445, 17, 0, 60.69%, 4, 0, 6, 438.42, 563170, 247, 38, 0
1268, 4, 113, 445, 16, 0, 60.69%, 4, 0, 6, 468.48, 565598, 247, 40, 0
1273, 4, 418, 445, 16, 0, 60.69%, 4, 0, 6, 433.23, 567805, 247, 40, 0
1278, 4, 48, 445, 15, 0, 60.69%, 4, 0, 6, 447.22, 570159, 247, 40, 0
1283, 4, 190, 445, 14, 0, 60.69%, 4, 0, 6, 472.10, 572484, 247, 40, 0
1288, 4, 437, 445, 13, 0, 60.69%, 4, 0, 6, 470.79, 574836, 247, 40, 0
1293, 4, 357, 445, 12, 0, 60.69%, 4, 0, 6, 448.65, 577113, 247, 42, 0
1298, 4, 241, 445, 11, 0, 60.69%, 4, 0, 6, 470.34, 579508, 247, 42, 0
1303, 4, 429, 445, 10, 0, 60.69%, 4, 0, 6, 451.13, 581731, 247, 42, 0
1309, 4, 25, 445, 9, 0, 60.69%, 4, 0, 6, 432.22, 583908, 247, 42, 0
1314, 4, 97, 445, 9, 0, 60.69%, 4, 0, 6, 474.84, 586375, 247, 42, 0
1319, 4, 221, 445, 8, 0, 60.69%, 4, 0, 6, 470.70, 588744, 247, 42, 0
1324, 4, 357, 445, 8, 0, 60.69%, 4, 0, 6, 456.08, 591015, 247, 42, 0
1329, 4, 418, 445, 7, 0, 60.69%, 4, 0, 6, 437.83, 593203, 247, 42, 0
1334, 4, 306, 445, 7, 0, 60.69%, 4, 0, 6, 464.25, 595546, 247, 42, 0
1339, 4, 331, 445, 6, 0, 60.69%, 4, 0, 6, 459.23, 597893, 247, 42, 0
1344, 4, 422, 445, 6, 0, 60.69%, 4, 0, 6, 458.25, 600226, 247, 42, 0
1349, 4, 445, 446, 7, 0, 60.69%, 4, 0, 6, 460.13, 602462, 247, 42, 0
1354, 4, 229, 446, 6, 0, 60.69%, 4, 0, 6, 448.81, 604728, 247, 42, 0
1359, 4, 235, 446, 6, 0, 60.69%, 4, 0, 6, 465.31, 607032, 247, 42, 0
1364, 5, 448, 450, 10, 1, 60.69%, 4, 0, 6, 470.91, 609350, 247, 42, 0
1369, 5, 343, 450, 8, 0, 60.69%, 4, 0, 6, 457.39, 611653, 247, 42, 0
1374, 5, 446, 450, 8, 0, 60.69%, 4, 0, 6, 445.22, 613851, 247, 42, 0
1379, 5, 124, 450, 7, 0, 60.69%, 4, 0, 6, 456.13, 616108, 247, 42, 0
1385, 5, 436, 450, 7, 0, 60.69%, 4, 0, 6, 437.52, 618344, 247, 42, 0
1390, 5, 448, 450, 7, 0, 60.69%, 4, 0, 6, 438.08, 620628, 247, 42, 0
1395, 5, 437, 450, 6, 0, 60.69%, 4, 0, 6, 463.41, 622910, 247, 42, 0
1400, 5, 323, 450, 6, 0, 60.69%, 4, 0, 6, 440.89, 625184, 247, 42, 0
1405, 5, 444, 450, 6, 0, 60.69%, 4, 0, 6, 430.51, 627455, 247, 42, 0
1410, 5, 218, 450, 5, 0, 60.69%, 4, 0, 6, 463.90, 629802, 247, 42, 0
1415, 5, 71, 450, 4, 0, 60.69%, 4, 0, 6, 462.27, 632142, 247, 42, 0
1420, 5, 75, 450, 4, 0, 60.69%, 4, 0, 6, 491.05, 634613, 247, 46, 0
1425, 5, 336, 450, 3, 0, 60.69%, 4, 0, 6, 465.43, 636911, 247, 47, 0
1430, 5, 129, 450, 3, 0, 60.69%, 4, 0, 6, 464.37, 639216, 247, 47, 0
1435, 5, 418, 450, 3, 0, 60.69%, 4, 0, 6, 467.21, 641529, 247, 47, 0
1441, 5, 216, 451, 4, 0, 60.93%, 4, 0, 6, 457.10, 643890, 248, 47, 0
1446, 5, 163, 451, 3, 0, 60.93%, 4, 0, 6, 461.32, 646247, 248, 50, 0
1451, 5, 413, 451, 3, 0, 60.93%, 4, 0, 6, 439.14, 648470, 248, 50, 0
1456, 5, 50, 451, 3, 0, 60.93%, 5, 0, 6, 434.22, 650671, 248, 51, 0
1461, 5, 403, 451, 3, 0, 60.93%, 5, 0, 6, 460.49, 653058, 248, 51, 0
1466, 5, 418, 451, 3, 0, 60.93%, 5, 0, 6, 460.42, 655309, 248, 54, 0
1471, 5, 436, 451, 3, 0, 60.93%, 5, 0, 6, 435.69, 657547, 248, 54, 0
1476, 5, 395, 451, 3, 0, 60.93%, 5, 0, 6, 452.91, 659867, 248, 57, 0
1481, 5, 138, 451, 3, 0, 60.93%, 5, 0, 6, 481.41, 662313, 248, 57, 0
1486, 5, 12, 451, 2, 0, 60.93%, 5, 0, 6, 457.60, 664608, 248, 58, 0
1491, 5, 214, 451, 1, 0, 60.93%, 5, 0, 6, 424.02, 666806, 248, 58, 0
1496, 5, 420, 451, 1, 0, 60.93%, 5, 0, 6, 443.67, 668998, 248, 58, 0
1501, 5, 252, 451, 1, 0, 60.93%, 5, 0, 6, 454.99, 671282, 248, 59, 0
1507, 5, 221, 451, 1, 0, 60.93%, 5, 0, 6, 444.17, 673607, 248, 63, 0
1512, 5, 377, 456, 6, 0, 61.18%, 5, 0, 6, 442.52, 675844, 249, 63, 0
1517, 6, 455, 456, 5, 1, 61.18%, 5, 0, 6, 446.89, 678113, 249, 63, 0
1522, 6, 395, 456, 4, 0, 61.18%, 5, 0, 6, 439.45, 680360, 249, 63, 0
1527, 6, 357, 456, 4, 0, 61.18%, 5, 0, 6, 460.00, 682711, 249, 63, 0
1532, 6, 433, 456, 2, 0, 61.18%, 5, 0, 6, 446.97, 684927, 249, 63, 0
1537, 6, 241, 456, 2, 0, 61.18%, 5, 0, 6, 464.21, 687234, 249, 63, 0
1542, 6, 377, 456, 2, 0, 61.18%, 5, 0, 6, 443.44, 689461, 249, 66, 0
1547, 6, 74, 456, 2, 0, 61.18%, 5, 0, 6, 478.14, 691822, 249, 66, 0
1552, 6, 326, 456, 2, 0, 61.18%, 5, 0, 6, 452.05, 694034, 249, 71, 0
1557, 6, 404, 456, 2, 0, 61.18%, 5, 0, 6, 456.62, 696401, 249, 71, 0
1562, 6, 252, 456, 1, 0, 61.18%, 5, 0, 6, 455.55, 698632, 249, 71, 0
1567, 6, 433, 456, 1, 0, 61.18%, 5, 0, 6, 437.57, 700795, 249, 71, 0
1572, 6, 163, 456, 1, 0, 61.18%, 5, 0, 6, 432.70, 702979, 249, 71, 0
1577, 6, 395, 456, 1, 0, 61.18%, 5, 0, 6, 438.70, 705202, 249, 71, 0
1583, 6, 357, 456, 1, 0, 61.18%, 5, 0, 6, 458.00, 707643, 249, 71, 0
1588, 6, 289, 456, 1, 0, 61.18%, 5, 0, 6, 456.88, 709977, 249, 71, 0
1593, 6, 296, 456, 1, 0, 61.18%, 5, 0, 6, 460.52, 712325, 249, 71, 0
1598, 6, 74, 457, 2, 0, 61.18%, 5, 0, 6, 459.59, 714576, 249, 71, 0
1603, 6, 237, 457, 2, 0, 61.18%, 5, 0, 6, 477.06, 717018, 249, 71, 0
1608, 6, 10, 457, 2, 0, 61.18%, 5, 0, 6, 437.37, 719196, 249, 71, 0
1613, 6, 324, 457, 2, 0, 61.18%, 5, 0, 6, 461.17, 721512, 249, 71, 0
1618, 6, 296, 457, 2, 0, 61.18%, 5, 0, 6, 447.97, 723731, 249, 71, 0
1623, 6, 221, 457, 2, 0, 61.18%, 5, 0, 6, 438.09, 725909, 249, 71, 0
1628, 6, 50, 457, 2, 0, 61.18%, 5, 0, 6, 454.00, 728268, 249, 71, 0
1634, 6, 448, 457, 2, 0, 61.18%, 5, 0, 6, 417.27, 730406, 249, 74, 0
1639, 6, 336, 457, 2, 0, 61.18%, 5, 0, 6, 435.17, 732630, 249, 76, 0
1644, 6, 289, 457, 2, 0, 61.18%, 5, 0, 6, 436.87, 734888, 249, 76, 0
1649, 6, 190, 457, 2, 0, 61.18%, 5, 0, 6, 420.79, 737007, 249, 81, 0
1654, 6, 395, 457, 2, 0, 61.18%, 5, 0, 6, 449.83, 739249, 249, 81, 0
1659, 7, 460, 469, 13, 3, 61.92%, 5, 0, 6, 448.47, 741523, 252, 81, 0
1664, 7, 457, 469, 12, 2, 61.92%, 5, 0, 6, 453.42, 743837, 252, 81, 0
1669, 7, 456, 469, 10, 0, 61.92%, 5, 0, 6, 462.76, 746115, 252, 81, 0
1674, 7, 463, 469, 7, 0, 61.92%, 5, 0, 6, 462.20, 748414, 252, 81, 0
1679, 7, 241, 469, 6, 0, 61.92%, 5, 0, 6, 482.78, 750837, 252, 81, 0
1684, 7, 459, 469, 6, 0, 61.92%, 5, 0, 6, 449.20, 753016, 252, 81, 0
1689, 7, 50, 470, 4, 0, 61.92%, 6, 0, 6, 474.92, 755475, 252, 82, 0
1694, 7, 457, 470, 4, 0, 61.92%, 6, 0, 6, 451.66, 757692, 252, 82, 0
1699, 7, 296, 470, 4, 0, 61.92%, 6, 0, 6, 457.52, 760034, 252, 83, 0
1704, 7, 201, 470, 3, 0, 61.92%, 6, 0, 6, 487.03, 762480, 252, 83, 0
1710, 7, 469, 470, 3, 0, 61.92%, 6, 0, 6, 470.78, 764833, 252, 83, 0
1715, 7, 296, 470, 2, 0, 61.92%, 6, 0, 6, 454.72, 767037, 252, 83, 0
1720, 7, 158, 470, 2, 0, 61.92%, 6, 0, 6, 455.17, 769301, 252, 83, 0
1725, 7, 150, 470, 2, 0, 61.92%, 6, 0, 6, 447.55, 771533, 252, 83, 0
1730, 7, 297, 470, 2, 0, 61.92%, 6, 0, 6, 455.66, 773938, 252, 83, 0
1735, 7, 296, 470, 2, 0, 61.92%, 6, 0, 6, 454.83, 776212, 252, 83, 0
1740, 7, 241, 470, 2, 0, 61.92%, 6, 0, 6, 459.39, 778555, 252, 85, 0
1745, 7, 404, 470, 2, 0, 61.92%, 6, 0, 6, 463.89, 780909, 252, 85, 0
1750, 7, 47, 470, 2, 0, 61.92%, 6, 0, 6, 479.60, 783372, 252, 87, 0
1755, 7, 48, 470, 1, 0, 61.92%, 6, 0, 6, 479.68, 785777, 252, 87, 0
1760, 7, 50, 470, 1, 0, 61.92%, 6, 0, 6, 454.20, 788001, 252, 87, 0
1765, 7, 460, 471, 2, 0, 61.92%, 6, 0, 6, 450.97, 790346, 252, 87, 0
1770, 7, 367, 471, 2, 0, 61.92%, 6, 0, 6, 464.99, 792682, 252, 87, 0
1776, 7, 461, 471, 2, 0, 61.92%, 6, 0, 6, 441.23, 794892, 252, 89, 0
1781, 7, 121, 471, 1, 0, 61.92%, 6, 0, 6, 453.42, 797198, 252, 92, 0
1786, 7, 139, 471, 1, 0, 61.92%, 6, 0, 6, 471.29, 799578, 252, 94, 0
1791, 7, 305, 471, 0, 0, 61.92%, 6, 0, 6, 465.37, 801911, 252, 95, 0
1796, 7, 221, 471, 0, 0, 61.92%, 6, 0, 6, 440.00, 804080, 252, 95, 0
1801, 7, 264, 471, 0, 0, 61.92%, 6, 0, 6, 426.60, 806238, 252, 95, 0
1806, 7, 385, 471, 0, 0, 61.92%, 6, 0, 6, 445.95, 808471, 252, 95, 0
1811, 7, 460, 471, 0, 0, 61.92%, 6, 0, 6, 443.19, 810747, 252, 95, 0
1816, 8, 477, 478, 7, 2, 62.41%, 6, 0, 6, 429.14, 812877, 254, 95, 0
1821, 8, 296, 478, 5, 0, 62.41%, 6, 0, 6, 429.66, 815069, 254, 95, 0
1826, 8, 471, 478, 4, 0, 62.41%, 6, 0, 6, 429.44, 817298, 254, 95, 0
1831, 8, 221, 478, 3, 0, 62.41%, 6, 0, 6, 443.31, 819542, 254, 95, 0
1836, 8, 200, 478, 3, 0, 62.41%, 6, 0, 6, 426.36, 821673, 254, 95, 0
1841, 8, 476, 478, 3, 0, 62.41%, 6, 0, 6, 452.96, 823967, 254, 102, 0
1846, 8, 474, 478, 2, 0, 62.41%, 6, 0, 6, 422.71, 826146, 254, 102, 0
1852, 8, 48, 478, 1, 0, 62.41%, 6, 0, 6, 419.97, 828248, 254, 107, 0
1857, 8, 138, 478, 1, 0, 62.41%, 6, 0, 6, 452.05, 830528, 254, 109, 0
1862, 8, 163, 478, 1, 0, 62.41%, 6, 0, 6, 448.77, 832745, 254, 109, 0
1867, 8, 241, 478, 1, 0, 62.41%, 6, 0, 6, 427.84, 834915, 254, 109, 0
1872, 8, 385, 478, 1, 0, 62.41%, 6, 0, 6, 453.01, 837201, 254, 109, 0
1877, 8, 464, 478, 1, 0, 62.41%, 6, 0, 6, 454.58, 839484, 254, 109, 0
1882, 8, 323, 478, 1, 0, 62.41%, 6, 0, 6, 445.29, 841696, 254, 109, 0
1887, 8, 265, 478, 1, 0, 62.41%, 6, 0, 6, 455.93, 844024, 254, 109, 0
1892, 8, 163, 478, 1, 0, 62.41%, 6, 0, 6, 405.57, 846081, 254, 109, 0
1897, 8, 163, 478, 1, 0, 62.41%, 6, 0, 6, 404.37, 848116, 254, 109, 0
1902, 8, 336, 478, 1, 0, 62.41%, 6, 0, 6, 372.33, 849972, 254, 109, 0
1907, 8, 205, 478, 1, 0, 62.41%, 6, 0, 6, 423.52, 852211, 254, 109, 0
1912, 8, 190, 478, 1, 0, 62.41%, 6, 0, 6, 434.83, 854399, 254, 112, 0
1917, 8, 221, 478, 0, 0, 62.41%, 6, 0, 6, 435.11, 856562, 254, 112, 0
1922, 8, 457, 478, 0, 0, 62.41%, 6, 0, 6, 448.89, 858865, 254, 114, 0
1927, 8, 289, 478, 0, 0, 62.41%, 6, 0, 6, 433.51, 861027, 254, 114, 0
1932, 8, 117, 478, 0, 0, 62.41%, 6, 0, 6, 437.34, 863257, 254, 120, 0
1938, 8, 15, 478, 0, 0, 62.41%, 6, 0, 6, 464.66, 865641, 254, 120, 0
1943, 8, 331, 478, 0, 0, 62.41%, 6, 0, 6, 427.00, 867836, 254, 120, 0
1948, 8, 221, 478, 0, 0, 62.41%, 6, 0, 6, 447.51, 870097, 254, 122, 0
1953, 8, 460, 478, 0, 0, 62.41%, 6, 0, 6, 430.49, 872279, 254, 122, 0
1958, 8, 138, 478, 0, 0, 62.41%, 6, 0, 6, 432.62, 874495, 254, 124, 0
1963, 9, 464, 480, 2, 0, 62.41%, 6, 0, 6, 448.81, 876802, 254, 128, 0
1968, 9, 413, 480, 2, 0, 62.41%, 6, 0, 6, 440.07, 879022, 254, 128, 0
1973, 9, 50, 480, 2, 0, 62.41%, 6, 0, 6, 441.57, 881241, 254, 129, 0
1978, 9, 357, 480, 1, 0, 62.41%, 6, 0, 6, 461.25, 883498, 254, 129, 0
1983, 9, 385, 480, 1, 0, 62.41%, 6, 0, 6, 444.83, 885710, 254, 129, 0
1988, 9, 394, 480, 1, 0, 62.41%, 6, 0, 6, 427.79, 887830, 254, 135, 0
1993, 9, 264, 480, 1, 0, 62.41%, 6, 0, 6, 415.68, 889929, 254, 135, 0
1998, 9, 117, 480, 1, 0, 62.41%, 6, 0, 6, 446.00, 892184, 254, 135, 0
2003, 9, 264, 480, 1, 0, 62.41%, 6, 0, 6, 443.82, 894429, 254, 135, 0
2008, 9, 41, 480, 1, 0, 62.41%, 6, 0, 6, 424.03, 896562, 254, 139, 0
2013, 9, 323, 480, 1, 0, 62.41%, 6, 0, 6, 458.68, 898960, 254, 139, 0
2018, 9, 190, 480, 1, 0, 62.41%, 6, 0, 6, 467.81, 901296, 254, 139, 0
2023, 9, 201, 480, 1, 0, 62.41%, 6, 0, 6, 446.26, 903504, 254, 139, 0
2029, 9, 414, 480, 1, 0, 62.41%, 6, 0, 6, 434.43, 905704, 254, 139, 0
2034, 9, 231, 480, 1, 0, 62.41%, 6, 0, 6, 442.37, 907869, 254, 140, 0
2039, 9, 404, 480, 1, 0, 62.41%, 6, 0, 6, 426.08, 910045, 254, 145, 0
2044, 9, 252, 480, 0, 0, 62.41%, 6, 0, 6, 423.00, 912146, 254, 145, 0
2049, 9, 326, 480, 0, 0, 62.41%, 6, 0, 6, 458.30, 914404, 254, 145, 0
2054, 9, 296, 480, 0, 0, 62.41%, 6, 0, 6, 423.97, 916457, 254, 146, 0
2059, 9, 323, 480, 0, 0, 62.41%, 6, 0, 6, 429.92, 918676, 254, 146, 0
2064, 9, 418, 480, 0, 0, 62.41%, 6, 0, 6, 428.07, 920905, 254, 147, 0
2069, 9, 460, 480, 0, 0, 62.41%, 6, 0, 6, 446.96, 923224, 254, 147, 0
2074, 9, 238, 480, 0, 0, 62.41%, 7, 0, 6, 429.79, 925409, 254, 153, 0
2079, 9, 326, 480, 0, 0, 62.41%, 7, 0, 6, 425.39, 927632, 254, 154, 0
2084, 9, 418, 480, 0, 0, 62.41%, 7, 0, 6, 446.65, 929917, 254, 154, 0
2089, 9, 353, 480, 0, 0, 62.41%, 7, 0, 6, 443.69, 932232, 254, 154, 0
2094, 9, 163, 480, 0, 0, 62.41%, 7, 0, 6, 459.72, 934550, 254, 154, 0
2100, 9, 163, 480, 0, 0, 62.41%, 7, 0, 6, 471.20, 936933, 254, 154, 0
2105, 9, 172, 480, 0, 0, 62.41%, 7, 0, 6, 441.01, 939141, 254, 155, 0
2110, 10, 138, 480, 0, 0, 62.41%, 7, 0, 6, 446.06, 941429, 254, 158, 0
2115, 10, 331, 480, 0, 0, 62.41%, 7, 0, 6, 435.20, 943605, 254, 160, 0
2120, 10, 418, 480, 0, 0, 62.41%, 7, 0, 6, 414.91, 945677, 254, 160, 0
2125, 10, 448, 480, 0, 0, 62.41%, 7, 0, 6, 411.58, 947744, 254, 160, 0
2130, 10, 316, 480, 0, 0, 62.41%, 7, 0, 6, 455.37, 950184, 254, 165, 0
2135, 10, 377, 480, 0, 0, 62.41%, 7, 0, 6, 432.48, 952347, 254, 165, 0
2140, 10, 289, 480, 0, 0, 62.41%, 7, 0, 6, 436.07, 954517, 254, 165, 0
2145, 10, 244, 480, 0, 0, 62.41%, 7, 0, 6, 438.41, 956739, 254, 169, 0
2150, 10, 376, 480, 0, 0, 62.41%, 7, 0, 6, 430.01, 958970, 254, 169, 0
2155, 10, 326, 480, 0, 0, 62.41%, 7, 0, 6, 438.60, 961222, 254, 175, 0
2160, 10, 413, 480, 0, 0, 62.41%, 7, 0, 6, 445.91, 963511, 254, 175, 0
2165, 10, 292, 480, 0, 0, 62.41%, 7, 0, 6, 438.79, 965761, 254, 175, 0
2170, 10, 311, 480, 0, 0, 62.41%, 7, 0, 6, 471.55, 968130, 254, 175, 0
2175, 10, 296, 480, 0, 0, 62.41%, 7, 0, 6, 434.34, 970361, 254, 175, 0
2181, 10, 413, 480, 0, 0, 62.41%, 7, 0, 6, 418.32, 972493, 254, 175, 0
2186, 10, 413, 480, 0, 0, 62.41%, 7, 0, 6, 441.67, 974750, 254, 176, 0
2191, 10, 163, 480, 0, 0, 62.41%, 7, 0, 6, 474.27, 977143, 254, 178, 0
2196, 10, 296, 480, 0, 0, 62.41%, 7, 0, 6, 436.79, 979287, 254, 178, 0
2201, 10, 289, 480, 0, 0, 62.41%, 7, 0, 6, 455.29, 981619, 254, 178, 0
2206, 10, 145, 480, 0, 0, 62.41%, 7, 0, 6, 454.14, 983995, 254, 179, 0
2211, 10, 237, 480, 0, 0, 62.41%, 7, 0, 6, 440.41, 986225, 254, 182, 0
2216, 10, 432, 480, 0, 0, 62.41%, 7, 0, 6, 466.50, 988674, 254, 184, 0
2221, 10, 145, 480, 0, 0, 62.41%, 7, 0, 6, 451.59, 990950, 254, 184, 0
2226, 10, 237, 480, 0, 0, 62.41%, 7, 0, 6, 457.82, 993245, 254, 184, 0
2231, 10, 385, 480, 0, 0, 62.41%, 7, 0, 6, 433.45, 995437, 254, 184, 0
2237, 10, 403, 480, 0, 0, 62.41%, 7, 0, 6, 442.61, 997680, 254, 184, 0
2242, 11, 343, 480, 0, 0, 62.41%, 7, 0, 6, 454.70, 999916, 254, 185, 0
2247, 11, 457, 480, 0, 0, 62.41%, 7, 0, 6, 459.01, 1002186, 254, 185, 0
2252, 11, 137, 480, 0, 0, 62.41%, 7, 0, 6, 477.14, 1004660, 254, 191, 0
2257, 11, 357, 480, 0, 0, 62.41%, 7, 0, 6, 430.59, 1006746, 254, 192, 0
2262, 11, 241, 480, 0, 0, 62.41%, 7, 0, 6, 431.82, 1008964, 254, 192, 0
2267, 11, 50, 480, 0, 0, 62.41%, 7, 0, 6, 453.95, 1011377, 254, 192, 0
2272, 11, 404, 480, 0, 0, 62.41%, 7, 0, 6, 451.06, 1013660, 254, 192, 0
2277, 11, 48, 480, 0, 0, 62.41%, 7, 0, 6, 447.13, 1015966, 254, 193, 0
2282, 11, 231, 480, 0, 0, 62.41%, 7, 0, 6, 473.21, 1018361, 254, 193, 0
2287, 11, 448, 480, 0, 0, 62.41%, 7, 0, 6, 443.10, 1020572, 254, 198, 0
2292, 11, 418, 480, 0, 0, 62.41%, 7, 0, 6, 436.85, 1022816, 254, 198, 0
2298, 11, 75, 480, 0, 0, 62.41%, 7, 0, 6, 457.68, 1025188, 254, 198, 0
2303, 11, 145, 480, 0, 0, 62.41%, 7, 0, 6, 447.55, 1027406, 254, 198, 0
2308, 11, 237, 480, 0, 0, 62.41%, 7, 0, 6, 438.30, 1029609, 254, 198, 0
2313, 11, 475, 480, 0, 0, 62.41%, 7, 0, 6, 436.74, 1031830, 254, 198, 0
2318, 11, 289, 480, 0, 0, 62.41%, 7, 0, 6, 428.97, 1033990, 254, 198, 0
2323, 11, 418, 480, 0, 0, 62.41%, 7, 0, 6, 433.88, 1036218, 254, 198, 0
2328, 11, 460, 480, 0, 0, 62.41%, 7, 0, 6, 424.16, 1038324, 254, 198, 0
2333, 11, 73, 480, 0, 0, 62.41%, 7, 0, 6, 477.83, 1040739, 254, 198, 0
2338, 11, 331, 480, 0, 0, 62.41%, 7, 0, 6, 480.11, 1043133, 254, 198, 0
2343, 11, 138, 480, 0, 0, 62.41%, 7, 0, 6, 446.86, 1045326, 254, 198, 0
2348, 11, 201, 480, 0, 0, 62.41%, 7, 0, 6, 454.24, 1047633, 254, 198, 0
2353, 11, 138, 480, 0, 0, 62.41%, 7, 0, 6, 454.17, 1049964, 254, 202, 0
2358, 11, 395, 480, 0, 0, 62.41%, 7, 0, 6, 471.13, 1052414, 254, 202, 0
2363, 11, 377, 480, 0, 0, 62.41%, 7, 0, 6, 460.80, 1054686, 254, 202, 0
2369, 11, 289, 480, 0, 0, 62.41%, 7, 0, 6, 413.73, 1056828, 254, 202, 0
2374, 11, 145, 480, 0, 0, 62.41%, 7, 0, 6, 424.17, 1058995, 254, 202, 0
2379, 12, 357, 481, 1, 0, 62.41%, 7, 0, 6, 430.95, 1061072, 254, 202, 0
2384, 12, 78, 481, 1, 0, 62.41%, 7, 0, 6, 462.77, 1063409, 254, 206, 0
2389, 12, 326, 481, 1, 0, 62.41%, 7, 0, 6, 427.69, 1065517, 254, 206, 0
2394, 12, 464, 481, 1, 0, 62.41%, 7, 0, 6, 442.10, 1067783, 254, 206, 0
2399, 12, 287, 481, 1, 0, 62.41%, 7, 0, 6, 439.73, 1069943, 254, 206, 0
2404, 12, 464, 481, 1, 0, 62.41%, 7, 0, 6, 460.24, 1072281, 254, 206, 0
2409, 12, 403, 481, 1, 0, 62.41%, 7, 0, 6, 437.88, 1074429, 254, 206, 0
2414, 12, 292, 481, 1, 0, 62.41%, 7, 0, 6, 437.56, 1076603, 254, 206, 0
2419, 12, 289, 481, 1, 0, 62.41%, 7, 0, 6, 418.43, 1078696, 254, 210, 0
2424, 12, 357, 481, 1, 0, 62.41%, 7, 0, 6, 427.01, 1080835, 254, 210, 0
2429, 12, 466, 481, 1, 0, 62.41%, 7, 0, 6, 443.38, 1083072, 254, 210, 0
2434, 12, 403, 481, 1, 0, 62.41%, 7, 0, 6, 446.36, 1085310, 254, 213, 0
2439, 12, 176, 481, 1, 0, 62.41%, 7, 0, 6, 417.10, 1087405, 254, 213, 0
2444, 12, 433, 481, 1, 0, 62.41%, 7, 0, 6, 454.21, 1089700, 254, 213, 0
2450, 12, 414, 481, 0, 0, 62.41%, 7, 0, 6, 457.51, 1092028, 254, 213, 0
2455, 12, 175, 481, 0, 0, 62.41%, 7, 0, 6, 446.95, 1094305, 254, 213, 0
2460, 12, 467, 481, 0, 0, 62.41%, 7, 0, 6, 464.32, 1096644, 254, 213, 0
2465, 12, 352, 481, 0, 0, 62.41%, 7, 0, 6, 451.77, 1098958, 254, 214, 0
2470, 12, 331, 481, 0, 0, 62.41%, 7, 0, 6, 442.88, 1101129, 254, 214, 0
2475, 12, 323, 481, 0, 0, 62.41%, 7, 0, 6, 428.56, 1103286, 254, 214, 0
2480, 12, 221, 481, 0, 0, 62.41%, 7, 0, 6, 401.29, 1105337, 254, 214, 0
2485, 12, 48, 481, 0, 0, 62.41%, 7, 0, 6, 434.80, 1107594, 254, 216, 0
2490, 12, 357, 481, 0, 0, 62.41%, 7, 0, 6, 428.51, 1109772, 254, 216, 0
2495, 12, 331, 481, 0, 0, 62.41%, 7, 0, 6, 437.61, 1112025, 254, 216, 0
2500, 12, 247, 481, 0, 0, 62.41%, 7, 0, 6, 456.24, 1114337, 254, 216, 0
2505, 12, 410, 481, 0, 0, 62.41%, 7, 0, 6, 451.76, 1116598, 254, 217, 0
2510, 12, 357, 481, 0, 0, 62.41%, 7, 0, 6, 449.38, 1118841, 254, 217, 0
2515, 12, 385, 481, 0, 0, 62.41%, 7, 0, 6, 451.97, 1121119, 254, 217, 0
2520, 13, 475, 482, 1, 0, 62.41%, 7, 0, 6, 429.54, 1123259, 254, 218, 0
2525, 13, 74, 482, 1, 0, 62.41%, 7, 0, 6, 436.33, 1125449, 254, 218, 0
2531, 13, 331, 482, 1, 0, 62.41%, 7, 0, 6, 457.59, 1127861, 254, 220, 0
2536, 13, 264, 482, 1, 0, 62.41%, 7, 0, 6, 439.08, 1130059, 254, 220, 0
2541, 13, 296, 482, 1, 0, 62.41%, 7, 0, 6, 407.94, 1132130, 254, 220, 0
2546, 13, 377, 482, 1, 0, 62.41%, 7, 0, 6, 415.76, 1134280, 254, 224, 0
2551, 13, 120, 482, 1, 0, 62.41%, 7, 0, 6, 430.16, 1136480, 254, 224, 0
2556, 13, 336, 482, 1, 0, 62.41%, 7, 0, 6, 460.65, 1138829, 254, 227, 0
2561, 13, 306, 482, 1, 0, 62.41%, 7, 0, 6, 446.69, 1141153, 254, 229, 0
2566, 13, 481, 482, 1, 0, 62.41%, 7, 0, 6, 443.84, 1143364, 254, 237, 0
2571, 13, 306, 482, 0, 0, 62.41%, 7, 0, 6, 445.79, 1145569, 254, 237, 0
2576, 13, 264, 482, 0, 0, 62.41%, 7, 0, 6, 423.90, 1147701, 254, 238, 0
2581, 13, 361, 482, 0, 0, 62.41%, 7, 0, 6, 428.57, 1149898, 254, 239, 0
2586, 13, 448, 482, 0, 0, 62.41%, 7, 0, 6, 423.02, 1152023, 254, 239, 0
2591, 13, 129, 482, 0, 0, 62.41%, 7, 0, 6, 453.51, 1154349, 254, 240, 0
2596, 13, 145, 482, 0, 0, 62.41%, 7, 0, 6, 445.73, 1156575, 254, 240, 0
2601, 13, 190, 482, 0, 0, 62.41%, 7, 0, 6, 431.85, 1158743, 254, 241, 0
2607, 13, 433, 482, 0, 0, 62.41%, 7, 0, 6, 437.58, 1160925, 254, 241, 0
2612, 13, 74, 482, 0, 0, 62.41%, 7, 0, 6, 440.77, 1163144, 254, 241, 0
2617, 13, 13, 482, 0, 0, 62.41%, 7, 0, 6, 443.02, 1165371, 254, 241, 0
2622, 13, 12, 482, 0, 0, 62.41%, 7, 0, 6, 454.69, 1167754, 254, 241, 0
2627, 13, 50, 482, 0, 0, 62.41%, 7, 0, 6, 464.05, 1170032, 254, 241, 0
2632, 13, 414, 482, 0, 0, 62.41%, 7, 0, 6, 461.66, 1172328, 254, 241, 0
2637, 13, 457, 482, 0, 0, 62.41%, 7, 0, 6, 443.15, 1174571, 254, 241, 0
2642, 13, 475, 482, 0, 0, 62.41%, 7, 0, 6, 432.29, 1176778, 254, 241, 0
2647, 13, 45, 482, 0, 0, 62.41%, 7, 0, 6, 426.90, 1178949, 254, 247, 0
2652, 13, 231, 482, 0, 0, 62.41%, 7, 0, 6, 435.67, 1181310, 254, 247, 0
2658, 14, 343, 483, 1, 0, 62.41%, 7, 0, 6, 444.89, 1183670, 254, 247, 0
2663, 14, 25, 483, 1, 0, 62.41%, 7, 0, 6, 452.57, 1185862, 254, 251, 0
2668, 14, 482, 483, 1, 0, 62.41%, 7, 0, 6, 453.90, 1188125, 254, 251, 0
2673, 14, 296, 483, 0, 0, 62.41%, 7, 0, 6, 442.34, 1190304, 254, 256, 0
2678, 14, 163, 483, 0, 0, 62.41%, 7, 0, 6, 441.87, 1192479, 254, 257, 0
2683, 14, 464, 483, 0, 0, 62.41%, 7, 0, 6, 429.45, 1194575, 254, 257, 0
2688, 14, 48, 483, 0, 0, 62.41%, 7, 0, 6, 445.72, 1196787, 254, 257, 0
2693, 14, 306, 483, 0, 0, 62.41%, 7, 0, 6, 447.16, 1199116, 254, 257, 0
2698, 14, 336, 483, 0, 0, 62.41%, 7, 0, 6, 445.91, 1201306, 254, 257, 0
2703, 14, 265, 483, 0, 0, 62.41%, 7, 0, 6, 448.40, 1203629, 254, 257, 0
2708, 14, 163, 483, 0, 0, 62.41%, 7, 0, 6, 426.28, 1205807, 254, 257, 0
2714, 14, 467, 483, 0, 0, 62.41%, 7, 0, 6, 465.08, 1208272, 254, 261, 0
2719, 14, 296, 483, 0, 0, 62.41%, 7, 0, 6, 473.18, 1210740, 254, 261, 0
2724, 14, 50, 483, 0, 0, 62.41%, 7, 0, 6, 445.85, 1212956, 254, 261, 0
2729, 14, 190, 483, 0, 0, 62.41%, 7, 0, 6, 446.78, 1215218, 254, 261, 0
2734, 14, 433, 483, 0, 0, 62.41%, 7, 0, 6, 441.80, 1217426, 254, 261, 0
2739, 14, 475, 483, 0, 0, 62.41%, 7, 0, 6, 458.52, 1219811, 254, 261, 0
2744, 14, 190, 483, 0, 0, 62.41%, 7, 0, 6, 469.94, 1222178, 254, 261, 0
2749, 14, 441, 483, 0, 0, 62.41%, 7, 0, 6, 437.68, 1224385, 254, 261, 0
2754, 14, 475, 483, 0, 0, 62.41%, 7, 0, 6, 458.74, 1226725, 254, 261, 0
2759, 14, 145, 483, 0, 0, 62.41%, 7, 0, 6, 463.05, 1229106, 254, 266, 0
2764, 14, 237, 483, 0, 0, 62.41%, 7, 0, 6, 434.83, 1231316, 254, 267, 0
2769, 14, 30, 483, 0, 0, 62.41%, 7, 0, 6, 442.19, 1233500, 254, 267, 0
2774, 14, 419, 483, 0, 0, 62.41%, 7, 0, 6, 431.98, 1235648, 254, 267, 0
2779, 14, 237, 483, 0, 0, 62.41%, 7, 0, 6, 455.60, 1237970, 254, 267, 0
2784, 14, 419, 483, 0, 0, 62.41%, 7, 0, 6, 449.22, 1240281, 254, 269, 0
2790, 14, 433, 483, 0, 0, 62.41%, 7, 0, 6, 439.16, 1242483, 254, 269, 0
2795, 15, 331, 483, 0, 0, 62.41%, 7, 0, 6, 442.20, 1244720, 254, 269, 0
2800, 15, 289, 483, 0, 0, 62.41%, 7, 0, 6, 432.43, 1246901, 254, 269, 0
2805, 15, 26, 483, 0, 0, 62.41%, 7, 0, 6, 446.76, 1249176, 254, 269, 0
2810, 15, 385, 483, 0, 0, 62.41%, 7, 0, 6, 435.83, 1251400, 254, 269, 0
2815, 15, 138, 483, 0, 0, 62.41%, 7, 0, 6, 441.31, 1253758, 254, 269, 0
2820, 15, 163, 483, 0, 0, 62.41%, 7, 0, 6, 431.66, 1255974, 254, 275, 0
2825, 15, 238, 483, 0, 0, 62.41%, 7, 0, 6, 462.39, 1258299, 254, 277, 0
2830, 15, 464, 483, 0, 0, 62.41%, 7, 0, 6, 439.99, 1260549, 254, 277, 0
2835, 15, 231, 483, 0, 0, 62.41%, 7, 0, 6, 451.32, 1262914, 254, 277, 0
2840, 15, 158, 483, 0, 0, 62.41%, 7, 0, 6, 473.29, 1265279, 254, 278, 0
2845, 15, 274, 483, 0, 0, 62.41%, 7, 0, 6, 479.79, 1267675, 254, 281, 0
2851, 15, 441, 483, 0, 0, 62.41%, 7, 0, 6, 465.52, 1269984, 254, 281, 0
2856, 15, 413, 483, 0, 0, 62.41%, 7, 0, 6, 474.75, 1272402, 254, 283, 0
2861, 15, 460, 483, 0, 0, 62.41%, 7, 0, 6, 467.51, 1274754, 254, 283, 0
2866, 15, 385, 483, 0, 0, 62.41%, 7, 0, 6, 448.11, 1277086, 254, 283, 0
2871, 15, 256, 483, 0, 0, 62.41%, 8, 0, 6, 448.20, 1279344, 254, 284, 0
2876, 15, 460, 483, 0, 0, 62.41%, 8, 0, 6, 444.95, 1281642, 254, 284, 0
2881, 15, 256, 483, 0, 0, 62.41%, 8, 0, 6, 475.01, 1284081, 254, 284, 0
2886, 15, 279, 483, 0, 0, 62.41%, 8, 0, 6, 459.41, 1286363, 254, 284, 0
2891, 15, 319, 483, 0, 0, 62.41%, 8, 0, 6, 468.23, 1288704, 254, 284, 0
2896, 15, 289, 483, 0, 0, 62.41%, 8, 0, 6, 422.77, 1290790, 254, 290, 0
2901, 15, 221, 483, 0, 0, 62.41%, 8, 0, 6, 433.58, 1293018, 254, 294, 0
2907, 15, 436, 483, 0, 0, 62.41%, 8, 0, 6, 460.45, 1295395, 254, 294, 0
2912, 15, 289, 483, 0, 0, 62.41%, 8, 0, 6, 440.22, 1297636, 254, 294, 0
2917, 15, 48, 483, 0, 0, 62.41%, 8, 0, 6, 452.39, 1299946, 254, 294, 0
2922, 15, 331, 483, 0, 0, 62.41%, 8, 0, 6, 460.40, 1302299, 254, 296, 0
2927, 16, 155, 483, 0, 0, 62.41%, 8, 0, 6, 468.97, 1304739, 254, 296, 0
2932, 16, 404, 483, 0, 0, 62.41%, 8, 0, 6, 449.91, 1306971, 254, 298, 0
2937, 16, 11, 483, 0, 0, 62.41%, 8, 0, 6, 431.10, 1309074, 254, 298, 0
2942, 16, 404, 483, 0, 0, 62.41%, 8, 0, 6, 443.16, 1311352, 254, 298, 0
2947, 16, 27, 484, 1, 0, 62.41%, 8, 0, 6, 462.95, 1313691, 254, 299, 0
2952, 16, 50, 484, 1, 0, 62.41%, 8, 0, 6, 436.02, 1315856, 254, 299, 0
2957, 16, 26, 484, 1, 0, 62.41%, 8, 0, 6, 464.31, 1318221, 254, 308, 0
2962, 16, 13, 484, 1, 0, 62.41%, 8, 0, 6, 440.60, 1320422, 254, 312, 0
2967, 16, 201, 484, 1, 0, 62.41%, 8, 0, 6, 453.64, 1322695, 254, 312, 0
2972, 16, 296, 484, 1, 0, 62.41%, 8, 0, 6, 425.96, 1324849, 254, 312, 0
2977, 16, 433, 484, 1, 0, 62.41%, 8, 0, 6, 448.42, 1327098, 254, 315, 0
2983, 16, 256, 484, 0, 0, 62.41%, 8, 0, 6, 435.32, 1329302, 254, 315, 0
2988, 16, 296, 484, 0, 0, 62.41%, 8, 0, 6, 457.98, 1331651, 254, 315, 0
2993, 16, 331, 484, 0, 0, 62.41%, 8, 0, 6, 446.49, 1333893, 254, 315, 0
2998, 16, 281, 484, 0, 0, 62.41%, 8, 0, 6, 414.69, 1335945, 254, 317, 0
3003, 16, 464, 484, 0, 0, 62.41%, 8, 0, 6, 441.82, 1338223, 254, 319, 0
3008, 16, 418, 484, 0, 0, 62.41%, 8, 0, 6, 457.63, 1340615, 254, 319, 0
3013, 16, 328, 484, 0, 0, 62.41%, 8, 0, 6, 455.02, 1342941, 254, 324, 0
3018, 16, 319, 484, 0, 0, 62.41%, 8, 0, 6, 453.50, 1345251, 254, 325, 0
3023, 16, 163, 484, 0, 0, 62.41%, 8, 0, 6, 446.00, 1347506, 254, 325, 0
3028, 16, 460, 484, 0, 0, 62.41%, 8, 0, 6, 426.34, 1349673, 254, 328, 0
3034, 16, 296, 484, 0, 0, 62.41%, 8, 0, 6, 442.62, 1351865, 254, 328, 0
3039, 16, 466, 484, 0, 0, 62.41%, 8, 0, 6, 420.95, 1353933, 254, 328, 0
3044, 16, 25, 484, 0, 0, 62.41%, 8, 0, 6, 418.82, 1356071, 254, 328, 0
3049, 16, 138, 484, 0, 0, 62.41%, 8, 0, 6, 439.63, 1358372, 254, 331, 0
3054, 16, 66, 484, 0, 0, 62.41%, 8, 0, 6, 433.80, 1360552, 254, 331, 0
3059, 16, 26, 484, 0, 0, 62.41%, 8, 0, 6, 435.62, 1362778, 254, 331, 0
3064, 16, 163, 484, 0, 0, 62.41%, 8, 0, 6, 437.34, 1365022, 254, 331, 0
3069, 16, 241, 484, 0, 0, 62.41%, 8, 0, 6, 454.87, 1367346, 254, 332, 0
3074, 17, 138, 484, 0, 0, 62.41%, 8, 0, 6, 439.67, 1369486, 254, 332, 0
3079, 17, 323, 484, 0, 0, 62.41%, 8, 0, 6, 454.82, 1371836, 254, 338, 0
3084, 17, 385, 484, 0, 0, 62.41%, 8, 0, 6, 460.44, 1374153, 254, 342, 0
3089, 17, 56, 484, 0, 0, 62.41%, 8, 0, 6, 451.01, 1376455, 254, 343, 0
3094, 17, 314, 484, 0, 0, 62.41%, 8, 0, 6, 456.01, 1378752, 254, 343, 0
3100, 17, 448, 484, 0, 0, 62.41%, 8, 0, 6, 468.20, 1381142, 254, 344, 0
3105, 17, 237, 484, 0, 0, 62.41%, 8, 0, 6, 482.45, 1383566, 254, 344, 0
3110, 17, 145, 484, 0, 0, 62.41%, 8, 0, 6, 459.10, 1385826, 254, 344, 0
3115, 17, 26, 484, 0, 0, 62.41%, 8, 0, 6, 434.07, 1388062, 254, 344, 0
3120, 17, 374, 484, 0, 0, 62.41%, 8, 0, 6, 474.98, 1390522, 254, 344, 0
3125, 17, 418, 484, 0, 0, 62.41%, 8, 0, 6, 437.60, 1392697, 254, 344, 0
3130, 17, 377, 484, 0, 0, 62.41%, 8, 0, 6, 428.90, 1394890, 254, 344, 0
3135, 17, 331, 484, 0, 0, 62.41%, 8, 0, 6, 442.39, 1397125, 254, 344, 0
3140, 17, 377, 484, 0, 0, 62.41%, 8, 0, 6, 450.67, 1399463, 254, 347, 0
3145, 17, 31, 484, 0, 0, 62.41%, 8, 0, 6, 462.29, 1401675, 254, 351, 0
3150, 17, 190, 484, 0, 0, 62.41%, 8, 0, 6, 464.40, 1404065, 254, 352, 0
3156, 17, 323, 484, 0, 0, 62.41%, 8, 0, 6, 449.37, 1406374, 254, 352, 0
3161, 17, 50, 484, 0, 0, 62.41%, 8, 0, 6, 449.13, 1408706, 254, 352, 0
3166, 17, 296, 484, 0, 0, 62.41%, 8, 0, 6, 465.60, 1411058, 254, 352, 0
3171, 17, 326, 484, 0, 0, 62.41%, 8, 0, 6, 441.59, 1413318, 254, 354, 0
3176, 17, 460, 484, 0, 0, 62.41%, 8, 0, 6, 444.98, 1415532, 254, 357, 0
3181, 17, 408, 484, 0, 0, 62.41%, 8, 0, 6, 457.29, 1417846, 254, 357, 0
3186, 17, 10, 484, 0, 0, 62.41%, 8, 0, 6, 443.83, 1420106, 254, 357, 0
3191, 17, 385, 484, 0, 0, 62.41%, 8, 0, 6, 473.68, 1422486, 254, 357, 0
3196, 17, 190, 484, 0, 0, 62.41%, 8, 0, 6, 450.50, 1424737, 254, 358, 0
3201, 17, 403, 484, 0, 0, 62.41%, 8, 0, 6, 479.13, 1427188, 254, 359, 0
3206, 17, 357, 484, 0, 0, 62.41%, 8, 0, 6, 462.71, 1429504, 254, 359, 0
3212, 17, 50, 484, 0, 0, 62.41%, 8, 0, 6, 429.08, 1431629, 254, 359, 0
3217, 18, 413, 484, 0, 0, 62.41%, 8, 0, 6, 441.50, 1433846, 254, 359, 0
3222, 18, 296, 484, 0, 0, 62.41%, 8, 0, 6, 468.05, 1436312, 254, 363, 0
3227, 18, 400, 484, 0, 0, 62.41%, 8, 0, 6, 472.31, 1438742, 254, 363, 0
3232, 18, 289, 484, 0, 0, 62.41%, 8, 0, 6, 455.86, 1441020, 254, 368, 0
3237, 18, 213, 484, 0, 0, 62.41%, 8, 0, 6, 445.78, 1443277, 254, 368, 0
3242, 18, 433, 484, 0, 0, 62.41%, 8, 0, 6, 443.96, 1445510, 254, 369, 0
3247, 18, 467, 484, 0, 0, 62.41%, 8, 0, 6, 437.13, 1447771, 254, 369, 0
3252, 18, 336, 484, 0, 0, 62.41%, 8, 0, 6, 432.87, 1449938, 254, 369, 0
3257, 18, 256, 484, 0, 0, 62.41%, 8, 0, 6, 431.98, 1452118, 254, 372, 0
3262, 18, 418, 484, 0, 0, 62.41%, 8, 0, 6, 444.70, 1454370, 254, 372, 0
3267, 18, 323, 484, 0, 0, 62.41%, 8, 0, 6, 439.58, 1456555, 254, 372, 0
3272, 18, 475, 484, 0, 0, 62.41%, 8, 0, 6, 450.48, 1458841, 254, 372, 0
3278, 18, 48, 484, 0, 0, 62.41%, 8, 0, 6, 434.34, 1460969, 254, 372, 0
3283, 18, 341, 484, 0, 0, 62.41%, 8, 0, 6, 426.86, 1463091, 254, 373, 0
3288, 18, 439, 484, 0, 0, 62.41%, 8, 0, 6, 439.75, 1465307, 254, 373, 0
3293, 18, 127, 484, 0, 0, 62.41%, 8, 0, 6, 449.57, 1467578, 254, 373, 0
3298, 18, 296, 484, 0, 0, 62.41%, 8, 0, 6, 449.01, 1469888, 254, 374, 0
3303, 18, 481, 484, 0, 0, 62.41%, 8, 0, 6, 454.60, 1472214, 254, 378, 0
3308, 18, 163, 484, 0, 0, 62.41%, 8, 0, 6, 448.41, 1474435, 254, 378, 0
3313, 18, 475, 484, 0, 0, 62.41%, 8, 0, 6, 448.47, 1476700, 254, 378, 0
3318, 18, 205, 484, 0, 0, 62.41%, 8, 0, 6, 470.15, 1479088, 254, 378, 0
3323, 18, 241, 484, 0, 0, 62.41%, 8, 0, 6, 453.37, 1481405, 254, 378, 0
3328, 18, 190, 484, 0, 0, 62.41%, 8, 0, 6, 425.70, 1483564, 254, 378, 0
3333, 18, 460, 484, 0, 0, 62.41%, 8, 0, 6, 449.19, 1485835, 254, 378, 0
3338, 18, 138, 484, 0, 0, 62.41%, 8, 0, 6, 445.92, 1488177, 254, 379, 0
3343, 18, 252, 484, 0, 0, 62.41%, 8, 0, 6, 495.80, 1490679, 254, 379, 0
3348, 19, 488, 490, 6, 1, 63.64%, 8, 0, 6, 420.68, 1492738, 259, 379, 0
3353, 19, 485, 490, 5, 0, 63.64%, 8, 0, 6, 460.50, 1495093, 259, 379, 0
3358, 19, 138, 490, 4, 0, 63.64%, 8, 0, 6, 462.03, 1497426, 259, 381, 0
3363, 19, 485, 491, 5, 0, 63.64%, 8, 0, 6, 446.97, 1499665, 259, 384, 0
3368, 19, 241, 491, 5, 0, 63.64%, 8, 0, 6, 449.81, 1502039, 259, 384, 0
3374, 19, 487, 491, 5, 0, 63.64%, 8, 0, 6, 442.39, 1504237, 259, 384, 0
3379, 19, 418, 491, 3, 0, 63.64%, 8, 0, 6, 489.58, 1506755, 259, 384, 0
3384, 19, 256, 491, 3, 0, 63.64%, 8, 0, 6, 457.77, 1509065, 259, 384, 0
3389, 19, 199, 491, 3, 0, 63.64%, 8, 0, 6, 469.08, 1511458, 259, 384, 0
3394, 19, 485, 491, 3, 0, 63.64%, 8, 0, 6, 443.49, 1513725, 259, 388, 0
3399, 19, 71, 491, 3, 0, 63.64%, 8, 0, 6, 436.29, 1515849, 259, 388, 0
3404, 19, 484, 491, 2, 0, 63.64%, 8, 0, 6, 437.29, 1518130, 259, 388, 0
3409, 19, 418, 491, 1, 0, 63.64%, 9, 0, 6, 437.30, 1520343, 259, 389, 0
3414, 19, 248, 491, 0, 0, 63.64%, 9, 0, 6, 434.54, 1522451, 259, 389, 0
3419, 19, 145, 491, 0, 0, 63.64%, 9, 0, 6, 452.16, 1524753, 259, 396, 0
3424, 19, 326, 491, 0, 0, 63.64%, 9, 0, 6, 467.18, 1527152, 259, 399, 0
3430, 19, 138, 491, 0, 0, 63.64%, 9, 0, 6, 470.11, 1529575, 259, 403, 0
3435, 19, 99, 491, 0, 0, 63.64%, 9, 0, 6, 470.99, 1531917, 259, 403, 0
3440, 19, 296, 491, 0, 0, 63.64%, 9, 0, 6, 431.26, 1534087, 259, 403, 0
3445, 19, 145, 491, 0, 0, 63.64%, 9, 0, 6, 442.54, 1536309, 259, 404, 0
3450, 19, 73, 491, 0, 0, 63.64%, 9, 0, 6, 456.50, 1538639, 259, 406, 0
3455, 19, 264, 491, 0, 0, 63.64%, 9, 0, 6, 455.34, 1540952, 259, 408, 0
3460, 19, 289, 491, 0, 0, 63.64%, 9, 0, 6, 478.22, 1543340, 259, 408, 0
3465, 19, 377, 491, 0, 0, 63.64%, 9, 0, 6, 480.14, 1545718, 259, 409, 0
3470, 19, 377, 491, 0, 0, 63.64%, 9, 0, 6, 485.26, 1548177, 259, 409, 0
3475, 19, 163, 491, 0, 0, 63.64%, 9, 0, 6, 456.83, 1550450, 259, 409, 0
3480, 19, 323, 491, 0, 0, 63.64%, 9, 0, 6, 458.85, 1552829, 259, 409, 0
3485, 19, 74, 491, 0, 0, 63.64%, 9, 0, 6, 461.75, 1555099, 259, 409, 0
3490, 19, 357, 491, 0, 0, 63.64%, 9, 0, 6, 487.54, 1557558, 259, 410, 0
3495, 19, 264, 491, 0, 0, 63.64%, 9, 0, 6, 462.97, 1559874, 259, 411, 0
3500, 19, 336, 491, 0, 0, 63.64%, 9, 0, 6, 469.07, 1562213, 259, 411, 0
3505, 19, 145, 491, 0, 0, 63.64%, 9, 0, 6, 464.24, 1564541, 259, 411, 0
3510, 20, 252, 494, 3, 0, 63.64%, 9, 0, 6, 484.63, 1567005, 259, 411, 0
3515, 20, 448, 494, 2, 0, 63.64%, 9, 0, 6, 469.40, 1569301, 259, 411, 0
3520, 20, 377, 494, 2, 0, 63.64%, 9, 0, 6, 466.46, 1571614, 259, 411, 0
3525, 20, 50, 494, 2, 0, 63.64%, 9, 0, 6, 464.84, 1573969, 259, 411, 0
3531, 20, 242, 494, 2, 0, 63.64%, 9, 0, 6, 472.35, 1576364, 259, 411, 0
3536, 20, 403, 494, 2, 0, 63.64%, 9, 0, 6, 437.56, 1578568, 259, 411, 0
3541, 20, 343, 494, 2, 0, 63.64%, 9, 0, 6, 442.26, 1580797, 259, 411, 0
3546, 20, 296, 494, 2, 0, 63.64%, 9, 0, 6, 451.26, 1583057, 259, 411, 0
3551, 20, 296, 494, 2, 0, 63.64%, 9, 0, 6, 439.79, 1585357, 259, 411, 0
3556, 20, 59, 494, 2, 0, 63.64%, 9, 0, 6, 449.76, 1587617, 259, 411, 0
3561, 20, 252, 494, 2, 0, 63.64%, 9, 0, 6, 445.17, 1589882, 259, 412, 0
3566, 20, 237, 494, 2, 0, 63.64%, 9, 0, 6, 448.51, 1592133, 259, 412, 0
3571, 20, 336, 494, 2, 0, 63.64%, 9, 0, 6, 439.05, 1594326, 259, 412, 0
3576, 20, 491, 494, 2, 0, 63.64%, 9, 0, 6, 447.18, 1596649, 259, 412, 0
3581, 20, 491, 494, 2, 0, 63.64%, 9, 0, 6, 452.79, 1598922, 259, 412, 0
3586, 20, 138, 494, 2, 0, 63.64%, 9, 0, 6, 483.10, 1601333, 259, 414, 0
3591, 20, 404, 494, 2, 0, 63.64%, 9, 0, 6, 464.31, 1603612, 259, 417, 0
3596, 20, 201, 494, 2, 0, 63.64%, 9, 0, 6, 473.68, 1605987, 259, 422, 0
3601, 20, 296, 494, 1, 0, 63.64%, 9, 0, 6, 461.38, 1608313, 259, 422, 0
3607, 20, 153, 494, 1, 0, 63.64%, 9, 0, 6, 465.17, 1610720, 259, 422, 0
3612, 20, 289, 494, 1, 0, 63.64%, 9, 0, 6, 489.04, 1613204, 259, 422, 0
3617, 20, 464, 494, 1, 0, 63.64%, 9, 0, 6, 448.02, 1615422, 259, 422, 0
3622, 20, 491, 494, 1, 0, 63.64%, 9, 0, 6, 461.79, 1617747, 259, 422, 0
3627, 20, 491, 494, 1, 0, 63.64%, 9, 0, 6, 452.80, 1619992, 259, 422, 0
3632, 20, 137, 494, 1, 0, 63.64%, 9, 0, 6, 464.49, 1622335, 259, 427, 0
3637, 20, 357, 494, 1, 0, 63.64%, 9, 0, 6, 453.14, 1624608, 259, 433, 0
3642, 20, 331, 494, 1, 0, 63.64%, 9, 0, 6, 443.93, 1626837, 259, 433, 0
3647, 20, 190, 494, 1, 0, 63.64%, 9, 0, 6, 431.88, 1629011, 259, 433, 0
3652, 20, 50, 494, 1, 0, 63.64%, 9, 0, 6, 436.60, 1631246, 259, 433, 0
3657, 20, 237, 495, 2, 0, 63.64%, 9, 0, 6, 432.94, 1633414, 259, 433, 0
3662, 21, 448, 496, 2, 0, 63.88%, 9, 0, 6, 457.03, 1635678, 260, 433, 0
3667, 21, 306, 496, 2, 0, 63.88%, 9, 0, 6, 432.82, 1637867, 260, 433, 0
3672, 21, 41, 496, 2, 0, 63.88%, 9, 0, 6, 428.92, 1640032, 260, 433, 0
3677, 21, 494, 496, 2, 0, 63.88%, 9, 0, 6, 443.67, 1642301, 260, 433, 0
3682, 21, 231, 496, 1, 0, 63.88%, 9, 0, 6, 431.15, 1644439, 260, 433, 0
3687, 21, 354, 496, 1, 0, 63.88%, 9, 0, 6, 456.91, 1646783, 260, 433, 0
3692, 21, 190, 496, 1, 0, 63.88%, 9, 0, 6, 450.10, 1649014, 260, 433, 0
3697, 21, 55, 496, 1, 0, 63.88%, 9, 0, 6, 439.00, 1651166, 260, 433, 0
3702, 21, 289, 496, 1, 0, 63.88%, 9, 0, 6, 436.43, 1653405, 260, 433, 0
3707, 21, 10, 496, 1, 0, 63.88%, 9, 0, 6, 456.13, 1655732, 260, 433, 0
3713, 21, 252, 496, 1, 0, 63.88%, 9, 0, 6, 443.21, 1657959, 260, 433, 0
3718, 21, 403, 496, 1, 0, 63.88%, 9, 0, 6, 436.64, 1660173, 260, 433, 0
3723, 21, 296, 496, 1, 0, 63.88%, 9, 0, 6, 446.63, 1662490, 260, 433, 0
3728, 21, 138, 496, 1, 0, 63.88%, 9, 0, 6, 454.46, 1664793, 260, 434, 0
3733, 21, 138, 496, 1, 0, 63.88%, 9, 0, 6, 476.45, 1667163, 260, 435, 0
3738, 21, 445, 496, 1, 0, 63.88%, 9, 0, 6, 472.16, 1669532, 260, 436, 0
3743, 21, 353, 496, 1, 0, 63.88%, 9, 0, 6, 444.38, 1671764, 260, 440, 0
3748, 21, 256, 496, 1, 0, 63.88%, 9, 0, 6, 414.94, 1673824, 260, 442, 0
3753, 21, 289, 496, 0, 0, 63.88%, 9, 0, 6, 433.75, 1676028, 260, 443, 0
3758, 21, 221, 496, 0, 0, 63.88%, 9, 0, 6, 426.27, 1678272, 260, 449, 0
3763, 21, 418, 496, 0, 0, 63.88%, 9, 0, 6, 442.10, 1680496, 260, 449, 0
3768, 21, 139, 496, 0, 0, 63.88%, 9, 0, 6, 448.96, 1682781, 260, 449, 0
3773, 21, 163, 497, 1, 0, 63.88%, 9, 0, 6, 457.42, 1685156, 260, 449, 0
3778, 21, 491, 497, 1, 0, 63.88%, 9, 0, 6, 458.82, 1687483, 260, 449, 0
3783, 21, 50, 497, 1, 0, 63.88%, 9, 0, 6, 446.35, 1689657, 260, 449, 0
3788, 21, 15, 497, 1, 0, 63.88%, 9, 0, 6, 435.67, 1691876, 260, 449, 0
3793, 21, 336, 497, 1, 0, 63.88%, 9, 0, 6, 439.15, 1694036, 260, 449, 0
3799, 21, 392, 497, 1, 0, 63.88%, 9, 0, 6, 437.35, 1696264, 260, 449, 0
3804, 22, 190, 497, 1, 0, 63.88%, 9, 0, 6, 463.63, 1698563, 260, 449, 0
3809, 22, 163, 497, 1, 0, 63.88%, 9, 0, 6, 443.50, 1700779, 260, 449, 0
3814, 22, 491, 497, 1, 0, 63.88%, 9, 0, 6, 451.29, 1703072, 260, 449, 0
3819, 22, 496, 497, 1, 0, 63.88%, 9, 0, 6, 450.73, 1705320, 260, 449, 0
3824, 22, 485, 497, 0, 0, 63.88%, 9, 0, 6, 452.44, 1707571, 260, 449, 0
3829, 22, 336, 497, 0, 0, 63.88%, 9, 0, 6, 457.84, 1709854, 260, 449, 0
3834, 22, 395, 497, 0, 0, 63.88%, 9, 0, 6, 457.91, 1712114, 260, 450, 0
3839, 22, 404, 497, 0, 0, 63.88%, 9, 0, 6, 447.06, 1714355, 260, 450, 0
3844, 22, 213, 497, 0, 0, 63.88%, 9, 0, 6, 459.82, 1716683, 260, 450, 0
3849, 22, 418, 497, 0, 0, 63.88%, 9, 0, 6, 449.21, 1718993, 260, 453, 0
3854, 22, 414, 497, 0, 0, 63.88%, 9, 0, 6, 444.28, 1721231, 260, 453, 0
3859, 22, 323, 497, 0, 0, 63.88%, 9, 0, 6, 441.28, 1723442, 260, 453, 0
3864, 22, 467, 497, 0, 0, 63.88%, 9, 0, 6, 433.87, 1725596, 260, 454, 0
3869, 22, 48, 497, 0, 0, 63.88%, 9, 0, 6, 453.16, 1727938, 260, 454, 0
3874, 22, 463, 497, 0, 0, 63.88%, 9, 0, 6, 436.06, 1730117, 260, 455, 0
3879, 22, 190, 497, 0, 0, 63.88%, 9, 0, 6, 449.16, 1732326, 260, 456, 0
3885, 22, 138, 497, 0, 0, 63.88%, 9, 0, 6, 460.08, 1734602, 260, 457, 0
3890, 22, 464, 497, 0, 0, 63.88%, 9, 0, 6, 457.62, 1736981, 260, 459, 0
3895, 22, 173, 497, 0, 0, 63.88%, 9, 0, 6, 420.20, 1739094, 260, 459, 0
3900, 22, 262, 497, 0, 0, 63.88%, 9, 0, 6, 414.50, 1741178, 260, 460, 0
3905, 22, 74, 497, 0, 0, 63.88%, 9, 0, 6, 446.74, 1743397, 260, 460, 0
3910, 22, 414, 497, 0, 0, 63.88%, 9, 0, 6, 470.76, 1745741, 260, 460, 0
3915, 22, 385, 497, 0, 0, 63.88%, 9, 0, 6, 449.26, 1747975, 260, 460, 0
3920, 22, 145, 497, 0, 0, 63.88%, 9, 0, 6, 433.20, 1750124, 260, 460, 0
3925, 22, 347, 497, 0, 0, 63.88%, 9, 0, 6, 446.70, 1752419, 260, 460, 0
3930, 22, 357, 497, 0, 0, 63.88%, 9, 0, 6, 462.56, 1754738, 260, 461, 0
3935, 22, 433, 497, 0, 0, 63.88%, 9, 0, 6, 462.06, 1757011, 260, 461, 0
3940, 23, 241, 499, 2, 0, 63.88%, 9, 0, 6, 439.95, 1759153, 260, 462, 0
3945, 23, 497, 499, 2, 0, 63.88%, 9, 0, 6, 431.31, 1761370, 260, 462, 0
3950, 23, 498, 499, 1, 0, 63.88%, 9, 0, 6, 438.53, 1763669, 260, 462, 0
3955, 23, 264, 499, 0, 0, 63.88%, 9, 0, 6, 452.31, 1765979, 260, 462, 0
3960, 23, 241, 499, 0, 0, 63.88%, 9, 0, 6, 429.68, 1768143, 260, 467, 0
3966, 23, 441, 499, 0, 0, 63.88%, 9, 0, 6, 426.47, 1770254, 260, 467, 0
3971, 23, 18, 499, 0, 0, 63.88%, 9, 0, 6, 434.39, 1772474, 260, 467, 0
3976, 23, 161, 499, 0, 0, 63.88%, 9, 0, 6, 440.40, 1774700, 260, 467, 0
3981, 23, 357, 499, 0, 0, 63.88%, 9, 0, 6, 422.88, 1776798, 260, 469, 0
3986, 23, 491, 499, 0, 0, 63.88%, 9, 0, 6, 435.76, 1778999, 260, 469, 0
3991, 23, 306, 499, 0, 0, 63.88%, 9, 0, 6, 436.04, 1781193, 260, 469, 0
3996, 23, 74, 499, 0, 0, 63.88%, 9, 0, 6, 442.51, 1783427, 260, 469, 0
4001, 23, 313, 499, 0, 0, 63.88%, 9, 0, 6, 437.21, 1785623, 260, 470, 0
4006, 23, 467, 500, 1, 0, 63.88%, 9, 0, 6, 461.05, 1788047, 260, 470, 0
4011, 23, 213, 500, 1, 0, 63.88%, 9, 0, 6, 465.99, 1790382, 260, 470, 0
4016, 23, 296, 500, 1, 0, 63.88%, 9, 0, 6, 425.65, 1792549, 260, 470, 0
4021, 23, 414, 500, 1, 0, 63.88%, 9, 0, 6, 423.47, 1794674, 260, 471, 0
4026, 23, 138, 500, 1, 0, 63.88%, 9, 0, 6, 427.96, 1796867, 260, 471, 0
4031, 23, 74, 500, 1, 0, 63.88%, 9, 0, 6, 435.95, 1799048, 260, 472, 0
4036, 23, 384, 500, 1, 0, 63.88%, 9, 0, 6, 431.33, 1801213, 260, 472, 0
4041, 23, 487, 500, 1, 0, 63.88%, 9, 0, 6, 446.24, 1803554, 260, 472, 0
4047, 23, 252, 500, 1, 0, 63.88%, 9, 0, 6, 450.82, 1805902, 260, 472, 0
4052, 23, 241, 500, 1, 0, 63.88%, 9, 0, 6, 450.61, 1808188, 260, 473, 0
4057, 23, 73, 500, 0, 0, 63.88%, 9, 0, 6, 429.15, 1810334, 260, 473, 0
4062, 23, 296, 500, 0, 0, 63.88%, 9, 0, 6, 437.98, 1812561, 260, 473, 0
4067, 23, 15, 500, 0, 0, 63.88%, 9, 0, 6, 440.27, 1814786, 260, 476, 0
4072, 23, 472, 500, 0, 0, 63.88%, 10, 0, 6, 438.20, 1817020, 260, 477, 0
4077, 23, 50, 500, 0, 0, 63.88%, 10, 0, 6, 404.25, 1819078, 260, 477, 0
4082, 23, 414, 500, 0, 0, 63.88%, 10, 0, 6, 407.78, 1821120, 260, 477, 0
4087, 24, 433, 500, 0, 0, 63.88%, 10, 0, 6, 411.31, 1823250, 260, 480, 0
4092, 24, 221, 500, 0, 0, 63.88%, 10, 0, 6, 407.37, 1825314, 260, 480, 0
4097, 24, 472, 500, 0, 0, 63.88%, 10, 0, 6, 445.69, 1827719, 260, 480, 0
4102, 24, 240, 500, 0, 0, 63.88%, 10, 0, 6, 422.12, 1829842, 260, 480, 0
4108, 24, 163, 500, 0, 0, 63.88%, 10, 0, 6, 428.53, 1832108, 260, 480, 0
4113, 24, 156, 500, 0, 0, 63.88%, 10, 0, 6, 464.10, 1834502, 260, 480, 0
4118, 24, 357, 500, 0, 0, 63.88%, 10, 0, 6, 453.61, 1836835, 260, 482, 0
4123, 24, 241, 500, 0, 0, 63.88%, 10, 0, 6, 440.52, 1838981, 260, 486, 0
4128, 24, 306, 500, 0, 0, 63.88%, 10, 0, 6, 442.93, 1841247, 260, 486, 0
4133, 24, 469, 500, 0, 0, 63.88%, 10, 0, 6, 453.67, 1843592, 260, 486, 0
4138, 24, 448, 500, 0, 0, 63.88%, 10, 0, 6, 455.02, 1845936, 260, 486, 0
4143, 24, 151, 500, 0, 0, 63.88%, 10, 0, 6, 464.43, 1848129, 260, 488, 0
4148, 24, 357, 500, 0, 0, 63.88%, 10, 0, 6, 469.72, 1850485, 260, 488, 0
4153, 24, 190, 500, 0, 0, 63.88%, 10, 0, 6, 456.74, 1852754, 260, 488, 0
4158, 24, 331, 500, 0, 0, 63.88%, 10, 0, 6, 463.51, 1855088, 260, 488, 0
4163, 24, 244, 500, 0, 0, 63.88%, 10, 0, 6, 450.38, 1857303, 260, 488, 0
4168, 24, 357, 500, 0, 0, 63.88%, 10, 0, 6, 455.01, 1859610, 260, 488, 0
4173, 24, 419, 500, 0, 0, 63.88%, 10, 0, 6, 456.23, 1861937, 260, 493, 0
4178, 24, 313, 500, 0, 0, 63.88%, 10, 0, 6, 457.61, 1864229, 260, 494, 0
4184, 24, 12, 500, 0, 0, 63.88%, 10, 0, 6, 437.07, 1866449, 260, 494, 0
4189, 24, 362, 500, 0, 0, 63.88%, 10, 0, 6, 432.09, 1868614, 260, 497, 0
4194, 24, 336, 500, 0, 0, 63.88%, 10, 0, 6, 447.18, 1870859, 260, 497, 0
4199, 24, 158, 500, 0, 0, 63.88%, 10, 0, 6, 457.97, 1873141, 260, 497, 0
4204, 24, 163, 500, 0, 0, 63.88%, 10, 0, 6, 462.87, 1875437, 260, 497, 0
4209, 24, 306, 500, 0, 0, 63.88%, 10, 0, 6, 457.28, 1877729, 260, 497, 0
4214, 24, 419, 500, 0, 0, 63.88%, 10, 0, 6, 443.99, 1879966, 260, 497, 0
4219, 24, 213, 500, 0, 0, 63.88%, 10, 0, 6, 445.52, 1882276, 260, 497, 0
4224, 25, 13, 500, 0, 0, 63.88%, 10, 0, 6, 421.90, 1884351, 260, 497, 0
4229, 25, 48, 500, 0, 0, 63.88%, 10, 0, 6, 430.40, 1886581, 260, 497, 0
4234, 25, 285, 500, 0, 0, 63.88%, 10, 0, 6, 433.02, 1888758, 260, 498, 0
4239, 25, 244, 500, 0, 0, 63.88%, 10, 0, 6, 419.46, 1890884, 260, 498, 0
4244, 25, 163, 500, 0, 0, 63.88%, 10, 0, 6, 415.60, 1892965, 260, 498, 0
4249, 25, 357, 500, 0, 0, 63.88%, 10, 0, 6, 425.49, 1895128, 260, 498, 0
4254, 25, 105, 500, 0, 0, 63.88%, 10, 0, 6, 435.02, 1897259, 260, 498, 0
4260, 25, 74, 500, 0, 0, 63.88%, 10, 0, 6, 415.87, 1899390, 260, 498, 0
4265, 25, 419, 500, 0, 0, 63.88%, 10, 0, 6, 442.29, 1901582, 260, 498, 0
4270, 25, 491, 500, 0, 0, 63.88%, 10, 0, 6, 435.57, 1903851, 260, 498, 0
4275, 25, 326, 500, 0, 0, 63.88%, 10, 0, 6, 440.71, 1906007, 260, 499, 0
4280, 25, 484, 500, 0, 0, 63.88%, 10, 0, 6, 418.57, 1908038, 260, 499, 0
4285, 25, 190, 500, 0, 0, 63.88%, 10, 0, 6, 430.75, 1910244, 260, 500, 0
4290, 25, 76, 500, 0, 0, 63.88%, 10, 0, 6, 418.46, 1912355, 260, 501, 0
4295, 25, 339, 500, 0, 0, 63.88%, 10, 0, 6, 455.00, 1914637, 260, 501, 0
4300, 25, 163, 501, 1, 0, 63.88%, 10, 0, 6, 419.33, 1916721, 260, 501, 0
4305, 25, 433, 501, 1, 0, 63.88%, 10, 0, 6, 441.35, 1918977, 260, 503, 0
4310, 25, 385, 501, 1, 0, 63.88%, 10, 0, 6, 444.25, 1921234, 260, 503, 0
4315, 25, 485, 501, 1, 0, 63.88%, 10, 0, 6, 470.30, 1923587, 260, 503, 0
4320, 25, 485, 501, 1, 0, 63.88%, 10, 0, 6, 433.06, 1925730, 260, 509, 0
4325, 25, 343, 501, 1, 0, 63.88%, 10, 0, 6, 445.88, 1928018, 260, 509, 0
4330, 25, 451, 501, 1, 0, 63.88%, 10, 0, 6, 425.68, 1930187, 260, 509, 0
4336, 25, 336, 501, 1, 0, 63.88%, 10, 0, 6, 434.14, 1932373, 260, 511, 0
4341, 25, 256, 501, 1, 0, 63.88%, 10, 0, 6, 447.48, 1934672, 260, 516, 0
4346, 25, 457, 501, 1, 0, 63.88%, 10, 0, 6, 451.58, 1936889, 260, 517, 0
4351, 25, 50, 501, 0, 0, 63.88%, 10, 0, 6, 424.25, 1938979, 260, 517, 0
4356, 25, 289, 501, 0, 0, 63.88%, 10, 0, 6, 431.01, 1941162, 260, 518, 0
4361, 25, 92, 501, 0, 0, 63.88%, 10, 0, 6, 445.43, 1943403, 260, 518, 0
4366, 25, 433, 501, 0, 0, 63.88%, 10, 0, 6, 424.23, 1945511, 260, 518, 0
4371, 26, 237, 501, 0, 0, 63.88%, 10, 0, 6, 450.33, 1947858, 260, 521, 0
4376, 26, 289, 501, 0, 0, 63.88%, 10, 0, 6, 448.80, 1950079, 260, 521, 0
4381, 26, 395, 501, 0, 0, 63.88%, 10, 0, 6, 430.13, 1952229, 260, 524, 0
4386, 26, 241, 501, 0, 0, 63.88%, 10, 0, 6, 447.13, 1954514, 260, 528, 0
4391, 26, 20, 501, 0, 0, 63.88%, 10, 0, 6, 446.00, 1956761, 260, 528, 0
4397, 26, 74, 501, 0, 0, 63.88%, 10, 0, 6, 447.80, 1959094, 260, 528, 0
4402, 26, 48, 501, 0, 0, 63.88%, 10, 0, 6, 448.54, 1961405, 260, 528, 0
4407, 26, 418, 501, 0, 0, 63.88%, 10, 0, 6, 455.13, 1963659, 260, 528, 0
4412, 26, 139, 501, 0, 0, 63.88%, 10, 0, 6, 449.50, 1965959, 260, 529, 0
4417, 26, 98, 501, 0, 0, 63.88%, 10, 0, 6, 452.56, 1968293, 260, 529, 0
4422, 26, 336, 501, 0, 0, 63.88%, 10, 0, 6, 443.61, 1970521, 260, 529, 0
4427, 26, 73, 501, 0, 0, 63.88%, 10, 0, 6, 438.88, 1972785, 260, 529, 0
4432, 26, 395, 501, 0, 0, 63.88%, 10, 0, 6, 420.17, 1974960, 260, 529, 0
4437, 26, 28, 501, 0, 0, 63.88%, 10, 0, 6, 449.32, 1977213, 260, 534, 0
4442, 26, 457, 501, 0, 0, 63.88%, 10, 0, 6, 468.09, 1979574, 260, 534, 0
4447, 26, 418, 501, 0, 0, 63.88%, 10, 0, 6, 424.63, 1981637, 260, 534, 0
4453, 26, 304, 501, 0, 0, 63.88%, 10, 0, 6, 460.55, 1983961, 260, 535, 0
4458, 26, 138, 501, 0, 0, 63.88%, 10, 0, 6, 468.95, 1986352, 260, 538, 0
4463, 26, 74, 501, 0, 0, 63.88%, 10, 0, 6, 464.93, 1988731, 260, 539, 0
4468, 26, 451, 501, 0, 0, 63.88%, 10, 0, 6, 441.70, 1990942, 260, 543, 0
4473, 26, 50, 501, 0, 0, 63.88%, 10, 0, 6, 434.73, 1993167, 260, 543, 0
4478, 26, 436, 501, 0, 0, 63.88%, 10, 0, 6, 445.26, 1995512, 260, 543, 0
4483, 26, 154, 501, 0, 0, 63.88%, 10, 0, 6, 465.82, 1997853, 260, 545, 0
4488, 26, 464, 501, 0, 0, 63.88%, 10, 0, 6, 438.22, 2000046, 260, 545, 0
4493, 26, 207, 501, 0, 0, 63.88%, 10, 0, 6, 426.15, 2002156, 260, 546, 0
4498, 26, 491, 501, 0, 0, 63.88%, 10, 0, 6, 439.31, 2004398, 260, 547, 0
4503, 26, 390, 501, 0, 0, 63.88%, 10, 0, 6, 444.92, 2006598, 260, 547, 0
4508, 26, 252, 501, 0, 0, 63.88%, 10, 0, 6, 441.29, 2008858, 260, 547, 0
4513, 27, 265, 501, 0, 0, 63.88%, 10, 0, 6, 448.15, 2011157, 260, 552, 0
4518, 27, 448, 501, 0, 0, 63.88%, 10, 0, 6, 478.43, 2013587, 260, 552, 0
4524, 27, 201, 501, 0, 0, 63.88%, 10, 0, 6, 440.11, 2015771, 260, 552, 0
4529, 27, 491, 501, 0, 0, 63.88%, 10, 0, 6, 439.09, 2017970, 260, 552, 0
4534, 27, 413, 501, 0, 0, 63.88%, 10, 0, 6, 440.58, 2020230, 260, 552, 0
4539, 27, 491, 501, 0, 0, 63.88%, 10, 0, 6, 451.10, 2022530, 260, 555, 0
4544, 27, 385, 501, 0, 0, 63.88%, 10, 0, 6, 432.47, 2024727, 260, 555, 0
4549, 27, 491, 501, 0, 0, 63.88%, 10, 0, 6, 458.75, 2027084, 260, 557, 0
4554, 27, 74, 501, 0, 0, 63.88%, 10, 0, 6, 446.29, 2029304, 260, 557, 0
4559, 27, 138, 501, 0, 0, 63.88%, 10, 0, 6, 478.02, 2031713, 260, 561, 0
4564, 27, 485, 501, 0, 0, 63.88%, 10, 0, 6, 465.62, 2033983, 260, 562, 0
4569, 27, 375, 501, 0, 0, 63.88%, 10, 0, 6, 458.39, 2036273, 260, 562, 0
4574, 27, 404, 501, 0, 0, 63.88%, 10, 0, 6, 453.36, 2038635, 260, 562, 0
4579, 27, 60, 501, 0, 0, 63.88%, 10, 0, 6, 449.34, 2040897, 260, 563, 0
4584, 27, 433, 501, 0, 0, 63.88%, 10, 0, 6, 439.71, 2043104, 260, 563, 0
4589, 27, 256, 501, 0, 0, 63.88%, 10, 0, 6, 420.14, 2045208, 260, 563, 0
4594, 27, 411, 501, 0, 0, 63.88%, 10, 0, 6, 421.50, 2047386, 260, 564, 0
4600, 27, 433, 501, 0, 0, 63.88%, 10, 0, 6, 425.65, 2049562, 260, 564, 0
4605, 27, 148, 501, 0, 0, 63.88%, 10, 0, 6, 450.82, 2051865, 260, 564, 0
4610, 27, 190, 501, 0, 0, 63.88%, 10, 0, 6, 452.72, 2054154, 260, 565, 0
4615, 27, 467, 501, 0, 0, 63.88%, 10, 0, 6, 467.03, 2056430, 260, 568, 0
4620, 27, 48, 501, 0, 0, 63.88%, 10, 0, 6, 466.52, 2058792, 260, 568, 0
4625, 27, 153, 501, 0, 0, 63.88%, 10, 0, 6, 437.92, 2060996, 260, 568, 0
4630, 27, 114, 501, 0, 0, 63.88%, 10, 0, 6, 437.97, 2063193, 260, 568, 0
4635, 27, 336, 501, 0, 0, 63.88%, 10, 0, 6, 459.13, 2065524, 260, 568, 0
4640, 27, 404, 501, 0, 0, 63.88%, 10, 0, 6, 451.57, 2067750, 260, 569, 0
4645, 27, 326, 501, 0, 0, 63.88%, 10, 0, 6, 449.37, 2069971, 260, 569, 0
4650, 27, 157, 501, 0, 0, 63.88%, 10, 0, 6, 456.29, 2072299, 260, 570, 0
4655, 28, 323, 502, 1, 0, 63.88%, 10, 0, 6, 419.43, 2074413, 260, 570, 0
4660, 28, 418, 502, 1, 0, 63.88%, 10, 0, 6, 452.49, 2076704, 260, 570, 0
4665, 28, 501, 502, 1, 0, 63.88%, 10, 0, 6, 439.23, 2078857, 260, 575, 0
4670, 28, 252, 502, 0, 0, 63.88%, 10, 0, 6, 444.09, 2081056, 260, 576, 0
4675, 28, 289, 502, 0, 0, 63.88%, 10, 0, 6, 433.00, 2083241, 260, 576, 0
4681, 28, 379, 502, 0, 0, 63.88%, 10, 0, 6, 433.99, 2085466, 260, 576, 0
4686, 28, 448, 502, 0, 0, 63.88%, 10, 0, 6, 414.14, 2087577, 260, 576, 0
4691, 28, 457, 502, 0, 0, 63.88%, 10, 0, 6, 435.52, 2089863, 260, 576, 0
4696, 28, 252, 502, 0, 0, 63.88%, 10, 0, 6, 441.55, 2092125, 260, 578, 0
4701, 28, 404, 502, 0, 0, 63.88%, 10, 0, 6, 440.46, 2094339, 260, 578, 0
4706, 28, 237, 502, 0, 0, 63.88%, 10, 0, 6, 443.97, 2096529, 260, 578, 0
4711, 28, 498, 502, 0, 0, 63.88%, 10, 0, 6, 456.63, 2098874, 260, 578, 0
4716, 28, 357, 502, 0, 0, 63.88%, 10, 0, 6, 442.91, 2101090, 260, 584, 0
4721, 28, 203, 502, 0, 0, 63.88%, 10, 0, 6, 463.65, 2103478, 260, 584, 0
4726, 28, 464, 502, 0, 0, 63.88%, 10, 0, 6, 437.34, 2105676, 260, 584, 0
4731, 28, 336, 502, 0, 0, 63.88%, 10, 0, 6, 454.93, 2108035, 260, 584, 0
4736, 28, 50, 502, 0, 0, 63.88%, 10, 0, 6, 446.49, 2110285, 260, 584, 0
4741, 28, 448, 502, 0, 0, 63.88%, 10, 0, 6, 458.69, 2112622, 260, 584, 0
4746, 28, 420, 502, 0, 0, 63.88%, 10, 0, 6, 442.07, 2114812, 260, 584, 0
4752, 28, 491, 502, 0, 0, 63.88%, 10, 0, 6, 401.36, 2116859, 260, 600, 0
4757, 28, 59, 502, 0, 0, 63.88%, 10, 0, 6, 440.28, 2119220, 260, 600, 0
4762, 28, 467, 502, 0, 0, 63.88%, 10, 0, 6, 437.99, 2121400, 260, 600, 0
4767, 28, 385, 502, 0, 0, 63.88%, 10, 0, 6, 435.38, 2123673, 260, 600, 0
4772, 28, 485, 502, 0, 0, 63.88%, 10, 0, 6, 440.84, 2125990, 260, 600, 0
4777, 28, 221, 502, 0, 0, 63.88%, 10, 0, 6, 444.31, 2128198, 260, 602, 0
4782, 28, 63, 502, 0, 0, 63.88%, 10, 0, 6, 437.64, 2130418, 260, 602, 0
4787, 28, 264, 502, 0, 0, 63.88%, 10, 0, 6, 441.36, 2132661, 260, 602, 0
4792, 28, 491, 502, 0, 0, 63.88%, 10, 0, 6, 436.34, 2134857, 260, 603, 0
4797, 29, 50, 502, 0, 0, 63.88%, 11, 0, 6, 425.24, 2136973, 260, 604, 0
4803, 29, 48, 502, 0, 0, 63.88%, 11, 0, 6, 447.83, 2139233, 260, 606, 0
4808, 29, 323, 502, 0, 0, 63.88%, 11, 0, 6, 443.07, 2141461, 260, 606, 0
4813, 29, 467, 502, 0, 0, 63.88%, 11, 0, 6, 443.98, 2143734, 260, 606, 0
4818, 29, 213, 502, 0, 0, 63.88%, 11, 0, 6, 443.56, 2145915, 260, 606, 0
4823, 29, 163, 502, 0, 0, 63.88%, 11, 0, 6, 451.96, 2148196, 260, 606, 0
4828, 29, 237, 502, 0, 0, 63.88%, 11, 0, 6, 440.54, 2150363, 260, 606, 0
4833, 29, 264, 502, 0, 0, 63.88%, 11, 0, 6, 433.69, 2152483, 260, 610, 0
4838, 29, 217, 502, 0, 0, 63.88%, 11, 0, 6, 428.36, 2154666, 260, 610, 0
4843, 29, 98, 502, 0, 0, 63.88%, 11, 0, 6, 424.66, 2156881, 260, 612, 0
4848, 29, 488, 502, 0, 0, 63.88%, 11, 0, 6, 429.77, 2159020, 260, 612, 0
4853, 29, 237, 502, 0, 0, 63.88%, 11, 0, 6, 432.58, 2161220, 260, 612, 0
4858, 29, 403, 502, 0, 0, 63.88%, 11, 0, 6, 424.14, 2163422, 260, 612, 0
4863, 29, 163, 502, 0, 0, 63.88%, 11, 0, 6, 457.82, 2165770, 260, 612, 0
4868, 29, 306, 502, 0, 0, 63.88%, 11, 0, 6, 443.37, 2167976, 260, 612, 0
4873, 29, 419, 502, 0, 0, 63.88%, 11, 0, 6, 437.86, 2170166, 260, 612, 0
4878, 29, 296, 502, 0, 0, 63.88%, 11, 0, 6, 424.42, 2172265, 260, 612, 0
4884, 29, 290, 502, 0, 0, 63.88%, 11, 0, 6, 437.07, 2174456, 260, 618, 0
4889, 29, 323, 502, 0, 0, 63.88%, 11, 0, 6, 411.66, 2176566, 260, 618, 0
4894, 29, 256, 502, 0, 0, 63.88%, 11, 0, 6, 421.50, 2178742, 260, 618, 0
4899, 29, 412, 502, 0, 0, 63.88%, 11, 0, 6, 429.80, 2180950, 260, 618, 0
4904, 29, 213, 502, 0, 0, 63.88%, 11, 0, 6, 445.08, 2183228, 260, 618, 0
4909, 29, 83, 502, 0, 0, 63.88%, 11, 0, 6, 449.68, 2185463, 260, 618, 0
4914, 29, 74, 502, 0, 0, 63.88%, 11, 0, 6, 444.19, 2187823, 260, 619, 0
4919, 29, 491, 502, 0, 0, 63.88%, 11, 0, 6, 427.86, 2189941, 260, 619, 0
4924, 29, 15, 502, 0, 0, 63.88%, 11, 0, 6, 444.48, 2192164, 260, 620, 0
4930, 29, 15, 502, 0, 0, 63.88%, 12, 0, 6, 449.69, 2194458, 260, 621, 0
4935, 30, 404, 502, 0, 0, 63.88%, 12, 0, 6, 455.62, 2196731, 260, 622, 0
4940, 30, 213, 502, 0, 0, 63.88%, 12, 0, 6, 454.40, 2199084, 260, 630, 0
4945, 30, 491, 502, 0, 0, 63.88%, 12, 0, 6, 438.67, 2201269, 260, 630, 0
4950, 30, 419, 502, 0, 0, 63.88%, 12, 0, 6, 433.46, 2203420, 260, 630, 0
4955, 30, 457, 502, 0, 0, 63.88%, 12, 0, 6, 430.53, 2205605, 260, 630, 0
4960, 30, 418, 502, 0, 0, 63.88%, 12, 0, 6, 455.65, 2207964, 260, 630, 0
4965, 30, 231, 502, 0, 0, 63.88%, 12, 0, 6, 431.02, 2210211, 260, 631, 0
4970, 30, 296, 502, 0, 0, 63.88%, 12, 0, 6, 426.96, 2212459, 260, 631, 0
4975, 30, 403, 502, 0, 0, 63.88%, 12, 0, 6, 430.13, 2214743, 260, 631, 0
4980, 30, 326, 502, 0, 0, 63.88%, 12, 0, 6, 421.50, 2216879, 260, 631, 0
4985, 30, 491, 502, 0, 0, 63.88%, 12, 0, 6, 435.32, 2219026, 260, 631, 0
4990, 30, 289, 502, 0, 0, 63.88%, 12, 0, 6, 423.50, 2221165, 260, 631, 0
4995, 30, 130, 502, 0, 0, 63.88%, 12, 0, 6, 431.16, 2223359, 260, 631, 0
5000, 30, 485, 502, 0, 0, 63.88%, 12, 0, 6, 444.78, 2225547, 260, 641, 0
5005, 30, 491, 502, 0, 0, 63.88%, 12, 0, 6, 430.23, 2227758, 260, 643, 0
5010, 30, 441, 502, 0, 0, 63.88%, 12, 0, 6, 441.88, 2230029, 260, 643, 0
5015, 30, 304, 502, 0, 0, 63.88%, 12, 0, 6, 426.20, 2232147, 260, 643, 0
5021, 30, 336, 502, 0, 0, 63.88%, 12, 0, 6, 421.01, 2234287, 260, 643, 0
5026, 30, 448, 502, 0, 0, 63.88%, 12, 0, 6, 444.11, 2236554, 260, 643, 0
5031, 30, 82, 502, 0, 0, 63.88%, 12, 0, 6, 451.66, 2238916, 260, 644, 0
5036, 30, 345, 502, 0, 0, 63.88%, 12, 0, 6, 428.79, 2241026, 260, 648, 0
5041, 30, 357, 502, 0, 0, 63.88%, 12, 0, 6, 432.66, 2243201, 260, 648, 0
5046, 30, 91, 502, 0, 0, 63.88%, 12, 0, 6, 439.94, 2245472, 260, 648, 0
5051, 30, 138, 502, 0, 0, 63.88%, 12, 0, 6, 445.79, 2247675, 260, 651, 0
5056, 30, 147, 502, 0, 0, 63.88%, 12, 0, 6, 445.62, 2249953, 260, 651, 0
5061, 30, 289, 502, 0, 0, 63.88%, 12, 0, 6, 463.56, 2252246, 260, 653, 0
5066, 30, 151, 502, 0, 0, 63.88%, 12, 0, 6, 437.58, 2254421, 260, 654, 0
5071, 30, 413, 502, 0, 0, 63.88%, 12, 0, 6, 465.06, 2256844, 260, 654, 0
5077, 31, 477, 507, 4, 0, 63.88%, 12, 0, 6, 451.67, 2259163, 260, 654, 0
5082, 31, 231, 507, 4, 0, 63.88%, 12, 0, 6, 449.18, 2261414, 260, 654, 0
5087, 31, 296, 507, 4, 0, 63.88%, 12, 0, 6, 451.32, 2263733, 260, 654, 0
5092, 31, 485, 507, 4, 0, 63.88%, 12, 0, 6, 428.11, 2265903, 260, 654, 0
5097, 31, 74, 507, 4, 0, 63.88%, 12, 0, 6, 460.66, 2268330, 260, 654, 0
5102, 31, 505, 507, 4, 0, 63.88%, 12, 0, 6, 448.91, 2270596, 260, 654, 0
5107, 31, 464, 507, 3, 0, 63.88%, 12, 0, 6, 461.08, 2272846, 260, 654, 0
5112, 31, 502, 507, 3, 0, 63.88%, 12, 0, 6, 440.79, 2275108, 260, 654, 0
5117, 31, 485, 507, 3, 0, 63.88%, 12, 0, 6, 423.93, 2277263, 260, 654, 0
5122, 31, 221, 507, 3, 0, 63.88%, 12, 0, 6, 436.42, 2279488, 260, 654, 0
5127, 31, 418, 507, 3, 0, 63.88%, 12, 0, 6, 459.51, 2281880, 260, 660, 0
5132, 31, 504, 507, 3, 0, 63.88%, 12, 0, 6, 470.30, 2284281, 260, 660, 0
5137, 31, 502, 507, 2, 0, 63.88%, 12, 0, 6, 453.00, 2286519, 260, 660, 0
5143, 31, 296, 507, 2, 0, 63.88%, 12, 0, 6, 434.92, 2288752, 260, 663, 0
5148, 31, 503, 507, 2, 0, 63.88%, 12, 0, 6, 446.61, 2291062, 260, 663, 0
5153, 31, 385, 507, 1, 0, 63.88%, 12, 0, 6, 456.85, 2293406, 260, 663, 0
5158, 31, 491, 507, 1, 0, 63.88%, 12, 0, 6, 459.53, 2295674, 260, 663, 0
5163, 31, 502, 507, 1, 0, 63.88%, 12, 0, 6, 453.58, 2297948, 260, 665, 0
5168, 31, 433, 507, 1, 0, 63.88%, 12, 0, 6, 441.05, 2300111, 260, 672, 0
5173, 31, 395, 507, 1, 0, 63.88%, 12, 0, 6, 437.73, 2302283, 260, 677, 0
5178, 31, 296, 507, 1, 0, 63.88%, 12, 0, 6, 441.24, 2304517, 260, 677, 0
5183, 31, 237, 507, 1, 0, 63.88%, 12, 0, 6, 437.90, 2306818, 260, 677, 0
5188, 31, 413, 507, 1, 0, 63.88%, 12, 0, 6, 429.13, 2309031, 260, 677, 0
5193, 31, 296, 507, 1, 0, 63.88%, 12, 0, 6, 430.48, 2311159, 260, 677, 0
5199, 31, 392, 507, 1, 0, 63.88%, 12, 0, 6, 423.01, 2313337, 260, 680, 0
5204, 31, 174, 507, 1, 0, 63.88%, 12, 0, 6, 445.92, 2315622, 260, 680, 0
5209, 31, 357, 507, 1, 0, 63.88%, 12, 0, 6, 465.41, 2318010, 260, 684, 0
5214, 31, 303, 507, 1, 0, 63.88%, 12, 0, 6, 444.49, 2320218, 260, 684, 0
5219, 31, 433, 507, 1, 0, 63.88%, 12, 0, 6, 491.80, 2322775, 260, 687, 0
5224, 31, 141, 507, 1, 0, 63.88%, 12, 0, 6, 456.79, 2325054, 260, 691, 0
5229, 31, 485, 507, 1, 0, 63.88%, 12, 0, 6, 453.31, 2327282, 260, 692, 0
5234, 31, 403, 507, 1, 0, 63.88%, 12, 0, 6, 446.75, 2329481, 260, 692, 0
5239, 32, 404, 507, 1, 0, 63.88%, 12, 0, 6, 450.51, 2331732, 260, 693, 0
5244, 32, 231, 507, 1, 0, 63.88%, 12, 0, 6, 448.69, 2333973, 260, 693, 0
5249, 32, 418, 507, 1, 0, 63.88%, 12, 0, 6, 447.62, 2336205, 260, 695, 0
5254, 32, 506, 507, 1, 0, 63.88%, 12, 0, 6, 445.44, 2338470, 260, 699, 0
5259, 32, 50, 507, 0, 0, 63.88%, 12, 0, 6, 452.84, 2340706, 260, 699, 0
5265, 32, 296, 507, 0, 0, 63.88%, 12, 0, 6, 434.46, 2342959, 260, 699, 0
5270, 32, 404, 507, 0, 0, 63.88%, 12, 0, 6, 438.11, 2345224, 260, 699, 0
5275, 32, 138, 507, 0, 0, 63.88%, 12, 0, 6, 459.69, 2347572, 260, 705, 0
5280, 32, 431, 507, 0, 0, 63.88%, 12, 0, 6, 437.63, 2349874, 260, 708, 0
5285, 32, 357, 507, 0, 0, 63.88%, 12, 0, 6, 436.18, 2352116, 260, 708, 0
5290, 32, 289, 507, 0, 0, 63.88%, 12, 0, 6, 440.41, 2354338, 260, 708, 0
5295, 32, 256, 507, 0, 0, 63.88%, 12, 0, 6, 452.57, 2356600, 260, 708, 0
5300, 32, 163, 507, 0, 0, 63.88%, 12, 0, 6, 433.86, 2358821, 260, 709, 0
5305, 32, 212, 507, 0, 0, 63.88%, 12, 0, 6, 454.99, 2361130, 260, 709, 0
5311, 32, 74, 507, 0, 0, 63.88%, 12, 0, 6, 440.60, 2363322, 260, 709, 0
5316, 32, 50, 507, 0, 0, 63.88%, 12, 0, 6, 438.31, 2365568, 260, 711, 0
5321, 32, 395, 507, 0, 0, 63.88%, 12, 0, 6, 445.93, 2367795, 260, 711, 0
5326, 32, 95, 507, 0, 0, 63.88%, 12, 0, 6, 447.51, 2370033, 260, 711, 0
5331, 32, 36, 507, 0, 0, 63.88%, 12, 0, 6, 432.42, 2372212, 260, 715, 0
5336, 32, 296, 507, 0, 0, 63.88%, 12, 0, 6, 447.13, 2374439, 260, 716, 0
5341, 32, 403, 507, 0, 0, 63.88%, 12, 0, 6, 455.52, 2376739, 260, 716, 0
5346, 32, 357, 507, 0, 0, 63.88%, 12, 0, 6, 442.30, 2378994, 260, 717, 0
5351, 32, 377, 507, 0, 0, 63.88%, 12, 0, 6, 435.66, 2381257, 260, 717, 0
5356, 32, 383, 507, 0, 0, 63.88%, 12, 0, 6, 468.20, 2383564, 260, 722, 0
5361, 32, 161, 507, 0, 0, 63.88%, 12, 0, 6, 493.40, 2385961, 260, 722, 0
5366, 32, 48, 507, 0, 0, 63.88%, 12, 0, 6, 473.90, 2388447, 260, 725, 0
5372, 32, 165, 507, 0, 0, 63.88%, 12, 0, 6, 462.74, 2390735, 260, 725, 0
5377, 32, 163, 507, 0, 0, 63.88%, 12, 0, 6, 465.06, 2393133, 260, 725, 0
5382, 32, 418, 507, 0, 0, 63.88%, 12, 0, 6, 443.87, 2395367, 260, 726, 0
5387, 33, 241, 507, 0, 0, 63.88%, 12, 0, 6, 449.18, 2397741, 260, 726, 0
5392, 33, 221, 507, 0, 0, 63.88%, 12, 0, 6, 447.56, 2399976, 260, 726, 0
5397, 33, 457, 507, 0, 0, 63.88%, 12, 0, 6, 466.42, 2402330, 260, 726, 0
5402, 33, 221, 507, 0, 0, 63.88%, 12, 0, 6, 462.47, 2404664, 260, 726, 0
5407, 33, 231, 507, 0, 0, 63.88%, 12, 0, 6, 485.43, 2407079, 260, 726, 0
5412, 33, 495, 507, 0, 0, 63.88%, 12, 0, 6, 451.78, 2409298, 260, 726, 0
5417, 33, 140, 507, 0, 0, 63.88%, 12, 0, 6, 444.10, 2411531, 260, 727, 0
5422, 33, 503, 507, 0, 0, 63.88%, 12, 0, 6, 412.68, 2413609, 260, 727, 0
5427, 33, 485, 507, 0, 0, 63.88%, 12, 0, 6, 425.86, 2415744, 260, 727, 0
5432, 33, 138, 507, 0, 0, 63.88%, 12, 0, 6, 423.44, 2417937, 260, 733, 0
5437, 33, 75, 507, 0, 0, 63.88%, 12, 0, 6, 414.57, 2420055, 260, 739, 0
5443, 33, 48, 507, 0, 0, 63.88%, 12, 0, 6, 431.73, 2422333, 260, 739, 0
5448, 33, 145, 507, 0, 0, 63.88%, 12, 0, 6, 439.64, 2424595, 260, 739, 0
5453, 33, 504, 507, 0, 0, 63.88%, 12, 0, 6, 431.28, 2426732, 260, 739, 0
5458, 33, 436, 507, 0, 0, 63.88%, 12, 0, 6, 413.53, 2428802, 260, 739, 0
5463, 33, 403, 507, 0, 0, 63.88%, 12, 0, 6, 434.51, 2431087, 260, 739, 0
5468, 33, 138, 507, 0, 0, 63.88%, 12, 0, 6, 442.79, 2433340, 260, 740, 0
5473, 33, 323, 507, 0, 0, 63.88%, 12, 0, 6, 459.27, 2435673, 260, 740, 0
5478, 33, 241, 507, 0, 0, 63.88%, 12, 0, 6, 447.65, 2437889, 260, 740, 0
5483, 33, 50, 507, 0, 0, 63.88%, 12, 0, 6, 438.60, 2440113, 260, 744, 0
5488, 33, 74, 507, 0, 0, 63.88%, 12, 0, 6, 449.82, 2442383, 260, 744, 0
5493, 33, 491, 507, 0, 0, 63.88%, 12, 0, 6, 451.07, 2444678, 260, 744, 0
5498, 33, 357, 507, 0, 0, 63.88%, 12, 0, 6, 426.79, 2446837, 260, 744, 0
5503, 33, 502, 507, 0, 0, 63.88%, 12, 0, 6, 428.84, 2448986, 260, 744, 0
5508, 33, 489, 507, 0, 0, 63.88%, 12, 0, 6, 436.41, 2451221, 260, 744, 0
5513, 33, 477, 507, 0, 0, 63.88%, 12, 0, 6, 402.77, 2453231, 260, 745, 0
5519, 33, 50, 507, 0, 0, 63.88%, 12, 0, 6, 442.66, 2455514, 260, 745, 0
5524, 33, 74, 507, 0, 0, 63.88%, 12, 0, 6, 471.20, 2457947, 260, 745, 0
5529, 33, 74, 507, 0, 0, 63.88%, 12, 0, 6, 483.40, 2460341, 260, 748, 0
5534, 34, 74, 507, 0, 0, 63.88%, 12, 0, 6, 449.32, 2462605, 260, 748, 0
5539, 34, 296, 507, 0, 0, 63.88%, 12, 0, 6, 439.59, 2464879, 260, 748, 0
5544, 34, 491, 507, 0, 0, 63.88%, 12, 0, 6, 419.50, 2467024, 260, 748, 0
5549, 34, 502, 507, 0, 0, 63.88%, 12, 0, 6, 439.39, 2469258, 260, 748, 0
5554, 34, 436, 507, 0, 0, 63.88%, 12, 0, 6, 452.49, 2471567, 260, 748, 0
5559, 34, 226, 507, 0, 0, 63.88%, 12, 0, 6, 447.72, 2473875, 260, 748, 0
5564, 34, 163, 507, 0, 0, 63.88%, 12, 0, 6, 440.11, 2476055, 260, 748, 0
5569, 34, 130, 507, 0, 0, 63.88%, 12, 0, 6, 459.18, 2478429, 260, 748, 0
5574, 34, 502, 507, 0, 0, 63.88%, 12, 0, 6, 462.39, 2480819, 260, 748, 0
5580, 34, 491, 507, 0, 0, 63.88%, 12, 0, 6, 449.71, 2483068, 260, 748, 0
5585, 34, 256, 507, 0, 0, 63.88%, 12, 0, 6, 447.21, 2485276, 260, 753, 0
5590, 34, 502, 507, 0, 0, 63.88%, 12, 0, 6, 450.23, 2487546, 260, 753, 0
5595, 34, 9, 507, 0, 0, 63.88%, 12, 0, 6, 446.33, 2489778, 260, 753, 0
5600, 34, 418, 507, 0, 0, 63.88%, 12, 0, 6, 488.45, 2492337, 260, 756, 0
5605, 34, 420, 507, 0, 0, 63.88%, 12, 0, 6, 453.40, 2494562, 260, 756, 0
5610, 34, 413, 507, 0, 0, 63.88%, 12, 0, 6, 434.08, 2496754, 260, 756, 0
5615, 34, 357, 507, 0, 0, 63.88%, 12, 0, 6, 449.77, 2499038, 260, 756, 0
5620, 34, 25, 507, 0, 0, 63.88%, 12, 0, 6, 432.59, 2501212, 260, 756, 0
5625, 34, 395, 507, 0, 0, 63.88%, 12, 0, 6, 454.80, 2503579, 260, 756, 0
5630, 34, 501, 507, 0, 0, 63.88%, 12, 0, 6, 433.19, 2505746, 260, 756, 0
5635, 34, 221, 507, 0, 0, 63.88%, 12, 0, 6, 437.75, 2507908, 260, 756, 0
5640, 34, 323, 507, 0, 0, 63.88%, 12, 0, 6, 431.66, 2510086, 260, 756, 0
5645, 34, 326, 507, 0, 0, 63.88%, 12, 0, 6, 432.53, 2512256, 260, 756, 0
5650, 34, 379, 507, 0, 0, 63.88%, 12, 0, 6, 413.90, 2514337, 260, 756, 0
5655, 34, 221, 507, 0, 0, 63.88%, 12, 0, 6, 408.67, 2516398, 260, 757, 0
5660, 34, 208, 507, 0, 0, 63.88%, 12, 0, 6, 423.44, 2518614, 260, 757, 0
5665, 34, 491, 507, 0, 0, 63.88%, 12, 0, 6, 449.25, 2520829, 260, 757, 0
5670, 34, 502, 507, 0, 0, 63.88%, 12, 0, 6, 429.63, 2522959, 260, 757, 0
5676, 34, 460, 507, 0, 0, 63.88%, 12, 0, 6, 424.69, 2525116, 260, 757, 0
5681, 34, 50, 507, 0, 0, 63.88%, 12, 0, 6, 437.00, 2527309, 260, 757, 0
5686, 35, 447, 507, 0, 0, 63.88%, 12, 0, 6, 446.74, 2529637, 260, 758, 0
5691, 35, 467, 507, 0, 0, 63.88%, 13, 0, 6, 442.32, 2531928, 260, 761, 0
5696, 35, 404, 507, 0, 0, 63.88%, 13, 0, 6, 442.92, 2534121, 260, 761, 0
5701, 35, 138, 507, 0, 0, 63.88%, 13, 0, 6, 430.85, 2536329, 260, 764, 0
5706, 35, 457, 507, 0, 0, 63.88%, 13, 0, 6, 438.91, 2538547, 260, 765, 0
5711, 35, 252, 507, 0, 0, 63.88%, 13, 0, 6, 432.33, 2540740, 260, 771, 0
5716, 35, 343, 507, 0, 0, 63.88%, 13, 0, 6, 452.05, 2543095, 260, 773, 0
5721, 35, 265, 507, 0, 0, 63.88%, 13, 0, 6, 484.97, 2545513, 260, 773, 0
5726, 35, 418, 507, 0, 0, 63.88%, 13, 0, 6, 432.86, 2547649, 260, 773, 0
5731, 35, 453, 507, 0, 0, 63.88%, 13, 0, 6, 438.94, 2549810, 260, 777, 0
5737, 35, 502, 507, 0, 0, 63.88%, 13, 0, 6, 452.46, 2552175, 260, 781, 0
5742, 35, 237, 507, 0, 0, 63.88%, 13, 0, 6, 460.38, 2554417, 260, 781, 0
5747, 35, 415, 507, 0, 0, 63.88%, 13, 0, 6, 419.44, 2556521, 260, 781, 0
5752, 35, 81, 507, 0, 0, 63.88%, 13, 0, 6, 422.72, 2558643, 260, 781, 0
5757, 35, 85, 507, 0, 0, 63.88%, 13, 0, 6, 448.09, 2560920, 260, 781, 0
5762, 35, 251, 507, 0, 0, 63.88%, 13, 0, 6, 440.12, 2563150, 260, 782, 0
5767, 35, 414, 507, 0, 0, 63.88%, 13, 0, 6, 426.52, 2565331, 260, 782, 0
5772, 35, 168, 507, 0, 0, 63.88%, 13, 0, 6, 447.00, 2567613, 260, 785, 0
5777, 35, 485, 507, 0, 0, 63.88%, 13, 0, 6, 458.26, 2569889, 260, 785, 0
5782, 35, 163, 507, 0, 0, 63.88%, 13, 0, 6, 441.48, 2572103, 260, 785, 0
5788, 35, 369, 507, 0, 0, 63.88%, 13, 0, 6, 428.05, 2574389, 260, 785, 0
5793, 35, 464, 507, 0, 0, 63.88%, 13, 0, 6, 430.46, 2576596, 260, 786, 0
5798, 35, 13, 507, 0, 0, 63.88%, 13, 0, 6, 452.86, 2578875, 260, 786, 0
5803, 35, 323, 507, 0, 0, 63.88%, 13, 0, 6, 456.96, 2581240, 260, 787, 0
5808, 35, 425, 507, 0, 0, 63.88%, 13, 0, 6, 425.66, 2583396, 260, 788, 0
5813, 35, 377, 507, 0, 0, 63.88%, 13, 0, 6, 426.46, 2585574, 260, 789, 0
5818, 35, 74, 507, 0, 0, 63.88%, 13, 0, 6, 442.11, 2587781, 260, 789, 0
5823, 35, 237, 507, 0, 0, 63.88%, 13, 0, 6, 444.50, 2590035, 260, 789, 0
5828, 36, 467, 507, 0, 0, 63.88%, 13, 0, 6, 448.06, 2592351, 260, 790, 0
5833, 36, 502, 507, 0, 0, 63.88%, 13, 0, 6, 349.46, 2594098, 260, 790, 0
5838, 36, 296, 507, 0, 0, 63.88%, 13, 0, 6, 324.17, 2595720, 260, 790, 0
5843, 36, 265, 507, 0, 0, 63.88%, 13, 0, 6, 306.81, 2597274, 260, 790, 0
5849, 36, 50, 507, 0, 0, 63.88%, 13, 0, 6, 291.25, 2598729, 260, 796, 0
5854, 36, 249, 507, 0, 0, 63.88%, 13, 0, 6, 294.78, 2600234, 260, 800, 0
5859, 36, 326, 507, 0, 0, 63.88%, 13, 0, 6, 285.07, 2601719, 260, 802, 0
5864, 36, 252, 507, 0, 0, 63.88%, 13, 0, 6, 276.72, 2603113, 260, 802, 0
5869, 36, 485, 507, 0, 0, 63.88%, 13, 0, 6, 286.95, 2604567, 260, 802, 0
5874, 36, 485, 507, 0, 0, 63.88%, 13, 0, 6, 294.85, 2606042, 260, 802, 0
5879, 36, 241, 507, 0, 0, 63.88%, 13, 0, 6, 297.02, 2607597, 260, 802, 0
5884, 36, 385, 507, 0, 0, 63.88%, 13, 0, 6, 325.14, 2609272, 260, 802, 0
5889, 36, 127, 507, 0, 0, 63.88%, 13, 0, 6, 352.30, 2611087, 260, 802, 0
5894, 36, 376, 507, 0, 0, 63.88%, 13, 0, 6, 377.03, 2612995, 260, 810, 0
5899, 36, 395, 507, 0, 0, 63.88%, 13, 0, 6, 385.06, 2614881, 260, 814, 0
5904, 36, 419, 507, 0, 0, 63.88%, 13, 0, 6, 411.38, 2616947, 260, 814, 0
5909, 36, 457, 507, 0, 0, 63.88%, 13, 0, 6, 412.01, 2619035, 260, 818, 0
5914, 36, 289, 507, 0, 0, 63.88%, 13, 0, 6, 388.96, 2621012, 260, 818, 0
5919, 36, 457, 507, 0, 0, 63.88%, 13, 0, 6, 384.95, 2622896, 260, 820, 0
5925, 36, 502, 507, 0, 0, 63.88%, 13, 0, 6, 366.46, 2624738, 260, 820, 0
5930, 36, 439, 507, 0, 0, 63.88%, 13, 0, 6, 362.93, 2626582, 260, 822, 0
5935, 36, 392, 507, 0, 0, 63.88%, 13, 0, 6, 353.98, 2628357, 260, 823, 0
5940, 36, 491, 507, 0, 0, 63.88%, 13, 0, 6, 370.80, 2630269, 260, 823, 0
5945, 36, 323, 507, 0, 0, 63.88%, 13, 0, 6, 338.81, 2631992, 260, 823, 0
5950, 36, 502, 507, 0, 0, 63.88%, 13, 0, 6, 351.33, 2633822, 260, 823, 0
5955, 36, 8, 507, 0, 0, 63.88%, 13, 0, 6, 359.10, 2635625, 260, 823, 0
5960, 36, 502, 507, 0, 0, 63.88%, 13, 0, 6, 355.44, 2637451, 260, 823, 0
5965, 36, 103, 507, 0, 0, 63.88%, 13, 0, 6, 345.24, 2639184, 260, 823, 0
5970, 36, 502, 507, 0, 0, 63.88%, 13, 0, 6, 323.66, 2640867, 260, 823, 0
5975, 36, 501, 507, 0, 0, 63.88%, 13, 0, 6, 356.27, 2642717, 260, 823, 0
5980, 36, 464, 507, 0, 0, 63.88%, 13, 0, 6, 349.42, 2644493, 260, 823, 0
5985, 36, 145, 507, 0, 0, 63.88%, 13, 0, 6, 426.25, 2646667, 260, 823, 0
5991, 36, 375, 507, 0, 0, 63.88%, 13, 0, 6, 443.78, 2648979, 260, 827, 0
5996, 36, 233, 507, 0, 0, 63.88%, 13, 0, 6, 447.19, 2651165, 260, 827, 0
6001, 36, 138, 507, 0, 0, 63.88%, 13, 0, 6, 445.33, 2653408, 260, 834, 0
6006, 36, 233, 507, 0, 0, 63.88%, 13, 0, 6, 420.03, 2655502, 260, 841, 0
6011, 36, 357, 507, 0, 0, 63.88%, 13, 0, 6, 445.39, 2657879, 260, 841, 0
6016, 37, 24, 507, 0, 0, 63.88%, 13, 0, 6, 419.26, 2659945, 260, 848, 0
6021, 37, 48, 507, 0, 0, 63.88%, 13, 0, 6, 420.85, 2662119, 260, 850, 0
6026, 37, 502, 507, 0, 0, 63.88%, 13, 0, 6, 407.40, 2664223, 260, 850, 0
6031, 37, 145, 507, 0, 0, 63.88%, 13, 0, 6, 431.27, 2666391, 260, 850, 0
6036, 37, 271, 507, 0, 0, 63.88%, 13, 0, 6, 432.55, 2668555, 260, 850, 0
6041, 37, 233, 507, 0, 0, 63.88%, 13, 0, 6, 424.49, 2670738, 260, 850, 0
6046, 37, 163, 507, 0, 0, 63.88%, 13, 0, 6, 433.60, 2672952, 260, 852, 0
6051, 37, 418, 507, 0, 0, 63.88%, 13, 0, 6, 449.84, 2675178, 260, 856, 0
6056, 37, 503, 507, 0, 0, 63.88%, 13, 0, 6, 431.62, 2677360, 260, 857, 0
6061, 37, 357, 507, 0, 0, 63.88%, 13, 0, 6, 434.58, 2679543, 260, 857, 0
6067, 37, 457, 507, 0, 0, 63.88%, 13, 0, 6, 435.09, 2681728, 260, 857, 0
6072, 37, 457, 507, 0, 0, 63.88%, 13, 0, 6, 466.94, 2684123, 260, 857, 0
6077, 37, 26, 507, 0, 0, 63.88%, 13, 0, 6, 464.32, 2686437, 260, 857, 0
6082, 37, 117, 507, 0, 0, 63.88%, 13, 0, 6, 478.77, 2688825, 260, 857, 0
6087, 37, 140, 507, 0, 0, 63.88%, 13, 0, 6, 458.40, 2691188, 260, 857, 0
6092, 37, 205, 507, 0, 0, 63.88%, 13, 0, 6, 448.14, 2693378, 260, 857, 0
6097, 37, 50, 507, 0, 0, 63.88%, 13, 0, 6, 438.76, 2695503, 260, 857, 0
6102, 37, 395, 507, 0, 0, 63.88%, 13, 0, 6, 439.16, 2697747, 260, 857, 0
6107, 37, 350, 507, 0, 0, 63.88%, 13, 0, 6, 462.92, 2700155, 260, 857, 0
6112, 37, 75, 507, 0, 0, 63.88%, 13, 0, 6, 455.98, 2702446, 260, 857, 0
6117, 37, 448, 507, 0, 0, 63.88%, 13, 0, 6, 440.41, 2704658, 260, 857, 0
6122, 37, 395, 507, 0, 0, 63.88%, 13, 0, 6, 441.67, 2706957, 260, 857, 0
6127, 37, 502, 507, 0, 0, 63.88%, 13, 0, 6, 444.37, 2709214, 260, 857, 0
6132, 37, 13, 507, 0, 0, 63.88%, 13, 0, 6, 472.22, 2711654, 260, 857, 0
6137, 37, 504, 507, 0, 0, 63.88%, 13, 0, 6, 470.46, 2714037, 260, 857, 0
6142, 37, 231, 507, 0, 0, 63.88%, 13, 0, 6, 470.95, 2716394, 260, 857, 0
6147, 37, 418, 507, 0, 0, 63.88%, 13, 0, 6, 462.23, 2718736, 260, 857, 0
6152, 37, 467, 507, 0, 0, 63.88%, 13, 0, 6, 470.33, 2721108, 260, 857, 0
6157, 37, 403, 507, 0, 0, 63.88%, 13, 0, 6, 441.94, 2723317, 260, 857, 0
6162, 38, 106, 507, 0, 0, 63.88%, 13, 0, 6, 462.42, 2725679, 260, 861, 0
6167, 38, 48, 507, 0, 0, 63.88%, 13, 0, 6, 469.47, 2728026, 260, 861, 0
6173, 38, 469, 507, 0, 0, 63.88%, 13, 0, 6, 460.60, 2730353, 260, 861, 0
6178, 38, 501, 507, 0, 0, 63.88%, 13, 0, 6, 474.74, 2732741, 260, 866, 0
6183, 38, 423, 507, 0, 0, 63.88%, 13, 0, 6, 434.99, 2734911, 260, 866, 0
6188, 38, 217, 507, 0, 0, 63.88%, 13, 0, 6, 431.75, 2737166, 260, 866, 0
6193, 38, 502, 507, 0, 0, 63.88%, 13, 0, 6, 448.34, 2739431, 260, 867, 0
6198, 38, 419, 507, 0, 0, 63.88%, 13, 0, 6, 442.67, 2741615, 260, 867, 0
6203, 38, 150, 507, 0, 0, 63.88%, 13, 0, 6, 423.97, 2743757, 260, 867, 0
6208, 38, 156, 507, 0, 0, 63.88%, 13, 0, 6, 445.36, 2745996, 260, 868, 0
6213, 38, 430, 507, 0, 0, 63.88%, 13, 0, 6, 453.08, 2748265, 260, 868, 0
6218, 38, 502, 507, 0, 0, 63.88%, 13, 0, 6, 420.53, 2750390, 260, 868, 0
6223, 38, 47, 507, 0, 0, 63.88%, 13, 0, 6, 434.84, 2752612, 260, 870, 0
6228, 38, 231, 507, 0, 0, 63.88%, 13, 0, 6, 414.27, 2754683, 260, 870, 0
6233, 38, 385, 507, 0, 0, 63.88%, 13, 0, 6, 435.25, 2756865, 260, 870, 0
6239, 38, 377, 507, 0, 0, 63.88%, 13, 0, 6, 433.42, 2759129, 260, 871, 0
6244, 38, 138, 507, 0, 0, 63.88%, 13, 0, 6, 439.54, 2761404, 260, 871, 0
6249, 38, 71, 507, 0, 0, 63.88%, 13, 0, 6, 448.00, 2763720, 260, 876, 0
6254, 38, 395, 507, 0, 0, 63.88%, 13, 0, 6, 451.08, 2765995, 260, 876, 0
6259, 38, 450, 507, 0, 0, 63.88%, 13, 0, 6, 461.87, 2768347, 260, 880, 0
6264, 38, 325, 507, 0, 0, 63.88%, 13, 0, 6, 435.93, 2770625, 260, 880, 0
6269, 38, 408, 507, 0, 0, 63.88%, 13, 0, 6, 448.87, 2772909, 260, 887, 0
6274, 38, 138, 507, 0, 0, 63.88%, 13, 0, 6, 463.67, 2775273, 260, 888, 0
6279, 38, 457, 507, 0, 0, 63.88%, 13, 0, 6, 444.29, 2777517, 260, 888, 0
6284, 38, 331, 507, 0, 0, 63.88%, 13, 0, 6, 449.08, 2779760, 260, 888, 0
6289, 38, 485, 507, 0, 0, 63.88%, 13, 0, 6, 487.10, 2782204, 260, 891, 0
6294, 38, 413, 507, 0, 0, 63.88%, 13, 0, 6, 462.10, 2784521, 260, 891, 0
6300, 38, 213, 507, 0, 0, 63.88%, 13, 0, 6, 427.58, 2786638, 260, 891, 0
6305, 39, 448, 507, 0, 0, 63.88%, 13, 0, 6, 462.90, 2788993, 260, 897, 0
6310, 39, 485, 507, 0, 0, 63.88%, 13, 0, 6, 453.61, 2791301, 260, 897, 0
6315, 39, 418, 507, 0, 0, 63.88%, 13, 0, 6, 441.30, 2793512, 260, 897, 0
6320, 39, 433, 507, 0, 0, 63.88%, 13, 0, 6, 468.12, 2795835, 260, 897, 0
6325, 39, 152, 507, 0, 0, 63.88%, 13, 0, 6, 464.48, 2798222, 260, 897, 0
6330, 39, 26, 507, 0, 0, 63.88%, 13, 0, 6, 435.00, 2800452, 260, 897, 0
6335, 39, 163, 507, 0, 0, 63.88%, 13, 0, 6, 448.59, 2802680, 260, 897, 0
6340, 39, 491, 507, 0, 0, 63.88%, 13, 0, 6, 459.76, 2804986, 260, 897, 0
6345, 39, 323, 507, 0, 0, 63.88%, 13, 0, 6, 434.84, 2807190, 260, 897, 0
6350, 39, 485, 507, 0, 0, 63.88%, 13, 0, 6, 436.16, 2809387, 260, 898, 0
6355, 39, 233, 507, 0, 0, 63.88%, 13, 0, 6, 422.55, 2811578, 260, 898, 0
6360, 39, 156, 507, 0, 0, 63.88%, 13, 0, 6, 437.43, 2813805, 260, 898, 0
6365, 39, 170, 507, 0, 0, 63.88%, 13, 0, 6, 447.85, 2816084, 260, 900, 0
6370, 39, 491, 507, 0, 0, 63.88%, 13, 0, 6, 457.94, 2818427, 260, 902, 0
6375, 39, 289, 507, 0, 0, 63.88%, 13, 0, 6, 436.29, 2820577, 260, 905, 0
6380, 39, 464, 507, 0, 0, 63.88%, 13, 0, 6, 462.96, 2822937, 260, 907, 0
6385, 39, 26, 507, 0, 0, 63.88%, 13, 0, 6, 424.21, 2825069, 260, 913, 0
6390, 39, 163, 507, 0, 0, 63.88%, 13, 0, 6, 450.85, 2827286, 260, 913, 0
6395, 39, 138, 507, 0, 0, 63.88%, 13, 0, 6, 442.11, 2829451, 260, 917, 0
6400, 39, 433, 507, 0, 0, 63.88%, 13, 0, 6, 445.74, 2831697, 260, 918, 0
6405, 39, 414, 507, 0, 0, 63.88%, 13, 0, 6, 451.91, 2833952, 260, 918, 0
6410, 39, 213, 507, 0, 0, 63.88%, 13, 0, 6, 442.74, 2836179, 260, 918, 0
6415, 39, 413, 507, 0, 0, 63.88%, 13, 0, 6, 455.87, 2838470, 260, 918, 0
6420, 39, 73, 507, 0, 0, 63.88%, 13, 0, 6, 461.63, 2840734, 260, 922, 0
6426, 39, 323, 507, 0, 0, 63.88%, 13, 0, 6, 460.48, 2843018, 260, 922, 0
6431, 39, 377, 507, 0, 0, 63.88%, 13, 0, 6, 443.73, 2845208, 260, 922, 0
6436, 39, 418, 507, 0, 0, 63.88%, 13, 0, 6, 432.67, 2847387, 260, 922, 0
6441, 39, 457, 507, 0, 0, 63.88%, 13, 0, 6, 431.46, 2849561, 260, 922, 0
6446, 39, 357, 507, 0, 0, 63.88%, 13, 0, 6, 457.00, 2851866, 260, 922, 0
6451, 40, 129, 507, 0, 0, 63.88%, 13, 0, 6, 454.70, 2854228, 260, 922, 0
6456, 40, 418, 507, 0, 0, 63.88%, 14, 0, 6, 452.50, 2856511, 260, 923, 0
6461, 40, 163, 507, 0, 0, 63.88%, 14, 0, 6, 436.08, 2858713, 260, 923, 0
6466, 40, 483, 507, 0, 0, 63.88%, 14, 0, 6, 455.74, 2860935, 260, 923, 0
6471, 40, 201, 507, 0, 0, 63.88%, 14, 0, 6, 466.44, 2863343, 260, 926, 0
6476, 40, 336, 507, 0, 0, 63.88%, 14, 0, 6, 451.35, 2865618, 260, 926, 0
6481, 40, 296, 507, 0, 0, 63.88%, 14, 0, 6, 465.89, 2867973, 260, 928, 0
6487, 40, 50, 507, 0, 0, 63.88%, 14, 0, 6, 449.90, 2870302, 260, 928, 0
6492, 40, 213, 507, 0, 0, 63.88%, 14, 0, 6, 459.62, 2872715, 260, 928, 0
6497, 40, 306, 507, 0, 0, 63.88%, 14, 0, 6, 441.33, 2874943, 260, 928, 0
6502, 40, 237, 507, 0, 0, 63.88%, 14, 0, 6, 458.33, 2877301, 260, 928, 0
6507, 40, 418, 507, 0, 0, 63.88%, 14, 0, 6, 457.43, 2879595, 260, 928, 0
6512, 40, 404, 507, 0, 0, 63.88%, 14, 0, 6, 421.84, 2881694, 260, 928, 0
6517, 40, 62, 507, 0, 0, 63.88%, 14, 0, 6, 425.13, 2883855, 260, 928, 0
6522, 40, 237, 507, 0, 0, 63.88%, 14, 0, 6, 469.76, 2886245, 260, 928, 0
6527, 40, 501, 507, 0, 0, 63.88%, 14, 0, 6, 462.61, 2888573, 260, 933, 0
6532, 40, 237, 507, 0, 0, 63.88%, 14, 0, 6, 450.78, 2890809, 260, 933, 0
6537, 40, 99, 507, 0, 0, 63.88%, 14, 0, 6, 469.06, 2893236, 260, 935, 0
6542, 40, 418, 507, 0, 0, 63.88%, 14, 0, 6, 476.54, 2895622, 260, 936, 0
6548, 40, 502, 507, 0, 0, 63.88%, 14, 0, 6, 441.94, 2897842, 260, 936, 0
6553, 40, 252, 507, 0, 0, 63.88%, 14, 0, 6, 425.22, 2899957, 260, 944, 0
6558, 40, 336, 507, 0, 0, 63.88%, 14, 0, 6, 470.14, 2902400, 260, 944, 0
6563, 40, 502, 507, 0, 0, 63.88%, 14, 0, 6, 472.79, 2904763, 260, 949, 0
6568, 40, 403, 507, 0, 0, 63.88%, 14, 0, 6, 439.16, 2906952, 260, 952, 0
6573, 40, 414, 507, 0, 0, 63.88%, 14, 0, 6, 447.44, 2909224, 260, 962, 0
6578, 40, 14, 507, 0, 0, 63.88%, 14, 0, 6, 471.13, 2911643, 260, 962, 0
6583, 40, 168, 507, 0, 0, 63.88%, 14, 0, 6, 439.66, 2913786, 260, 962, 0
6588, 40, 331, 507, 0, 0, 63.88%, 14, 0, 6, 449.79, 2916084, 260, 962, 0
6593, 40, 74, 507, 0, 0, 63.88%, 14, 0, 6, 433.27, 2918219, 260, 964, 0
6598, 41, 459, 507, 0, 0, 63.88%, 14, 0, 6, 459.63, 2920514, 260, 966, 0
6603, 41, 289, 507, 0, 0, 63.88%, 14, 0, 6, 428.88, 2922679, 260, 972, 0
6608, 41, 93, 507, 0, 0, 63.88%, 14, 0, 6, 443.32, 2924966, 260, 972, 0
6613, 41, 74, 507, 0, 0, 63.88%, 14, 0, 6, 453.75, 2927320, 260, 973, 0
6618, 41, 237, 507, 0, 0, 63.88%, 14, 0, 6, 442.04, 2929523, 260, 973, 0
6624, 41, 393, 507, 0, 0, 63.88%, 14, 0, 6, 438.00, 2931826, 260, 973, 0
6629, 41, 50, 507, 0, 0, 63.88%, 14, 0, 6, 473.11, 2934302, 260, 973, 0
6634, 41, 326, 507, 0, 0, 63.88%, 14, 0, 6, 488.28, 2936718, 260, 973, 0
6639, 41, 74, 507, 0, 0, 63.88%, 14, 0, 6, 449.20, 2939006, 260, 973, 0
6644, 41, 323, 507, 0, 0, 63.88%, 14, 0, 6, 437.24, 2941167, 260, 975, 0
6649, 41, 256, 507, 0, 0, 63.88%, 14, 0, 6, 450.01, 2943493, 260, 979, 0
6654, 41, 436, 507, 0, 0, 63.88%, 14, 0, 6, 412.85, 2945548, 260, 979, 0
6659, 41, 485, 507, 0, 0, 63.88%, 14, 0, 6, 435.29, 2947743, 260, 982, 0
6664, 41, 385, 507, 0, 0, 63.88%, 14, 0, 6, 468.33, 2950116, 260, 985, 0
6669, 41, 74, 507, 0, 0, 63.88%, 14, 0, 6, 461.43, 2952420, 260, 985, 0
6674, 41, 237, 507, 0, 0, 63.88%, 14, 0, 6, 467.14, 2954747, 260, 985, 0
6679, 41, 502, 507, 0, 0, 63.88%, 14, 0, 6, 455.07, 2957062, 260, 985, 0
6684, 41, 143, 507, 0, 0, 63.88%, 14, 0, 6, 442.45, 2959286, 260, 985, 0
6689, 41, 343, 507, 0, 0, 63.88%, 14, 0, 6, 473.83, 2961706, 260, 985, 0
6695, 41, 336, 507, 0, 0, 63.88%, 14, 0, 6, 450.49, 2964023, 260, 990, 0
6700, 41, 252, 507, 0, 0, 63.88%, 14, 0, 6, 428.22, 2966222, 260, 991, 0
6705, 41, 419, 507, 0, 0, 63.88%, 14, 0, 6, 443.40, 2968475, 260, 991, 0
6710, 41, 502, 507, 0, 0, 63.88%, 14, 0, 6, 412.08, 2970579, 260, 991, 0
6715, 41, 163, 507, 0, 0, 63.88%, 14, 0, 6, 434.65, 2972883, 260, 996, 0
6720, 41, 221, 507, 0, 0, 63.88%, 14, 0, 6, 441.45, 2975083, 260, 996, 0
6725, 41, 496, 507, 0, 0, 63.88%, 14, 0, 6, 440.06, 2977278, 260, 996, 0
6730, 41, 457, 507, 0, 0, 63.88%, 14, 0, 6, 444.57, 2979568, 260, 996, 0
6735, 41, 357, 507, 0, 0, 63.88%, 14, 0, 6, 460.72, 2981918, 260, 996, 0
6740, 41, 418, 507, 0, 0, 63.88%, 14, 0, 6, 439.62, 2984074, 260, 996, 0
6745, 42, 377, 507, 0, 0, 63.88%, 14, 0, 6, 419.72, 2986257, 260, 1002, 0
6750, 42, 241, 507, 0, 0, 63.88%, 14, 0, 6, 432.75, 2988473, 260, 1002, 0
6755, 42, 502, 507, 0, 0, 63.88%, 14, 0, 6, 454.71, 2990775, 260, 1002, 0
6760, 42, 50, 507, 0, 0, 63.88%, 14, 0, 6, 456.17, 2993059, 260, 1002, 0
6766, 42, 485, 507, 0, 0, 63.88%, 14, 0, 6, 457.65, 2995380, 260, 1002, 0
6771, 42, 502, 507, 0, 0, 63.88%, 14, 0, 6, 424.86, 2997603, 260, 1002, 0
6776, 42, 462, 507, 0, 0, 63.88%, 14, 0, 6, 461.18, 2999909, 260, 1002, 0
6781, 42, 138, 507, 0, 0, 63.88%, 14, 0, 6, 468.97, 3002240, 260, 1002, 0
6786, 42, 413, 507, 0, 0, 63.88%, 14, 0, 6, 436.77, 3004379, 260, 1005, 0
6791, 42, 433, 507, 0, 0, 63.88%, 14, 0, 6, 463.36, 3006752, 260, 1005, 0
6796, 42, 433, 507, 0, 0, 63.88%, 14, 0, 6, 468.83, 3009170, 260, 1005, 0
6801, 42, 467, 507, 0, 0, 63.88%, 14, 0, 6, 457.89, 3011451, 260, 1005, 0
6806, 42, 323, 507, 0, 0, 63.88%, 14, 0, 6, 451.79, 3013691, 260, 1005, 0
6811, 42, 296, 507, 0, 0, 63.88%, 14, 0, 6, 481.20, 3016081, 260, 1005, 0
6816, 42, 502, 507, 0, 0, 63.88%, 14, 0, 6, 459.56, 3018418, 260, 1005, 0
6822, 42, 336, 507, 0, 0, 63.88%, 14, 0, 6, 454.71, 3020635, 260, 1005, 0
6827, 42, 491, 507, 0, 0, 63.88%, 14, 0, 6, 452.54, 3022874, 260, 1005, 0
6832, 42, 395, 507, 0, 0, 63.88%, 14, 0, 6, 439.67, 3025079, 260, 1005, 0
6837, 42, 433, 507, 0, 0, 63.88%, 14, 0, 6, 436.80, 3027284, 260, 1009, 0
6842, 42, 491, 507, 0, 0, 63.88%, 14, 0, 6, 457.13, 3029638, 260, 1016, 0
6847, 42, 323, 507, 0, 0, 63.88%, 14, 0, 6, 462.27, 3031895, 260, 1016, 0
6852, 42, 14, 507, 0, 0, 63.88%, 14, 0, 6, 459.99, 3034381, 260, 1016, 0
6857, 42, 433, 507, 0, 0, 63.88%, 14, 0, 6, 431.23, 3036614, 260, 1016, 0
6862, 42, 502, 507, 0, 0, 63.88%, 14, 0, 6, 456.80, 3038960, 260, 1021, 0
6867, 42, 502, 507, 0, 0, 63.88%, 14, 0, 6, 422.65, 3041033, 260, 1021, 0
6872, 42, 114, 507, 0, 0, 63.88%, 14, 0, 6, 441.03, 3043262, 260, 1021, 0
6877, 42, 403, 507, 0, 0, 63.88%, 14, 0, 6, 453.08, 3045567, 260, 1021, 0
6882, 42, 377, 507, 0, 0, 63.88%, 14, 0, 6, 439.34, 3047736, 260, 1021, 0
6887, 42, 502, 507, 0, 0, 63.88%, 14, 0, 6, 435.73, 3049989, 260, 1021, 0
6893, 43, 262, 507, 0, 0, 63.88%, 14, 0, 6, 456.99, 3052426, 260, 1021, 0
6898, 43, 239, 507, 0, 0, 63.88%, 14, 0, 6, 430.35, 3054563, 260, 1021, 0
6903, 43, 418, 507, 0, 0, 63.88%, 14, 0, 6, 454.31, 3056870, 260, 1021, 0
6908, 43, 414, 507, 0, 0, 63.88%, 14, 0, 6, 425.10, 3059003, 260, 1026, 0
6913, 43, 385, 507, 0, 0, 63.88%, 14, 0, 6, 452.73, 3061310, 260, 1026, 0
6918, 43, 502, 507, 0, 0, 63.88%, 14, 0, 6, 440.36, 3063565, 260, 1027, 0
6923, 43, 436, 507, 0, 0, 63.88%, 14, 0, 6, 431.05, 3065695, 260, 1027, 0
6928, 43, 50, 507, 0, 0, 63.88%, 14, 0, 6, 427.24, 3067813, 260, 1027, 0
6933, 43, 256, 507, 0, 0, 63.88%, 14, 0, 6, 430.40, 3069973, 260, 1031, 0
6938, 43, 138, 507, 0, 0, 63.88%, 14, 0, 6, 407.90, 3072076, 260, 1031, 0
6943, 43, 322, 507, 0, 0, 63.88%, 14, 0, 6, 423.36, 3074264, 260, 1038, 0
6948, 43, 50, 507, 0, 0, 63.88%, 14, 0, 6, 422.69, 3076389, 260, 1038, 0
6953, 43, 357, 507, 0, 0, 63.88%, 14, 0, 6, 449.11, 3078603, 260, 1038, 0
6958, 43, 395, 507, 0, 0, 63.88%, 14, 0, 6, 455.29, 3080877, 260, 1038, 0
6964, 43, 221, 507, 0, 0, 63.88%, 14, 0, 6, 460.16, 3083184, 260, 1038, 0
6969, 43, 296, 507, 0, 0, 63.88%, 14, 0, 6, 453.69, 3085542, 260, 1039, 0
6974, 43, 264, 507, 0, 0, 63.88%, 14, 0, 6, 443.55, 3087785, 260, 1046, 0
6979, 43, 221, 507, 0, 0, 63.88%, 14, 0, 6, 467.96, 3090094, 260, 1046, 0
6984, 43, 152, 507, 0, 0, 63.88%, 14, 0, 6, 477.24, 3092542, 260, 1046, 0
6989, 43, 420, 507, 0, 0, 63.88%, 14, 0, 6, 450.42, 3094819, 260, 1046, 0
6994, 43, 138, 507, 0, 0, 63.88%, 14, 0, 6, 434.57, 3097043, 260, 1046, 0
6999, 43, 312, 507, 0, 0, 63.88%, 14, 0, 6, 449.05, 3099287, 260, 1048, 0
7004, 43, 336, 507, 0, 0, 63.88%, 14, 0, 6, 430.45, 3101536, 260, 1048, 0
7009, 43, 385, 507, 0, 0, 63.88%, 14, 0, 6, 432.08, 3103681, 260, 1050, 0
7014, 43, 210, 507, 0, 0, 63.88%, 14, 0, 6, 453.78, 3105968, 260, 1051, 0
7020, 43, 326, 507, 0, 0, 63.88%, 14, 0, 6, 446.21, 3108232, 260, 1052, 0
7025, 43, 241, 507, 0, 0, 63.88%, 14, 0, 6, 443.40, 3110450, 260, 1052, 0
7030, 43, 74, 507, 0, 0, 63.88%, 14, 0, 6, 460.53, 3112847, 260, 1052, 0
7035, 43, 21, 507, 0, 0, 63.88%, 14, 0, 6, 433.54, 3115015, 260, 1052, 0
7040, 43, 50, 507, 0, 0, 63.88%, 14, 0, 6, 429.48, 3117164, 260, 1052, 0
7045, 44, 457, 507, 0, 0, 63.88%, 14, 0, 6, 439.20, 3119451, 260, 1052, 0
7050, 44, 414, 507, 0, 0, 63.88%, 14, 0, 6, 428.02, 3121638, 260, 1052, 0
7055, 44, 138, 507, 0, 0, 63.88%, 14, 0, 6, 442.68, 3123958, 260, 1054, 0
7060, 44, 467, 507, 0, 0, 63.88%, 14, 0, 6, 445.41, 3126257, 260, 1055, 0
7065, 44, 231, 507, 0, 0, 63.88%, 14, 0, 6, 463.12, 3128545, 260, 1055, 0
7070, 44, 336, 507, 0, 0, 63.88%, 14, 0, 6, 443.72, 3130741, 260, 1055, 0
7075, 44, 231, 507, 0, 0, 63.88%, 14, 0, 6, 451.25, 3133058, 260, 1060, 0
7081, 44, 74, 507, 0, 0, 63.88%, 14, 0, 6, 466.11, 3135435, 260, 1060, 0
7086, 44, 221, 507, 0, 0, 63.88%, 14, 0, 6, 461.64, 3137820, 260, 1061, 0
7091, 44, 488, 507, 0, 0, 63.88%, 14, 0, 6, 446.65, 3140117, 260, 1061, 0
7096, 44, 115, 507, 0, 0, 63.88%, 14, 0, 6, 420.64, 3142217, 260, 1061, 0
7101, 44, 303, 507, 0, 0, 63.88%, 14, 0, 6, 423.03, 3144325, 260, 1061, 0
7106, 44, 448, 507, 0, 0, 63.88%, 14, 0, 6, 425.56, 3146520, 260, 1061, 0
7111, 44, 138, 507, 0, 0, 63.88%, 14, 0, 6, 419.57, 3148675, 260, 1069, 0
7116, 44, 221, 507, 0, 0, 63.88%, 14, 0, 6, 448.47, 3151023, 260, 1069, 0
7121, 44, 170, 507, 0, 0, 63.88%, 14, 0, 6, 469.62, 3153475, 260, 1072, 0
7126, 44, 336, 507, 0, 0, 63.88%, 14, 0, 6, 444.17, 3155674, 260, 1072, 0
7132, 44, 491, 507, 0, 0, 63.88%, 14, 0, 6, 448.00, 3157947, 260, 1072, 0
7137, 44, 13, 507, 0, 0, 63.88%, 14, 0, 6, 435.14, 3160131, 260, 1072, 0
7142, 44, 413, 507, 0, 0, 63.88%, 14, 0, 6, 433.62, 3162310, 260, 1075, 0
7147, 44, 457, 507, 0, 0, 63.88%, 14, 0, 6, 427.24, 3164485, 260, 1076, 0
7152, 44, 502, 507, 0, 0, 63.88%, 14, 0, 6, 448.37, 3166803, 260, 1076, 0
7157, 44, 413, 507, 0, 0, 63.88%, 14, 0, 6, 418.93, 3168919, 260, 1076, 0
7162, 44, 491, 507, 0, 0, 63.88%, 14, 0, 6, 421.61, 3171100, 260, 1076, 0
7167, 44, 241, 507, 0, 0, 63.88%, 14, 0, 6, 433.50, 3173302, 260, 1076, 0
7172, 44, 145, 507, 0, 0, 63.88%, 14, 0, 6, 454.22, 3175599, 260, 1076, 0
7177, 44, 375, 507, 0, 0, 63.88%, 14, 0, 6, 418.35, 3177745, 260, 1076, 0
7182, 44, 155, 507, 0, 0, 63.88%, 14, 0, 6, 422.01, 3179908, 260, 1077, 0
7187, 44, 385, 507, 0, 0, 63.88%, 14, 0, 6, 424.18, 3182080, 260, 1078, 0
7192, 44, 201, 507, 0, 0, 63.88%, 14, 0, 6, 436.58, 3184319, 260, 1082, 0
7197, 45, 326, 507, 0, 0, 63.88%, 14, 0, 6, 433.08, 3186541, 260, 1084, 0
7202, 45, 291, 507, 0, 0, 63.88%, 14, 0, 6, 429.51, 3188708, 260, 1087, 0
7208, 45, 477, 507, 0, 0, 63.88%, 14, 0, 6, 408.17, 3190772, 260, 1087, 0
7213, 45, 138, 507, 0, 0, 63.88%, 14, 0, 6, 444.06, 3193037, 260, 1089, 0
7218, 45, 326, 507, 0, 0, 63.88%, 14, 0, 6, 470.79, 3195405, 260, 1092, 0
7223, 45, 213, 507, 0, 0, 63.88%, 14, 0, 6, 449.43, 3197654, 260, 1093, 0
7228, 45, 485, 507, 0, 0, 63.88%, 14, 0, 6, 430.77, 3199834, 260, 1093, 0
7233, 45, 433, 507, 0, 0, 63.88%, 14, 0, 6, 435.80, 3202096, 260, 1093, 0
7238, 45, 357, 507, 0, 0, 63.88%, 14, 0, 6, 457.66, 3204434, 260, 1094, 0
7243, 45, 231, 507, 0, 0, 63.88%, 14, 0, 6, 415.29, 3206515, 260, 1094, 0
7248, 45, 436, 507, 0, 0, 63.88%, 14, 0, 6, 452.23, 3208804, 260, 1094, 0
7253, 45, 231, 507, 0, 0, 63.88%, 14, 0, 6, 451.12, 3211101, 260, 1094, 0
7258, 45, 336, 507, 0, 0, 63.88%, 14, 0, 6, 449.50, 3213336, 260, 1095, 0
7263, 45, 485, 507, 0, 0, 63.88%, 14, 0, 6, 450.34, 3215672, 260, 1100, 0
7268, 45, 231, 507, 0, 0, 63.88%, 14, 0, 6, 457.16, 3217948, 260, 1102, 0
7273, 45, 413, 507, 0, 0, 63.88%, 14, 0, 6, 446.28, 3220288, 260, 1102, 0
7279, 45, 491, 507, 0, 0, 63.88%, 14, 0, 6, 448.57, 3222579, 260, 1102, 0
7284, 45, 264, 507, 0, 0, 63.88%, 14, 0, 6, 443.85, 3224818, 260, 1102, 0
7289, 45, 413, 507, 0, 0, 63.88%, 14, 0, 6, 462.35, 3227075, 260, 1102, 0
7294, 45, 336, 507, 0, 0, 63.88%, 14, 0, 6, 449.13, 3229333, 260, 1102, 0
7299, 45, 502, 507, 0, 0, 63.88%, 14, 0, 6, 455.61, 3231660, 260, 1102, 0
7304, 45, 20, 507, 0, 0, 63.88%, 14, 0, 6, 422.49, 3233729, 260, 1102, 0
7309, 45, 357, 507, 0, 0, 63.88%, 14, 0, 6, 418.71, 3235843, 260, 1102, 0
7314, 45, 336, 507, 0, 0, 63.88%, 14, 0, 6, 446.77, 3238186, 260, 1102, 0
7319, 45, 457, 507, 0, 0, 63.88%, 14, 0, 6, 463.93, 3240623, 260, 1102, 0
7324, 45, 495, 507, 0, 0, 63.88%, 15, 0, 6, 445.41, 3242940, 260, 1108, 0
7329, 45, 138, 507, 0, 0, 63.88%, 15, 0, 6, 454.09, 3245204, 260, 1110, 0
7335, 45, 156, 507, 0, 0, 63.88%, 15, 0, 6, 427.28, 3247456, 260, 1110, 0
7340, 45, 73, 507, 0, 0, 63.88%, 15, 0, 6, 434.04, 3249665, 260, 1110, 0
7345, 46, 321, 507, 0, 0, 63.88%, 15, 0, 6, 423.48, 3251788, 260, 1110, 0
7350, 46, 377, 507, 0, 0, 63.88%, 15, 0, 6, 425.63, 3254011, 260, 1110, 0
7355, 46, 241, 507, 0, 0, 63.88%, 15, 0, 6, 460.74, 3256408, 260, 1114, 0
7360, 46, 377, 507, 0, 0, 63.88%, 15, 0, 6, 475.95, 3258711, 260, 1114, 0
7365, 46, 348, 507, 0, 0, 63.88%, 15, 0, 6, 468.52, 3261137, 260, 1126, 0
7370, 46, 263, 507, 0, 0, 63.88%, 15, 0, 6, 457.11, 3263517, 260, 1126, 0
7375, 46, 163, 507, 0, 0, 63.88%, 15, 0, 6, 443.34, 3265734, 260, 1126, 0
7380, 46, 418, 507, 0, 0, 63.88%, 15, 0, 6, 452.52, 3268038, 260, 1126, 0
7385, 46, 477, 507, 0, 0, 63.88%, 15, 0, 6, 451.29, 3270288, 260, 1126, 0
7390, 46, 89, 507, 0, 0, 63.88%, 15, 0, 6, 451.46, 3272590, 260, 1126, 0
7395, 46, 467, 507, 0, 0, 63.88%, 15, 0, 6, 432.30, 3274765, 260, 1126, 0
7401, 46, 289, 507, 0, 0, 63.88%, 15, 0, 6, 448.92, 3277109, 260, 1126, 0
7406, 46, 395, 507, 0, 0, 63.88%, 15, 0, 6, 437.50, 3279370, 260, 1126, 0
7411, 46, 213, 507, 0, 0, 63.88%, 15, 0, 6, 437.58, 3281583, 260, 1126, 0
7416, 46, 138, 507, 0, 0, 63.88%, 15, 0, 6, 457.37, 3283927, 260, 1127, 0
7421, 46, 50, 507, 0, 0, 63.88%, 15, 0, 6, 458.50, 3286222, 260, 1131, 0
7426, 46, 457, 507, 0, 0, 63.88%, 15, 0, 6, 453.38, 3288525, 260, 1131, 0
7431, 46, 24, 507, 0, 0, 63.88%, 15, 0, 6, 442.62, 3290788, 260, 1131, 0
7436, 46, 296, 507, 0, 0, 63.88%, 15, 0, 6, 440.00, 3293143, 260, 1131, 0
7441, 46, 145, 507, 0, 0, 63.88%, 15, 0, 6, 461.15, 3295503, 260, 1140, 0
7446, 46, 491, 507, 0, 0, 63.88%, 15, 0, 6, 460.32, 3297801, 260, 1146, 0
7451, 46, 448, 507, 0, 0, 63.88%, 15, 0, 6, 445.95, 3300029, 260, 1147, 0
7456, 46, 457, 507, 0, 0, 63.88%, 15, 0, 6, 429.64, 3302160, 260, 1147, 0
7462, 46, 485, 507, 0, 0, 63.88%, 15, 0, 6, 441.71, 3304479, 260, 1147, 0
7467, 46, 377, 507, 0, 0, 63.88%, 15, 0, 6, 443.86, 3306756, 260, 1148, 0
7472, 46, 457, 507, 0, 0, 63.88%, 15, 0, 6, 435.82, 3308969, 260, 1150, 0
7477, 46, 413, 507, 0, 0, 63.88%, 15, 0, 6, 441.10, 3311272, 260, 1156, 0
7482, 46, 138, 507, 0, 0, 63.88%, 15, 0, 6, 437.82, 3313477, 260, 1160, 0
7487, 46, 182, 507, 0, 0, 63.88%, 15, 0, 6, 458.16, 3315877, 260, 1161, 0
7492, 47, 337, 507, 0, 0, 63.88%, 15, 0, 6, 463.28, 3318260, 260, 1161, 0
7497, 47, 457, 507, 0, 0, 63.88%, 15, 0, 6, 442.07, 3320425, 260, 1161, 0
7502, 47, 425, 507, 0, 0, 63.88%, 15, 0, 6, 423.32, 3322560, 260, 1161, 0
7507, 47, 163, 507, 0, 0, 63.88%, 15, 0, 6, 441.98, 3324776, 260, 1161, 0
7512, 47, 323, 507, 0, 0, 63.88%, 15, 0, 6, 455.08, 3327036, 260, 1162, 0
7517, 47, 413, 507, 0, 0, 63.88%, 15, 0, 6, 444.75, 3329318, 260, 1162, 0
7522, 47, 464, 507, 0, 0, 63.88%, 15, 0, 6, 445.82, 3331562, 260, 1162, 0
7528, 47, 331, 507, 0, 0, 63.88%, 15, 0, 6, 452.92, 3333960, 260, 1162, 0
7533, 47, 418, 507, 0, 0, 63.88%, 15, 0, 6, 463.28, 3336336, 260, 1162, 0
7538, 47, 504, 507, 0, 0, 63.88%, 15, 0, 6, 450.29, 3338606, 260, 1162, 0
7543, 47, 74, 507, 0, 0, 63.88%, 15, 0, 6, 457.71, 3340921, 260, 1162, 0
7548, 47, 337, 507, 0, 0, 63.88%, 15, 0, 6, 461.19, 3343214, 260, 1162, 0
7553, 47, 502, 507, 0, 0, 63.88%, 15, 0, 6, 452.45, 3345502, 260, 1164, 0
7558, 47, 326, 507, 0, 0, 63.88%, 15, 0, 6, 434.39, 3347691, 260, 1164, 0
7563, 47, 138, 507, 0, 0, 63.88%, 15, 0, 6, 409.32, 3349732, 260, 1168, 0
7568, 47, 74, 507, 0, 0, 63.88%, 15, 0, 6, 444.94, 3352042, 260, 1168, 0
7573, 47, 296, 507, 0, 0, 63.88%, 15, 0, 6, 437.81, 3354259, 260, 1168, 0
7578, 47, 147, 507, 0, 0, 63.88%, 15, 0, 6, 445.05, 3356523, 260, 1169, 0
7583, 47, 296, 507, 0, 0, 63.88%, 15, 0, 6, 465.08, 3358872, 260, 1175, 0
7588, 47, 231, 507, 0, 0, 63.88%, 15, 0, 6, 461.93, 3361251, 260, 1175, 0
7593, 47, 208, 507, 0, 0, 63.88%, 15, 0, 6, 449.43, 3363474, 260, 1177, 0
7598, 47, 138, 507, 0, 0, 63.88%, 15, 0, 6, 443.14, 3365694, 260, 1177, 0
7603, 47, 138, 507, 0, 0, 63.88%, 15, 0, 6, 435.56, 3367880, 260, 1186, 0
7609, 47, 241, 507, 0, 0, 63.88%, 15, 0, 6, 443.15, 3370141, 260, 1188, 0
7614, 47, 357, 507, 0, 0, 63.88%, 15, 0, 6, 448.34, 3372421, 260, 1188, 0
7619, 47, 98, 507, 0, 0, 63.88%, 15, 0, 6, 446.32, 3374697, 260, 1192, 0
7624, 47, 138, 507, 0, 0, 63.88%, 15, 0, 6, 449.28, 3376953, 260, 1193, 0
7629, 47, 401, 507, 0, 0, 63.88%, 15, 0, 6, 475.44, 3379442, 260, 1200, 0
7634, 47, 491, 507, 0, 0, 63.88%, 15, 0, 6, 475.51, 3381805, 260, 1200, 0
7639, 47, 418, 507, 0, 0, 63.88%, 15, 0, 6, 462.65, 3384069, 260, 1200, 0
7644, 48, 252, 507, 0, 0, 63.88%, 15, 0, 6, 444.37, 3386324, 260, 1200, 0
7649, 48, 145, 507, 0, 0, 63.88%, 15, 0, 6, 470.21, 3388759, 260, 1200, 0
7654, 48, 418, 507, 0, 0, 63.88%, 15, 0, 6, 471.79, 3391152, 260, 1200, 0
7659, 48, 73, 507, 0, 0, 63.88%, 15, 0, 6, 453.81, 3393443, 260, 1201, 0
7664, 48, 433, 507, 0, 0, 63.88%, 15, 0, 6, 440.91, 3395614, 260, 1201, 0
7669, 48, 201, 507, 0, 0, 63.88%, 15, 0, 6, 461.40, 3398018, 260, 1201, 0
7674, 48, 433, 507, 0, 0, 63.88%, 15, 0, 6, 483.80, 3400420, 260, 1201, 0
7680, 48, 221, 507, 0, 0, 63.88%, 15, 0, 6, 464.50, 3402769, 260, 1201, 0
7685, 48, 326, 507, 0, 0, 63.88%, 15, 0, 6, 443.60, 3404989, 260, 1201, 0
7690, 48, 241, 507, 0, 0, 63.88%, 15, 0, 6, 460.78, 3407327, 260, 1201, 0
7695, 48, 74, 507, 0, 0, 63.88%, 15, 0, 6, 451.01, 3409613, 260, 1201, 0
7700, 48, 163, 507, 0, 0, 63.88%, 15, 0, 6, 454.22, 3411963, 260, 1201, 0
7705, 48, 357, 507, 0, 0, 63.88%, 15, 0, 6, 466.06, 3414332, 260, 1201, 0
7710, 48, 331, 507, 0, 0, 63.88%, 15, 0, 6, 487.36, 3416828, 260, 1201, 0
7715, 48, 307, 507, 0, 0, 63.88%, 15, 0, 6, 439.78, 3418975, 260, 1201, 0
7720, 48, 50, 507, 0, 0, 63.88%, 15, 0, 6, 451.59, 3421318, 260, 1201, 0
7725, 48, 241, 507, 0, 0, 63.88%, 15, 0, 6, 462.46, 3423656, 260, 1201, 0
7730, 48, 237, 507, 0, 0, 63.88%, 15, 0, 6, 440.14, 3425833, 260, 1201, 0
7735, 48, 9, 507, 0, 0, 63.88%, 15, 0, 6, 435.95, 3428054, 260, 1201, 0
7740, 48, 221, 507, 0, 0, 63.88%, 15, 0, 6, 436.67, 3430294, 260, 1201, 0
7745, 48, 420, 507, 0, 0, 63.88%, 15, 0, 6, 451.82, 3432538, 260, 1201, 0
7750, 48, 457, 507, 0, 0, 63.88%, 15, 0, 6, 473.89, 3434944, 260, 1201, 0
7755, 48, 15, 507, 0, 0, 63.88%, 15, 0, 6, 451.63, 3437199, 260, 1204, 0
7760, 48, 231, 507, 0, 0, 63.88%, 15, 0, 6, 455.39, 3439467, 260, 1205, 0
7766, 48, 457, 507, 0, 0, 63.88%, 15, 0, 6, 433.94, 3441783, 260, 1205, 0
7771, 48, 420, 507, 0, 0, 63.88%, 15, 0, 6, 428.17, 3443943, 260, 1205, 0
7776, 48, 502, 507, 0, 0, 63.88%, 15, 0, 6, 437.05, 3446158, 260, 1207, 0
7781, 48, 26, 507, 0, 0, 63.88%, 15, 0, 6, 438.20, 3448300, 260, 1207, 0
7786, 48, 161, 507, 0, 0, 63.88%, 15, 0, 6, 427.91, 3450462, 260, 1207, 0
7791, 49, 264, 507, 0, 0, 63.88%, 15, 0, 6, 423.07, 3452626, 260, 1208, 0
7796, 49, 33, 507, 0, 0, 63.88%, 15, 0, 6, 445.11, 3454905, 260, 1215, 0
7801, 49, 138, 507, 0, 0, 63.88%, 15, 0, 6, 457.36, 3457197, 260, 1220, 0
7806, 49, 477, 507, 0, 0, 63.88%, 15, 0, 6, 410.16, 3459248, 260, 1224, 0
7811, 49, 502, 507, 0, 0, 63.88%, 15, 0, 6, 424.81, 3461415, 260, 1224, 0
7816, 49, 13, 507, 0, 0, 63.88%, 15, 0, 6, 428.14, 3463609, 260, 1231, 0
7821, 49, 377, 507, 0, 0, 63.88%, 15, 0, 6, 445.47, 3465896, 260, 1231, 0
7826, 49, 163, 507, 0, 0, 63.88%, 15, 0, 6, 453.73, 3468167, 260, 1231, 0
7831, 49, 436, 507, 0, 0, 63.88%, 15, 0, 6, 452.76, 3470459, 260, 1231, 0
7837, 49, 248, 507, 0, 0, 63.88%, 15, 0, 6, 471.18, 3472872, 260, 1231, 0
7842, 49, 410, 507, 0, 0, 63.88%, 15, 0, 6, 427.70, 3475021, 260, 1231, 0
7847, 49, 357, 507, 0, 0, 63.88%, 15, 0, 6, 449.30, 3477361, 260, 1231, 0
7852, 49, 252, 507, 0, 0, 63.88%, 15, 0, 6, 450.39, 3479649, 260, 1231, 0
7857, 49, 256, 507, 0, 0, 63.88%, 15, 0, 6, 459.54, 3481975, 260, 1237, 0
7862, 49, 377, 507, 0, 0, 63.88%, 15, 0, 6, 444.40, 3484185, 260, 1237, 0
7867, 49, 265, 507, 0, 0, 63.88%, 15, 0, 6, 458.72, 3486404, 260, 1237, 0
7872, 49, 413, 507, 0, 0, 63.88%, 15, 0, 6, 434.51, 3488549, 260, 1237, 0
7877, 49, 485, 507, 0, 0, 63.88%, 15, 0, 6, 452.16, 3490833, 260, 1238, 0
7882, 49, 502, 507, 0, 0, 63.88%, 15, 0, 6, 428.57, 3492991, 260, 1238, 0
7887, 49, 180, 507, 0, 0, 63.88%, 15, 0, 6, 467.04, 3495388, 260, 1238, 0
7892, 49, 14, 507, 0, 0, 63.88%, 15, 0, 6, 458.68, 3497704, 260, 1238, 0
7897, 49, 419, 507, 0, 0, 63.88%, 15, 0, 6, 444.19, 3499951, 260, 1238, 0
7902, 49, 411, 507, 0, 0, 63.88%, 15, 0, 6, 445.13, 3502176, 260, 1238, 0
7907, 49, 491, 507, 0, 0, 63.88%, 15, 0, 6, 443.02, 3504446, 260, 1244, 0
7912, 49, 458, 507, 0, 0, 63.88%, 15, 0, 6, 423.85, 3506548, 260, 1244, 0
7917, 49, 74, 507, 0, 0, 63.88%, 15, 0, 6, 453.07, 3508827, 260, 1244, 0
7923, 49, 491, 507, 0, 0, 63.88%, 15, 0, 6, 467.59, 3511193, 260, 1244, 0
7928, 49, 336, 507, 0, 0, 63.88%, 15, 0, 6, 462.72, 3513547, 260, 1247, 0
7933, 49, 48, 507, 0, 0, 63.88%, 15, 0, 6, 468.47, 3515843, 260, 1247, 0
7938, 50, 457, 507, 0, 0, 63.88%, 15, 0, 6, 419.01, 3517928, 260, 1247, 0
7943, 50, 138, 507, 0, 0, 63.88%, 15, 0, 6, 419.56, 3520019, 260, 1248, 0
7948, 50, 357, 507, 0, 0, 63.88%, 15, 0, 6, 454.43, 3522413, 260, 1253, 0
7953, 50, 357, 507, 0, 0, 63.88%, 15, 0, 6, 458.93, 3524717, 260, 1253, 0
7958, 50, 502, 507, 0, 0, 63.88%, 15, 0, 6, 451.30, 3526996, 260, 1253, 0
7963, 50, 163, 507, 0, 0, 63.88%, 15, 0, 6, 425.29, 3529186, 260, 1254, 0
7968, 50, 50, 507, 0, 0, 63.88%, 15, 0, 6, 467.38, 3531567, 260, 1254, 0
7974, 50, 488, 507, 0, 0, 63.88%, 15, 0, 6, 474.38, 3534057, 260, 1254, 0
7979, 50, 504, 507, 0, 0, 63.88%, 15, 0, 6, 423.14, 3536185, 260, 1255, 0
7984, 50, 413, 507, 0, 0, 63.88%, 15, 0, 6, 455.21, 3538534, 260, 1255, 0
7989, 50, 418, 507, 0, 0, 63.88%, 15, 0, 6, 429.91, 3540666, 260, 1255, 0
7994, 50, 163, 507, 0, 0, 63.88%, 15, 0, 6, 416.14, 3542843, 260, 1255, 0
7999, 50, 331, 507, 0, 0, 63.88%, 15, 0, 6, 443.12, 3545147, 260, 1255, 0
8004, 50, 357, 507, 0, 0, 63.88%, 15, 0, 6, 397.78, 3547100, 260, 1255, 0
8009, 50, 403, 507, 0, 0, 63.88%, 15, 0, 6, 422.90, 3549277, 260, 1255, 0
8014, 50, 457, 507, 0, 0, 63.88%, 15, 0, 6, 445.79, 3551529, 260, 1255, 0
8019, 50, 326, 507, 0, 0, 63.88%, 15, 0, 6, 461.35, 3553847, 260, 1255, 0
8024, 50, 193, 507, 0, 0, 63.88%, 15, 0, 6, 449.50, 3556088, 260, 1255, 0
8029, 50, 357, 507, 0, 0, 63.88%, 15, 0, 6, 460.84, 3558378, 260, 1256, 0
8034, 50, 413, 507, 0, 0, 63.88%, 15, 0, 6, 447.62, 3560644, 260, 1256, 0
8039, 50, 284, 507, 0, 0, 63.88%, 15, 0, 6, 435.53, 3562828, 260, 1256, 0
8045, 50, 414, 507, 0, 0, 63.88%, 15, 0, 6, 467.21, 3565213, 260, 1256, 0
8050, 50, 213, 507, 0, 0, 63.88%, 15, 0, 6, 452.30, 3567470, 260, 1256, 0
8055, 50, 502, 507, 0, 0, 63.88%, 15, 0, 6, 440.82, 3569664, 260, 1257, 0
8060, 50, 433, 507, 0, 0, 63.88%, 15, 0, 6, 434.76, 3571806, 260, 1262, 0
8065, 50, 502, 507, 0, 0, 63.88%, 15, 0, 6, 444.65, 3574065, 260, 1262, 0
8070, 50, 433, 507, 0, 0, 63.88%, 15, 0, 6, 456.06, 3576329, 260, 1262, 0
8075, 50, 145, 507, 0, 0, 63.88%, 15, 0, 6, 447.66, 3578556, 260, 1262, 0
8080, 50, 11, 507, 0, 0, 63.88%, 15, 0, 6, 437.98, 3580751, 260, 1264, 0
8085, 51, 485, 508, 1, 0, 63.88%, 15, 0, 6, 460.14, 3583095, 260, 1264, 0
8090, 51, 50, 508, 1, 0, 63.88%, 15, 0, 6, 405.43, 3585116, 260, 1264, 0
8095, 51, 467, 508, 0, 0, 63.88%, 15, 0, 6, 443.69, 3587381, 260, 1264, 0
8100, 51, 289, 508, 0, 0, 63.88%, 15, 0, 6, 441.44, 3589625, 260, 1264, 0
8105, 51, 326, 508, 0, 0, 63.88%, 15, 0, 6, 450.70, 3591842, 260, 1264, 0
8110, 51, 377, 508, 0, 0, 63.88%, 15, 0, 6, 455.71, 3594081, 260, 1264, 0
8115, 51, 50, 508, 0, 0, 63.88%, 15, 0, 6, 461.55, 3596427, 260, 1265, 0
8121, 51, 258, 508, 0, 0, 63.88%, 15, 0, 6, 455.94, 3598799, 260, 1265, 0
8126, 51, 502, 508, 0, 0, 63.88%, 15, 0, 6, 430.30, 3600919, 260, 1265, 0
8131, 51, 306, 508, 0, 0, 63.88%, 15, 0, 6, 460.67, 3603255, 260, 1265, 0
8136, 51, 502, 508, 0, 0, 63.88%, 15, 0, 6, 437.44, 3605448, 260, 1265, 0
8141, 51, 502, 508, 0, 0, 63.88%, 15, 0, 6, 404.35, 3607472, 260, 1265, 0
8146, 51, 502, 508, 0, 0, 63.88%, 15, 0, 6, 391.36, 3609488, 260, 1265, 0
8151, 51, 448, 508, 0, 0, 63.88%, 15, 0, 6, 448.31, 3611883, 260, 1265, 0
8156, 51, 289, 508, 0, 0, 63.88%, 15, 0, 6, 444.91, 3614110, 260, 1265, 0
8161, 51, 414, 508, 0, 0, 63.88%, 15, 0, 6, 443.88, 3616349, 260, 1265, 0
8166, 51, 244, 508, 0, 0, 63.88%, 15, 0, 6, 422.88, 3618547, 260, 1265, 0
8171, 51, 357, 508, 0, 0, 63.88%, 15, 0, 6, 428.88, 3620669, 260, 1265, 0
8176, 51, 246, 508, 0, 0, 63.88%, 15, 0, 6, 439.90, 3622856, 260, 1269, 0
8181, 51, 165, 508, 0, 0, 63.88%, 15, 0, 6, 456.25, 3625191, 260, 1269, 0
8187, 51, 50, 508, 0, 0, 63.88%, 15, 0, 6, 437.54, 3627365, 260, 1269, 0
8192, 51, 403, 508, 0, 0, 63.88%, 15, 0, 6, 407.68, 3629449, 260, 1269, 0
8197, 51, 48, 508, 0, 0, 63.88%, 15, 0, 6, 431.79, 3631637, 260, 1269, 0
8202, 51, 404, 508, 0, 0, 63.88%, 15, 0, 6, 416.86, 3633735, 260, 1269, 0
8207, 51, 357, 508, 0, 0, 63.88%, 15, 0, 6, 427.51, 3635846, 260, 1273, 0
8212, 51, 70, 508, 0, 0, 63.88%, 15, 0, 6, 432.78, 3638066, 260, 1274, 0
8217, 51, 268, 508, 0, 0, 63.88%, 15, 0, 6, 450.76, 3640434, 260, 1274, 0
8222, 51, 221, 508, 0, 0, 63.88%, 15, 0, 6, 420.39, 3642488, 260, 1274, 0
8227, 51, 296, 508, 0, 0, 63.88%, 15, 0, 6, 445.64, 3644727, 260, 1278, 0
8232, 52, 74, 508, 0, 0, 63.88%, 15, 0, 6, 419.95, 3646810, 260, 1278, 0
8237, 52, 163, 508, 0, 0, 63.88%, 15, 0, 6, 454.98, 3649110, 260, 1278, 0
8242, 52, 153, 508, 0, 0, 63.88%, 15, 0, 6, 451.74, 3651356, 260, 1282, 0
8247, 52, 357, 508, 0, 0, 63.88%, 15, 0, 6, 462.07, 3653734, 260, 1282, 0
8252, 52, 296, 508, 0, 0, 63.88%, 15, 0, 6, 463.49, 3656059, 260, 1282, 0
8257, 52, 464, 508, 0, 0, 63.88%, 15, 0, 6, 439.14, 3658226, 260, 1282, 0
8262, 52, 357, 508, 0, 0, 63.88%, 15, 0, 6, 448.58, 3660486, 260, 1282, 0
8267, 52, 265, 508, 0, 0, 63.88%, 15, 0, 6, 457.28, 3662814, 260, 1282, 0
8272, 52, 433, 508, 0, 0, 63.88%, 15, 0, 6, 462.09, 3665158, 260, 1283, 0
8277, 52, 129, 508, 0, 0, 63.88%, 15, 0, 6, 444.70, 3667392, 260, 1288, 0
8283, 52, 331, 508, 0, 0, 63.88%, 15, 0, 6, 467.65, 3669906, 260, 1294, 0
8288, 52, 385, 508, 0, 0, 63.88%, 15, 0, 6, 457.05, 3672201, 260, 1294, 0
8293, 52, 73, 508, 0, 0, 63.88%, 15, 0, 6, 451.69, 3674507, 260, 1294, 0
8298, 52, 256, 508, 0, 0, 63.88%, 15, 0, 6, 449.57, 3676802, 260, 1294, 0
8303, 52, 336, 508, 0, 0, 63.88%, 15, 0, 6, 457.22, 3679142, 260, 1294, 0
8308, 52, 485, 508, 0, 0, 63.88%, 15, 0, 6, 434.78, 3681298, 260, 1300, 0
8313, 52, 420, 508, 0, 0, 63.88%, 15, 0, 6, 457.63, 3683610, 260, 1300, 0
8318, 52, 50, 508, 0, 0, 63.88%, 15, 0, 6, 442.53, 3685860, 260, 1300, 0
8323, 52, 234, 508, 0, 0, 63.88%, 15, 0, 6, 443.12, 3688101, 260, 1305, 0
8328, 52, 418, 508, 0, 0, 63.88%, 15, 0, 6, 441.42, 3690362, 260, 1307, 0
8333, 52, 448, 508, 0, 0, 63.88%, 15, 0, 6, 439.98, 3692607, 260, 1307, 0
8338, 52, 323, 508, 0, 0, 63.88%, 15, 0, 6, 443.55, 3694803, 260, 1309, 0
8344, 52, 241, 508, 0, 0, 63.88%, 15, 0, 6, 435.48, 3696974, 260, 1309, 0
8349, 52, 277, 508, 0, 0, 63.88%, 15, 0, 6, 441.15, 3699246, 260, 1309, 0
8354, 52, 448, 508, 0, 0, 63.88%, 15, 0, 6, 439.14, 3701424, 260, 1309, 0
8359, 52, 137, 508, 0, 0, 63.88%, 15, 0, 6, 434.14, 3703643, 260, 1312, 0
8364, 52, 252, 508, 0, 0, 63.88%, 15, 0, 6, 419.02, 3705762, 260, 1315, 0
8369, 52, 499, 508, 0, 0, 63.88%, 16, 0, 6, 438.92, 3708036, 260, 1316, 0
8374, 53, 418, 508, 0, 0, 63.88%, 16, 0, 6, 454.97, 3710314, 260, 1316, 0
8379, 53, 316, 508, 0, 0, 63.88%, 16, 0, 6, 422.46, 3712448, 260, 1320, 0
8384, 53, 313, 508, 0, 0, 63.88%, 16, 0, 6, 420.35, 3714608, 260, 1323, 0
8389, 53, 265, 508, 0, 0, 63.88%, 16, 0, 6, 432.94, 3716838, 260, 1323, 0
8394, 53, 436, 508, 0, 0, 63.88%, 16, 0, 6, 432.15, 3719038, 260, 1323, 0
8400, 53, 191, 508, 0, 0, 63.88%, 16, 0, 6, 432.64, 3721271, 260, 1323, 0
8405, 53, 485, 508, 0, 0, 63.88%, 16, 0, 6, 441.51, 3723502, 260, 1331, 0
8410, 53, 163, 508, 0, 0, 63.88%, 16, 0, 6, 443.30, 3725807, 260, 1332, 0
8415, 53, 138, 508, 0, 0, 63.88%, 16, 0, 6, 435.82, 3728049, 260, 1335, 0
8420, 53, 413, 508, 0, 0, 63.88%, 16, 0, 6, 444.36, 3730344, 260, 1338, 0
8425, 53, 326, 508, 0, 0, 63.88%, 16, 0, 6, 432.69, 3732513, 260, 1338, 0
8430, 53, 74, 508, 0, 0, 63.88%, 16, 0, 6, 434.40, 3734709, 260, 1338, 0
8435, 53, 507, 508, 0, 0, 63.88%, 16, 0, 6, 451.01, 3737016, 260, 1339, 0
8440, 53, 163, 508, 0, 0, 63.88%, 16, 0, 6, 457.33, 3739288, 260, 1339, 0
8445, 53, 491, 508, 0, 0, 63.88%, 16, 0, 6, 462.07, 3741659, 260, 1339, 0
8450, 53, 138, 508, 0, 0, 63.88%, 16, 0, 6, 472.92, 3744059, 260, 1345, 0
8455, 53, 237, 508, 0, 0, 63.88%, 16, 0, 6, 465.36, 3746406, 260, 1346, 0
8460, 53, 237, 508, 0, 0, 63.88%, 16, 0, 6, 419.24, 3748503, 260, 1353, 0
8466, 53, 252, 508, 0, 0, 63.88%, 16, 0, 6, 450.10, 3750819, 260, 1353, 0
8471, 53, 484, 508, 0, 0, 63.88%, 16, 0, 6, 400.61, 3752858, 260, 1353, 0
8476, 53, 163, 508, 0, 0, 63.88%, 16, 0, 6, 423.25, 3755046, 260, 1353, 0
8481, 53, 413, 508, 0, 0, 63.88%, 16, 0, 6, 459.97, 3757346, 260, 1353, 0
8486, 53, 117, 508, 0, 0, 63.88%, 16, 0, 6, 454.52, 3759608, 260, 1353, 0
8491, 53, 484, 508, 0, 0, 63.88%, 16, 0, 6, 434.50, 3761749, 260, 1355, 0
8496, 53, 138, 508, 0, 0, 63.88%, 16, 0, 6, 424.15, 3763939, 260, 1360, 0
8501, 53, 502, 508, 0, 0, 63.88%, 16, 0, 6, 419.47, 3766109, 260, 1362, 0
8506, 53, 331, 508, 0, 0, 63.88%, 16, 0, 6, 415.75, 3768228, 260, 1362, 0
8511, 53, 323, 508, 0, 0, 63.88%, 16, 0, 6, 438.22, 3770538, 260, 1362, 0
8516, 53, 485, 508, 0, 0, 63.88%, 16, 0, 6, 435.14, 3772686, 260, 1362, 0
8522, 53, 138, 508, 0, 0, 63.88%, 16, 0, 6, 419.03, 3774837, 260, 1363, 0
8527, 54, 408, 508, 0, 0, 63.88%, 16, 0, 6, 449.45, 3777099, 260, 1364, 0
8532, 54, 244, 508, 0, 0, 63.88%, 16, 0, 6, 436.41, 3779274, 260, 1364, 0
8537, 54, 74, 508, 0, 0, 63.88%, 16, 0, 6, 436.25, 3781445, 260, 1364, 0
8542, 54, 264, 508, 0, 0, 63.88%, 16, 0, 6, 448.08, 3783682, 260, 1364, 0
8547, 54, 264, 508, 0, 0, 63.88%, 16, 0, 6, 441.11, 3785921, 260, 1369, 0
8552, 54, 323, 508, 0, 0, 63.88%, 16, 0, 6, 420.12, 3788004, 260, 1369, 0
8557, 54, 403, 508, 0, 0, 63.88%, 16, 0, 6, 414.96, 3790151, 260, 1369, 0
8562, 54, 385, 508, 0, 0, 63.88%, 16, 0, 6, 440.11, 3792511, 260, 1369, 0
8567, 54, 491, 508, 0, 0, 63.88%, 16, 0, 6, 452.58, 3794757, 260, 1369, 0
8572, 54, 467, 508, 0, 0, 63.88%, 16, 0, 6, 436.07, 3796953, 260, 1369, 0
8577, 54, 413, 508, 0, 0, 63.88%, 16, 0, 6, 462.85, 3799282, 260, 1369, 0
8582, 54, 251, 508, 0, 0, 63.88%, 16, 0, 6, 448.52, 3801527, 260, 1370, 0
8587, 54, 213, 508, 0, 0, 63.88%, 16, 0, 6, 449.42, 3803727, 260, 1370, 0
8592, 54, 422, 508, 0, 0, 63.88%, 16, 0, 6, 430.81, 3805869, 260, 1374, 0
8597, 54, 241, 508, 0, 0, 63.88%, 16, 0, 6, 448.52, 3808106, 260, 1374, 0
8602, 54, 467, 508, 0, 0, 63.88%, 16, 0, 6, 420.37, 3810238, 260, 1376, 0
8607, 54, 283, 508, 0, 0, 63.88%, 16, 0, 6, 439.70, 3812514, 260, 1376, 0
8613, 54, 170, 508, 0, 0, 63.88%, 16, 0, 6, 448.39, 3814797, 260, 1378, 0
8618, 54, 491, 508, 0, 0, 63.88%, 16, 0, 6, 451.02, 3817102, 260, 1380, 0
8623, 54, 241, 508, 0, 0, 63.88%, 16, 0, 6, 453.86, 3819419, 260, 1380, 0
8628, 54, 377, 508, 0, 0, 63.88%, 16, 0, 6, 449.80, 3821704, 260, 1380, 0
8633, 54, 457, 508, 0, 0, 63.88%, 16, 0, 6, 465.35, 3824051, 260, 1384, 0
8638, 54, 380, 508, 0, 0, 63.88%, 16, 0, 6, 455.94, 3826358, 260, 1388, 0
8643, 54, 357, 508, 0, 0, 63.88%, 16, 0, 6, 431.92, 3828566, 260, 1388, 0
8648, 54, 436, 508, 0, 0, 63.88%, 16, 0, 6, 454.35, 3830963, 260, 1388, 0
8653, 54, 502, 508, 0, 0, 63.88%, 16, 0, 6, 451.65, 3833243, 260, 1388, 0
8658, 54, 357, 508, 0, 0, 63.88%, 16, 0, 6, 443.24, 3835504, 260, 1388, 0
8663, 54, 265, 508, 0, 0, 63.88%, 16, 0, 6, 429.28, 3837685, 260, 1388, 0
8668, 55, 469, 508, 0, 0, 63.88%, 16, 0, 6, 425.80, 3839833, 260, 1389, 0
8673, 55, 317, 508, 0, 0, 63.88%, 16, 0, 6, 442.96, 3842072, 260, 1393, 0
8678, 55, 439, 508, 0, 0, 63.88%, 16, 0, 6, 433.05, 3844264, 260, 1393, 0
8683, 55, 499, 508, 0, 0, 63.88%, 16, 0, 6, 433.33, 3846447, 260, 1393, 0
8688, 55, 262, 508, 0, 0, 63.88%, 16, 0, 6, 450.15, 3848731, 260, 1393, 0
8693, 55, 256, 508, 0, 0, 63.88%, 16, 0, 6, 445.12, 3851001, 260, 1394, 0
8699, 55, 404, 508, 0, 0, 63.88%, 16, 0, 6, 459.10, 3853371, 260, 1394, 0
8704, 55, 138, 508, 0, 0, 63.88%, 16, 0, 6, 450.10, 3855641, 260, 1399, 0
8709, 55, 467, 508, 0, 0, 63.88%, 16, 0, 6, 450.99, 3857933, 260, 1402, 0
8714, 55, 256, 508, 0, 0, 63.88%, 16, 0, 6, 437.02, 3860100, 260, 1402, 0
8719, 55, 74, 508, 0, 0, 63.88%, 16, 0, 6, 446.00, 3862341, 260, 1402, 0
8724, 55, 48, 508, 0, 0, 63.88%, 16, 0, 6, 472.85, 3864801, 260, 1415, 0
8729, 55, 464, 508, 0, 0, 63.88%, 16, 0, 6, 439.27, 3866941, 260, 1415, 0
8734, 55, 436, 508, 0, 0, 63.88%, 16, 0, 6, 449.95, 3869200, 260, 1419, 0
8739, 55, 336, 508, 0, 0, 63.88%, 16, 0, 6, 443.83, 3871544, 260, 1420, 0
8744, 55, 448, 508, 0, 0, 63.88%, 16, 0, 6, 469.88, 3873959, 260, 1420, 0
8749, 55, 26, 508, 0, 0, 63.88%, 16, 0, 6, 445.46, 3876241, 260, 1420, 0
8754, 55, 13, 508, 0, 0, 63.88%, 16, 0, 6, 435.10, 3878426, 260, 1420, 0
8759, 55, 450, 508, 0, 0, 63.88%, 16, 0, 6, 436.16, 3880660, 260, 1420, 0
8765, 55, 404, 508, 0, 0, 63.88%, 16, 0, 6, 432.97, 3882871, 260, 1420, 0
8770, 55, 386, 508, 0, 0, 63.88%, 16, 0, 6, 453.93, 3885223, 260, 1420, 0
8775, 55, 231, 508, 0, 0, 63.88%, 16, 0, 6, 462.37, 3887504, 260, 1424, 0
8780, 55, 150, 508, 0, 0, 63.88%, 16, 0, 6, 467.90, 3889836, 260, 1425, 0
8785, 55, 395, 508, 0, 0, 63.88%, 16, 0, 6, 430.53, 3891935, 260, 1425, 0
8790, 55, 76, 508, 0, 0, 63.88%, 16, 0, 6, 461.01, 3894404, 260, 1426, 0
8795, 55, 404, 508, 0, 0, 63.88%, 16, 0, 6, 462.29, 3896733, 260, 1426, 0
8800, 55, 429, 508, 0, 0, 63.88%, 16, 0, 6, 449.36, 3899003, 260, 1426, 0
8805, 56, 357, 508, 0, 0, 63.88%, 16, 0, 6, 431.00, 3901147, 260, 1426, 0
8810, 56, 163, 508, 0, 0, 63.88%, 16, 0, 6, 431.69, 3903418, 260, 1426, 0
8815, 56, 296, 508, 0, 0, 63.88%, 16, 0, 6, 452.43, 3905777, 260, 1430, 0
8820, 56, 191, 508, 0, 0, 63.88%, 16, 0, 6, 433.50, 3908014, 260, 1431, 0
8825, 56, 213, 508, 0, 0, 63.88%, 16, 0, 6, 421.14, 3910106, 260, 1431, 0
8831, 56, 336, 508, 0, 0, 63.88%, 16, 0, 6, 443.14, 3912431, 260, 1431, 0
8836, 56, 245, 508, 0, 0, 63.88%, 16, 0, 6, 449.83, 3914742, 260, 1431, 0
8841, 56, 163, 508, 0, 0, 63.88%, 16, 0, 6, 447.01, 3916987, 260, 1431, 0
8846, 56, 138, 508, 0, 0, 63.88%, 16, 0, 6, 437.68, 3919226, 260, 1433, 0
8851, 56, 138, 508, 0, 0, 63.88%, 16, 0, 6, 426.92, 3921485, 260, 1436, 0
8856, 56, 382, 508, 0, 0, 63.88%, 16, 0, 6, 429.40, 3923682, 260, 1444, 0
8861, 56, 138, 508, 0, 0, 63.88%, 16, 0, 6, 441.15, 3925957, 260, 1445, 0
8866, 56, 264, 508, 0, 0, 63.88%, 16, 0, 6, 435.57, 3928124, 260, 1446, 0
8871, 56, 395, 508, 0, 0, 63.88%, 16, 0, 6, 418.67, 3930250, 260, 1446, 0
8876, 56, 48, 508, 0, 0, 63.88%, 16, 0, 6, 405.13, 3932314, 260, 1449, 0
8881, 56, 414, 508, 0, 0, 63.88%, 16, 0, 6, 435.50, 3934527, 260, 1449, 0
8886, 56, 48, 508, 0, 0, 63.88%, 16, 0, 6, 425.90, 3936714, 260, 1449, 0
8892, 56, 50, 508, 0, 0, 63.88%, 16, 0, 6, 430.96, 3938907, 260, 1452, 0
8897, 56, 377, 508, 0, 0, 63.88%, 16, 0, 6, 439.51, 3941195, 260, 1452, 0
8902, 56, 138, 508, 0, 0, 63.88%, 16, 0, 6, 437.16, 3943363, 260, 1454, 0
8907, 56, 50, 508, 0, 0, 63.88%, 16, 0, 6, 435.02, 3945571, 260, 1458, 0
8912, 56, 377, 508, 0, 0, 63.88%, 16, 0, 6, 412.71, 3947666, 260, 1462, 0
8917, 56, 20, 508, 0, 0, 63.88%, 16, 0, 6, 437.83, 3949877, 260, 1462, 0
8922, 56, 463, 508, 0, 0, 63.88%, 16, 0, 6, 439.84, 3952164, 260, 1464, 0
8927, 56, 464, 508, 0, 0, 63.88%, 16, 0, 6, 457.14, 3954397, 260, 1468, 0
8932, 56, 145, 508, 0, 0, 63.88%, 16, 0, 6, 439.80, 3956689, 260, 1468, 0
8937, 56, 221, 508, 0, 0, 63.88%, 16, 0, 6, 433.60, 3958875, 260, 1468, 0
8942, 56, 237, 508, 0, 0, 63.88%, 16, 0, 6, 434.25, 3961102, 260, 1472, 0
8947, 56, 213, 508, 0, 0, 63.88%, 16, 0, 6, 441.29, 3963362, 260, 1472, 0
8952, 57, 241, 508, 0, 0, 63.88%, 16, 0, 6, 447.54, 3965586, 260, 1479, 0
8957, 57, 241, 508, 0, 0, 63.88%, 16, 0, 6, 452.12, 3967779, 260, 1479, 0
8963, 57, 159, 508, 0, 0, 63.88%, 16, 0, 6, 442.18, 3969963, 260, 1479, 0
8968, 57, 241, 508, 0, 0, 63.88%, 16, 0, 6, 436.08, 3972159, 260, 1479, 0
8973, 57, 414, 508, 0, 0, 63.88%, 16, 0, 6, 427.20, 3974308, 260, 1479, 0
8978, 57, 385, 508, 0, 0, 63.88%, 16, 0, 6, 463.50, 3976671, 260, 1491, 0
8983, 57, 296, 508, 0, 0, 63.88%, 16, 0, 6, 451.90, 3978921, 260, 1491, 0
8988, 57, 418, 508, 0, 0, 63.88%, 16, 0, 6, 444.76, 3981186, 260, 1491, 0
8993, 57, 467, 508, 0, 0, 63.88%, 16, 0, 6, 446.67, 3983496, 260, 1491, 0
8998, 57, 324, 508, 0, 0, 63.88%, 16, 0, 6, 443.76, 3985705, 260, 1491, 0
9003, 57, 41, 508, 0, 0, 63.88%, 16, 0, 6, 423.08, 3987815, 260, 1497, 0
9008, 57, 237, 508, 0, 0, 63.88%, 16, 0, 6, 430.85, 3989972, 260, 1497, 0
9013, 57, 138, 508, 0, 0, 63.88%, 16, 0, 6, 438.75, 3992213, 260, 1500, 0
9018, 57, 491, 508, 0, 0, 63.88%, 16, 0, 6, 438.47, 3994428, 260, 1504, 0
9023, 57, 163, 508, 0, 0, 63.88%, 16, 0, 6, 436.69, 3996658, 260, 1507, 0
9028, 57, 239, 508, 0, 0, 63.88%, 16, 0, 6, 433.06, 3998872, 260, 1512, 0
9034, 57, 50, 508, 0, 0, 63.88%, 16, 0, 6, 451.08, 4001124, 260, 1512, 0
9039, 57, 296, 508, 0, 0, 63.88%, 16, 0, 6, 417.37, 4003287, 260, 1512, 0
9044, 57, 418, 508, 0, 0, 63.88%, 16, 0, 6, 423.25, 4005572, 260, 1512, 0
9049, 57, 213, 508, 0, 0, 63.88%, 16, 0, 6, 452.93, 4007886, 260, 1512, 0
9054, 57, 308, 508, 0, 0, 63.88%, 16, 0, 6, 442.05, 4010128, 260, 1512, 0
9059, 57, 50, 508, 0, 0, 63.88%, 16, 0, 6, 444.24, 4012403, 260, 1512, 0
9064, 57, 306, 508, 0, 0, 63.88%, 16, 0, 6, 437.25, 4014647, 260, 1512, 0
9069, 57, 138, 508, 0, 0, 63.88%, 16, 0, 6, 426.21, 4016761, 260, 1519, 0
9074, 57, 256, 508, 0, 0, 63.88%, 16, 0, 6, 403.16, 4018802, 260, 1521, 0
9079, 57, 163, 508, 0, 0, 63.88%, 16, 0, 6, 413.80, 4020889, 260, 1521, 0
9084, 57, 138, 508, 0, 0, 63.88%, 16, 0, 6, 425.55, 4023087, 260, 1521, 0
9089, 57, 403, 508, 0, 0, 63.88%, 16, 0, 6, 444.63, 4025346, 260, 1531, 0
9094, 57, 145, 508, 0, 0, 63.88%, 16, 0, 6, 448.99, 4027610, 260, 1534, 0
9099, 58, 385, 508, 0, 0, 63.88%, 16, 0, 6, 446.05, 4029821, 260, 1534, 0
9104, 58, 425, 508, 0, 0, 63.88%, 16, 0, 6, 425.69, 4031991, 260, 1534, 0
9109, 58, 50, 508, 0, 0, 63.88%, 16, 0, 6, 441.14, 4034252, 260, 1534, 0
9115, 58, 264, 508, 0, 0, 63.88%, 16, 0, 6, 428.01, 4036371, 260, 1534, 0
9120, 58, 156, 508, 0, 0, 63.88%, 16, 0, 6, 439.30, 4038573, 260, 1534, 0
9125, 58, 239, 508, 0, 0, 63.88%, 16, 0, 6, 439.11, 4040792, 260, 1534, 0
9130, 58, 357, 508, 0, 0, 63.88%, 16, 0, 6, 451.62, 4043043, 260, 1534, 0
9135, 58, 357, 508, 0, 0, 63.88%, 16, 0, 6, 463.67, 4045328, 260, 1534, 0
9140, 58, 467, 508, 0, 0, 63.88%, 16, 0, 6, 472.04, 4047747, 260, 1534, 0
9145, 58, 336, 508, 0, 0, 63.88%, 16, 0, 6, 476.32, 4050183, 260, 1534, 0
9150, 58, 471, 508, 0, 0, 63.88%, 16, 0, 6, 476.35, 4052543, 260, 1538, 0
9155, 58, 414, 508, 0, 0, 63.88%, 16, 0, 6, 446.95, 4054801, 260, 1538, 0
9160, 58, 448, 508, 0, 0, 63.88%, 16, 0, 6, 466.76, 4057150, 260, 1538, 0
9165, 58, 354, 508, 0, 0, 63.88%, 16, 0, 6, 461.35, 4059445, 260, 1541, 0
9170, 58, 377, 508, 0, 0, 63.88%, 16, 0, 6, 442.91, 4061645, 260, 1542, 0
9175, 58, 50, 508, 0, 0, 63.88%, 16, 0, 6, 431.08, 4063827, 260, 1542, 0
9180, 58, 457, 508, 0, 0, 63.88%, 16, 0, 6, 434.95, 4066062, 260, 1542, 0
9185, 58, 464, 508, 0, 0, 63.88%, 16, 0, 6, 461.16, 4068390, 260, 1547, 0
9190, 58, 433, 508, 0, 0, 63.88%, 16, 0, 6, 458.98, 4070607, 260, 1547, 0
9195, 58, 50, 508, 0, 0, 63.88%, 16, 0, 6, 378.76, 4072511, 260, 1547, 0
9201, 58, 241, 508, 0, 0, 63.88%, 16, 0, 6, 419.01, 4074697, 260, 1548, 0
9206, 58, 439, 508, 0, 0, 63.88%, 16, 0, 6, 421.38, 4076840, 260, 1557, 0
9211, 58, 138, 508, 0, 0, 63.88%, 16, 0, 6, 458.74, 4079098, 260, 1558, 0
9216, 58, 237, 508, 0, 0, 63.88%, 16, 0, 6, 438.88, 4081302, 260, 1559, 0
9221, 58, 404, 508, 0, 0, 63.88%, 16, 0, 6, 434.26, 4083450, 260, 1559, 0
9226, 58, 464, 508, 0, 0, 63.88%, 16, 0, 6, 453.93, 4085759, 260, 1559, 0
9231, 58, 457, 508, 0, 0, 63.88%, 16, 0, 6, 444.42, 4088052, 260, 1559, 0
9236, 58, 148, 508, 0, 0, 63.88%, 16, 0, 6, 424.20, 4090149, 260, 1563, 0
9241, 59, 418, 508, 0, 0, 63.88%, 16, 0, 6, 429.70, 4092363, 260, 1563, 0
9246, 59, 213, 508, 0, 0, 63.88%, 16, 0, 6, 415.12, 4094455, 260, 1568, 0
9251, 59, 273, 508, 0, 0, 63.88%, 16, 0, 6, 432.51, 4096661, 260, 1570, 0
9256, 59, 264, 508, 0, 0, 63.88%, 16, 0, 6, 437.62, 4098864, 260, 1570, 0
9261, 59, 331, 508, 0, 0, 63.88%, 16, 0, 6, 407.26, 4100912, 260, 1572, 0
9266, 59, 395, 508, 0, 0, 63.88%, 16, 0, 6, 431.74, 4103146, 260, 1572, 0
9271, 59, 98, 508, 0, 0, 63.88%, 16, 0, 6, 422.24, 4105216, 260, 1572, 0
9277, 59, 48, 508, 0, 0, 63.88%, 16, 0, 6, 453.18, 4107610, 260, 1572, 0
9282, 59, 296, 508, 0, 0, 63.88%, 16, 0, 6, 475.94, 4110052, 260, 1573, 0
9287, 59, 233, 508, 0, 0, 63.88%, 16, 0, 6, 456.46, 4112400, 260, 1573, 0
9292, 59, 325, 508, 0, 0, 63.88%, 16, 0, 6, 449.85, 4114626, 260, 1573, 0
9297, 59, 221, 508, 0, 0, 63.88%, 16, 0, 6, 444.51, 4116893, 260, 1573, 0
9302, 59, 231, 508, 0, 0, 63.88%, 16, 0, 6, 440.04, 4119075, 260, 1574, 0
9307, 59, 48, 508, 0, 0, 63.88%, 16, 0, 6, 443.54, 4121276, 260, 1574, 0
9312, 59, 494, 508, 0, 0, 63.88%, 16, 0, 6, 453.77, 4123615, 260, 1574, 0
9317, 59, 241, 508, 0, 0, 63.88%, 16, 0, 6, 453.69, 4125940, 260, 1574, 0
9322, 59, 213, 508, 0, 0, 63.88%, 16, 0, 6, 430.05, 4128100, 260, 1578, 0
9328, 59, 357, 508, 0, 0, 63.88%, 16, 0, 6, 440.26, 4130348, 260, 1578, 0
9333, 59, 502, 508, 0, 0, 63.88%, 16, 0, 6, 459.89, 4132788, 260, 1578, 0
9338, 59, 256, 508, 0, 0, 63.88%, 16, 0, 6, 455.79, 4135056, 260, 1578, 0
9343, 59, 289, 508, 0, 0, 63.88%, 16, 0, 6, 433.56, 4137267, 260, 1578, 0
9348, 59, 441, 508, 0, 0, 63.88%, 16, 0, 6, 438.18, 4139503, 260, 1578, 0
9353, 59, 138, 508, 0, 0, 63.88%, 16, 0, 6, 447.53, 4141810, 260, 1583, 0
9358, 59, 296, 508, 0, 0, 63.88%, 16, 0, 6, 452.86, 4144059, 260, 1585, 0
9363, 59, 90, 508, 0, 0, 63.88%, 16, 0, 6, 464.01, 4146434, 260, 1586, 0
9368, 59, 138, 508, 0, 0, 63.88%, 16, 0, 6, 430.76, 4148609, 260, 1592, 0
9373, 59, 491, 508, 0, 0, 63.88%, 16, 0, 6, 395.36, 4150670, 260, 1592, 0
9378, 59, 63, 508, 0, 0, 63.88%, 16, 0, 6, 412.51, 4152693, 260, 1592, 0
9384, 60, 445, 508, 0, 0, 63.88%, 16, 0, 6, 403.65, 4154790, 260, 1595, 0
9389, 60, 306, 508, 0, 0, 63.88%, 16, 0, 6, 442.74, 4157087, 260, 1595, 0
9394, 60, 124, 508, 0, 0, 63.88%, 16, 0, 6, 423.25, 4159226, 260, 1595, 0
9399, 60, 331, 508, 0, 0, 63.88%, 16, 0, 6, 453.44, 4161543, 260, 1595, 0
9404, 60, 252, 508, 0, 0, 63.88%, 16, 0, 6, 422.82, 4163684, 260, 1595, 0
9409, 60, 457, 508, 0, 0, 63.88%, 16, 0, 6, 436.88, 4165898, 260, 1595, 0
9414, 60, 221, 508, 0, 0, 63.88%, 16, 0, 6, 427.34, 4168062, 260, 1600, 0
9419, 60, 48, 508, 0, 0, 63.88%, 16, 0, 6, 444.75, 4170276, 260, 1601, 0
9424, 60, 467, 508, 0, 0, 63.88%, 16, 0, 6, 443.78, 4172513, 260, 1601, 0
9429, 60, 261, 508, 0, 0, 63.88%, 16, 0, 6, 438.73, 4174740, 260, 1601, 0
9434, 60, 418, 508, 0, 0, 63.88%, 16, 0, 6, 439.57, 4176938, 260, 1601, 0
9439, 60, 213, 508, 0, 0, 63.88%, 16, 0, 6, 441.90, 4179191, 260, 1606, 0
9445, 60, 165, 508, 0, 0, 63.88%, 16, 0, 6, 460.77, 4181609, 260, 1607, 0
9450, 60, 404, 508, 0, 0, 63.88%, 16, 0, 6, 464.40, 4184036, 260, 1610, 0
9455, 60, 357, 508, 0, 0, 63.88%, 16, 0, 6, 435.01, 4186212, 260, 1610, 0
9460, 60, 357, 508, 0, 0, 63.88%, 16, 0, 6, 443.66, 4188431, 260, 1610, 0
9465, 60, 306, 508, 0, 0, 63.88%, 16, 0, 6, 445.14, 4190682, 260, 1612, 0
9470, 60, 323, 508, 0, 0, 63.88%, 16, 0, 6, 427.35, 4192852, 260, 1612, 0
9475, 60, 175, 508, 0, 0, 63.88%, 16, 0, 6, 442.98, 4195115, 260, 1617, 0
9480, 60, 457, 508, 0, 0, 63.88%, 16, 0, 6, 460.23, 4197400, 260, 1618, 0
9485, 60, 48, 508, 0, 0, 63.88%, 16, 0, 6, 444.05, 4199595, 260, 1618, 0
9490, 60, 50, 508, 0, 0, 63.88%, 16, 0, 6, 437.71, 4201807, 260, 1618, 0
9495, 60, 50, 508, 0, 0, 63.88%, 16, 0, 6, 461.60, 4204135, 260, 1618, 0
9500, 60, 491, 508, 0, 0, 63.88%, 16, 0, 6, 449.52, 4206422, 260, 1618, 0
9505, 60, 485, 508, 0, 0, 63.88%, 16, 0, 6, 466.33, 4208785, 260, 1618, 0
9510, 60, 303, 508, 0, 0, 63.88%, 16, 0, 6, 443.52, 4210955, 260, 1618, 0
9515, 60, 491, 508, 0, 0, 63.88%, 16, 0, 6, 479.12, 4213300, 260, 1625, 0
9520, 60, 213, 508, 0, 0, 63.88%, 16, 0, 6, 448.50, 4215568, 260, 1625, 0
9526, 61, 221, 508, 0, 0, 63.88%, 16, 0, 6, 467.33, 4217925, 260, 1625, 0
9531, 61, 138, 508, 0, 0, 63.88%, 16, 0, 6, 439.59, 4220121, 260, 1626, 0
9536, 61, 323, 508, 0, 0, 63.88%, 16, 0, 6, 429.27, 4222303, 260, 1629, 0
9541, 61, 296, 508, 0, 0, 63.88%, 16, 0, 6, 451.53, 4224640, 260, 1629, 0
9546, 61, 357, 508, 0, 0, 63.88%, 16, 0, 6, 462.46, 4226942, 260, 1629, 0
9551, 61, 385, 508, 0, 0, 63.88%, 16, 0, 6, 432.12, 4229116, 260, 1629, 0
9556, 61, 326, 508, 0, 0, 63.88%, 16, 0, 6, 428.12, 4231298, 260, 1629, 0
9561, 61, 467, 508, 0, 0, 63.88%, 16, 0, 6, 468.11, 4233654, 260, 1629, 0
9566, 61, 163, 508, 0, 0, 63.88%, 16, 0, 6, 460.73, 4235979, 260, 1629, 0
9571, 61, 448, 508, 0, 0, 63.88%, 16, 0, 6, 446.56, 4238204, 260, 1629, 0
9576, 61, 414, 508, 0, 0, 63.88%, 16, 0, 6, 460.75, 4240507, 260, 1633, 0
9581, 61, 395, 508, 0, 0, 63.88%, 16, 0, 6, 429.39, 4242632, 260, 1633, 0
9586, 61, 351, 508, 0, 0, 63.88%, 16, 0, 6, 450.20, 4244906, 260, 1633, 0
9591, 61, 491, 508, 0, 0, 63.88%, 16, 0, 6, 443.42, 4247127, 260, 1633, 0
9596, 61, 213, 508, 0, 0, 63.88%, 16, 0, 6, 422.56, 4249260, 260, 1633, 0
9601, 61, 412, 508, 0, 0, 63.88%, 16, 0, 6, 442.06, 4251498, 260, 1633, 0
9606, 61, 201, 508, 0, 0, 63.88%, 16, 0, 6, 460.82, 4253816, 260, 1633, 0
9611, 61, 457, 508, 0, 0, 63.88%, 16, 0, 6, 469.57, 4256161, 260, 1633, 0
9616, 61, 502, 508, 0, 0, 63.88%, 16, 0, 6, 450.30, 4258354, 260, 1633, 0
9621, 61, 502, 508, 0, 0, 63.88%, 16, 0, 6, 441.18, 4260521, 260, 1633, 0
9626, 61, 306, 508, 0, 0, 63.88%, 16, 0, 6, 440.84, 4262715, 260, 1633, 0
9631, 61, 138, 508, 0, 0, 63.88%, 16, 0, 6, 446.04, 4264983, 260, 1641, 0
9636, 61, 50, 508, 0, 0, 63.88%, 16, 0, 6, 447.54, 4267197, 260, 1643, 0
9642, 61, 233, 508, 0, 0, 63.88%, 16, 0, 6, 424.72, 4269339, 260, 1643, 0
9647, 61, 281, 508, 0, 0, 63.88%, 16, 0, 6, 421.28, 4271556, 260, 1643, 0
9652, 61, 213, 508, 0, 0, 63.88%, 16, 0, 6, 429.80, 4273766, 260, 1643, 0
9657, 61, 264, 508, 0, 0, 63.88%, 16, 0, 6, 437.38, 4276029, 260, 1643, 0
9662, 62, 48, 508, 0, 0, 63.88%, 16, 0, 6, 456.80, 4278425, 260, 1643, 0
9667, 62, 436, 508, 0, 0, 63.88%, 16, 0, 6, 430.36, 4280618, 260, 1643, 0
9672, 62, 145, 508, 0, 0, 63.88%, 16, 0, 6, 424.34, 4282778, 260, 1643, 0
9677, 62, 403, 508, 0, 0, 63.88%, 16, 0, 6, 443.86, 4285007, 260, 1644, 0
9682, 62, 277, 508, 0, 0, 63.88%, 16, 0, 6, 458.06, 4287357, 260, 1644, 0
9687, 62, 395, 508, 0, 0, 63.88%, 16, 0, 6, 451.29, 4289606, 260, 1644, 0
9692, 62, 256, 508, 0, 0, 63.88%, 16, 0, 6, 427.83, 4291721, 260, 1646, 0
9698, 62, 74, 508, 0, 0, 63.88%, 16, 0, 6, 449.87, 4294013, 260, 1646, 0
9703, 62, 94, 508, 0, 0, 63.88%, 16, 0, 6, 424.15, 4296171, 260, 1646, 0
9708, 62, 50, 508, 0, 0, 63.88%, 16, 0, 6, 432.10, 4298295, 260, 1646, 0
9713, 62, 138, 508, 0, 0, 63.88%, 16, 0, 6, 432.46, 4300427, 260, 1647, 0
9718, 62, 296, 508, 0, 0, 63.88%, 16, 0, 6, 418.72, 4302537, 260, 1649, 0
9723, 62, 48, 508, 0, 0, 63.88%, 16, 0, 6, 447.27, 4304801, 260, 1649, 0
9728, 62, 26, 508, 0, 0, 63.88%, 16, 0, 6, 415.25, 4306875, 260, 1649, 0
9733, 62, 221, 508, 0, 0, 63.88%, 16, 0, 6, 422.65, 4309061, 260, 1649, 0
9738, 62, 231, 508, 0, 0, 63.88%, 16, 0, 6, 439.67, 4311330, 260, 1652, 0
9743, 62, 289, 508, 0, 0, 63.88%, 16, 0, 6, 422.34, 4313483, 260, 1652, 0
9748, 62, 367, 508, 0, 0, 63.88%, 16, 0, 6, 418.17, 4315637, 260, 1652, 0
9753, 62, 237, 508, 0, 0, 63.88%, 16, 0, 6, 450.58, 4318018, 260, 1652, 0
9758, 62, 336, 508, 0, 0, 63.88%, 16, 0, 6, 440.94, 4320244, 260, 1652, 0
9763, 62, 233, 508, 0, 0, 63.88%, 16, 0, 6, 451.84, 4322567, 260, 1652, 0
9768, 62, 138, 508, 0, 0, 63.88%, 16, 0, 6, 449.68, 4324861, 260, 1654, 0
9774, 62, 269, 508, 0, 0, 63.88%, 16, 0, 6, 444.84, 4327119, 260, 1656, 0
9779, 62, 163, 508, 0, 0, 63.88%, 16, 0, 6, 447.33, 4329373, 260, 1656, 0
9784, 62, 229, 508, 0, 0, 63.88%, 16, 0, 6, 420.22, 4331519, 260, 1656, 0
9789, 62, 265, 508, 0, 0, 63.88%, 16, 0, 6, 420.29, 4333686, 260, 1656, 0
9794, 62, 201, 508, 0, 0, 63.88%, 16, 0, 6, 416.50, 4335764, 260, 1657, 0
9799, 62, 213, 508, 0, 0, 63.88%, 16, 0, 6, 436.63, 4337996, 260, 1660, 0
9804, 62, 289, 508, 0, 0, 63.88%, 16, 0, 6, 438.87, 4340317, 260, 1660, 0
9809, 63, 457, 508, 0, 0, 63.88%, 16, 0, 6, 449.01, 4342620, 260, 1660, 0
9814, 63, 306, 508, 0, 0, 63.88%, 16, 0, 6, 435.66, 4344827, 260, 1660, 0
9819, 63, 418, 508, 0, 0, 63.88%, 16, 0, 6, 425.20, 4347024, 260, 1660, 0
9825, 63, 383, 508, 0, 0, 63.88%, 16, 0, 6, 442.60, 4349263, 260, 1663, 0
9830, 63, 413, 508, 0, 0, 63.88%, 16, 0, 6, 442.48, 4351485, 260, 1663, 0
9835, 63, 144, 508, 0, 0, 63.88%, 16, 0, 6, 447.56, 4353746, 260, 1668, 0
9840, 63, 48, 508, 0, 0, 63.88%, 16, 0, 6, 445.50, 4355992, 260, 1668, 0
9845, 63, 471, 508, 0, 0, 63.88%, 16, 0, 6, 423.21, 4358110, 260, 1668, 0
9850, 63, 433, 508, 0, 0, 63.88%, 16, 0, 6, 452.16, 4360391, 260, 1668, 0
9855, 63, 74, 508, 0, 0, 63.88%, 16, 0, 6, 444.25, 4362610, 260, 1675, 0
9860, 63, 163, 508, 0, 0, 63.88%, 16, 0, 6, 448.46, 4364951, 260, 1675, 0
9865, 63, 296, 508, 0, 0, 63.88%, 16, 0, 6, 438.40, 4367138, 260, 1675, 0
9870, 63, 491, 508, 0, 0, 63.88%, 16, 0, 6, 426.20, 4369318, 260, 1679, 0
9875, 63, 326, 508, 0, 0, 63.88%, 16, 0, 6, 431.94, 4371527, 260, 1679, 0
9880, 63, 491, 508, 0, 0, 63.88%, 16, 0, 6, 433.16, 4373724, 260, 1679, 0
9885, 63, 138, 508, 0, 0, 63.88%, 16, 0, 6, 463.09, 4376074, 260, 1683, 0
9890, 63, 138, 508, 0, 0, 63.88%, 16, 0, 6, 446.42, 4378367, 260, 1685, 0
9895, 63, 256, 508, 0, 0, 63.88%, 16, 0, 6, 437.95, 4380573, 260, 1689, 0
9900, 63, 201, 508, 0, 0, 63.88%, 16, 0, 6, 425.81, 4382742, 260, 1690, 0
9906, 63, 323, 508, 0, 0, 63.88%, 16, 0, 6, 434.12, 4384921, 260, 1690, 0
9911, 63, 237, 508, 0, 0, 63.88%, 16, 0, 6, 434.35, 4387138, 260, 1690, 0
9916, 63, 502, 508, 0, 0, 63.88%, 16, 0, 6, 425.31, 4389287, 260, 1690, 0
9921, 63, 281, 508, 0, 0, 63.88%, 16, 0, 6, 469.84, 4391685, 260, 1690, 0
9926, 63, 296, 508, 0, 0, 63.88%, 16, 0, 6, 440.69, 4393807, 260, 1690, 0
9931, 63, 454, 508, 0, 0, 63.88%, 16, 0, 6, 456.80, 4396087, 260, 1694, 0
9936, 63, 467, 508, 0, 0, 63.88%, 16, 0, 6, 436.69, 4398264, 260, 1696, 0
9941, 63, 168, 508, 0, 0, 63.88%, 16, 0, 6, 457.34, 4400593, 260, 1696, 0
9946, 64, 312, 508, 0, 0, 63.88%, 16, 0, 6, 466.07, 4402927, 260, 1696, 0
9951, 64, 265, 508, 0, 0, 63.88%, 16, 0, 6, 457.69, 4405224, 260, 1698, 0
9956, 64, 160, 508, 0, 0, 63.88%, 16, 0, 6, 442.61, 4407395, 260, 1699, 0
9961, 64, 485, 508, 0, 0, 63.88%, 16, 0, 6, 451.28, 4409688, 260, 1699, 0
9966, 64, 118, 508, 0, 0, 63.88%, 16, 0, 6, 466.87, 4412132, 260, 1699, 0
9971, 64, 418, 508, 0, 0, 63.88%, 16, 0, 6, 466.36, 4414484, 260, 1699, 0
9976, 64, 153, 508, 0, 0, 63.88%, 16, 0, 6, 466.16, 4416811, 260, 1699, 0
9982, 64, 419, 508, 0, 0, 63.88%, 16, 0, 6, 450.73, 4419124, 260, 1704, 0
9987, 64, 323, 508, 0, 0, 63.88%, 16, 0, 6, 470.64, 4421449, 260, 1706, 0
9992, 64, 11, 508, 0, 0, 63.88%, 16, 0, 6, 452.18, 4423753, 260, 1706, 0
9997, 64, 467, 508, 0, 0, 63.88%, 16, 0, 6, 472.78, 4426078, 260, 1707, 0
10002, 64, 502, 508, 0, 0, 63.88%, 16, 0, 6, 457.38, 4428322, 260, 1707, 0
10007, 64, 296, 508, 0, 0, 63.88%, 16, 0, 6, 452.66, 4430590, 260, 1707, 0
10012, 64, 145, 508, 0, 0, 63.88%, 16, 0, 6, 464.01, 4432937, 260, 1707, 0
10017, 64, 448, 508, 0, 0, 63.88%, 16, 0, 6, 436.38, 4435149, 260, 1707, 0
10022, 64, 357, 508, 0, 0, 63.88%, 16, 0, 6, 437.77, 4437325, 260, 1707, 0
10027, 64, 448, 508, 0, 0, 63.88%, 16, 0, 6, 446.66, 4439580, 260, 1717, 0
10032, 64, 326, 508, 0, 0, 63.88%, 16, 0, 6, 456.12, 4441876, 260, 1717, 0
10037, 64, 344, 508, 0, 0, 63.88%, 16, 0, 6, 458.29, 4444186, 260, 1719, 0
10042, 64, 306, 508, 0, 0, 63.88%, 16, 0, 6, 457.20, 4446497, 260, 1723, 0
10047, 64, 213, 508, 0, 0, 63.88%, 16, 0, 6, 461.55, 4448865, 260, 1723, 0
10052, 64, 414, 508, 0, 0, 63.88%, 16, 0, 6, 452.63, 4451177, 260, 1723, 0
10057, 64, 160, 508, 0, 0, 63.88%, 16, 0, 6, 451.11, 4453519, 260, 1723, 0
10063, 64, 377, 508, 0, 0, 63.88%, 16, 0, 6, 471.22, 4455903, 260, 1723, 0
10068, 64, 502, 508, 0, 0, 63.88%, 16, 0, 6, 466.35, 4458221, 260, 1725, 0
10073, 64, 145, 508, 0, 0, 63.88%, 16, 0, 6, 449.13, 4460504, 260, 1737, 0
10078, 64, 323, 508, 0, 0, 63.88%, 16, 0, 6, 426.15, 4462612, 260, 1737, 0
10083, 65, 172, 508, 0, 0, 63.88%, 16, 0, 6, 430.90, 4464792, 260, 1737, 0
10088, 65, 306, 508, 0, 0, 63.88%, 16, 0, 6, 464.49, 4467213, 260, 1737, 0
10093, 65, 336, 508, 0, 0, 63.88%, 16, 0, 6, 471.17, 4469612, 260, 1737, 0
10098, 65, 462, 508, 0, 0, 63.88%, 16, 0, 6, 482.77, 4471979, 260, 1737, 0
10103, 65, 404, 508, 0, 0, 63.88%, 16, 0, 6, 446.11, 4474224, 260, 1739, 0
10108, 65, 491, 508, 0, 0, 63.88%, 16, 0, 6, 442.98, 4476542, 260, 1739, 0
10113, 65, 461, 508, 0, 0, 63.88%, 16, 0, 6, 455.11, 4478905, 260, 1744, 0
10118, 65, 163, 508, 0, 0, 63.88%, 16, 0, 6, 433.02, 4481072, 260, 1744, 0
10123, 65, 150, 508, 0, 0, 63.88%, 16, 0, 6, 454.22, 4483374, 260, 1744, 0
10129, 65, 382, 508, 0, 0, 63.88%, 16, 0, 6, 482.02, 4485882, 260, 1744, 0
10134, 65, 385, 508, 0, 0, 63.88%, 16, 0, 6, 447.74, 4488103, 260, 1747, 0
10139, 65, 403, 508, 0, 0, 63.88%, 16, 0, 6, 451.85, 4490364, 260, 1747, 0
10144, 65, 225, 508, 0, 0, 63.88%, 16, 0, 6, 443.03, 4492604, 260, 1747, 0
10149, 65, 182, 508, 0, 0, 63.88%, 16, 0, 6, 440.07, 4494856, 260, 1753, 0
10154, 65, 385, 508, 0, 0, 63.88%, 16, 0, 6, 407.84, 4496915, 260, 1753, 0
10159, 65, 87, 508, 0, 0, 63.88%, 16, 0, 6, 440.39, 4499200, 260, 1758, 0
10164, 65, 385, 508, 0, 0, 63.88%, 16, 0, 6, 437.39, 4501424, 260, 1758, 0
10169, 65, 19, 508, 0, 0, 63.88%, 16, 0, 6, 448.16, 4503700, 260, 1758, 0
10174, 65, 284, 508, 0, 0, 63.88%, 16, 0, 6, 451.21, 4506005, 260, 1758, 0
10179, 65, 502, 508, 0, 0, 63.88%, 16, 0, 6, 458.19, 4508338, 260, 1759, 0
10184, 65, 289, 508, 0, 0, 63.88%, 16, 0, 6, 430.51, 4510524, 260, 1760, 0
10189, 65, 139, 508, 0, 0, 63.88%, 16, 0, 6, 451.14, 4512866, 260, 1762, 0
10194, 65, 28, 508, 0, 0, 63.88%, 16, 0, 6, 491.89, 4515370, 260, 1762, 0
10199, 65, 467, 508, 0, 0, 63.88%, 16, 0, 6, 460.98, 4517637, 260, 1762, 0
10205, 65, 138, 508, 0, 0, 63.88%, 16, 0, 6, 449.53, 4519973, 260, 1763, 0
10210, 65, 103, 508, 0, 0, 63.88%, 16, 0, 6, 457.03, 4522241, 260, 1769, 0
10215, 65, 395, 508, 0, 0, 63.88%, 16, 0, 6, 490.61, 4524792, 260, 1769, 0
10220, 65, 201, 508, 0, 0, 63.88%, 16, 0, 6, 430.42, 4526950, 260, 1769, 0
10225, 65, 50, 508, 0, 0, 63.88%, 16, 0, 6, 441.31, 4529153, 260, 1769, 0
10230, 66, 231, 508, 0, 0, 63.88%, 16, 0, 6, 451.31, 4531495, 260, 1771, 0
10235, 66, 485, 508, 0, 0, 63.88%, 16, 0, 6, 451.71, 4533731, 260, 1771, 0
10240, 66, 357, 508, 0, 0, 63.88%, 16, 0, 6, 426.67, 4535894, 260, 1771, 0
10245, 66, 448, 508, 0, 0, 63.88%, 16, 0, 6, 432.97, 4538170, 260, 1771, 0
10250, 66, 395, 508, 0, 0, 63.88%, 16, 0, 6, 454.85, 4540465, 260, 1771, 0
10255, 66, 77, 508, 0, 0, 63.88%, 16, 0, 6, 440.11, 4542644, 260, 1771, 0
10260, 66, 237, 508, 0, 0, 63.88%, 16, 0, 6, 441.35, 4544896, 260, 1772, 0
10265, 66, 74, 508, 0, 0, 63.88%, 16, 0, 6, 433.00, 4547063, 260, 1774, 0
10271, 66, 214, 508, 0, 0, 63.88%, 16, 0, 6, 433.47, 4549310, 260, 1774, 0
10276, 66, 502, 508, 0, 0, 63.88%, 16, 0, 6, 421.50, 4551439, 260, 1774, 0
10281, 66, 50, 508, 0, 0, 63.88%, 16, 0, 6, 421.85, 4553629, 260, 1774, 0
10286, 66, 48, 508, 0, 0, 63.88%, 16, 0, 6, 427.31, 4555721, 260, 1774, 0
10291, 66, 411, 508, 0, 0, 63.88%, 16, 0, 6, 445.05, 4557982, 260, 1775, 0
10296, 66, 13, 508, 0, 0, 63.88%, 16, 0, 6, 419.08, 4560077, 260, 1778, 0
10301, 66, 377, 508, 0, 0, 63.88%, 16, 0, 6, 439.97, 4562321, 260, 1781, 0
10306, 66, 253, 508, 0, 0, 63.88%, 16, 0, 6, 414.96, 4564372, 260, 1781, 0
10311, 66, 433, 508, 0, 0, 63.88%, 16, 0, 6, 431.86, 4566687, 260, 1781, 0
10316, 66, 418, 508, 0, 0, 63.88%, 16, 0, 6, 444.67, 4568869, 260, 1783, 0
10321, 66, 87, 508, 0, 0, 63.88%, 16, 0, 6, 456.15, 4571192, 260, 1787, 0
10326, 66, 491, 508, 0, 0, 63.88%, 16, 0, 6, 449.46, 4573545, 260, 1787, 0
10331, 66, 433, 508, 0, 0, 63.88%, 16, 0, 6, 449.76, 4575816, 260, 1787, 0
10337, 66, 377, 508, 0, 0, 63.88%, 16, 0, 6, 431.85, 4577980, 260, 1787, 0
10342, 66, 418, 508, 0, 0, 63.88%, 16, 0, 6, 471.29, 4580362, 260, 1792, 0
10347, 66, 290, 508, 0, 0, 63.88%, 16, 0, 6, 432.46, 4582554, 260, 1792, 0
10352, 66, 485, 508, 0, 0, 63.88%, 16, 0, 6, 512.26, 4584751, 260, 1796, 0
10357, 66, 73, 508, 0, 0, 63.88%, 16, 0, 6, 478.34, 4587135, 260, 1796, 0
10362, 66, 405, 508, 0, 0, 63.88%, 16, 0, 6, 475.63, 4589504, 260, 1796, 0
10367, 66, 502, 508, 0, 0, 63.88%, 16, 0, 6, 489.65, 4592007, 260, 1796, 0
10372, 66, 75, 508, 0, 0, 63.88%, 16, 0, 6, 494.34, 4594439, 260, 1798, 0
10377, 67, 464, 508, 0, 0, 63.88%, 16, 0, 6, 477.59, 4596863, 260, 1798, 0
10382, 67, 231, 508, 0, 0, 63.88%, 16, 0, 6, 452.19, 4599189, 260, 1798, 0
10387, 67, 331, 508, 0, 0, 63.88%, 16, 0, 6, 463.01, 4601602, 260, 1798, 0
10392, 67, 170, 508, 0, 0, 63.88%, 16, 0, 6, 447.74, 4603824, 260, 1799, 0
10397, 67, 48, 508, 0, 0, 63.88%, 16, 0, 6, 486.85, 4606337, 260, 1799, 0
10402, 67, 265, 508, 0, 0, 63.88%, 16, 0, 6, 453.65, 4608596, 260, 1799, 0
10407, 67, 433, 508, 0, 0, 63.88%, 16, 0, 6, 425.69, 4610703, 260, 1799, 0
10413, 67, 237, 508, 0, 0, 63.88%, 16, 0, 6, 433.28, 4612933, 260, 1805, 0
10418, 67, 15, 508, 0, 0, 63.88%, 16, 0, 6, 470.95, 4615373, 260, 1805, 0
10423, 67, 237, 508, 0, 0, 63.88%, 16, 0, 6, 443.18, 4617581, 260, 1808, 0
10428, 67, 436, 508, 0, 0, 63.88%, 16, 0, 6, 467.08, 4619955, 260, 1809, 0
10433, 67, 138, 508, 0, 0, 63.88%, 16, 0, 6, 472.43, 4622381, 260, 1813, 0
10438, 67, 404, 508, 0, 0, 63.88%, 16, 0, 6, 480.75, 4624851, 260, 1816, 0
10443, 67, 138, 508, 0, 0, 63.88%, 16, 0, 6, 449.94, 4627094, 260, 1817, 0
10448, 67, 138, 508, 0, 0, 63.88%, 16, 0, 6, 446.99, 4629432, 260, 1822, 0
10453, 67, 421, 508, 0, 0, 63.88%, 16, 0, 6, 456.62, 4631731, 260, 1826, 0
10458, 67, 502, 508, 0, 0, 63.88%, 16, 0, 6, 473.58, 4634125, 260, 1826, 0
10463, 67, 201, 508, 0, 0, 63.88%, 16, 0, 6, 438.52, 4636311, 260, 1828, 0
10468, 67, 241, 508, 0, 0, 63.88%, 16, 0, 6, 439.16, 4638531, 260, 1828, 0
10473, 67, 323, 508, 0, 0, 63.88%, 16, 0, 6, 420.42, 4640661, 260, 1828, 0
10479, 67, 507, 508, 0, 0, 63.88%, 16, 0, 6, 452.70, 4642902, 260, 1828, 0
10484, 67, 241, 508, 0, 0, 63.88%, 16, 0, 6, 440.63, 4645101, 260, 1834, 0
10489, 67, 385, 508, 0, 0, 63.88%, 16, 0, 6, 446.25, 4647462, 260, 1834, 0
10494, 67, 151, 508, 0, 0, 63.88%, 16, 0, 6, 440.93, 4649648, 260, 1834, 0
10499, 67, 395, 508, 0, 0, 63.88%, 16, 0, 6, 432.77, 4651905, 260, 1834, 0
10504, 67, 252, 508, 0, 0, 63.88%, 16, 0, 6, 428.81, 4654102, 260, 1834, 0
10509, 67, 464, 508, 0, 0, 63.88%, 16, 0, 6, 450.08, 4656408, 260, 1834, 0
10514, 67, 336, 508, 0, 0, 63.88%, 16, 0, 6, 435.08, 4658602, 260, 1834, 0
10519, 68, 413, 508, 0, 0, 63.88%, 16, 0, 6, 454.44, 4660979, 260, 1839, 0
10524, 68, 213, 508, 0, 0, 63.88%, 16, 0, 6, 432.58, 4663121, 260, 1839, 0
10529, 68, 502, 508, 0, 0, 63.88%, 16, 0, 6, 410.50, 4665210, 260, 1839, 0
10535, 68, 296, 508, 0, 0, 63.88%, 16, 0, 6, 437.04, 4667512, 260, 1839, 0
10540, 68, 436, 508, 0, 0, 63.88%, 16, 0, 6, 451.41, 4669830, 260, 1839, 0
10545, 68, 436, 508, 0, 0, 63.88%, 16, 0, 6, 440.61, 4672064, 260, 1845, 0
10550, 68, 448, 508, 0, 0, 63.88%, 16, 0, 6, 430.99, 4674267, 260, 1845, 0
10555, 68, 296, 508, 0, 0, 63.88%, 16, 0, 6, 427.07, 4676486, 260, 1852, 0
10560, 68, 413, 508, 0, 0, 63.88%, 16, 0, 6, 428.27, 4678609, 260, 1853, 0
10565, 68, 198, 508, 0, 0, 63.88%, 16, 0, 6, 424.86, 4680781, 260, 1858, 0
10570, 68, 75, 508, 0, 0, 63.88%, 16, 0, 6, 456.17, 4683138, 260, 1858, 0
10575, 68, 48, 508, 0, 0, 63.88%, 16, 0, 6, 462.63, 4685447, 260, 1859, 0
10580, 68, 418, 508, 0, 0, 63.88%, 16, 0, 6, 445.81, 4687688, 260, 1859, 0
10585, 68, 464, 508, 0, 0, 63.88%, 16, 0, 6, 413.10, 4689804, 260, 1859, 0
10590, 68, 403, 508, 0, 0, 63.88%, 16, 0, 6, 433.78, 4692014, 260, 1860, 0
10595, 68, 464, 508, 0, 0, 63.88%, 16, 0, 6, 436.81, 4694262, 260, 1865, 0
10600, 68, 155, 508, 0, 0, 63.88%, 16, 0, 6, 428.46, 4696468, 260, 1865, 0
10605, 68, 77, 508, 0, 0, 63.88%, 16, 0, 6, 434.46, 4698691, 260, 1871, 0
10610, 68, 50, 508, 0, 0, 63.88%, 16, 0, 6, 445.82, 4701011, 260, 1871, 0
10616, 68, 138, 508, 0, 0, 63.88%, 16, 0, 6, 448.72, 4703288, 260, 1879, 0
10621, 68, 256, 508, 0, 0, 63.88%, 16, 0, 6, 419.40, 4705438, 260, 1879, 0
10626, 68, 331, 508, 0, 0, 63.88%, 16, 0, 6, 438.64, 4707725, 260, 1879, 0
10631, 68, 368, 508, 0, 0, 63.88%, 16, 0, 6, 442.46, 4709993, 260, 1879, 0
10636, 68, 377, 508, 0, 0, 63.88%, 16, 0, 6, 430.09, 4712168, 260, 1879, 0
10641, 68, 256, 508, 0, 0, 63.88%, 16, 0, 6, 419.35, 4714328, 260, 1879, 0
10646, 68, 323, 508, 0, 0, 63.88%, 16, 0, 6, 423.96, 4716570, 260, 1879, 0
10651, 68, 363, 508, 0, 0, 63.88%, 16, 0, 6, 417.82, 4718749, 260, 1879, 0
10656, 68, 289, 508, 0, 0, 63.88%, 16, 0, 6, 423.04, 4720895, 260, 1879, 0
10662, 69, 420, 508, 0, 0, 63.88%, 16, 0, 6, 431.34, 4723062, 260, 1879, 0
10667, 69, 264, 508, 0, 0, 63.88%, 16, 0, 6, 438.95, 4725268, 260, 1879, 0
10672, 69, 56, 508, 0, 0, 63.88%, 16, 0, 6, 420.72, 4727440, 260, 1879, 0
10677, 69, 241, 508, 0, 0, 63.88%, 16, 0, 6, 467.17, 4729835, 260, 1879, 0
10682, 69, 491, 508, 0, 0, 63.88%, 16, 0, 6, 433.79, 4731996, 260, 1879, 0
10687, 69, 477, 508, 0, 0, 63.88%, 16, 0, 6, 446.47, 4734259, 260, 1879, 0
10692, 69, 418, 508, 0, 0, 63.88%, 16, 0, 6, 426.04, 4736444, 260, 1882, 0
10697, 69, 357, 508, 0, 0, 63.88%, 16, 0, 6, 449.28, 4738619, 260, 1882, 0
10702, 69, 31, 508, 0, 0, 63.88%, 16, 0, 6, 438.31, 4740744, 260, 1882, 0
10707, 69, 3, 508, 0, 0, 63.88%, 16, 0, 6, 431.87, 4742897, 260, 1882, 0
10712, 69, 357, 508, 0, 0, 63.88%, 16, 0, 6, 438.91, 4745143, 260, 1887, 0
10717, 69, 74, 508, 0, 0, 63.88%, 16, 0, 6, 426.94, 4747365, 260, 1888, 0
10722, 69, 162, 508, 0, 0, 63.88%, 16, 0, 6, 427.31, 4749527, 260, 1888, 0
10727, 69, 357, 508, 0, 0, 63.88%, 16, 0, 6, 458.03, 4751861, 260, 1892, 0
10733, 69, 437, 508, 0, 0, 63.88%, 16, 0, 6, 436.35, 4754066, 260, 1892, 0
10738, 69, 385, 508, 0, 0, 63.88%, 16, 0, 6, 433.34, 4756327, 260, 1895, 0
10743, 69, 433, 508, 0, 0, 63.88%, 16, 0, 6, 453.95, 4758637, 260, 1899, 0
10748, 69, 145, 508, 0, 0, 63.88%, 16, 0, 6, 450.71, 4760923, 260, 1899, 0
10753, 69, 241, 508, 0, 0, 63.88%, 16, 0, 6, 447.70, 4763199, 260, 1899, 0
10758, 69, 491, 508, 0, 0, 63.88%, 16, 0, 6, 439.32, 4765363, 260, 1899, 0
10763, 69, 15, 508, 0, 0, 63.88%, 16, 0, 6, 442.72, 4767615, 260, 1899, 0
10768, 69, 491, 508, 0, 0, 63.88%, 16, 0, 6, 437.54, 4769789, 260, 1899, 0
10773, 69, 452, 508, 0, 0, 63.88%, 16, 0, 6, 447.96, 4772087, 260, 1899, 0
10778, 69, 395, 508, 0, 0, 63.88%, 16, 0, 6, 456.32, 4774422, 260, 1899, 0
10783, 69, 491, 508, 0, 0, 63.88%, 16, 0, 6, 446.12, 4776624, 260, 1901, 0
10788, 69, 491, 508, 0, 0, 63.88%, 16, 0, 6, 428.26, 4778824, 260, 1901, 0
10793, 69, 13, 508, 0, 0, 63.88%, 16, 0, 6, 455.11, 4781136, 260, 1905, 0
10798, 69, 384, 508, 0, 0, 63.88%, 16, 0, 6, 449.25, 4783440, 260, 1905, 0
10802, 69, 434, 508, 0, 0, 63.88%, 16, 0, 6, 0.00, 4785187, 260, 1907, 0
