# relative_time, cycles_done, cur_item, corpus_count, pending_total, pending_favs, map_size, saved_crashes, saved_hangs, max_depth, execs_per_sec, total_execs, edges_found, total_crashes, servers_count
60, 0, 9, 72, 67, 4, 30.47%, 0, 0, 2, 471.53, 28681, 124, 0, 0
65, 0, 9, 73, 68, 4, 30.47%, 0, 0, 2, 454.50, 31019, 124, 0, 0
71, 0, 9, 74, 69, 4, 30.47%, 0, 0, 2, 498.22, 33564, 124, 0, 0
76, 0, 9, 74, 69, 4, 30.47%, 0, 0, 2, 462.18, 35841, 124, 0, 0
81, 0, 9, 74, 69, 4, 30.47%, 0, 0, 2, 483.79, 38235, 124, 0, 0
86, 0, 9, 74, 69, 4, 30.47%, 0, 0, 2, 467.18, 40665, 124, 0, 0
91, 0, 9, 78, 73, 4, 30.47%, 0, 0, 2, 467.87, 42898, 124, 0, 0
96, 0, 9, 79, 74, 4, 30.47%, 0, 0, 2, 458.05, 45236, 124, 0, 0
101, 0, 9, 79, 74, 4, 30.47%, 0, 0, 2, 455.14, 47540, 124, 0, 0
106, 0, 9, 79, 74, 4, 30.47%, 0, 0, 2, 431.68, 49675, 124, 0, 0
111, 0, 9, 80, 75, 4, 30.47%, 0, 0, 2, 423.40, 51786, 124, 0, 0
116, 0, 9, 80, 75, 4, 30.47%, 0, 0, 2, 440.26, 54018, 124, 0, 0
121, 0, 22, 97, 83, 19, 32.92%, 0, 0, 3, 454.42, 56410, 134, 0, 0
127, 0, 69, 108, 93, 18, 33.17%, 0, 0, 3, 437.89, 58600, 135, 0, 0
132, 0, 69, 117, 102, 18, 33.17%, 0, 0, 3, 428.64, 60737, 135, 0, 0
137, 0, 69, 121, 106, 18, 33.17%, 0, 0, 3, 408.64, 62854, 135, 0, 0
142, 0, 69, 123, 108, 18, 33.17%, 0, 0, 3, 414.39, 64964, 135, 0, 0
147, 0, 69, 124, 109, 18, 33.17%, 0, 0, 3, 447.34, 67307, 135, 0, 0
152, 0, 69, 127, 112, 18, 33.17%, 0, 0, 3, 450.52, 69592, 135, 0, 0
157, 0, 69, 128, 113, 18, 33.17%, 0, 0, 3, 472.59, 71954, 135, 0, 0
162, 0, 69, 130, 115, 18, 33.17%, 0, 0, 3, 443.23, 74142, 135, 0, 0
167, 0, 69, 131, 116, 18, 33.17%, 0, 0, 3, 470.14, 76565, 135, 0, 0
172, 0, 69, 132, 117, 18, 33.17%, 0, 0, 3, 420.88, 78668, 135, 0, 0
177, 0, 69, 133, 118, 18, 33.17%, 0, 0, 3, 418.31, 80803, 135, 0, 0
182, 0, 69, 133, 118, 18, 33.17%, 0, 0, 3, 457.54, 83167, 135, 0, 0
187, 0, 69, 133, 118, 18, 33.17%, 0, 0, 3, 468.54, 85498, 135, 0, 0
192, 0, 69, 134, 119, 18, 33.17%, 0, 0, 3, 461.22, 87782, 135, 0, 0
197, 0, 69, 135, 120, 18, 33.17%, 0, 0, 3, 458.77, 90057, 135, 0, 0
202, 0, 69, 135, 120, 18, 33.17%, 0, 0, 3, 442.45, 92265, 135, 0, 0
207, 0, 69, 136, 121, 18, 33.17%, 0, 0, 3, 453.95, 94501, 135, 0, 0
212, 0, 3, 137, 121, 18, 33.17%, 0, 0, 3, 443.01, 96735, 135, 0, 0
217, 0, 137, 138, 119, 16, 33.42%, 0, 0, 3, 468.13, 99104, 136, 0, 0
223, 0, 71, 142, 120, 13, 33.42%, 0, 0, 3, 455.00, 101419, 136, 0, 0
228, 0, 71, 146, 124, 13, 34.15%, 0, 0, 3, 452.09, 103692, 139, 0, 0
233, 0, 71, 149, 127, 13, 34.40%, 0, 0, 3, 434.11, 105817, 140, 0, 0
238, 0, 71, 149, 127, 13, 34.40%, 0, 0, 3, 443.50, 108105, 140, 0, 0
243, 0, 71, 150, 128, 13, 34.40%, 0, 0, 3, 460.13, 110427, 140, 0, 0
248, 0, 148, 161, 138, 13, 34.40%, 0, 0, 4, 465.88, 112743, 140, 0, 0
253, 0, 148, 167, 144, 13, 34.40%, 0, 0, 4, 431.30, 114892, 140, 0, 0
258, 0, 148, 169, 146, 13, 34.40%, 0, 0, 4, 429.52, 117058, 140, 0, 0
263, 0, 148, 169, 146, 13, 34.40%, 0, 0, 4, 433.17, 119306, 140, 0, 0
268, 0, 148, 170, 147, 13, 35.14%, 0, 0, 4, 436.11, 121441, 143, 0, 0
273, 0, 148, 170, 147, 13, 35.14%, 0, 0, 4, 421.61, 123545, 143, 0, 0
278, 0, 80, 170, 142, 10, 35.14%, 0, 0, 4, 446.75, 125870, 143, 0, 0
283, 0, 8, 170, 141, 9, 35.14%, 0, 0, 4, 428.55, 127984, 143, 0, 0
288, 0, 8, 170, 141, 9, 35.14%, 0, 0, 4, 396.97, 130005, 143, 0, 0
293, 0, 8, 170, 141, 9, 35.14%, 0, 0, 4, 374.25, 131880, 143, 0, 0
298, 0, 8, 170, 141, 9, 35.14%, 0, 0, 4, 392.96, 133931, 143, 0, 0
304, 0, 8, 170, 141, 9, 35.14%, 0, 0, 4, 390.52, 136051, 143, 0, 0
309, 0, 125, 172, 141, 8, 35.14%, 0, 0, 4, 406.12, 138080, 143, 0, 0
314, 0, 136, 174, 138, 4, 35.14%, 0, 0, 4, 438.94, 140364, 143, 0, 0
319, 0, 77, 178, 141, 3, 35.14%, 0, 0, 4, 431.18, 142506, 143, 0, 0
324, 0, 77, 179, 142, 3, 35.14%, 0, 0, 4, 454.01, 144858, 143, 0, 0
329, 0, 70, 179, 141, 2, 35.14%, 0, 0, 4, 432.24, 147036, 143, 0, 0
334, 0, 157, 183, 140, 0, 35.14%, 0, 0, 5, 435.44, 149219, 143, 0, 0
339, 0, 122, 184, 140, 0, 35.14%, 0, 0, 5, 456.98, 151536, 143, 0, 0
344, 0, 151, 184, 138, 0, 35.14%, 0, 0, 5, 454.74, 153794, 143, 0, 0
349, 0, 78, 184, 134, 0, 35.14%, 0, 0, 5, 434.04, 155954, 143, 0, 0
354, 0, 105, 186, 133, 0, 35.14%, 0, 0, 6, 455.27, 158301, 143, 0, 0
359, 0, 91, 186, 130, 0, 35.14%, 0, 0, 6, 484.26, 160708, 143, 0, 0
364, 0, 171, 189, 130, 0, 35.14%, 0, 0, 6, 449.53, 162904, 143, 0, 0
369, 0, 0, 189, 124, 0, 35.14%, 0, 0, 6, 471.36, 165408, 143, 0, 0
374, 0, 81, 189, 122, 0, 35.14%, 0, 0, 6, 444.14, 167623, 143, 0, 0
380, 0, 93, 189, 122, 0, 35.14%, 0, 0, 6, 443.01, 169850, 143, 0, 0
385, 0, 16, 189, 117, 0, 35.14%, 0, 0, 6, 449.24, 172151, 143, 0, 0
390, 0, 115, 189, 110, 0, 35.14%, 0, 0, 6, 451.79, 174422, 143, 0, 0
395, 0, 157, 189, 107, 0, 35.14%, 0, 0, 6, 439.46, 176658, 143, 0, 0
400, 1, 90, 189, 104, 0, 35.14%, 0, 0, 6, 473.64, 179149, 143, 0, 0
405, 1, 186, 190, 101, 0, 35.14%, 0, 0, 6, 429.18, 181277, 143, 0, 0
410, 1, 62, 190, 96, 0, 35.14%, 0, 0, 6, 438.90, 183500, 143, 0, 0
415, 1, 162, 190, 90, 0, 35.14%, 0, 0, 6, 458.90, 185853, 143, 0, 0
420, 1, 159, 191, 85, 0, 35.14%, 0, 0, 6, 452.30, 188045, 143, 0, 0
425, 1, 87, 191, 78, 0, 35.14%, 0, 0, 6, 466.56, 190480, 143, 0, 0
430, 1, 140, 191, 74, 0, 35.14%, 0, 0, 6, 472.91, 192777, 143, 0, 0
435, 1, 35, 191, 70, 0, 35.14%, 0, 0, 6, 411.31, 194839, 143, 0, 0
441, 1, 92, 191, 65, 0, 35.14%, 0, 0, 6, 439.96, 197091, 143, 0, 0
446, 1, 101, 191, 58, 0, 35.14%, 0, 0, 6, 442.71, 199319, 143, 0, 0
451, 1, 116, 192, 56, 0, 35.14%, 0, 0, 6, 431.70, 201517, 143, 0, 0
456, 1, 126, 192, 51, 0, 35.14%, 0, 0, 6, 453.81, 203867, 143, 0, 0
461, 1, 124, 192, 47, 0, 35.14%, 0, 0, 6, 430.38, 206032, 143, 0, 0
466, 1, 182, 192, 41, 0, 35.14%, 0, 0, 6, 423.61, 208134, 143, 0, 0
471, 1, 156, 194, 40, 0, 35.14%, 0, 0, 6, 440.37, 210374, 143, 0, 0
476, 1, 86, 194, 35, 0, 35.14%, 0, 0, 6, 430.22, 212595, 143, 0, 0
481, 1, 86, 194, 32, 0, 35.14%, 0, 0, 6, 467.50, 214920, 143, 0, 0
486, 1, 136, 195, 30, 0, 35.14%, 0, 0, 6, 449.31, 217154, 143, 0, 0
491, 1, 125, 195, 26, 0, 35.14%, 0, 0, 6, 438.93, 219421, 143, 0, 0
496, 1, 94, 195, 25, 0, 35.14%, 0, 0, 6, 449.64, 221746, 143, 0, 0
501, 2, 294, 312, 141, 0, 49.39%, 0, 0, 6, 454.73, 224029, 201, 0, 0
506, 2, 305, 312, 140, 18, 49.39%, 0, 0, 6, 462.19, 226508, 201, 0, 0
512, 2, 217, 313, 140, 17, 49.39%, 0, 0, 6, 441.10, 228717, 201, 0, 0
517, 2, 256, 313, 137, 14, 49.39%, 0, 0, 6, 465.86, 231064, 201, 0, 0
522, 2, 264, 313, 135, 12, 49.39%, 0, 0, 6, 462.61, 233345, 201, 0, 0
527, 2, 289, 313, 133, 11, 49.39%, 0, 0, 6, 459.11, 235641, 201, 0, 0
532, 2, 289, 313, 133, 11, 49.39%, 0, 0, 6, 436.57, 237879, 201, 0, 0
537, 2, 306, 313, 131, 9, 49.39%, 0, 0, 6, 456.87, 240183, 201, 0, 0
542, 2, 249, 313, 129, 7, 49.39%, 0, 0, 6, 470.36, 242552, 201, 0, 0
547, 2, 312, 313, 128, 6, 49.39%, 0, 0, 6, 501.90, 245034, 201, 0, 0
552, 2, 309, 313, 125, 3, 49.39%, 0, 0, 6, 437.27, 247139, 201, 0, 0
557, 2, 236, 313, 123, 3, 49.39%, 0, 0, 6, 465.63, 249510, 201, 0, 0
562, 2, 243, 313, 121, 2, 49.39%, 0, 0, 6, 463.05, 251904, 201, 0, 0
567, 2, 234, 313, 118, 0, 49.39%, 0, 0, 6, 489.19, 254365, 201, 0, 0
572, 2, 205, 313, 116, 0, 49.39%, 0, 0, 6, 505.82, 256922, 201, 0, 0
577, 2, 292, 313, 113, 0, 49.39%, 0, 0, 6, 494.68, 259365, 201, 0, 0
582, 2, 288, 313, 111, 0, 49.39%, 0, 0, 6, 456.23, 261684, 201, 0, 0
587, 2, 275, 313, 109, 0, 49.39%, 0, 0, 6, 464.18, 264006, 201, 0, 0
593, 2, 237, 313, 107, 0, 49.39%, 0, 0, 6, 491.22, 266429, 201, 0, 0
598, 2, 225, 313, 104, 0, 49.39%, 0, 0, 6, 467.70, 268744, 201, 0, 0
603, 2, 7, 313, 102, 0, 49.39%, 0, 0, 6, 473.69, 271139, 201, 0, 0
608, 2, 231, 313, 99, 0, 49.39%, 0, 0, 6, 479.33, 273577, 201, 0, 0
613, 2, 216, 313, 97, 0, 49.39%, 0, 0, 6, 453.08, 275785, 201, 0, 0
618, 2, 252, 313, 95, 0, 49.39%, 0, 0, 6, 428.10, 277958, 201, 0, 0
623, 2, 82, 315, 92, 0, 49.88%, 0, 0, 6, 476.34, 280402, 203, 0, 0
628, 2, 280, 315, 90, 0, 49.88%, 0, 0, 6, 445.75, 282594, 203, 0, 0
633, 2, 303, 315, 88, 0, 49.88%, 0, 0, 6, 434.76, 284814, 203, 0, 0
638, 2, 295, 315, 86, 0, 49.88%, 0, 0, 6, 437.44, 287047, 203, 0, 0
643, 2, 224, 315, 84, 0, 49.88%, 0, 0, 6, 446.24, 289357, 203, 0, 0
648, 2, 250, 316, 82, 0, 49.88%, 0, 0, 6, 436.36, 291519, 203, 0, 0
653, 2, 88, 318, 83, 0, 49.88%, 0, 0, 6, 428.72, 293676, 203, 0, 0
659, 2, 246, 318, 81, 0, 49.88%, 0, 0, 6, 460.09, 296103, 203, 0, 0
664, 2, 278, 318, 79, 0, 49.88%, 0, 0, 6, 452.36, 298428, 203, 0, 0
669, 2, 233, 318, 76, 0, 49.88%, 0, 0, 6, 454.13, 300661, 203, 0, 0
674, 2, 228, 318, 74, 0, 49.88%, 0, 0, 6, 450.80, 302991, 203, 0, 0
679, 2, 202, 318, 72, 0, 49.88%, 0, 0, 6, 465.55, 305336, 203, 0, 0
684, 2, 296, 318, 69, 0, 49.88%, 0, 0, 6, 463.19, 307674, 203, 0, 0
689, 2, 196, 318, 67, 0, 49.88%, 0, 0, 6, 453.56, 309945, 203, 0, 0
694, 2, 194, 318, 65, 0, 49.88%, 0, 0, 6, 462.60, 312273, 203, 0, 0
699, 2, 283, 318, 62, 0, 49.88%, 0, 0, 6, 481.77, 314699, 203, 0, 0
704, 2, 315, 318, 59, 0, 49.88%, 0, 0, 6, 450.92, 316910, 203, 0, 0
709, 2, 98, 318, 56, 0, 49.88%, 0, 0, 6, 466.96, 319300, 203, 0, 0
714, 2, 272, 318, 54, 0, 49.88%, 0, 0, 6, 450.98, 321597, 203, 0, 0
719, 2, 273, 318, 51, 0, 49.88%, 0, 0, 6, 462.22, 323908, 203, 0, 0
724, 2, 293, 318, 49, 0, 49.88%, 0, 0, 6, 439.09, 326098, 203, 0, 0
729, 2, 234, 318, 47, 0, 49.88%, 0, 0, 6, 450.02, 328395, 203, 0, 0
734, 2, 63, 318, 46, 0, 49.88%, 0, 0, 6, 442.87, 330611, 203, 0, 0
739, 2, 248, 318, 45, 0, 49.88%, 0, 0, 6, 440.22, 332903, 203, 0, 0
744, 2, 226, 318, 43, 0, 49.88%, 0, 0, 6, 438.59, 335095, 203, 0, 0
749, 2, 316, 319, 43, 0, 49.88%, 0, 0, 6, 420.09, 337153, 203, 0, 0
755, 2, 286, 319, 41, 0, 49.88%, 0, 0, 6, 437.18, 339383, 203, 0, 0
760, 2, 241, 319, 39, 0, 49.88%, 0, 0, 6, 450.04, 341645, 203, 0, 0
765, 2, 284, 319, 36, 0, 49.88%, 0, 0, 6, 463.98, 343973, 203, 0, 0
770, 2, 235, 319, 34, 0, 49.88%, 0, 0, 6, 436.56, 346143, 203, 0, 0
775, 2, 63, 319, 32, 0, 49.88%, 0, 0, 6, 438.00, 348345, 203, 0, 0
780, 2, 157, 320, 32, 0, 50.12%, 0, 0, 6, 441.42, 350559, 204, 0, 0
785, 2, 194, 320, 30, 0, 50.12%, 0, 0, 6, 448.66, 352828, 204, 0, 0
790, 2, 201, 320, 28, 0, 50.12%, 0, 0, 6, 434.99, 355015, 204, 0, 0
795, 2, 194, 320, 24, 0, 50.12%, 0, 0, 6, 462.57, 357385, 204, 0, 0
800, 2, 211, 320, 23, 0, 50.12%, 0, 0, 6, 430.35, 359594, 204, 0, 0
805, 2, 67, 345, 46, 0, 57.00%, 0, 0, 6, 428.96, 361821, 232, 0, 0
810, 3, 327, 405, 105, 12, 58.97%, 0, 0, 6, 442.82, 364066, 240, 0, 0
815, 3, 362, 405, 103, 10, 58.97%, 0, 0, 6, 477.13, 366516, 240, 0, 0
820, 3, 362, 405, 103, 10, 58.97%, 0, 0, 6, 438.09, 368732, 240, 0, 0
825, 3, 369, 405, 101, 8, 58.97%, 0, 0, 6, 451.83, 371020, 240, 0, 0
830, 3, 376, 405, 99, 6, 58.97%, 0, 0, 6, 459.98, 373304, 240, 0, 0
836, 3, 398, 405, 97, 4, 58.97%, 0, 0, 6, 453.64, 375601, 240, 0, 0
841, 3, 365, 405, 95, 2, 58.97%, 0, 0, 6, 442.44, 377806, 240, 0, 0
846, 3, 342, 405, 93, 1, 58.97%, 0, 0, 6, 465.74, 380174, 240, 0, 0
851, 3, 125, 405, 90, 0, 58.97%, 0, 0, 6, 463.29, 382451, 240, 0, 0
856, 3, 313, 405, 89, 0, 58.97%, 0, 0, 6, 463.68, 384773, 240, 0, 0
861, 3, 369, 405, 86, 0, 58.97%, 0, 0, 6, 434.09, 386968, 240, 0, 0
866, 3, 217, 405, 84, 0, 58.97%, 0, 0, 6, 449.96, 389278, 240, 0, 0
871, 3, 325, 405, 83, 0, 58.97%, 0, 0, 6, 431.20, 391458, 240, 0, 0
876, 3, 352, 405, 81, 0, 58.97%, 0, 0, 6, 437.24, 393696, 240, 0, 0
881, 3, 189, 405, 79, 0, 58.97%, 0, 0, 6, 479.11, 396171, 240, 0, 0
886, 3, 321, 405, 78, 0, 58.97%, 0, 0, 6, 466.17, 398502, 240, 0, 0
891, 3, 223, 405, 75, 0, 58.97%, 0, 0, 6, 458.15, 400819, 240, 0, 0
896, 3, 347, 405, 73, 0, 58.97%, 0, 0, 6, 481.55, 403245, 240, 0, 0
901, 3, 324, 406, 72, 0, 58.97%, 0, 0, 6, 482.00, 405734, 240, 0, 0
906, 3, 380, 406, 70, 0, 58.97%, 0, 0, 6, 443.01, 408014, 240, 0, 0
912, 3, 89, 406, 68, 0, 58.97%, 0, 0, 6, 449.42, 410368, 240, 0, 0
917, 3, 358, 406, 66, 0, 58.97%, 0, 0, 6, 459.65, 412676, 240, 0, 0
922, 3, 47, 406, 64, 0, 58.97%, 0, 0, 6, 441.11, 414851, 240, 0, 0
927, 3, 351, 406, 61, 0, 58.97%, 0, 0, 6, 456.80, 417182, 240, 0, 0
932, 3, 230, 406, 59, 0, 58.97%, 0, 0, 6, 443.07, 419462, 240, 0, 0
937, 3, 360, 406, 57, 0, 58.97%, 0, 0, 6, 414.04, 421597, 240, 0, 0
942, 3, 393, 406, 56, 0, 58.97%, 0, 0, 6, 402.61, 423675, 240, 0, 0
947, 3, 340, 406, 53, 0, 58.97%, 0, 0, 6, 434.96, 425941, 240, 0, 0
952, 3, 289, 406, 51, 0, 58.97%, 0, 0, 6, 435.39, 428117, 240, 0, 0
957, 3, 400, 406, 50, 0, 58.97%, 0, 0, 6, 450.81, 430447, 240, 0, 0
962, 3, 377, 406, 48, 0, 58.97%, 0, 0, 6, 438.74, 432601, 240, 0, 0
968, 3, 83, 406, 46, 0, 58.97%, 0, 0, 6, 459.30, 434997, 240, 0, 0
973, 3, 357, 406, 45, 0, 58.97%, 0, 0, 6, 466.39, 437285, 240, 0, 0
978, 3, 401, 406, 44, 0, 58.97%, 0, 0, 6, 442.20, 439539, 240, 0, 0
983, 3, 396, 406, 42, 0, 58.97%, 0, 0, 6, 437.49, 441787, 240, 0, 0
988, 3, 136, 406, 40, 0, 58.97%, 0, 0, 6, 440.79, 444034, 240, 0, 0
993, 3, 372, 406, 40, 0, 58.97%, 0, 0, 6, 452.37, 446346, 240, 0, 0
998, 3, 383, 406, 38, 0, 58.97%, 0, 0, 6, 464.06, 448675, 240, 0, 0
1003, 3, 263, 406, 36, 0, 58.97%, 0, 0, 6, 457.05, 450937, 240, 0, 0
1008, 3, 339, 406, 35, 0, 58.97%, 0, 0, 6, 480.56, 453364, 240, 0, 0
1013, 3, 387, 406, 34, 0, 58.97%, 0, 0, 6, 501.87, 455990, 240, 0, 0
1018, 3, 336, 406, 32, 0, 58.97%, 0, 0, 6, 469.51, 458321, 240, 0, 0
1023, 3, 319, 406, 30, 0, 58.97%, 0, 0, 6, 468.14, 460670, 240, 0, 0
1029, 3, 338, 406, 29, 0, 58.97%, 0, 0, 6, 468.77, 463092, 240, 0, 0
1034, 3, 281, 406, 28, 0, 58.97%, 0, 0, 6, 472.81, 465483, 240, 0, 0
1039, 3, 60, 406, 26, 0, 58.97%, 0, 0, 6, 474.21, 467881, 240, 0, 0
1044, 3, 305, 406, 25, 0, 58.97%, 0, 0, 6, 468.62, 470226, 240, 0, 0
1049, 3, 346, 406, 24, 0, 58.97%, 0, 0, 6, 453.19, 472502, 240, 0, 0
1054, 3, 345, 406, 23, 0, 58.97%, 0, 0, 6, 451.33, 474744, 240, 0, 0
1059, 3, 13, 407, 21, 0, 58.97%, 0, 0, 6, 475.23, 477159, 240, 0, 0
1064, 3, 215, 407, 21, 0, 58.97%, 0, 0, 6, 448.89, 479472, 240, 0, 0
1069, 3, 11, 407, 21, 0, 58.97%, 0, 0, 6, 458.60, 481770, 240, 0, 0
1074, 3, 348, 407, 21, 0, 58.97%, 0, 0, 6, 491.50, 484282, 240, 0, 0
1079, 3, 157, 409, 22, 0, 58.97%, 0, 0, 6, 481.54, 486766, 240, 0, 0
1084, 4, 427, 431, 44, 7, 60.44%, 0, 0, 6, 486.69, 489237, 246, 0, 0
1089, 4, 412, 431, 42, 5, 60.44%, 0, 0, 6, 473.47, 491642, 246, 0, 0
1094, 4, 326, 431, 40, 3, 60.44%, 0, 0, 6, 449.70, 493940, 246, 0, 0
1100, 4, 415, 431, 38, 2, 60.44%, 0, 0, 6, 434.10, 496133, 246, 0, 0
1105, 4, 173, 431, 36, 1, 60.44%, 0, 0, 6, 479.59, 498573, 246, 0, 0
1110, 4, 124, 431, 34, 0, 60.44%, 0, 0, 6, 470.11, 500902, 246, 0, 0
1115, 4, 389, 431, 32, 0, 60.44%, 0, 0, 6, 466.00, 503287, 246, 0, 0
1120, 4, 418, 431, 31, 0, 60.44%, 1, 0, 6, 459.11, 505599, 246, 1, 0
1125, 4, 318, 431, 30, 0, 60.44%, 1, 0, 6, 465.70, 507882, 246, 1, 0
1130, 4, 407, 432, 29, 0, 60.69%, 1, 0, 6, 436.50, 510053, 247, 1, 0
1135, 4, 320, 432, 26, 0, 60.69%, 1, 0, 6, 454.42, 512305, 247, 1, 0
1140, 4, 209, 432, 25, 0, 60.69%, 1, 0, 6, 447.41, 514523, 247, 1, 0
1145, 4, 279, 432, 23, 0, 60.69%, 1, 0, 6, 442.42, 516781, 247, 1, 0
1150, 4, 253, 432, 21, 0, 60.69%, 1, 0, 6, 443.82, 518970, 247, 1, 0
1155, 4, 370, 432, 20, 0, 60.69%, 1, 0, 6, 455.53, 521311, 247, 1, 0
1160, 4, 416, 432, 18, 0, 60.69%, 1, 0, 6, 455.12, 523583, 247, 1, 0
1165, 4, 77, 432, 17, 0, 60.69%, 1, 0, 6, 462.74, 525945, 247, 1, 0
1170, 4, 289, 432, 16, 0, 60.69%, 1, 0, 6, 459.71, 528294, 247, 1, 0
1175, 4, 369, 432, 15, 0, 60.69%, 1, 0, 6, 467.65, 530678, 247, 1, 0
1180, 4, 430, 432, 15, 0, 60.69%, 1, 0, 6, 457.18, 532992, 247, 1, 0
1186, 4, 327, 432, 13, 0, 60.69%, 1, 0, 6, 493.38, 535663, 247, 1, 0
1191, 4, 428, 432, 12, 0, 60.69%, 1, 0, 6, 493.66, 538238, 247, 1, 0
1196, 4, 62, 432, 11, 0, 60.69%, 1, 0, 6, 470.62, 540523, 247, 1, 0
1201, 4, 190, 432, 10, 0, 60.69%, 1, 0, 6, 470.87, 542943, 247, 1, 0
1206, 4, 12, 432, 10, 0, 60.69%, 1, 0, 6, 471.11, 545351, 247, 1, 0
1211, 4, 424, 432, 10, 0, 60.69%, 1, 0, 6, 435.03, 547582, 247, 1, 0
1216, 4, 306, 432, 9, 0, 60.69%, 1, 0, 6, 465.83, 549885, 247, 1, 0
1221, 4, 170, 432, 9, 0, 60.69%, 1, 0, 6, 442.91, 552075, 247, 1, 0
1226, 4, 70, 432, 9, 0, 60.69%, 1, 0, 6, 442.72, 554356, 247, 1, 0
1231, 4, 369, 432, 9, 0, 60.69%, 1, 0, 6, 444.53, 556616, 247, 1, 0
1236, 4, 305, 432, 9, 0, 60.69%, 1, 0, 6, 469.88, 559006, 247, 1, 0
1242, 4, 306, 432, 8, 0, 60.69%, 1, 0, 6, 486.48, 561453, 247, 1, 0
1247, 4, 62, 432, 7, 0, 60.69%, 1, 0, 6, 459.75, 563807, 247, 1, 0
1252, 4, 374, 432, 6, 0, 60.69%, 1, 0, 6, 469.01, 566133, 247, 1, 0
1257, 4, 99, 432, 5, 0, 60.69%, 1, 0, 6, 455.06, 568439, 247, 1, 0
1262, 4, 329, 432, 5, 0, 60.69%, 1, 0, 6, 451.75, 570687, 247, 1, 0
1267, 4, 217, 432, 5, 0, 60.69%, 1, 0, 6, 458.43, 572963, 247, 1, 0
1272, 5, 231, 439, 11, 1, 60.69%, 2, 0, 6, 458.93, 575227, 247, 2, 0
1277, 5, 157, 439, 9, 0, 60.69%, 2, 0, 6, 454.02, 577575, 247, 2, 0
1282, 5, 362, 439, 8, 0, 60.69%, 2, 0, 6, 490.71, 580082, 247, 2, 0
1287, 5, 327, 439, 8, 0, 60.69%, 2, 0, 6, 474.75, 582438, 247, 2, 0
1292, 5, 230, 439, 7, 0, 60.69%, 2, 0, 6, 464.27, 584815, 247, 2, 0
1297, 5, 82, 439, 7, 0, 60.69%, 2, 0, 6, 454.21, 587161, 247, 2, 0
1303, 5, 265, 439, 6, 0, 60.69%, 2, 0, 6, 443.57, 589415, 247, 2, 0
1308, 5, 436, 439, 6, 0, 60.69%, 2, 0, 6, 455.87, 591693, 247, 2, 0
1313, 5, 282, 439, 5, 0, 60.69%, 2, 0, 6, 462.04, 594042, 247, 2, 0
1318, 5, 374, 439, 4, 0, 60.69%, 2, 0, 6, 471.19, 596397, 247, 2, 0
1323, 5, 8, 439, 4, 0, 60.69%, 2, 0, 6, 439.96, 598617, 247, 2, 0
1328, 5, 315, 439, 4, 0, 60.69%, 2, 0, 6, 443.85, 600823, 247, 2, 0
1333, 5, 200, 439, 4, 0, 60.69%, 2, 0, 6, 460.42, 603202, 247, 2, 0
1338, 5, 34, 439, 4, 0, 60.69%, 2, 0, 6, 446.58, 605424, 247, 2, 0
1343, 5, 253, 439, 4, 0, 60.69%, 2, 0, 6, 455.46, 607710, 247, 2, 0
1348, 5, 188, 439, 4, 0, 60.69%, 2, 0, 6, 469.24, 610021, 247, 2, 0
1353, 5, 77, 439, 4, 0, 60.69%, 2, 0, 6, 448.41, 612344, 247, 2, 0
1358, 5, 431, 439, 4, 0, 60.69%, 2, 0, 6, 437.13, 614535, 247, 2, 0
1363, 5, 80, 439, 3, 0, 60.69%, 2, 0, 6, 428.75, 616731, 247, 2, 0
1368, 5, 217, 439, 3, 0, 60.69%, 2, 0, 6, 469.42, 619136, 247, 2, 0
1373, 5, 227, 439, 3, 0, 60.69%, 2, 0, 6, 450.75, 621408, 247, 2, 0
1378, 5, 170, 439, 3, 0, 60.69%, 2, 0, 6, 452.68, 623612, 247, 2, 0
1383, 5, 169, 439, 3, 0, 60.69%, 2, 0, 6, 460.34, 625932, 247, 2, 0
1388, 5, 289, 439, 3, 0, 60.69%, 2, 0, 6, 440.72, 628144, 247, 2, 0
1394, 6, 36, 444, 8, 0, 60.69%, 2, 0, 6, 466.47, 630566, 247, 2, 0
1399, 6, 443, 444, 7, 0, 60.69%, 2, 0, 6, 452.02, 632786, 247, 2, 0
1404, 6, 441, 444, 6, 0, 60.69%, 2, 0, 6, 425.30, 634919, 247, 2, 0
1409, 6, 281, 444, 5, 0, 60.69%, 2, 0, 6, 452.01, 637230, 247, 2, 0
1414, 6, 80, 444, 5, 0, 60.69%, 2, 0, 6, 476.14, 639662, 247, 2, 0
1419, 6, 253, 444, 5, 0, 60.69%, 2, 0, 6, 463.92, 642032, 247, 2, 0
1424, 6, 440, 444, 5, 0, 60.69%, 2, 0, 6, 462.53, 644388, 247, 2, 0
1429, 6, 329, 444, 4, 0, 60.69%, 2, 0, 6, 480.38, 646829, 247, 2, 0
1434, 6, 376, 444, 4, 0, 60.69%, 2, 0, 6, 479.21, 649189, 247, 2, 0
1439, 6, 230, 444, 4, 0, 60.69%, 2, 0, 6, 475.98, 651555, 247, 2, 0
1444, 6, 373, 444, 3, 0, 60.69%, 2, 0, 6, 465.13, 653895, 247, 2, 0
1449, 6, 412, 444, 3, 0, 60.69%, 2, 0, 6, 439.85, 656025, 247, 2, 0
1454, 6, 94, 444, 3, 0, 60.69%, 2, 0, 6, 428.21, 658180, 247, 2, 0
1459, 6, 265, 444, 2, 0, 60.69%, 2, 0, 6, 439.41, 660377, 247, 2, 0
1464, 6, 306, 444, 2, 0, 60.69%, 2, 0, 6, 453.70, 662629, 247, 2, 0
1469, 6, 414, 444, 2, 0, 60.69%, 2, 0, 6, 438.51, 664926, 247, 2, 0
1475, 6, 8, 444, 2, 0, 60.69%, 2, 0, 6, 447.20, 667254, 247, 2, 0
1480, 6, 411, 444, 2, 0, 60.69%, 2, 0, 6, 475.84, 669719, 247, 2, 0
1485, 6, 305, 444, 2, 0, 60.69%, 2, 0, 6, 460.23, 672116, 247, 2, 0
1490, 6, 305, 444, 2, 0, 60.69%, 2, 0, 6, 429.11, 674327, 247, 2, 0
1495, 6, 169, 444, 2, 0, 60.69%, 2, 0, 6, 465.70, 676635, 247, 2, 0
1500, 6, 42, 444, 2, 0, 60.69%, 2, 0, 6, 463.14, 678932, 247, 2, 0
1505, 6, 230, 444, 2, 0, 60.69%, 2, 0, 6, 465.54, 681298, 247, 2, 0
1510, 7, 449, 450, 7, 1, 61.18%, 2, 0, 6, 465.50, 683597, 249, 2, 0
1515, 7, 449, 453, 10, 1, 61.67%, 2, 0, 6, 462.96, 685929, 251, 2, 0
1520, 7, 450, 453, 9, 2, 61.67%, 2, 0, 6, 458.21, 688224, 251, 2, 0
1525, 7, 451, 453, 8, 1, 61.67%, 2, 0, 6, 462.67, 690633, 251, 2, 0
1531, 7, 451, 454, 9, 1, 61.67%, 2, 0, 6, 443.98, 692846, 251, 2, 0
1536, 7, 451, 454, 8, 0, 61.67%, 2, 0, 6, 472.88, 695206, 251, 2, 0
1541, 7, 453, 454, 8, 0, 61.67%, 2, 0, 6, 459.20, 697442, 251, 2, 0
1546, 7, 445, 454, 7, 0, 61.67%, 2, 0, 6, 458.30, 699650, 251, 2, 0
1551, 7, 305, 454, 5, 0, 61.67%, 2, 0, 6, 452.97, 701884, 251, 2, 0
1556, 7, 447, 454, 5, 0, 61.67%, 2, 0, 6, 458.25, 704209, 251, 3, 0
1561, 7, 322, 455, 5, 0, 61.67%, 2, 0, 6, 446.84, 706364, 251, 3, 0
1566, 7, 454, 456, 6, 0, 61.67%, 2, 0, 6, 442.28, 708596, 251, 3, 0
1571, 7, 47, 456, 5, 0, 61.67%, 2, 0, 6, 440.66, 710808, 251, 3, 0
1576, 7, 62, 456, 5, 0, 61.67%, 2, 0, 6, 447.30, 713036, 251, 3, 0
1581, 7, 157, 456, 5, 0, 61.67%, 2, 0, 6, 440.84, 715286, 251, 3, 0
1586, 7, 416, 456, 4, 0, 61.67%, 2, 0, 6, 459.50, 717722, 251, 3, 0
1591, 7, 456, 457, 4, 1, 61.92%, 2, 0, 6, 456.12, 720040, 252, 3, 0
1596, 7, 456, 458, 4, 0, 61.92%, 2, 0, 6, 460.01, 722325, 252, 3, 0
1601, 7, 315, 458, 4, 0, 61.92%, 2, 0, 6, 466.61, 724631, 252, 3, 0
1606, 7, 253, 458, 3, 0, 61.92%, 2, 0, 6, 437.63, 726881, 252, 3, 0
1611, 7, 83, 458, 3, 0, 61.92%, 2, 0, 6, 448.16, 729148, 252, 3, 0
1617, 7, 125, 458, 3, 0, 61.92%, 2, 0, 6, 445.66, 731413, 252, 3, 0
1622, 7, 458, 459, 4, 0, 61.92%, 2, 0, 6, 446.29, 733672, 252, 3, 0
1627, 7, 217, 460, 3, 0, 61.92%, 2, 0, 6, 447.77, 735949, 252, 3, 0
1632, 7, 459, 461, 4, 0, 61.92%, 2, 0, 6, 409.83, 737967, 252, 3, 0
1637, 7, 459, 461, 4, 0, 61.92%, 2, 0, 6, 425.82, 740071, 252, 3, 0
1642, 7, 459, 461, 4, 0, 61.92%, 2, 0, 6, 440.73, 742279, 252, 3, 0
1647, 7, 77, 461, 4, 0, 61.92%, 2, 0, 6, 459.00, 744646, 252, 3, 0
1652, 7, 451, 461, 4, 0, 61.92%, 2, 0, 6, 452.98, 746898, 252, 3, 0
1657, 7, 457, 461, 4, 0, 61.92%, 2, 0, 6, 453.76, 749203, 252, 3, 0
1662, 7, 157, 461, 3, 0, 61.92%, 2, 0, 6, 449.20, 751462, 252, 3, 0
1667, 7, 62, 461, 3, 0, 61.92%, 2, 0, 6, 470.08, 753840, 252, 3, 0
1672, 7, 22, 461, 3, 0, 61.92%, 2, 0, 6, 465.75, 756199, 252, 3, 0
1677, 7, 12, 461, 2, 0, 61.92%, 2, 0, 6, 485.46, 758642, 252, 3, 0
1682, 7, 146, 461, 2, 0, 61.92%, 2, 0, 6, 471.32, 760957, 252, 3, 0
1687, 7, 77, 461, 1, 0, 61.92%, 2, 0, 6, 475.17, 763405, 252, 3, 0
1692, 7, 459, 461, 1, 0, 61.92%, 2, 0, 6, 446.52, 765621, 252, 3, 0
1697, 8, 451, 467, 6, 0, 61.92%, 2, 0, 6, 483.34, 768091, 252, 3, 0
1703, 8, 337, 467, 6, 0, 61.92%, 2, 0, 6, 528.80, 770748, 252, 3, 0
1708, 8, 364, 468, 7, 0, 61.92%, 2, 0, 6, 476.12, 773120, 252, 3, 0
1713, 8, 456, 468, 5, 0, 61.92%, 2, 0, 6, 452.68, 775403, 252, 3, 0
1718, 8, 305, 468, 5, 0, 61.92%, 2, 0, 6, 447.08, 777719, 252, 3, 0
1723, 8, 411, 468, 5, 0, 61.92%, 2, 0, 6, 447.94, 779992, 252, 3, 0
1728, 8, 46, 468, 5, 0, 61.92%, 2, 0, 6, 464.02, 782411, 252, 3, 0
1733, 8, 178, 468, 4, 0, 61.92%, 2, 0, 6, 473.80, 784817, 252, 3, 0
1738, 8, 161, 468, 4, 0, 61.92%, 2, 0, 6, 466.17, 787175, 252, 3, 0
1743, 8, 456, 468, 4, 0, 61.92%, 2, 0, 6, 473.71, 789579, 252, 3, 0
1749, 8, 136, 468, 4, 0, 61.92%, 2, 0, 6, 483.02, 792110, 252, 3, 0
1754, 8, 468, 469, 4, 1, 62.16%, 2, 0, 6, 473.19, 794525, 253, 3, 0
1759, 8, 62, 469, 2, 0, 62.16%, 2, 0, 6, 450.98, 796765, 253, 3, 0
1764, 8, 327, 469, 2, 0, 62.16%, 2, 0, 6, 461.90, 799192, 253, 3, 0
1769, 8, 181, 469, 2, 0, 62.16%, 2, 0, 6, 465.74, 801538, 253, 3, 0
1774, 8, 459, 469, 2, 0, 62.16%, 2, 0, 6, 463.37, 803871, 253, 3, 0
1779, 8, 297, 469, 2, 0, 62.16%, 2, 0, 6, 460.00, 806204, 253, 3, 0
1784, 8, 469, 470, 3, 1, 62.41%, 2, 0, 6, 464.05, 808558, 254, 3, 0
1789, 8, 463, 470, 2, 0, 62.41%, 3, 0, 6, 468.24, 810983, 254, 4, 0
1794, 8, 459, 470, 1, 0, 62.41%, 3, 0, 6, 458.26, 813322, 254, 4, 0
1800, 8, 459, 470, 1, 0, 62.41%, 3, 0, 6, 420.83, 815397, 254, 4, 0
1805, 8, 230, 470, 1, 0, 62.41%, 3, 0, 6, 453.11, 817799, 254, 4, 0
1810, 8, 156, 470, 1, 0, 62.41%, 3, 0, 6, 448.55, 820122, 254, 4, 0
1815, 8, 362, 470, 1, 0, 62.41%, 3, 0, 6, 449.79, 822331, 254, 4, 0
1820, 8, 459, 470, 1, 0, 62.41%, 3, 0, 6, 449.71, 824629, 254, 4, 0
1825, 8, 157, 470, 1, 0, 62.41%, 3, 0, 6, 432.37, 826791, 254, 4, 0
1830, 8, 264, 471, 2, 0, 62.41%, 3, 0, 6, 434.42, 828952, 254, 4, 0
1835, 9, 469, 474, 5, 0, 62.41%, 3, 0, 6, 420.96, 831088, 254, 4, 0
1840, 9, 470, 474, 5, 0, 62.41%, 4, 0, 6, 441.99, 833423, 254, 5, 0
1846, 9, 77, 474, 4, 0, 62.41%, 4, 0, 6, 417.73, 835510, 254, 5, 0
1851, 9, 62, 474, 4, 0, 62.41%, 4, 0, 6, 421.68, 837651, 254, 5, 0
1856, 9, 374, 474, 4, 0, 62.41%, 4, 0, 6, 442.98, 839868, 254, 5, 0
1861, 9, 473, 474, 4, 0, 62.41%, 4, 0, 6, 462.76, 842149, 254, 6, 0
1866, 9, 472, 474, 3, 0, 62.41%, 4, 0, 6, 444.32, 844400, 254, 6, 0
1871, 9, 220, 474, 2, 0, 62.41%, 4, 0, 6, 479.84, 846826, 254, 6, 0
1876, 9, 170, 474, 2, 0, 62.41%, 4, 0, 6, 455.66, 849120, 254, 6, 0
1881, 9, 70, 474, 2, 0, 62.41%, 4, 0, 6, 469.40, 851459, 254, 6, 0
1886, 9, 81, 474, 2, 0, 62.41%, 4, 0, 6, 458.98, 853810, 254, 6, 0
1891, 9, 62, 474, 1, 0, 62.41%, 4, 0, 6, 407.41, 855865, 254, 6, 0
1896, 9, 80, 475, 2, 0, 62.41%, 4, 0, 6, 402.95, 857979, 254, 6, 0
1901, 9, 456, 475, 2, 0, 62.41%, 4, 0, 6, 392.13, 859964, 254, 6, 0
1906, 9, 474, 475, 2, 0, 62.41%, 4, 0, 6, 428.19, 862192, 254, 6, 0
1911, 9, 456, 475, 1, 0, 62.41%, 4, 0, 6, 439.57, 864442, 254, 6, 0
1916, 9, 459, 475, 1, 0, 62.41%, 4, 0, 6, 419.02, 866553, 254, 6, 0
1922, 9, 383, 475, 1, 0, 62.41%, 4, 0, 6, 429.48, 868760, 254, 6, 0
1927, 9, 414, 475, 1, 0, 62.41%, 4, 0, 6, 437.15, 871028, 254, 6, 0
1932, 9, 459, 475, 1, 0, 62.41%, 4, 0, 6, 445.42, 873289, 254, 6, 0
1937, 9, 390, 475, 1, 0, 62.41%, 4, 0, 6, 456.40, 875723, 254, 6, 0
1942, 9, 9, 475, 0, 0, 62.41%, 4, 0, 6, 426.70, 877906, 254, 6, 0
1947, 9, 399, 475, 0, 0, 62.41%, 4, 0, 6, 450.85, 880194, 254, 6, 0
1952, 9, 34, 475, 0, 0, 62.41%, 4, 0, 6, 434.39, 882416, 254, 6, 0
1957, 9, 459, 475, 0, 0, 62.41%, 4, 0, 6, 436.64, 884641, 254, 6, 0
1962, 9, 125, 475, 0, 0, 62.41%, 4, 0, 6, 475.39, 887129, 254, 6, 0
1967, 9, 414, 475, 0, 0, 62.41%, 4, 0, 6, 455.63, 889415, 254, 6, 0
1973, 10, 47, 475, 0, 0, 62.41%, 4, 0, 6, 445.28, 891615, 254, 6, 0
1978, 10, 264, 475, 0, 0, 62.41%, 4, 0, 6, 452.32, 893927, 254, 6, 0
1983, 10, 25, 475, 0, 0, 62.41%, 4, 0, 6, 422.65, 896050, 254, 7, 0
1988, 10, 181, 475, 0, 0, 62.41%, 4, 0, 6, 437.34, 898227, 254, 7, 0
1993, 10, 446, 475, 0, 0, 62.41%, 4, 0, 6, 445.99, 900440, 254, 7, 0
1998, 10, 210, 475, 0, 0, 62.41%, 4, 0, 6, 441.28, 902712, 254, 7, 0
2003, 10, 332, 475, 0, 0, 62.41%, 4, 0, 6, 430.95, 904896, 254, 7, 0
2008, 10, 47, 475, 0, 0, 62.41%, 4, 0, 6, 414.89, 907012, 254, 7, 0
2013, 10, 125, 475, 0, 0, 62.41%, 4, 0, 6, 444.32, 909370, 254, 7, 0
2018, 10, 414, 475, 0, 0, 62.41%, 4, 0, 6, 447.40, 911642, 254, 7, 0
2023, 10, 458, 475, 0, 0, 62.41%, 4, 0, 6, 424.79, 913796, 254, 7, 0
2028, 10, 244, 475, 0, 0, 62.41%, 6, 0, 6, 436.25, 916060, 254, 9, 0
2033, 10, 306, 475, 0, 0, 62.41%, 6, 0, 6, 449.35, 918327, 254, 9, 0
2039, 10, 390, 475, 0, 0, 62.41%, 6, 0, 6, 419.89, 920455, 254, 9, 0
2044, 10, 77, 475, 0, 0, 62.41%, 6, 0, 6, 417.40, 922577, 254, 9, 0
2049, 10, 100, 475, 0, 0, 62.41%, 6, 0, 6, 434.96, 924851, 254, 9, 0
2054, 10, 289, 475, 0, 0, 62.41%, 6, 0, 6, 431.55, 927030, 254, 9, 0
2059, 10, 16, 475, 0, 0, 62.41%, 6, 0, 6, 440.80, 929232, 254, 9, 0
2064, 10, 362, 475, 0, 0, 62.41%, 6, 0, 6, 465.73, 931542, 254, 9, 0
2069, 10, 414, 475, 0, 0, 62.41%, 6, 0, 6, 434.96, 933669, 254, 9, 0
2074, 10, 386, 475, 0, 0, 62.41%, 6, 0, 6, 428.45, 935803, 254, 9, 0
2079, 10, 451, 475, 0, 0, 62.41%, 6, 0, 6, 432.19, 937973, 254, 9, 0
2084, 10, 220, 475, 0, 0, 62.41%, 6, 0, 6, 457.13, 940259, 254, 9, 0
2089, 10, 289, 475, 0, 0, 62.41%, 6, 0, 6, 461.69, 942659, 254, 9, 0
2094, 10, 230, 475, 0, 0, 62.41%, 6, 0, 6, 451.32, 944898, 254, 9, 0
2099, 11, 362, 475, 0, 0, 62.41%, 6, 0, 6, 470.21, 947236, 254, 9, 0
2104, 11, 305, 475, 0, 0, 62.41%, 6, 0, 6, 466.75, 949567, 254, 9, 0
2110, 11, 284, 475, 0, 0, 62.41%, 6, 0, 6, 450.52, 951806, 254, 10, 0
2115, 11, 125, 475, 0, 0, 62.41%, 6, 0, 6, 457.36, 954031, 254, 10, 0
2120, 11, 362, 475, 0, 0, 62.41%, 6, 0, 6, 420.79, 956146, 254, 10, 0
2125, 11, 469, 475, 0, 0, 62.41%, 6, 0, 6, 438.90, 958348, 254, 10, 0
2130, 11, 449, 475, 0, 0, 62.41%, 6, 0, 6, 453.44, 960717, 254, 10, 0
2135, 11, 432, 475, 0, 0, 62.41%, 6, 0, 6, 437.82, 962945, 254, 10, 0
2140, 11, 396, 475, 0, 0, 62.41%, 6, 0, 6, 447.00, 965191, 254, 10, 0
2145, 11, 140, 475, 0, 0, 62.41%, 6, 0, 6, 449.71, 967424, 254, 10, 0
2150, 11, 305, 475, 0, 0, 62.41%, 6, 0, 6, 444.65, 969621, 254, 10, 0
2155, 11, 459, 475, 0, 0, 62.41%, 6, 0, 6, 439.19, 971791, 254, 10, 0
2160, 11, 128, 475, 0, 0, 62.41%, 6, 0, 6, 455.06, 974137, 254, 11, 0
2165, 11, 70, 475, 0, 0, 62.41%, 6, 0, 6, 448.11, 976401, 254, 11, 0
2170, 11, 278, 475, 0, 0, 62.41%, 6, 0, 6, 459.38, 978756, 254, 11, 0
2176, 11, 48, 475, 0, 0, 62.41%, 6, 0, 6, 442.94, 980956, 254, 11, 0
2181, 11, 159, 475, 0, 0, 62.41%, 6, 0, 6, 442.93, 983212, 254, 12, 0
2186, 11, 451, 475, 0, 0, 62.41%, 6, 0, 6, 474.90, 985619, 254, 12, 0
2191, 11, 446, 475, 0, 0, 62.41%, 6, 0, 6, 466.18, 987939, 254, 12, 0
2196, 11, 369, 475, 0, 0, 62.41%, 6, 0, 6, 449.19, 990194, 254, 12, 0
2201, 11, 77, 475, 0, 0, 62.41%, 6, 0, 6, 455.92, 992633, 254, 12, 0
2206, 11, 451, 475, 0, 0, 62.41%, 6, 0, 6, 472.51, 995026, 254, 13, 0
2211, 11, 376, 475, 0, 0, 62.41%, 6, 0, 6, 451.54, 997267, 254, 13, 0
2216, 11, 411, 475, 0, 0, 62.41%, 6, 0, 6, 438.18, 999546, 254, 13, 0
2221, 11, 170, 475, 0, 0, 62.41%, 6, 0, 6, 451.57, 1001854, 254, 13, 0
2226, 12, 170, 475, 0, 0, 62.41%, 6, 0, 6, 465.93, 1004228, 254, 13, 0
2231, 12, 217, 475, 0, 0, 62.41%, 6, 0, 6, 448.81, 1006527, 254, 13, 0
2236, 12, 332, 475, 0, 0, 62.41%, 6, 0, 6, 466.50, 1008820, 254, 13, 0
2242, 12, 136, 475, 0, 0, 62.41%, 6, 0, 6, 434.92, 1010983, 254, 13, 0
2247, 12, 77, 475, 0, 0, 62.41%, 6, 0, 6, 462.96, 1013310, 254, 13, 0
2252, 12, 236, 475, 0, 0, 62.41%, 6, 0, 6, 455.82, 1015719, 254, 13, 0
2257, 12, 446, 475, 0, 0, 62.41%, 6, 0, 6, 431.54, 1017831, 254, 13, 0
2262, 12, 459, 475, 0, 0, 62.41%, 6, 0, 6, 479.09, 1020261, 254, 13, 0
2267, 12, 253, 475, 0, 0, 62.41%, 6, 0, 6, 480.28, 1022697, 254, 13, 0
2272, 12, 416, 475, 0, 0, 62.41%, 6, 0, 6, 450.30, 1024903, 254, 13, 0
2277, 12, 217, 475, 0, 0, 62.41%, 6, 0, 6, 460.84, 1027255, 254, 13, 0
2282, 12, 157, 475, 0, 0, 62.41%, 6, 0, 6, 468.79, 1029647, 254, 13, 0
2287, 12, 125, 475, 0, 0, 62.41%, 6, 0, 6, 450.94, 1031926, 254, 13, 0
2292, 12, 469, 475, 0, 0, 62.41%, 6, 0, 6, 447.84, 1034169, 254, 13, 0
2297, 12, 244, 475, 0, 0, 62.41%, 6, 0, 6, 448.41, 1036495, 254, 13, 0
2303, 12, 306, 475, 0, 0, 62.41%, 6, 0, 6, 440.22, 1038730, 254, 13, 0
2308, 12, 217, 475, 0, 0, 62.41%, 6, 0, 6, 411.86, 1040786, 254, 14, 0
2313, 12, 82, 475, 0, 0, 62.41%, 6, 0, 6, 427.46, 1042989, 254, 14, 0
2318, 12, 451, 475, 0, 0, 62.41%, 6, 0, 6, 443.77, 1045240, 254, 14, 0
2323, 12, 77, 475, 0, 0, 62.41%, 6, 0, 6, 439.91, 1047491, 254, 14, 0
2328, 12, 170, 475, 0, 0, 62.41%, 6, 0, 6, 427.91, 1049609, 254, 14, 0
2333, 12, 182, 475, 0, 0, 62.41%, 6, 0, 6, 463.93, 1052064, 254, 15, 0
2338, 12, 80, 475, 0, 0, 62.41%, 6, 0, 6, 453.93, 1054385, 254, 15, 0
2343, 13, 416, 475, 0, 0, 62.41%, 6, 0, 6, 454.36, 1056703, 254, 15, 0
2348, 13, 306, 475, 0, 0, 62.41%, 6, 0, 6, 456.13, 1059023, 254, 16, 0
2353, 13, 230, 475, 0, 0, 62.41%, 6, 0, 6, 475.89, 1061410, 254, 16, 0
2358, 13, 306, 475, 0, 0, 62.41%, 6, 0, 6, 458.34, 1063726, 254, 17, 0
2363, 13, 469, 475, 0, 0, 62.41%, 6, 0, 6, 471.44, 1066157, 254, 17, 0
2368, 13, 230, 475, 0, 0, 62.41%, 6, 0, 6, 439.82, 1068385, 254, 17, 0
2373, 13, 451, 475, 0, 0, 62.41%, 6, 0, 6, 434.92, 1070654, 254, 18, 0
2379, 13, 451, 475, 0, 0, 62.41%, 6, 0, 6, 480.40, 1073060, 254, 18, 0
2384, 13, 459, 475, 0, 0, 62.41%, 6, 0, 6, 477.84, 1075459, 254, 18, 0
2389, 13, 47, 475, 0, 0, 62.41%, 6, 0, 6, 445.42, 1077679, 254, 18, 0
2394, 13, 412, 475, 0, 0, 62.41%, 6, 0, 6, 427.99, 1079866, 254, 18, 0
2399, 13, 369, 475, 0, 0, 62.41%, 6, 0, 6, 455.61, 1082159, 254, 18, 0
2404, 13, 306, 475, 0, 0, 62.41%, 6, 0, 6, 440.79, 1084412, 254, 18, 0
2409, 13, 319, 475, 0, 0, 62.41%, 6, 0, 6, 452.06, 1086680, 254, 18, 0
2414, 13, 362, 475, 0, 0, 62.41%, 6, 0, 6, 446.20, 1088939, 254, 18, 0
2419, 13, 162, 475, 0, 0, 62.41%, 6, 0, 6, 457.86, 1091221, 254, 18, 0
2424, 13, 125, 475, 0, 0, 62.41%, 6, 0, 6, 449.95, 1093510, 254, 18, 0
2429, 13, 71, 475, 0, 0, 62.41%, 6, 0, 6, 443.70, 1095729, 254, 18, 0
2434, 13, 265, 475, 0, 0, 62.41%, 6, 0, 6, 431.55, 1097887, 254, 18, 0
2439, 13, 412, 475, 0, 0, 62.41%, 6, 0, 6, 414.62, 1099992, 254, 19, 0
2444, 13, 264, 475, 0, 0, 62.41%, 6, 0, 6, 454.48, 1102348, 254, 19, 0
2449, 13, 432, 475, 0, 0, 62.41%, 6, 0, 6, 467.19, 1104687, 254, 19, 0
2454, 13, 264, 475, 0, 0, 62.41%, 6, 0, 6, 444.27, 1106909, 254, 19, 0
2459, 13, 58, 475, 0, 0, 62.41%, 6, 0, 6, 467.86, 1109359, 254, 19, 0
2464, 14, 414, 477, 2, 0, 62.41%, 6, 0, 6, 440.53, 1111548, 254, 19, 0
2469, 14, 434, 477, 2, 0, 62.41%, 6, 0, 6, 451.90, 1113797, 254, 19, 0
2475, 14, 362, 477, 2, 0, 62.41%, 6, 0, 6, 432.06, 1116029, 254, 19, 0
2480, 14, 25, 477, 2, 0, 62.41%, 6, 0, 6, 419.59, 1118185, 254, 19, 0
2485, 14, 83, 477, 2, 0, 62.41%, 6, 0, 6, 431.14, 1120410, 254, 19, 0
2490, 14, 322, 477, 2, 0, 62.41%, 6, 0, 6, 432.78, 1122571, 254, 20, 0
2495, 14, 451, 477, 2, 0, 62.41%, 6, 0, 6, 448.98, 1124797, 254, 20, 0
2500, 14, 432, 477, 2, 0, 62.41%, 6, 0, 6, 438.82, 1126979, 254, 20, 0
2505, 14, 476, 477, 2, 0, 62.41%, 6, 0, 6, 437.71, 1129224, 254, 20, 0
2510, 14, 459, 477, 1, 0, 62.41%, 6, 0, 6, 448.97, 1131500, 254, 20, 0
2515, 14, 431, 477, 1, 0, 62.41%, 6, 0, 6, 462.05, 1133837, 254, 20, 0
2520, 14, 253, 477, 1, 0, 62.41%, 6, 0, 6, 454.75, 1136023, 254, 20, 0
2525, 14, 451, 477, 1, 0, 62.41%, 6, 0, 6, 442.24, 1138262, 254, 20, 0
2530, 14, 136, 477, 1, 0, 62.41%, 6, 0, 6, 444.34, 1140568, 254, 20, 0
2535, 14, 27, 477, 1, 0, 62.41%, 6, 0, 6, 454.15, 1142843, 254, 20, 0
2540, 14, 319, 477, 1, 0, 62.41%, 6, 0, 6, 435.34, 1145031, 254, 20, 0
2546, 14, 157, 477, 1, 0, 62.41%, 6, 0, 6, 434.94, 1147287, 254, 20, 0
2551, 14, 265, 477, 1, 0, 62.41%, 6, 0, 6, 449.73, 1149578, 254, 20, 0
2556, 14, 157, 477, 1, 0, 62.41%, 6, 0, 6, 472.79, 1151971, 254, 21, 0
2561, 14, 396, 477, 1, 0, 62.41%, 6, 0, 6, 447.54, 1154219, 254, 21, 0
2566, 14, 77, 477, 1, 0, 62.41%, 6, 0, 6, 433.43, 1156374, 254, 21, 0
2571, 14, 157, 477, 1, 0, 62.41%, 6, 0, 6, 463.32, 1158661, 254, 21, 0
2576, 14, 62, 477, 1, 0, 62.41%, 6, 0, 6, 439.59, 1160846, 254, 21, 0
2581, 14, 220, 477, 1, 0, 62.41%, 6, 0, 6, 454.72, 1163177, 254, 21, 0
2586, 14, 156, 477, 1, 0, 62.41%, 6, 0, 6, 442.26, 1165366, 254, 21, 0
2591, 14, 475, 477, 1, 0, 62.41%, 6, 0, 6, 445.93, 1167606, 254, 21, 0
2596, 14, 37, 477, 0, 0, 62.41%, 6, 0, 6, 450.28, 1169904, 254, 21, 0
2601, 15, 77, 477, 0, 0, 62.41%, 6, 0, 6, 462.31, 1172279, 254, 21, 0
2606, 15, 431, 477, 0, 0, 62.41%, 6, 0, 6, 454.75, 1174548, 254, 21, 0
2611, 15, 217, 477, 0, 0, 62.41%, 6, 0, 6, 450.34, 1176797, 254, 21, 0
2617, 15, 77, 477, 0, 0, 62.41%, 6, 0, 6, 437.26, 1179066, 254, 21, 0
2622, 15, 289, 477, 0, 0, 62.41%, 6, 0, 6, 452.62, 1181457, 254, 21, 0
2627, 15, 157, 477, 0, 0, 62.41%, 6, 0, 6, 443.97, 1183736, 254, 21, 0
2632, 15, 432, 477, 0, 0, 62.41%, 6, 0, 6, 452.33, 1186050, 254, 21, 0
2637, 15, 253, 477, 0, 0, 62.41%, 6, 0, 6, 459.74, 1188408, 254, 21, 0
2642, 15, 456, 477, 0, 0, 62.41%, 6, 0, 6, 441.42, 1190593, 254, 21, 0
2647, 15, 34, 477, 0, 0, 62.41%, 6, 0, 6, 453.62, 1192756, 254, 21, 0
2652, 15, 22, 477, 0, 0, 62.41%, 6, 0, 6, 423.59, 1194887, 254, 21, 0
2657, 15, 416, 477, 0, 0, 62.41%, 6, 0, 6, 427.65, 1197162, 254, 21, 0
2662, 15, 62, 477, 0, 0, 62.41%, 6, 0, 6, 438.75, 1199430, 254, 21, 0
2667, 15, 48, 477, 0, 0, 62.41%, 6, 0, 6, 435.87, 1201606, 254, 21, 0
2672, 15, 305, 477, 0, 0, 62.41%, 6, 0, 6, 421.12, 1203717, 254, 21, 0
2677, 15, 47, 477, 0, 0, 62.41%, 6, 0, 6, 412.05, 1205801, 254, 21, 0
2682, 15, 264, 477, 0, 0, 62.41%, 6, 0, 6, 420.14, 1207953, 254, 21, 0
2688, 15, 459, 477, 0, 0, 62.41%, 6, 0, 6, 440.49, 1210239, 254, 21, 0
2693, 15, 234, 477, 0, 0, 62.41%, 6, 0, 6, 427.81, 1212437, 254, 21, 0
2698, 15, 217, 477, 0, 0, 62.41%, 6, 0, 6, 454.53, 1214855, 254, 21, 0
2703, 15, 431, 477, 0, 0, 62.41%, 6, 0, 6, 450.41, 1217107, 254, 21, 0
2708, 15, 244, 477, 0, 0, 62.41%, 6, 0, 6, 454.83, 1219422, 254, 21, 0
2713, 15, 476, 477, 0, 0, 62.41%, 6, 0, 6, 459.76, 1221733, 254, 21, 0
2718, 16, 431, 478, 1, 0, 62.41%, 6, 0, 6, 468.29, 1224110, 254, 22, 0
2723, 16, 170, 478, 1, 0, 62.41%, 6, 0, 6, 472.23, 1226505, 254, 22, 0
2728, 16, 77, 478, 1, 0, 62.41%, 6, 0, 6, 448.99, 1228697, 254, 22, 0
2733, 16, 34, 478, 1, 0, 62.41%, 6, 0, 6, 466.85, 1231047, 254, 23, 0
2738, 16, 407, 478, 1, 0, 62.41%, 6, 0, 6, 453.61, 1233423, 254, 23, 0
2743, 16, 362, 478, 1, 0, 62.41%, 6, 0, 6, 456.04, 1235781, 254, 23, 0
2748, 16, 185, 478, 1, 0, 62.41%, 6, 0, 6, 428.23, 1237985, 254, 23, 0
2754, 16, 338, 478, 1, 0, 62.41%, 6, 0, 6, 469.92, 1240446, 254, 23, 0
2759, 16, 437, 478, 1, 0, 62.41%, 6, 0, 6, 450.76, 1242728, 254, 23, 0
2764, 16, 12, 478, 1, 0, 62.41%, 6, 0, 6, 438.27, 1244971, 254, 23, 0
2769, 16, 40, 478, 1, 0, 62.41%, 6, 0, 6, 438.24, 1247150, 254, 24, 0
2774, 16, 194, 478, 1, 0, 62.41%, 6, 0, 6, 436.48, 1249337, 254, 24, 0
2779, 16, 151, 478, 1, 0, 62.41%, 6, 0, 6, 478.28, 1251778, 254, 24, 0
2784, 16, 158, 478, 1, 0, 62.41%, 6, 0, 6, 466.54, 1254144, 254, 24, 0
2789, 16, 398, 478, 1, 0, 62.41%, 6, 0, 6, 447.22, 1256427, 254, 24, 0
2794, 16, 220, 478, 1, 0, 62.41%, 6, 0, 6, 448.33, 1258731, 254, 24, 0
2799, 16, 82, 478, 1, 0, 62.41%, 6, 0, 6, 450.22, 1260945, 254, 24, 0
2804, 16, 451, 478, 1, 0, 62.41%, 6, 0, 6, 453.46, 1263252, 254, 24, 0
2809, 16, 125, 478, 1, 0, 62.41%, 6, 0, 6, 433.82, 1265413, 254, 24, 0
2814, 16, 459, 478, 1, 0, 62.41%, 6, 0, 6, 426.93, 1267629, 254, 24, 0
2819, 16, 456, 478, 1, 0, 62.41%, 6, 0, 6, 435.12, 1269821, 254, 24, 0
2824, 16, 253, 478, 1, 0, 62.41%, 6, 0, 6, 452.70, 1272097, 254, 24, 0
2829, 16, 230, 478, 1, 0, 62.41%, 6, 0, 6, 455.82, 1274401, 254, 24, 0
2834, 16, 305, 478, 1, 0, 62.41%, 6, 0, 6, 464.15, 1276710, 254, 24, 0
2839, 16, 459, 478, 1, 0, 62.41%, 6, 0, 6, 488.51, 1279158, 254, 24, 0
2844, 16, 376, 478, 0, 0, 62.41%, 6, 0, 6, 476.43, 1281539, 254, 24, 0
2849, 17, 265, 478, 0, 0, 62.41%, 6, 0, 6, 485.50, 1283924, 254, 24, 0
2855, 17, 376, 478, 0, 0, 62.41%, 6, 0, 6, 475.48, 1286345, 254, 24, 0
2860, 17, 77, 478, 0, 0, 62.41%, 6, 0, 6, 478.97, 1288699, 254, 24, 0
2865, 17, 244, 478, 0, 0, 62.41%, 6, 0, 6, 429.36, 1290869, 254, 25, 0
2870, 17, 169, 478, 0, 0, 62.41%, 6, 0, 6, 453.92, 1293221, 254, 26, 0
2875, 17, 170, 478, 0, 0, 62.41%, 6, 0, 6, 463.57, 1295555, 254, 26, 0
2880, 17, 374, 478, 0, 0, 62.41%, 6, 0, 6, 469.12, 1297968, 254, 26, 0
2885, 17, 234, 478, 0, 0, 62.41%, 6, 0, 6, 454.78, 1300314, 254, 26, 0
2890, 17, 82, 478, 0, 0, 62.41%, 6, 0, 6, 463.28, 1302678, 254, 26, 0
2895, 17, 77, 478, 0, 0, 62.41%, 6, 0, 6, 433.54, 1304818, 254, 26, 0
2900, 17, 217, 478, 0, 0, 62.41%, 6, 0, 6, 449.62, 1307134, 254, 26, 0
2905, 17, 414, 478, 0, 0, 62.41%, 6, 0, 6, 481.66, 1309611, 254, 26, 0
2911, 17, 157, 478, 0, 0, 62.41%, 6, 0, 6, 451.10, 1311908, 254, 26, 0
2916, 17, 47, 478, 0, 0, 62.41%, 6, 0, 6, 469.57, 1314306, 254, 26, 0
2921, 17, 459, 478, 0, 0, 62.41%, 6, 0, 6, 486.33, 1316699, 254, 27, 0
2926, 17, 434, 478, 0, 0, 62.41%, 6, 0, 6, 453.60, 1318988, 254, 27, 0
2931, 17, 451, 478, 0, 0, 62.41%, 6, 0, 6, 439.41, 1321238, 254, 27, 0
2936, 17, 170, 478, 0, 0, 62.41%, 6, 0, 6, 453.98, 1323522, 254, 27, 0
2941, 17, 322, 478, 0, 0, 62.41%, 6, 0, 6, 460.83, 1325855, 254, 27, 0
2946, 17, 459, 478, 0, 0, 62.41%, 6, 0, 6, 449.84, 1328115, 254, 27, 0
2951, 17, 451, 478, 0, 0, 62.41%, 6, 0, 6, 425.57, 1330205, 254, 27, 0
2956, 17, 472, 478, 0, 0, 62.41%, 6, 0, 6, 447.89, 1332520, 254, 27, 0
2961, 17, 459, 478, 0, 0, 62.41%, 6, 0, 6, 464.04, 1334823, 254, 27, 0
2966, 17, 125, 478, 0, 0, 62.41%, 6, 0, 6, 461.96, 1337105, 254, 28, 0
2971, 17, 160, 478, 0, 0, 62.41%, 6, 0, 6, 454.32, 1339404, 254, 28, 0
2976, 18, 476, 478, 0, 0, 62.41%, 6, 0, 6, 452.90, 1341676, 254, 28, 0
2981, 18, 217, 478, 0, 0, 62.41%, 6, 0, 6, 445.83, 1343981, 254, 28, 0
2986, 18, 459, 478, 0, 0, 62.41%, 6, 0, 6, 444.54, 1346237, 254, 28, 0
2992, 18, 70, 478, 0, 0, 62.41%, 6, 0, 6, 433.12, 1348436, 254, 28, 0
2997, 18, 179, 478, 0, 0, 62.41%, 6, 0, 6, 439.03, 1350600, 254, 28, 0
3002, 18, 306, 478, 0, 0, 62.41%, 6, 0, 6, 444.65, 1352867, 254, 28, 0
3007, 18, 230, 478, 0, 0, 62.41%, 6, 0, 6, 452.20, 1355202, 254, 28, 0
3012, 18, 459, 478, 0, 0, 62.41%, 6, 0, 6, 456.64, 1357576, 254, 28, 0
3017, 18, 82, 478, 0, 0, 62.41%, 6, 0, 6, 463.19, 1359873, 254, 28, 0
3022, 18, 80, 478, 0, 0, 62.41%, 6, 0, 6, 432.64, 1362063, 254, 28, 0
3027, 18, 136, 478, 0, 0, 62.41%, 6, 0, 6, 419.63, 1364251, 254, 28, 0
3032, 18, 125, 478, 0, 0, 62.41%, 6, 0, 6, 439.22, 1366439, 254, 28, 0
3037, 18, 167, 478, 0, 0, 62.41%, 6, 0, 6, 453.42, 1368679, 254, 28, 0
3042, 18, 296, 478, 0, 0, 62.41%, 6, 0, 6, 455.35, 1370912, 254, 29, 0
3047, 18, 253, 478, 0, 0, 62.41%, 6, 0, 6, 453.72, 1373248, 254, 29, 0
3052, 18, 319, 478, 0, 0, 62.41%, 6, 0, 6, 443.83, 1375483, 254, 29, 0
3057, 18, 459, 478, 0, 0, 62.41%, 6, 0, 6, 434.18, 1377775, 254, 29, 0
3062, 18, 451, 478, 0, 0, 62.41%, 6, 0, 6, 444.10, 1380079, 254, 29, 0
3068, 18, 411, 478, 0, 0, 62.41%, 6, 0, 6, 460.28, 1382389, 254, 30, 0
3073, 18, 83, 478, 0, 0, 62.41%, 6, 0, 6, 461.20, 1384628, 254, 30, 0
3078, 18, 459, 478, 0, 0, 62.41%, 6, 0, 6, 439.35, 1386854, 254, 30, 0
3083, 18, 77, 478, 0, 0, 62.41%, 6, 0, 6, 462.15, 1389204, 254, 31, 0
3088, 18, 83, 478, 0, 0, 62.41%, 6, 0, 6, 456.04, 1391533, 254, 31, 0
3093, 18, 236, 478, 0, 0, 62.41%, 6, 0, 6, 435.02, 1393752, 254, 31, 0
3098, 18, 469, 478, 0, 0, 62.41%, 6, 0, 6, 448.37, 1396039, 254, 31, 0
3103, 19, 170, 478, 0, 0, 62.41%, 6, 0, 6, 483.27, 1398510, 254, 32, 0
3108, 19, 459, 478, 0, 0, 62.41%, 6, 0, 6, 471.93, 1400826, 254, 32, 0
3113, 19, 159, 478, 0, 0, 62.41%, 6, 0, 6, 460.58, 1403066, 254, 32, 0
3118, 19, 236, 478, 0, 0, 62.41%, 6, 0, 6, 486.38, 1405503, 254, 33, 0
3123, 19, 289, 478, 0, 0, 62.41%, 6, 0, 6, 446.43, 1407708, 254, 33, 0
3128, 19, 398, 478, 0, 0, 62.41%, 6, 0, 6, 456.57, 1410059, 254, 33, 0
3133, 19, 369, 478, 0, 0, 62.41%, 6, 0, 6, 445.64, 1412237, 254, 33, 0
3138, 19, 125, 478, 0, 0, 62.41%, 6, 0, 6, 462.55, 1414551, 254, 33, 0
3143, 19, 264, 478, 0, 0, 62.41%, 6, 0, 6, 51.62, 1416236, 254, 34, 0
3149, 19, 157, 478, 0, 0, 62.41%, 6, 0, 6, 484.57, 1418684, 254, 34, 0
3154, 19, 217, 478, 0, 0, 62.41%, 6, 0, 6, 449.47, 1420856, 254, 34, 0
3159, 19, 230, 478, 0, 0, 62.41%, 6, 0, 6, 454.42, 1423149, 254, 34, 0
3164, 19, 305, 478, 0, 0, 62.41%, 6, 0, 6, 458.49, 1425446, 254, 34, 0
3169, 19, 272, 478, 0, 0, 62.41%, 6, 0, 6, 451.94, 1427806, 254, 34, 0
3174, 19, 459, 478, 0, 0, 62.41%, 6, 0, 6, 417.41, 1429911, 254, 34, 0
3179, 19, 244, 478, 0, 0, 62.41%, 6, 0, 6, 454.77, 1432239, 254, 34, 0
3184, 19, 157, 478, 0, 0, 62.41%, 6, 0, 6, 447.33, 1434505, 254, 34, 0
3189, 19, 157, 478, 0, 0, 62.41%, 6, 0, 6, 462.15, 1436794, 254, 34, 0
3194, 19, 322, 478, 0, 0, 62.41%, 6, 0, 6, 445.94, 1439075, 254, 34, 0
3199, 19, 8, 478, 0, 0, 62.41%, 6, 0, 6, 458.00, 1441442, 254, 34, 0
3204, 19, 220, 478, 0, 0, 62.41%, 6, 0, 6, 461.62, 1443792, 254, 34, 0
3209, 19, 448, 478, 0, 0, 62.41%, 6, 0, 6, 441.23, 1445958, 254, 35, 0
3214, 19, 129, 478, 0, 0, 62.41%, 6, 0, 6, 451.83, 1448211, 254, 36, 0
3219, 19, 170, 478, 0, 0, 62.41%, 6, 0, 6, 461.32, 1450580, 254, 36, 0
3225, 19, 332, 478, 0, 0, 62.41%, 6, 0, 6, 461.32, 1452951, 254, 36, 0
3230, 19, 455, 478, 0, 0, 62.41%, 6, 0, 6, 454.78, 1455244, 254, 36, 0
3235, 19, 8, 478, 0, 0, 62.41%, 6, 0, 6, 471.43, 1457609, 254, 36, 0
3240, 20, 319, 478, 0, 0, 62.41%, 6, 0, 6, 462.06, 1459871, 254, 36, 0
3245, 20, 136, 478, 0, 0, 62.41%, 6, 0, 6, 444.09, 1462104, 254, 36, 0
3250, 20, 62, 478, 0, 0, 62.41%, 6, 0, 6, 436.70, 1464398, 254, 36, 0
3255, 20, 478, 479, 1, 1, 63.14%, 6, 0, 6, 431.93, 1466552, 257, 36, 0
3260, 20, 157, 479, 0, 0, 63.14%, 6, 0, 6, 451.45, 1468932, 257, 36, 0
3265, 20, 376, 479, 0, 0, 63.14%, 6, 0, 6, 457.08, 1471225, 257, 36, 0
3270, 20, 447, 479, 0, 0, 63.14%, 6, 0, 6, 457.08, 1473503, 257, 36, 0
3276, 20, 416, 479, 0, 0, 63.14%, 6, 0, 6, 446.83, 1475605, 257, 36, 0
3281, 20, 414, 479, 0, 0, 63.14%, 6, 0, 6, 438.33, 1477808, 257, 36, 0
3286, 20, 431, 479, 0, 0, 63.14%, 6, 0, 6, 456.87, 1480145, 257, 36, 0
3291, 20, 219, 479, 0, 0, 63.14%, 6, 0, 6, 446.25, 1482400, 257, 36, 0
3296, 20, 220, 479, 0, 0, 63.14%, 6, 0, 6, 453.23, 1484728, 257, 36, 0
3301, 20, 225, 479, 0, 0, 63.14%, 6, 0, 6, 454.60, 1487078, 257, 36, 0
3306, 20, 479, 480, 1, 1, 63.14%, 6, 0, 6, 422.24, 1489184, 257, 36, 0
3311, 20, 479, 481, 1, 0, 63.14%, 6, 0, 6, 450.04, 1491512, 257, 36, 0
3316, 20, 479, 481, 1, 0, 63.14%, 6, 0, 6, 461.48, 1493852, 257, 36, 0
3321, 20, 479, 482, 2, 0, 63.64%, 6, 0, 6, 455.33, 1496217, 259, 37, 0
3326, 20, 481, 482, 2, 1, 63.64%, 6, 0, 6, 417.64, 1498311, 259, 37, 0
3331, 20, 34, 482, 1, 0, 63.64%, 6, 0, 6, 453.61, 1500634, 259, 37, 0
3336, 20, 459, 482, 1, 0, 63.64%, 6, 0, 6, 455.65, 1502995, 259, 37, 0
3341, 20, 289, 482, 1, 0, 63.64%, 6, 0, 6, 485.81, 1505457, 259, 37, 0
3346, 20, 446, 482, 1, 0, 63.64%, 6, 0, 6, 432.83, 1507601, 259, 38, 0
3352, 20, 459, 482, 1, 0, 63.64%, 6, 0, 6, 455.45, 1509926, 259, 38, 0
3357, 20, 217, 482, 1, 0, 63.64%, 6, 0, 6, 474.46, 1512324, 259, 38, 0
3362, 20, 415, 482, 1, 0, 63.64%, 6, 0, 6, 448.60, 1514576, 259, 38, 0
3367, 20, 220, 482, 1, 0, 63.64%, 6, 0, 6, 439.65, 1516808, 259, 38, 0
3372, 20, 125, 482, 1, 0, 63.64%, 6, 0, 6, 459.66, 1519149, 259, 38, 0
3377, 20, 431, 482, 1, 0, 63.64%, 6, 0, 6, 477.85, 1521570, 259, 38, 0
3382, 20, 480, 483, 2, 0, 63.64%, 6, 0, 6, 445.74, 1523864, 259, 38, 0
3387, 20, 480, 483, 2, 0, 63.64%, 6, 0, 6, 470.81, 1526357, 259, 38, 0
3392, 20, 481, 483, 1, 0, 63.64%, 6, 0, 6, 442.69, 1528571, 259, 38, 0
3397, 20, 481, 483, 1, 0, 63.64%, 6, 0, 6, 435.75, 1530667, 259, 38, 0
3402, 21, 393, 487, 5, 0, 63.64%, 6, 0, 6, 450.92, 1533016, 259, 38, 0
3407, 21, 47, 487, 5, 0, 63.64%, 6, 0, 6, 457.89, 1535345, 259, 38, 0
3412, 21, 481, 487, 5, 0, 63.64%, 6, 0, 6, 451.36, 1537576, 259, 39, 0
3418, 21, 306, 487, 5, 0, 63.64%, 6, 0, 6, 439.95, 1539849, 259, 39, 0
3423, 21, 459, 487, 5, 0, 63.64%, 6, 0, 6, 453.19, 1542205, 259, 39, 0
3428, 21, 481, 487, 5, 0, 63.64%, 6, 0, 6, 467.49, 1544581, 259, 39, 0
3433, 21, 305, 487, 5, 0, 63.64%, 6, 0, 6, 468.42, 1546963, 259, 39, 0
3438, 21, 220, 487, 5, 0, 63.64%, 6, 0, 6, 420.40, 1549040, 259, 39, 0
3443, 21, 305, 487, 5, 0, 63.64%, 6, 0, 6, 459.70, 1551383, 259, 39, 0
3448, 21, 481, 487, 5, 0, 63.64%, 6, 0, 6, 455.49, 1553646, 259, 39, 0
3453, 21, 390, 487, 5, 0, 63.64%, 6, 0, 6, 473.45, 1556071, 259, 39, 0
3458, 21, 482, 488, 6, 0, 63.64%, 7, 0, 7, 491.03, 1558581, 259, 40, 0
3463, 21, 486, 488, 5, 0, 63.64%, 7, 0, 7, 479.01, 1561004, 259, 40, 0
3468, 21, 483, 488, 4, 0, 63.64%, 7, 0, 7, 468.40, 1563438, 259, 40, 0
3473, 21, 487, 488, 3, 0, 63.64%, 7, 0, 7, 471.49, 1565759, 259, 40, 0
3479, 21, 193, 488, 2, 0, 63.64%, 7, 0, 7, 456.15, 1568136, 259, 40, 0
3484, 21, 253, 488, 2, 0, 63.64%, 7, 0, 7, 451.31, 1570388, 259, 40, 0
3489, 21, 484, 488, 2, 0, 63.64%, 7, 0, 7, 467.01, 1572774, 259, 40, 0
3494, 21, 398, 488, 1, 0, 63.64%, 7, 0, 7, 438.08, 1574975, 259, 40, 0
3499, 21, 244, 488, 1, 0, 63.64%, 7, 0, 7, 456.86, 1577262, 259, 40, 0
3504, 21, 157, 488, 1, 0, 63.64%, 7, 0, 7, 462.60, 1579613, 259, 40, 0
3509, 21, 431, 488, 0, 0, 63.64%, 7, 0, 7, 468.53, 1581998, 259, 40, 0
3514, 21, 459, 488, 0, 0, 63.64%, 7, 0, 7, 447.32, 1584228, 259, 40, 0
3519, 21, 457, 488, 0, 0, 63.64%, 7, 0, 7, 454.50, 1586566, 259, 40, 0
3524, 21, 398, 488, 0, 0, 63.64%, 7, 0, 7, 458.65, 1588895, 259, 40, 0
3529, 21, 211, 488, 0, 0, 63.64%, 7, 0, 7, 467.67, 1591255, 259, 40, 0
3534, 21, 281, 488, 0, 0, 63.64%, 7, 0, 7, 441.63, 1593449, 259, 40, 0
3539, 21, 362, 488, 0, 0, 63.64%, 7, 0, 7, 430.42, 1595616, 259, 40, 0
3544, 21, 415, 488, 0, 0, 63.64%, 7, 0, 7, 449.30, 1597945, 259, 40, 0
3549, 21, 288, 488, 0, 0, 63.64%, 7, 0, 7, 456.27, 1600254, 259, 40, 0
3554, 21, 319, 488, 0, 0, 63.64%, 7, 0, 7, 450.48, 1602595, 259, 40, 0
3560, 21, 236, 488, 0, 0, 63.64%, 7, 0, 7, 444.66, 1604916, 259, 40, 0
3565, 21, 142, 488, 0, 0, 63.64%, 7, 0, 7, 457.73, 1607239, 259, 40, 0
3570, 21, 427, 488, 0, 0, 63.64%, 7, 0, 7, 449.21, 1609461, 259, 40, 0
3575, 21, 249, 488, 0, 0, 63.64%, 7, 0, 7, 459.88, 1611839, 259, 40, 0
3580, 22, 488, 489, 1, 1, 63.88%, 7, 0, 7, 458.24, 1614132, 260, 40, 0
3585, 22, 170, 489, 0, 0, 63.88%, 7, 0, 7, 461.28, 1616490, 260, 40, 0
3590, 22, 481, 489, 0, 0, 63.88%, 7, 0, 7, 477.55, 1618912, 260, 40, 0
3595, 22, 125, 489, 0, 0, 63.88%, 7, 0, 7, 481.74, 1621305, 260, 40, 0
3600, 22, 230, 489, 0, 0, 63.88%, 7, 0, 7, 481.42, 1623764, 260, 40, 0
3605, 22, 341, 489, 0, 0, 63.88%, 7, 0, 7, 468.34, 1626186, 260, 40, 0
3610, 22, 306, 489, 0, 0, 63.88%, 7, 0, 7, 486.27, 1628618, 260, 40, 0
3615, 22, 414, 489, 0, 0, 63.88%, 7, 0, 7, 451.71, 1630903, 260, 40, 0
3620, 22, 431, 489, 0, 0, 63.88%, 7, 0, 7, 464.23, 1633249, 260, 40, 0
3625, 22, 253, 489, 0, 0, 63.88%, 7, 0, 7, 475.74, 1635602, 260, 40, 0
3631, 22, 77, 489, 0, 0, 63.88%, 7, 0, 7, 492.51, 1638105, 260, 40, 0
3636, 22, 136, 489, 0, 0, 63.88%, 7, 0, 7, 452.92, 1640375, 260, 41, 0
3641, 22, 253, 489, 0, 0, 63.88%, 7, 0, 7, 462.90, 1642729, 260, 41, 0
3646, 22, 431, 489, 0, 0, 63.88%, 7, 0, 7, 454.30, 1644915, 260, 41, 0
3651, 22, 459, 489, 0, 0, 63.88%, 7, 0, 7, 434.96, 1647079, 260, 42, 0
3656, 22, 459, 489, 0, 0, 63.88%, 7, 0, 7, 438.04, 1649310, 260, 42, 0
3661, 22, 446, 489, 0, 0, 63.88%, 7, 0, 7, 456.88, 1651616, 260, 42, 0
3666, 22, 431, 489, 0, 0, 63.88%, 7, 0, 7, 418.20, 1653681, 260, 42, 0
3671, 22, 469, 489, 0, 0, 63.88%, 7, 0, 7, 442.34, 1655924, 260, 42, 0
3676, 22, 327, 489, 0, 0, 63.88%, 7, 0, 7, 446.55, 1658194, 260, 42, 0
3681, 22, 481, 489, 0, 0, 63.88%, 7, 0, 7, 452.27, 1660471, 260, 42, 0
3686, 22, 77, 489, 0, 0, 63.88%, 7, 0, 7, 438.44, 1662698, 260, 42, 0
3691, 22, 416, 489, 0, 0, 63.88%, 7, 0, 7, 417.38, 1664862, 260, 42, 0
3696, 22, 259, 489, 0, 0, 63.88%, 7, 0, 7, 432.81, 1667007, 260, 42, 0
3702, 22, 82, 489, 0, 0, 63.88%, 7, 0, 7, 437.30, 1669228, 260, 42, 0
3707, 22, 416, 489, 0, 0, 63.88%, 7, 0, 7, 438.79, 1671452, 260, 42, 0
3712, 23, 298, 490, 1, 0, 63.88%, 7, 0, 7, 440.48, 1673668, 260, 42, 0
3717, 23, 488, 490, 1, 0, 63.88%, 7, 0, 7, 426.88, 1675865, 260, 42, 0
3722, 23, 319, 490, 1, 0, 63.88%, 7, 0, 7, 448.86, 1678110, 260, 42, 0
3727, 23, 234, 490, 1, 0, 63.88%, 7, 0, 7, 471.03, 1680562, 260, 42, 0
3732, 23, 398, 490, 1, 0, 63.88%, 7, 0, 7, 471.01, 1682942, 260, 42, 0
3737, 23, 489, 490, 1, 0, 63.88%, 7, 0, 7, 468.10, 1685340, 260, 42, 0
3742, 23, 70, 490, 0, 0, 63.88%, 7, 0, 7, 458.36, 1687630, 260, 42, 0
3747, 23, 411, 490, 0, 0, 63.88%, 7, 0, 7, 446.85, 1689829, 260, 42, 0
3752, 23, 459, 490, 0, 0, 63.88%, 7, 0, 7, 453.37, 1692044, 260, 42, 0
3757, 23, 305, 490, 0, 0, 63.88%, 7, 0, 7, 448.39, 1694287, 260, 42, 0
3762, 23, 264, 490, 0, 0, 63.88%, 7, 0, 7, 465.02, 1696682, 260, 42, 0
3767, 23, 172, 490, 0, 0, 63.88%, 7, 0, 7, 486.29, 1699083, 260, 42, 0
3773, 23, 234, 490, 0, 0, 63.88%, 7, 0, 7, 468.36, 1701352, 260, 42, 0
3778, 23, 410, 490, 0, 0, 63.88%, 7, 0, 7, 450.98, 1703640, 260, 42, 0
3783, 23, 411, 490, 0, 0, 63.88%, 7, 0, 7, 457.84, 1705873, 260, 42, 0
3788, 23, 265, 490, 0, 0, 63.88%, 7, 0, 7, 425.10, 1708016, 260, 43, 0
3793, 23, 375, 490, 0, 0, 63.88%, 7, 0, 7, 452.30, 1710314, 260, 43, 0
3798, 23, 446, 490, 0, 0, 63.88%, 7, 0, 7, 476.16, 1712756, 260, 43, 0
3803, 23, 81, 490, 0, 0, 63.88%, 7, 0, 7, 462.33, 1715150, 260, 43, 0
3808, 23, 82, 490, 0, 0, 63.88%, 7, 0, 7, 451.67, 1717412, 260, 44, 0
3813, 23, 264, 490, 0, 0, 63.88%, 7, 0, 7, 450.11, 1719728, 260, 44, 0
3818, 23, 155, 490, 0, 0, 63.88%, 7, 0, 7, 437.98, 1721976, 260, 44, 0
3823, 23, 459, 490, 0, 0, 63.88%, 7, 0, 7, 447.64, 1724301, 260, 44, 0
3828, 23, 459, 490, 0, 0, 63.88%, 7, 0, 7, 453.97, 1726682, 260, 44, 0
3833, 23, 481, 490, 0, 0, 63.88%, 7, 0, 7, 441.42, 1728939, 260, 44, 0
3838, 23, 109, 490, 0, 0, 63.88%, 7, 0, 7, 425.32, 1731112, 260, 44, 0
3843, 24, 46, 491, 1, 0, 63.88%, 7, 0, 7, 471.80, 1733485, 260, 44, 0
3849, 24, 62, 491, 1, 0, 63.88%, 7, 0, 7, 401.77, 1735494, 260, 44, 0
3854, 24, 464, 492, 2, 0, 63.88%, 7, 0, 7, 396.51, 1737596, 260, 44, 0
3859, 24, 415, 492, 2, 0, 63.88%, 7, 0, 7, 414.91, 1739770, 260, 44, 0
3864, 24, 491, 492, 2, 0, 63.88%, 7, 0, 7, 442.70, 1741998, 260, 44, 0
3869, 24, 62, 492, 1, 0, 63.88%, 7, 0, 7, 451.01, 1744274, 260, 44, 0
3874, 24, 289, 492, 1, 0, 63.88%, 7, 0, 7, 430.33, 1746404, 260, 44, 0
3879, 24, 289, 492, 1, 0, 63.88%, 7, 0, 7, 455.83, 1748778, 260, 44, 0
3884, 24, 47, 492, 1, 0, 63.88%, 7, 0, 7, 494.75, 1751325, 260, 44, 0
3889, 24, 136, 492, 1, 0, 63.88%, 7, 0, 7, 467.42, 1753649, 260, 44, 0
3894, 24, 459, 492, 1, 0, 63.88%, 7, 0, 7, 434.43, 1755849, 260, 44, 0
3899, 24, 398, 492, 0, 0, 63.88%, 7, 0, 7, 446.68, 1758072, 260, 44, 0
3904, 24, 460, 492, 0, 0, 63.88%, 7, 0, 7, 438.27, 1760223, 260, 44, 0
3910, 24, 305, 493, 1, 0, 63.88%, 7, 0, 7, 454.44, 1762620, 260, 44, 0
3915, 24, 481, 493, 1, 0, 63.88%, 7, 0, 7, 456.26, 1764901, 260, 44, 0
3920, 24, 492, 493, 1, 0, 63.88%, 7, 0, 7, 457.87, 1767296, 260, 44, 0
3925, 24, 481, 493, 0, 0, 63.88%, 7, 0, 7, 440.37, 1769446, 260, 44, 0
3930, 24, 173, 493, 0, 0, 63.88%, 7, 0, 7, 430.60, 1771656, 260, 44, 0
3935, 24, 459, 493, 0, 0, 63.88%, 7, 0, 7, 437.67, 1773962, 260, 44, 0
3940, 24, 459, 493, 0, 0, 63.88%, 7, 0, 7, 454.27, 1776256, 260, 44, 0
3945, 24, 8, 493, 0, 0, 63.88%, 7, 0, 7, 443.84, 1778466, 260, 44, 0
3950, 24, 481, 493, 0, 0, 63.88%, 7, 0, 7, 424.86, 1780656, 260, 44, 0
3955, 24, 459, 493, 0, 0, 63.88%, 7, 0, 7, 425.95, 1782876, 260, 44, 0
3960, 24, 13, 493, 0, 0, 63.88%, 7, 0, 7, 426.95, 1785019, 260, 44, 0
3965, 24, 194, 493, 0, 0, 63.88%, 7, 0, 7, 420.70, 1787122, 260, 44, 0
3971, 24, 414, 493, 0, 0, 63.88%, 7, 0, 7, 444.18, 1789411, 260, 45, 0
3976, 24, 292, 493, 0, 0, 63.88%, 7, 0, 7, 422.92, 1791570, 260, 45, 0
3981, 24, 82, 493, 0, 0, 63.88%, 7, 0, 7, 419.56, 1793700, 260, 45, 0
3986, 24, 390, 493, 0, 0, 63.88%, 7, 0, 7, 404.38, 1795763, 260, 45, 0
3991, 25, 25, 493, 0, 0, 63.88%, 7, 0, 7, 430.18, 1797949, 260, 45, 0
3996, 25, 125, 493, 0, 0, 63.88%, 7, 0, 7, 448.79, 1800311, 260, 45, 0
4001, 25, 446, 493, 0, 0, 63.88%, 7, 0, 7, 442.75, 1802486, 260, 45, 0
4006, 25, 289, 493, 0, 0, 63.88%, 7, 0, 7, 435.15, 1804691, 260, 45, 0
4011, 25, 306, 493, 0, 0, 63.88%, 7, 0, 7, 468.98, 1807067, 260, 46, 0
4016, 25, 125, 493, 0, 0, 63.88%, 7, 0, 7, 432.64, 1809272, 260, 46, 0
4021, 25, 161, 493, 0, 0, 63.88%, 7, 0, 7, 431.39, 1811448, 260, 46, 0
4026, 25, 481, 493, 0, 0, 63.88%, 7, 0, 7, 434.16, 1813626, 260, 46, 0
4031, 25, 481, 493, 0, 0, 63.88%, 7, 0, 7, 439.07, 1815873, 260, 46, 0
4036, 25, 217, 493, 0, 0, 63.88%, 7, 0, 7, 454.46, 1818145, 260, 46, 0
4042, 25, 289, 493, 0, 0, 63.88%, 7, 0, 7, 467.90, 1820620, 260, 47, 0
4047, 25, 313, 493, 0, 0, 63.88%, 7, 0, 7, 448.62, 1822832, 260, 47, 0
4052, 25, 322, 493, 0, 0, 63.88%, 7, 0, 7, 439.17, 1825057, 260, 47, 0
4057, 25, 289, 493, 0, 0, 63.88%, 7, 0, 7, 438.72, 1827304, 260, 47, 0
4062, 25, 170, 493, 0, 0, 63.88%, 7, 0, 7, 442.55, 1829559, 260, 48, 0
4067, 25, 153, 493, 0, 0, 63.88%, 7, 0, 7, 475.70, 1831959, 260, 48, 0
4072, 25, 416, 493, 0, 0, 63.88%, 7, 0, 7, 436.65, 1834133, 260, 48, 0
4077, 25, 22, 493, 0, 0, 63.88%, 7, 0, 7, 418.81, 1836264, 260, 48, 0
4082, 25, 170, 493, 0, 0, 63.88%, 7, 0, 7, 450.85, 1838522, 260, 48, 0
4087, 25, 486, 493, 0, 0, 63.88%, 7, 0, 7, 422.50, 1840618, 260, 48, 0
4092, 25, 306, 493, 0, 0, 63.88%, 7, 0, 7, 449.73, 1842883, 260, 49, 0
4097, 25, 322, 493, 0, 0, 63.88%, 7, 0, 7, 449.67, 1845173, 260, 49, 0
4102, 25, 481, 493, 0, 0, 63.88%, 7, 0, 7, 456.65, 1847458, 260, 49, 0
4107, 25, 390, 493, 0, 0, 63.88%, 7, 0, 7, 444.97, 1849672, 260, 49, 0
4112, 25, 469, 493, 0, 0, 63.88%, 7, 0, 7, 463.64, 1852017, 260, 49, 0
4117, 25, 488, 493, 0, 0, 63.88%, 7, 0, 7, 464.08, 1854357, 260, 49, 0
4122, 26, 83, 494, 1, 0, 63.88%, 7, 0, 7, 470.45, 1856656, 260, 50, 0
4127, 26, 432, 494, 1, 0, 63.88%, 7, 0, 7, 472.06, 1859032, 260, 50, 0
4133, 26, 398, 494, 1, 0, 63.88%, 7, 0, 7, 478.35, 1861409, 260, 50, 0
4138, 26, 247, 494, 1, 0, 63.88%, 7, 0, 7, 432.99, 1863590, 260, 50, 0
4143, 26, 369, 494, 1, 0, 63.88%, 7, 0, 7, 456.82, 1865908, 260, 50, 0
4148, 26, 414, 494, 0, 0, 63.88%, 7, 0, 7, 445.40, 1868159, 260, 50, 0
4153, 26, 414, 494, 0, 0, 63.88%, 7, 0, 7, 458.94, 1870505, 260, 50, 0
4158, 26, 303, 494, 0, 0, 63.88%, 7, 0, 7, 437.52, 1872837, 260, 50, 0
4163, 26, 193, 494, 0, 0, 63.88%, 7, 0, 7, 451.55, 1875075, 260, 50, 0
4168, 26, 81, 494, 0, 0, 63.88%, 7, 0, 7, 438.27, 1877293, 260, 50, 0
4173, 26, 125, 494, 0, 0, 63.88%, 7, 0, 7, 441.36, 1879569, 260, 50, 0
4178, 26, 374, 494, 0, 0, 63.88%, 7, 0, 7, 442.55, 1881803, 260, 50, 0
4183, 26, 376, 494, 0, 0, 63.88%, 7, 0, 7, 426.51, 1883954, 260, 50, 0
4188, 26, 136, 494, 0, 0, 63.88%, 7, 0, 7, 421.08, 1886077, 260, 50, 0
4193, 26, 432, 494, 0, 0, 63.88%, 7, 0, 7, 444.80, 1888344, 260, 50, 0
4198, 26, 469, 494, 0, 0, 63.88%, 7, 0, 7, 457.68, 1890713, 260, 50, 0
4203, 26, 305, 494, 0, 0, 63.88%, 7, 0, 7, 455.30, 1892972, 260, 50, 0
4208, 26, 322, 494, 0, 0, 63.88%, 7, 0, 7, 437.52, 1895177, 260, 51, 0
4214, 26, 306, 494, 0, 0, 63.88%, 7, 0, 7, 452.02, 1897483, 260, 51, 0
4219, 26, 427, 494, 0, 0, 63.88%, 7, 0, 7, 433.09, 1899650, 260, 51, 0
4224, 26, 62, 494, 0, 0, 63.88%, 7, 0, 7, 445.08, 1901933, 260, 51, 0
4229, 26, 374, 494, 0, 0, 63.88%, 7, 0, 7, 435.87, 1904121, 260, 51, 0
4234, 26, 184, 494, 0, 0, 63.88%, 7, 0, 7, 417.73, 1906273, 260, 51, 0
4239, 26, 362, 494, 0, 0, 63.88%, 7, 0, 7, 426.03, 1908385, 260, 51, 0
4244, 26, 459, 494, 0, 0, 63.88%, 7, 0, 7, 443.46, 1910611, 260, 51, 0
4249, 26, 434, 494, 0, 0, 63.88%, 7, 0, 7, 438.49, 1912785, 260, 51, 0
4254, 27, 459, 494, 0, 0, 63.88%, 7, 0, 7, 453.50, 1915028, 260, 51, 0
4259, 27, 157, 494, 0, 0, 63.88%, 7, 0, 7, 418.10, 1917145, 260, 52, 0
4264, 27, 469, 494, 0, 0, 63.88%, 7, 0, 7, 444.00, 1919395, 260, 52, 0
4269, 27, 459, 494, 0, 0, 63.88%, 7, 0, 7, 437.94, 1921639, 260, 52, 0
4274, 27, 459, 494, 0, 0, 63.88%, 7, 0, 7, 428.25, 1923839, 260, 52, 0
4279, 27, 82, 494, 0, 0, 63.88%, 7, 0, 7, 429.31, 1926017, 260, 53, 0
4284, 27, 253, 494, 0, 0, 63.88%, 7, 0, 7, 434.08, 1928203, 260, 53, 0
4289, 27, 77, 494, 0, 0, 63.88%, 7, 0, 7, 432.74, 1930422, 260, 53, 0
4294, 27, 255, 494, 0, 0, 63.88%, 7, 0, 7, 457.95, 1932751, 260, 53, 0
4300, 27, 416, 494, 0, 0, 63.88%, 7, 0, 7, 454.99, 1935012, 260, 53, 0
4305, 27, 431, 494, 0, 0, 63.88%, 7, 0, 7, 440.19, 1937281, 260, 53, 0
4310, 27, 376, 494, 0, 0, 63.88%, 7, 0, 7, 437.64, 1939496, 260, 53, 0
4315, 27, 369, 494, 0, 0, 63.88%, 7, 0, 7, 456.11, 1941819, 260, 55, 0
4320, 27, 448, 494, 0, 0, 63.88%, 7, 0, 7, 435.37, 1943911, 260, 55, 0
4325, 27, 217, 494, 0, 0, 63.88%, 7, 0, 7, 436.70, 1946121, 260, 55, 0
4330, 27, 7, 494, 0, 0, 63.88%, 7, 0, 7, 434.91, 1948348, 260, 55, 0
4335, 27, 481, 494, 0, 0, 63.88%, 7, 0, 7, 421.61, 1950447, 260, 55, 0
4340, 27, 481, 494, 0, 0, 63.88%, 7, 0, 7, 435.49, 1952744, 260, 55, 0
4345, 27, 398, 494, 0, 0, 63.88%, 7, 0, 7, 430.39, 1954926, 260, 56, 0
4350, 27, 47, 494, 0, 0, 63.88%, 7, 0, 7, 437.94, 1957189, 260, 56, 0
4355, 27, 234, 494, 0, 0, 63.88%, 7, 0, 7, 423.54, 1959319, 260, 56, 0
4360, 27, 481, 494, 0, 0, 63.88%, 7, 0, 7, 434.57, 1961519, 260, 56, 0
4365, 27, 136, 494, 0, 0, 63.88%, 7, 0, 7, 445.73, 1963778, 260, 56, 0
4370, 27, 62, 494, 0, 0, 63.88%, 7, 0, 7, 428.53, 1965914, 260, 56, 0
4375, 27, 253, 494, 0, 0, 63.88%, 7, 0, 7, 448.26, 1968194, 260, 57, 0
4380, 27, 77, 494, 0, 0, 63.88%, 7, 0, 7, 436.00, 1970347, 260, 58, 0
4385, 27, 456, 494, 0, 0, 63.88%, 7, 0, 7, 438.96, 1972591, 260, 58, 0
4391, 28, 376, 495, 1, 0, 63.88%, 7, 0, 7, 436.11, 1974783, 260, 58, 0
4396, 28, 412, 495, 1, 0, 63.88%, 7, 0, 7, 449.87, 1977054, 260, 58, 0
4401, 28, 452, 495, 1, 0, 63.88%, 7, 0, 7, 441.36, 1979313, 260, 58, 0
4406, 28, 481, 495, 1, 0, 63.88%, 7, 0, 7, 449.90, 1981568, 260, 58, 0
4411, 28, 306, 495, 1, 0, 63.88%, 7, 0, 7, 438.95, 1983846, 260, 58, 0
4416, 28, 305, 495, 1, 0, 63.88%, 7, 0, 7, 458.94, 1986145, 260, 58, 0
4421, 28, 184, 495, 1, 0, 63.88%, 7, 0, 7, 444.54, 1988341, 260, 59, 0
4426, 28, 456, 495, 1, 0, 63.88%, 7, 0, 7, 437.57, 1990478, 260, 59, 0
4431, 28, 227, 495, 1, 0, 63.88%, 7, 0, 7, 430.31, 1992679, 260, 59, 0
4436, 28, 494, 495, 1, 0, 63.88%, 7, 0, 7, 458.68, 1994975, 260, 59, 0
4441, 28, 93, 495, 0, 0, 63.88%, 7, 0, 7, 444.70, 1997249, 260, 59, 0
4446, 28, 396, 495, 0, 0, 63.88%, 7, 0, 7, 421.48, 1999391, 260, 59, 0
4451, 28, 396, 495, 0, 0, 63.88%, 7, 0, 7, 468.63, 2001761, 260, 59, 0
4456, 28, 327, 495, 0, 0, 63.88%, 7, 0, 7, 478.89, 2004211, 260, 59, 0
4461, 28, 398, 495, 0, 0, 63.88%, 7, 0, 7, 458.49, 2006548, 260, 59, 0
4466, 28, 284, 495, 0, 0, 63.88%, 7, 0, 7, 451.55, 2008790, 260, 59, 0
4471, 28, 62, 495, 0, 0, 63.88%, 7, 0, 7, 455.77, 2011094, 260, 59, 0
4476, 28, 481, 495, 0, 0, 63.88%, 7, 0, 7, 452.37, 2013359, 260, 59, 0
4481, 28, 459, 495, 0, 0, 63.88%, 7, 0, 7, 465.89, 2015684, 260, 59, 0
4486, 28, 81, 495, 0, 0, 63.88%, 7, 0, 7, 455.23, 2017962, 260, 59, 0
4492, 28, 289, 495, 0, 0, 63.88%, 7, 0, 7, 449.07, 2020224, 260, 59, 0
4497, 28, 369, 495, 0, 0, 63.88%, 7, 0, 7, 434.50, 2022448, 260, 59, 0
4502, 28, 253, 495, 0, 0, 63.88%, 7, 0, 7, 475.67, 2024901, 260, 59, 0
4507, 28, 332, 495, 0, 0, 63.88%, 7, 0, 7, 450.35, 2027155, 260, 59, 0
4512, 28, 41, 495, 0, 0, 63.88%, 7, 0, 7, 476.45, 2029575, 260, 59, 0
4517, 29, 369, 495, 0, 0, 63.88%, 7, 0, 7, 481.97, 2032033, 260, 59, 0
4522, 29, 411, 495, 0, 0, 63.88%, 7, 0, 7, 461.35, 2034359, 260, 59, 0
4527, 29, 357, 495, 0, 0, 63.88%, 7, 0, 7, 446.61, 2036585, 260, 59, 0
4532, 29, 230, 495, 0, 0, 63.88%, 7, 0, 7, 446.29, 2038884, 260, 59, 0
4537, 29, 157, 495, 0, 0, 63.88%, 7, 0, 7, 459.92, 2041298, 260, 59, 0
4543, 29, 362, 495, 0, 0, 63.88%, 7, 0, 7, 462.17, 2043648, 260, 59, 0
4548, 29, 431, 495, 0, 0, 63.88%, 7, 0, 7, 471.14, 2046068, 260, 59, 0
4553, 29, 481, 495, 0, 0, 63.88%, 7, 0, 7, 450.60, 2048292, 260, 59, 0
4558, 29, 495, 496, 1, 0, 63.88%, 7, 0, 7, 468.21, 2050633, 260, 59, 0
4563, 29, 495, 496, 1, 0, 63.88%, 7, 0, 7, 449.30, 2052815, 260, 59, 0
4568, 29, 264, 496, 0, 0, 63.88%, 7, 0, 7, 443.05, 2055137, 260, 59, 0
4573, 29, 396, 496, 0, 0, 63.88%, 7, 0, 7, 450.08, 2057373, 260, 59, 0
4578, 29, 70, 496, 0, 0, 63.88%, 7, 0, 7, 452.06, 2059624, 260, 59, 0
4583, 29, 432, 496, 0, 0, 63.88%, 7, 0, 7, 443.89, 2061855, 260, 59, 0
4588, 29, 316, 496, 0, 0, 63.88%, 7, 0, 7, 445.74, 2064130, 260, 59, 0
4593, 29, 481, 496, 0, 0, 63.88%, 7, 0, 7, 433.71, 2066285, 260, 59, 0
4598, 29, 435, 496, 0, 0, 63.88%, 7, 0, 7, 440.90, 2068472, 260, 60, 0
4603, 29, 460, 496, 0, 0, 63.88%, 7, 0, 7, 454.73, 2070766, 260, 60, 0
4609, 29, 446, 496, 0, 0, 63.88%, 7, 0, 7, 441.85, 2072988, 260, 60, 0
4614, 29, 136, 496, 0, 0, 63.88%, 7, 0, 7, 444.93, 2075216, 260, 60, 0
4619, 29, 321, 496, 0, 0, 63.88%, 7, 0, 7, 451.66, 2077528, 260, 60, 0
4624, 29, 264, 496, 0, 0, 63.88%, 7, 0, 7, 440.47, 2079777, 260, 60, 0
4629, 29, 459, 496, 0, 0, 63.88%, 7, 0, 7, 458.34, 2082060, 260, 60, 0
4634, 29, 217, 496, 0, 0, 63.88%, 7, 0, 7, 464.52, 2084373, 260, 60, 0
4639, 29, 253, 496, 0, 0, 63.88%, 7, 0, 7, 450.37, 2086657, 260, 60, 0
4644, 29, 376, 496, 0, 0, 63.88%, 7, 0, 7, 464.94, 2088970, 260, 60, 0
4649, 29, 62, 496, 0, 0, 63.88%, 7, 0, 7, 451.41, 2091252, 260, 60, 0
4654, 29, 407, 496, 0, 0, 63.88%, 7, 0, 7, 429.64, 2093369, 260, 60, 0
4659, 30, 136, 496, 0, 0, 63.88%, 7, 0, 7, 430.06, 2095616, 260, 60, 0
4664, 30, 459, 496, 0, 0, 63.88%, 7, 0, 7, 436.69, 2097862, 260, 60, 0
4669, 30, 416, 496, 0, 0, 63.88%, 7, 0, 7, 448.90, 2100131, 260, 61, 0
4675, 30, 396, 496, 0, 0, 63.88%, 7, 0, 7, 424.91, 2102306, 260, 61, 0
4680, 30, 62, 496, 0, 0, 63.88%, 7, 0, 7, 461.75, 2104640, 260, 61, 0
4685, 30, 431, 496, 0, 0, 63.88%, 7, 0, 7, 452.05, 2106856, 260, 61, 0
4690, 30, 143, 496, 0, 0, 63.88%, 7, 0, 7, 466.26, 2109270, 260, 63, 0
4695, 30, 347, 496, 0, 0, 63.88%, 7, 0, 7, 465.23, 2111653, 260, 63, 0
4700, 30, 305, 496, 0, 0, 63.88%, 7, 0, 7, 449.79, 2113966, 260, 63, 0
4705, 30, 70, 496, 0, 0, 63.88%, 7, 0, 7, 450.91, 2116216, 260, 63, 0
4710, 30, 70, 496, 0, 0, 63.88%, 7, 0, 7, 472.81, 2118664, 260, 64, 0
4715, 30, 459, 496, 0, 0, 63.88%, 7, 0, 7, 460.80, 2120963, 260, 64, 0
4720, 30, 481, 496, 0, 0, 63.88%, 7, 0, 7, 464.95, 2123325, 260, 64, 0
4725, 30, 485, 496, 0, 0, 63.88%, 7, 0, 7, 454.67, 2125574, 260, 64, 0
4731, 30, 456, 496, 0, 0, 63.88%, 7, 0, 7, 453.03, 2127965, 260, 64, 0
4736, 30, 70, 496, 0, 0, 63.88%, 7, 0, 7, 450.36, 2130257, 260, 64, 0
4741, 30, 47, 496, 0, 0, 63.88%, 7, 0, 7, 453.67, 2132664, 260, 64, 0
4746, 30, 217, 496, 0, 0, 63.88%, 7, 0, 7, 454.24, 2134946, 260, 64, 0
4751, 30, 305, 496, 0, 0, 63.88%, 7, 0, 7, 435.16, 2137100, 260, 64, 0
4756, 30, 481, 496, 0, 0, 63.88%, 7, 0, 7, 428.86, 2139281, 260, 64, 0
4761, 30, 376, 496, 0, 0, 63.88%, 7, 0, 7, 453.95, 2141599, 260, 64, 0
4766, 30, 481, 496, 0, 0, 63.88%, 7, 0, 7, 427.22, 2143691, 260, 64, 0
4771, 30, 158, 496, 0, 0, 63.88%, 7, 0, 7, 442.17, 2145913, 260, 64, 0
4776, 30, 481, 496, 0, 0, 63.88%, 7, 0, 7, 445.16, 2148075, 260, 64, 0
4781, 30, 481, 496, 0, 0, 63.88%, 7, 0, 7, 452.55, 2150370, 260, 64, 0
4787, 30, 459, 496, 0, 0, 63.88%, 7, 0, 7, 446.36, 2152647, 260, 64, 0
4792, 30, 469, 496, 0, 0, 63.88%, 7, 0, 7, 441.20, 2154876, 260, 65, 0
4797, 30, 415, 496, 0, 0, 63.88%, 7, 0, 7, 444.30, 2157169, 260, 65, 0
4802, 31, 157, 496, 0, 0, 63.88%, 7, 0, 7, 448.59, 2159478, 260, 65, 0
4807, 31, 125, 496, 0, 0, 63.88%, 7, 0, 7, 456.29, 2161735, 260, 65, 0
4812, 31, 396, 496, 0, 0, 63.88%, 7, 0, 7, 443.95, 2163914, 260, 65, 0
4817, 31, 129, 496, 0, 0, 63.88%, 7, 0, 7, 448.55, 2166155, 260, 65, 0
4822, 31, 264, 496, 0, 0, 63.88%, 7, 0, 7, 443.54, 2168433, 260, 65, 0
4827, 31, 217, 496, 0, 0, 63.88%, 7, 0, 7, 427.15, 2170656, 260, 65, 0
4832, 31, 459, 496, 0, 0, 63.88%, 7, 0, 7, 446.47, 2172970, 260, 65, 0
4837, 31, 8, 496, 0, 0, 63.88%, 7, 0, 7, 452.44, 2175228, 260, 66, 0
4842, 31, 305, 496, 0, 0, 63.88%, 7, 0, 7, 446.69, 2177460, 260, 66, 0
4848, 31, 125, 496, 0, 0, 63.88%, 7, 0, 7, 449.86, 2179696, 260, 66, 0
4853, 31, 125, 496, 0, 0, 63.88%, 7, 0, 7, 449.96, 2181971, 260, 66, 0
4858, 31, 332, 496, 0, 0, 63.88%, 7, 0, 7, 457.69, 2184266, 260, 66, 0
4863, 31, 244, 496, 0, 0, 63.88%, 7, 0, 7, 457.77, 2186538, 260, 66, 0
4868, 31, 459, 496, 0, 0, 63.88%, 7, 0, 7, 455.21, 2188814, 260, 66, 0
4873, 31, 110, 496, 0, 0, 63.88%, 7, 0, 7, 436.23, 2191012, 260, 66, 0
4878, 31, 411, 496, 0, 0, 63.88%, 7, 0, 7, 429.46, 2193146, 260, 66, 0
4883, 31, 157, 496, 0, 0, 63.88%, 7, 0, 7, 416.77, 2195282, 260, 66, 0
4888, 31, 217, 496, 0, 0, 63.88%, 7, 0, 7, 436.96, 2197494, 260, 66, 0
4893, 31, 170, 496, 0, 0, 63.88%, 7, 0, 7, 427.88, 2199662, 260, 66, 0
4898, 31, 8, 496, 0, 0, 63.88%, 7, 0, 7, 431.38, 2201838, 260, 66, 0
4903, 31, 459, 496, 0, 0, 63.88%, 7, 0, 7, 427.53, 2204000, 260, 66, 0
4908, 31, 481, 496, 0, 0, 63.88%, 7, 0, 7, 472.39, 2206402, 260, 66, 0
4913, 31, 332, 496, 0, 0, 63.88%, 7, 0, 7, 458.09, 2208630, 260, 66, 0
4918, 31, 101, 496, 0, 0, 63.88%, 7, 0, 7, 426.13, 2210736, 260, 66, 0
4924, 31, 332, 496, 0, 0, 63.88%, 7, 0, 7, 421.90, 2212879, 260, 66, 0
4929, 31, 230, 496, 0, 0, 63.88%, 7, 0, 7, 465.04, 2215325, 260, 66, 0
4934, 31, 442, 496, 0, 0, 63.88%, 7, 0, 7, 450.46, 2217543, 260, 66, 0
4939, 32, 456, 496, 0, 0, 63.88%, 7, 0, 7, 433.72, 2219781, 260, 66, 0
4944, 32, 157, 496, 0, 0, 63.88%, 7, 0, 7, 439.00, 2222025, 260, 66, 0
4949, 32, 481, 496, 0, 0, 63.88%, 7, 0, 7, 447.25, 2224230, 260, 66, 0
4954, 32, 82, 496, 0, 0, 63.88%, 8, 0, 7, 462.88, 2226581, 260, 67, 0
4959, 32, 416, 496, 0, 0, 63.88%, 8, 0, 7, 452.73, 2228833, 260, 67, 0
4964, 32, 70, 496, 0, 0, 63.88%, 8, 0, 7, 459.25, 2231147, 260, 67, 0
4969, 32, 481, 496, 0, 0, 63.88%, 8, 0, 7, 476.03, 2233557, 260, 67, 0
4974, 32, 62, 496, 0, 0, 63.88%, 8, 0, 7, 458.63, 2235972, 260, 67, 0
4980, 32, 369, 496, 0, 0, 63.88%, 8, 0, 7, 432.19, 2238185, 260, 67, 0
4985, 32, 494, 497, 1, 0, 63.88%, 8, 0, 7, 421.72, 2240292, 260, 67, 0
4990, 32, 481, 497, 1, 0, 63.88%, 8, 0, 7, 435.02, 2242523, 260, 67, 0
4995, 32, 217, 497, 1, 0, 63.88%, 8, 0, 7, 442.55, 2244768, 260, 67, 0
5000, 32, 496, 499, 3, 0, 63.88%, 8, 0, 7, 438.15, 2246983, 260, 67, 0
5005, 32, 449, 499, 2, 0, 63.88%, 8, 0, 7, 426.05, 2249120, 260, 67, 0
5010, 32, 497, 500, 3, 0, 63.88%, 8, 0, 7, 438.36, 2251419, 260, 67, 0
5015, 32, 446, 500, 2, 0, 63.88%, 8, 0, 7, 440.78, 2253596, 260, 67, 0
5020, 32, 125, 500, 2, 0, 63.88%, 8, 0, 7, 414.02, 2255670, 260, 67, 0
5025, 32, 431, 500, 1, 0, 63.88%, 8, 0, 7, 451.67, 2257953, 260, 67, 0
5030, 32, 398, 500, 1, 0, 63.88%, 8, 0, 7, 439.85, 2260231, 260, 67, 0
5035, 32, 62, 500, 1, 0, 63.88%, 8, 0, 7, 411.25, 2262264, 260, 67, 0
5040, 32, 459, 500, 1, 0, 63.88%, 8, 0, 7, 431.53, 2264502, 260, 67, 0
5045, 32, 499, 500, 1, 0, 63.88%, 8, 0, 7, 428.92, 2266659, 260, 67, 0
5050, 32, 217, 501, 1, 0, 63.88%, 8, 0, 7, 460.03, 2269023, 260, 67, 0
5056, 32, 154, 501, 1, 0, 63.88%, 8, 0, 7, 433.83, 2271203, 260, 67, 0
5061, 32, 362, 501, 1, 0, 63.88%, 8, 0, 7, 449.70, 2273518, 260, 68, 0
5066, 32, 431, 501, 1, 0, 63.88%, 8, 0, 7, 436.91, 2275753, 260, 68, 0
5071, 32, 500, 502, 2, 0, 63.88%, 8, 0, 7, 448.98, 2278111, 260, 68, 0
5076, 32, 481, 502, 1, 0, 63.88%, 8, 0, 7, 463.48, 2280495, 260, 68, 0
5081, 32, 501, 502, 1, 0, 63.88%, 8, 0, 7, 405.67, 2282529, 260, 68, 0
5086, 32, 481, 502, 0, 0, 63.88%, 8, 0, 7, 432.10, 2284714, 260, 68, 0
5091, 32, 481, 502, 0, 0, 63.88%, 8, 0, 7, 443.25, 2286977, 260, 69, 0
5096, 32, 481, 502, 0, 0, 63.88%, 8, 0, 7, 485.76, 2289462, 260, 69, 0
5101, 32, 289, 502, 0, 0, 63.88%, 8, 0, 7, 457.72, 2291788, 260, 69, 0
5106, 33, 360, 502, 0, 0, 63.88%, 8, 0, 7, 475.46, 2294173, 260, 70, 0
5111, 33, 456, 502, 0, 0, 63.88%, 8, 0, 7, 465.79, 2296503, 260, 70, 0
5116, 33, 217, 502, 0, 0, 63.88%, 8, 0, 7, 436.20, 2298695, 260, 70, 0
5121, 33, 319, 502, 0, 0, 63.88%, 8, 0, 7, 447.14, 2300969, 260, 70, 0
5126, 33, 47, 502, 0, 0, 63.88%, 8, 0, 7, 461.30, 2303265, 260, 70, 0
5132, 33, 264, 502, 0, 0, 63.88%, 8, 0, 7, 450.48, 2305533, 260, 70, 0
5137, 33, 362, 502, 0, 0, 63.88%, 8, 0, 7, 456.94, 2307827, 260, 70, 0
5142, 33, 487, 502, 0, 0, 63.88%, 8, 0, 7, 445.18, 2310081, 260, 70, 0
5147, 33, 77, 502, 0, 0, 63.88%, 8, 0, 7, 448.91, 2312329, 260, 70, 0
5152, 33, 327, 502, 0, 0, 63.88%, 8, 0, 7, 458.94, 2314679, 260, 70, 0
5157, 33, 384, 502, 0, 0, 63.88%, 8, 0, 7, 446.07, 2316954, 260, 70, 0
5162, 33, 432, 502, 0, 0, 63.88%, 8, 0, 7, 442.09, 2319190, 260, 70, 0
5167, 33, 266, 502, 0, 0, 63.88%, 8, 0, 7, 433.57, 2321351, 260, 70, 0
5172, 33, 337, 502, 0, 0, 63.88%, 8, 0, 7, 449.39, 2323588, 260, 70, 0
5177, 33, 451, 502, 0, 0, 63.88%, 8, 0, 7, 444.12, 2325871, 260, 70, 0
5182, 33, 136, 502, 0, 0, 63.88%, 8, 0, 7, 457.42, 2328210, 260, 70, 0
5187, 33, 482, 502, 0, 0, 63.88%, 8, 0, 7, 445.90, 2330494, 260, 70, 0
5192, 33, 362, 502, 0, 0, 63.88%, 8, 0, 7, 431.96, 2332669, 260, 70, 0
5197, 33, 217, 502, 0, 0, 63.88%, 8, 0, 7, 416.72, 2334792, 260, 70, 0
5202, 33, 469, 502, 0, 0, 63.88%, 8, 0, 7, 454.91, 2337175, 260, 70, 0
5207, 33, 253, 502, 0, 0, 63.88%, 8, 0, 7, 455.65, 2339522, 260, 70, 0
5213, 33, 481, 502, 0, 0, 63.88%, 8, 0, 7, 451.84, 2341816, 260, 70, 0
5218, 33, 432, 502, 0, 0, 63.88%, 8, 0, 7, 475.50, 2344265, 260, 70, 0
5223, 33, 21, 502, 0, 0, 63.88%, 8, 0, 7, 444.18, 2346529, 260, 70, 0
5228, 33, 82, 502, 0, 0, 63.88%, 8, 0, 7, 435.98, 2348801, 260, 70, 0
5233, 33, 150, 502, 0, 0, 63.88%, 8, 0, 7, 428.97, 2350971, 260, 70, 0
5238, 34, 369, 502, 0, 0, 63.88%, 8, 0, 7, 449.64, 2353295, 260, 70, 0
5243, 34, 319, 502, 0, 0, 63.88%, 8, 0, 7, 437.77, 2355467, 260, 71, 0
5248, 34, 414, 502, 0, 0, 63.88%, 8, 0, 7, 447.73, 2357784, 260, 71, 0
5253, 34, 13, 502, 0, 0, 63.88%, 8, 0, 7, 445.20, 2360048, 260, 71, 0
5259, 34, 369, 502, 0, 0, 63.88%, 8, 0, 7, 459.18, 2362367, 260, 71, 0
5264, 34, 289, 502, 0, 0, 63.88%, 8, 0, 7, 437.07, 2364538, 260, 76, 0
5269, 34, 157, 502, 0, 0, 63.88%, 8, 0, 7, 452.82, 2366826, 260, 76, 0
5274, 34, 62, 502, 0, 0, 63.88%, 8, 0, 7, 451.00, 2369064, 260, 76, 0
5279, 34, 332, 502, 0, 0, 63.88%, 8, 0, 7, 440.52, 2371407, 260, 76, 0
5284, 34, 412, 502, 0, 0, 63.88%, 8, 0, 7, 445.13, 2373628, 260, 77, 0
5289, 34, 16, 502, 0, 0, 63.88%, 8, 0, 7, 433.36, 2375813, 260, 77, 0
5294, 34, 136, 502, 0, 0, 63.88%, 8, 0, 7, 466.59, 2378119, 260, 77, 0
5299, 34, 253, 502, 0, 0, 63.88%, 8, 0, 7, 449.92, 2380398, 260, 77, 0
5304, 34, 136, 502, 0, 0, 63.88%, 8, 0, 7, 457.03, 2382692, 260, 77, 0
5309, 34, 390, 502, 0, 0, 63.88%, 8, 0, 7, 460.90, 2384999, 260, 77, 0
5315, 34, 125, 502, 0, 0, 63.88%, 8, 0, 7, 442.10, 2387244, 260, 77, 0
5320, 34, 264, 502, 0, 0, 63.88%, 8, 0, 7, 452.67, 2389486, 260, 77, 0
5325, 34, 459, 502, 0, 0, 63.88%, 8, 0, 7, 455.80, 2391751, 260, 77, 0
5330, 34, 481, 502, 0, 0, 63.88%, 8, 0, 7, 441.48, 2393975, 260, 77, 0
5335, 34, 499, 502, 0, 0, 63.88%, 8, 0, 7, 432.26, 2396180, 260, 77, 0
5340, 34, 264, 502, 0, 0, 63.88%, 8, 0, 7, 469.30, 2398565, 260, 77, 0
5345, 34, 501, 502, 0, 0, 63.88%, 8, 0, 7, 457.42, 2400844, 260, 77, 0
5350, 34, 220, 502, 0, 0, 63.88%, 8, 0, 7, 430.35, 2402986, 260, 78, 0
5355, 34, 476, 502, 0, 0, 63.88%, 8, 0, 7, 455.47, 2405307, 260, 78, 0
5360, 34, 459, 502, 0, 0, 63.88%, 8, 0, 7, 477.71, 2407457, 260, 78, 0
5365, 34, 217, 502, 0, 0, 63.88%, 8, 0, 7, 462.42, 2409764, 260, 78, 0
5370, 34, 230, 502, 0, 0, 63.88%, 8, 0, 7, 461.29, 2412045, 260, 78, 0
5375, 34, 157, 502, 0, 0, 63.88%, 8, 0, 7, 463.60, 2414426, 260, 79, 0
5380, 34, 217, 502, 0, 0, 63.88%, 8, 0, 7, 484.69, 2416805, 260, 79, 0
5385, 35, 303, 502, 0, 0, 63.88%, 8, 0, 7, 427.00, 2418914, 260, 80, 0
5391, 35, 432, 502, 0, 0, 63.88%, 8, 0, 7, 448.54, 2421131, 260, 80, 0
5396, 35, 362, 502, 0, 0, 63.88%, 8, 0, 7, 475.61, 2423512, 260, 80, 0
5401, 35, 306, 502, 0, 0, 63.88%, 8, 0, 7, 462.75, 2425806, 260, 80, 0
5406, 35, 100, 502, 0, 0, 63.88%, 8, 0, 7, 456.17, 2428084, 260, 80, 0
5411, 35, 157, 502, 0, 0, 63.88%, 8, 0, 7, 456.31, 2430389, 260, 82, 0
5416, 35, 264, 502, 0, 0, 63.88%, 8, 0, 7, 449.88, 2432671, 260, 82, 0
5421, 35, 459, 502, 0, 0, 63.88%, 8, 0, 7, 421.25, 2434778, 260, 82, 0
5426, 35, 214, 502, 0, 0, 63.88%, 8, 0, 7, 431.24, 2436905, 260, 82, 0
5431, 35, 416, 502, 0, 0, 63.88%, 8, 0, 7, 427.82, 2439162, 260, 82, 0
5436, 35, 66, 502, 0, 0, 63.88%, 8, 0, 7, 422.76, 2441337, 260, 83, 0
5441, 35, 423, 502, 0, 0, 63.88%, 8, 0, 7, 440.91, 2443624, 260, 83, 0
5446, 35, 459, 502, 0, 0, 63.88%, 8, 0, 7, 437.95, 2445866, 260, 83, 0
5451, 35, 414, 502, 0, 0, 63.88%, 8, 0, 7, 451.51, 2448135, 260, 83, 0
5456, 35, 8, 502, 0, 0, 63.88%, 8, 0, 7, 427.70, 2450283, 260, 83, 0
5461, 35, 432, 502, 0, 0, 63.88%, 8, 0, 7, 435.12, 2452514, 260, 83, 0
5466, 35, 157, 502, 0, 0, 63.88%, 8, 0, 7, 444.40, 2454788, 260, 83, 0
5471, 35, 92, 502, 0, 0, 63.88%, 8, 0, 7, 430.63, 2456975, 260, 83, 0
5477, 35, 481, 502, 0, 0, 63.88%, 8, 0, 7, 433.37, 2459255, 260, 83, 0
5482, 35, 481, 502, 0, 0, 63.88%, 8, 0, 7, 451.28, 2461576, 260, 83, 0
5487, 35, 411, 502, 0, 0, 63.88%, 8, 0, 7, 483.11, 2463981, 260, 84, 0
5492, 35, 481, 502, 0, 0, 63.88%, 8, 0, 7, 466.82, 2466291, 260, 84, 0
5497, 35, 481, 502, 0, 0, 63.88%, 8, 0, 7, 441.37, 2468475, 260, 85, 0
5502, 35, 77, 502, 0, 0, 63.88%, 8, 0, 7, 424.27, 2470600, 260, 85, 0
5507, 35, 319, 502, 0, 0, 63.88%, 8, 0, 7, 428.52, 2472809, 260, 85, 0
5512, 35, 451, 502, 0, 0, 63.88%, 8, 0, 7, 395.42, 2474809, 260, 85, 0
5517, 35, 432, 502, 0, 0, 63.88%, 8, 0, 7, 474.29, 2477291, 260, 85, 0
5522, 36, 217, 502, 0, 0, 63.88%, 8, 0, 7, 467.23, 2479656, 260, 85, 0
5527, 36, 481, 502, 0, 0, 63.88%, 8, 0, 7, 487.63, 2482085, 260, 85, 0
5532, 36, 412, 502, 0, 0, 63.88%, 8, 0, 7, 447.72, 2484288, 260, 85, 0
5538, 36, 411, 502, 0, 0, 63.88%, 8, 0, 7, 440.16, 2486659, 260, 85, 0
5543, 36, 125, 502, 0, 0, 63.88%, 8, 0, 7, 431.97, 2488813, 260, 85, 0
5548, 36, 459, 502, 0, 0, 63.88%, 8, 0, 7, 448.17, 2491102, 260, 85, 0
5553, 36, 253, 502, 0, 0, 63.88%, 8, 0, 7, 442.49, 2493346, 260, 85, 0
5558, 36, 265, 502, 0, 0, 63.88%, 8, 0, 7, 443.75, 2495616, 260, 85, 0
5563, 36, 295, 502, 0, 0, 63.88%, 8, 0, 7, 463.59, 2497898, 260, 85, 0
5568, 36, 119, 502, 0, 0, 63.88%, 8, 0, 7, 453.05, 2500166, 260, 85, 0
5573, 36, 62, 502, 0, 0, 63.88%, 8, 0, 7, 457.72, 2502468, 260, 86, 0
5578, 36, 416, 502, 0, 0, 63.88%, 8, 0, 7, 448.34, 2504732, 260, 86, 0
5583, 36, 136, 502, 0, 0, 63.88%, 8, 0, 7, 460.27, 2507040, 260, 86, 0
5588, 36, 328, 502, 0, 0, 63.88%, 8, 0, 7, 469.17, 2509403, 260, 86, 0
5593, 36, 500, 502, 0, 0, 63.88%, 8, 0, 7, 451.53, 2511683, 260, 86, 0
5598, 36, 459, 502, 0, 0, 63.88%, 8, 0, 7, 475.54, 2514078, 260, 86, 0
5603, 36, 481, 502, 0, 0, 63.88%, 8, 0, 7, 444.34, 2516276, 260, 86, 0
5608, 36, 272, 502, 0, 0, 63.88%, 8, 0, 7, 446.30, 2518572, 260, 86, 0
5614, 36, 236, 502, 0, 0, 63.88%, 8, 0, 7, 447.47, 2520866, 260, 86, 0
5619, 36, 481, 502, 0, 0, 63.88%, 8, 0, 7, 442.44, 2523072, 260, 86, 0
5624, 36, 8, 502, 0, 0, 63.88%, 8, 0, 7, 467.28, 2525465, 260, 88, 0
5629, 36, 481, 502, 0, 0, 63.88%, 8, 0, 7, 436.25, 2527565, 260, 88, 0
5634, 36, 411, 502, 0, 0, 63.88%, 8, 0, 7, 440.66, 2529762, 260, 88, 0
5639, 36, 459, 502, 0, 0, 63.88%, 8, 0, 7, 442.24, 2531972, 260, 88, 0
5644, 36, 415, 502, 0, 0, 63.88%, 8, 0, 7, 432.81, 2534173, 260, 88, 0
5649, 36, 125, 502, 0, 0, 63.88%, 8, 0, 7, 436.94, 2536349, 260, 88, 0
5654, 36, 434, 502, 0, 0, 63.88%, 8, 0, 7, 436.62, 2538471, 260, 88, 0
5659, 36, 340, 502, 0, 0, 63.88%, 8, 0, 7, 417.01, 2540555, 260, 88, 0
5664, 36, 401, 502, 0, 0, 63.88%, 8, 0, 7, 437.98, 2542779, 260, 88, 0
5669, 36, 319, 502, 0, 0, 63.88%, 8, 0, 7, 454.49, 2545041, 260, 88, 0
5674, 37, 481, 502, 0, 0, 63.88%, 8, 0, 7, 438.36, 2547209, 260, 88, 0
5679, 37, 13, 502, 0, 0, 63.88%, 8, 0, 7, 429.63, 2549341, 260, 88, 0
5684, 37, 481, 502, 0, 0, 63.88%, 8, 0, 7, 462.68, 2551718, 260, 88, 0
5689, 37, 398, 502, 0, 0, 63.88%, 8, 0, 7, 456.26, 2554037, 260, 88, 0
5694, 37, 22, 502, 0, 0, 63.88%, 8, 0, 7, 455.99, 2556329, 260, 88, 0
5700, 37, 459, 502, 0, 0, 63.88%, 8, 0, 7, 428.09, 2558503, 260, 88, 0
5705, 37, 230, 502, 0, 0, 63.88%, 8, 0, 7, 443.40, 2560751, 260, 88, 0
5710, 37, 170, 502, 0, 0, 63.88%, 8, 0, 7, 449.83, 2563028, 260, 88, 0
5715, 37, 217, 502, 0, 0, 63.88%, 8, 0, 7, 441.73, 2565240, 260, 88, 0
5720, 37, 332, 502, 0, 0, 63.88%, 8, 0, 7, 478.70, 2567653, 260, 88, 0
5725, 37, 501, 502, 0, 0, 63.88%, 8, 0, 7, 416.10, 2569743, 260, 88, 0
5730, 37, 219, 502, 0, 0, 63.88%, 8, 0, 7, 431.43, 2571902, 260, 88, 0
5735, 37, 253, 502, 0, 0, 63.88%, 8, 0, 7, 454.66, 2574291, 260, 88, 0
5740, 37, 376, 502, 0, 0, 63.88%, 8, 0, 7, 475.50, 2576723, 260, 88, 0
5745, 37, 402, 502, 0, 0, 63.88%, 8, 0, 7, 430.14, 2578843, 260, 88, 0
5750, 37, 125, 502, 0, 0, 63.88%, 8, 0, 7, 421.90, 2580969, 260, 88, 0
5755, 37, 427, 502, 0, 0, 63.88%, 8, 0, 7, 437.50, 2583147, 260, 88, 0
5760, 37, 217, 502, 0, 0, 63.88%, 8, 0, 7, 455.12, 2585444, 260, 88, 0
5766, 37, 327, 502, 0, 0, 63.88%, 8, 0, 7, 450.39, 2587718, 260, 88, 0
5771, 37, 460, 502, 0, 0, 63.88%, 8, 0, 7, 465.98, 2590078, 260, 88, 0
5776, 37, 411, 502, 0, 0, 63.88%, 8, 0, 7, 471.99, 2592471, 260, 88, 0
5781, 37, 398, 502, 0, 0, 63.88%, 8, 0, 7, 436.27, 2594662, 260, 88, 0
5786, 37, 27, 502, 0, 0, 63.88%, 8, 0, 7, 427.84, 2596897, 260, 88, 0
5791, 37, 411, 502, 0, 0, 63.88%, 8, 0, 7, 433.70, 2599101, 260, 88, 0
5796, 37, 125, 502, 0, 0, 63.88%, 8, 0, 7, 457.17, 2601406, 260, 88, 0
5801, 37, 305, 502, 0, 0, 63.88%, 8, 0, 7, 446.99, 2603706, 260, 88, 0
5806, 37, 481, 502, 0, 0, 63.88%, 8, 0, 7, 428.61, 2605924, 260, 88, 0
5811, 37, 61, 502, 0, 0, 63.88%, 8, 0, 7, 442.75, 2608134, 260, 88, 0
5816, 37, 415, 502, 0, 0, 63.88%, 8, 0, 7, 452.32, 2610467, 260, 89, 0
5821, 37, 332, 502, 0, 0, 63.88%, 8, 0, 7, 447.96, 2612818, 260, 89, 0
5827, 38, 183, 502, 0, 0, 63.88%, 8, 0, 7, 460.96, 2615178, 260, 89, 0
5832, 38, 136, 502, 0, 0, 63.88%, 8, 0, 7, 344.69, 2616807, 260, 89, 0
5837, 38, 125, 502, 0, 0, 63.88%, 8, 0, 7, 327.97, 2618444, 260, 89, 0
5842, 38, 103, 502, 0, 0, 63.88%, 8, 0, 7, 322.33, 2620062, 260, 89, 0
5847, 38, 481, 502, 0, 0, 63.88%, 8, 0, 7, 299.89, 2621567, 260, 89, 0
5852, 38, 434, 502, 0, 0, 63.88%, 8, 0, 7, 308.87, 2623176, 260, 89, 0
5857, 38, 217, 502, 0, 0, 63.88%, 8, 0, 7, 304.04, 2624693, 260, 89, 0
5862, 38, 305, 502, 0, 0, 63.88%, 8, 0, 7, 285.44, 2626143, 260, 89, 0
5867, 38, 411, 502, 0, 0, 63.88%, 8, 0, 7, 301.69, 2627698, 260, 89, 0
5872, 38, 322, 502, 0, 0, 63.88%, 8, 0, 7, 292.30, 2629162, 260, 89, 0
5877, 38, 217, 502, 0, 0, 63.88%, 8, 0, 7, 308.93, 2630760, 260, 89, 0
5883, 38, 234, 502, 0, 0, 63.88%, 8, 0, 7, 324.72, 2632385, 260, 89, 0
5888, 38, 11, 502, 0, 0, 63.88%, 8, 0, 7, 359.09, 2634265, 260, 89, 0
5893, 38, 228, 502, 0, 0, 63.88%, 8, 0, 7, 402.27, 2636389, 260, 89, 0
5898, 38, 431, 502, 0, 0, 63.88%, 8, 0, 7, 382.73, 2638295, 260, 89, 0
5903, 38, 500, 502, 0, 0, 63.88%, 8, 0, 7, 390.94, 2640294, 260, 89, 0
5908, 38, 170, 502, 0, 0, 63.88%, 8, 0, 7, 395.87, 2642317, 260, 89, 0
5913, 38, 332, 502, 0, 0, 63.88%, 8, 0, 7, 389.79, 2644309, 260, 89, 0
5918, 38, 80, 502, 0, 0, 63.88%, 8, 0, 7, 397.03, 2646331, 260, 89, 0
5923, 38, 8, 502, 0, 0, 63.88%, 8, 0, 7, 372.06, 2648272, 260, 89, 0
5928, 38, 416, 502, 0, 0, 63.88%, 8, 0, 7, 374.86, 2650136, 260, 90, 0
5933, 38, 459, 502, 0, 0, 63.88%, 8, 0, 7, 346.86, 2651820, 260, 91, 0
5939, 38, 258, 502, 0, 0, 63.88%, 8, 0, 7, 377.83, 2653764, 260, 91, 0
5944, 38, 157, 502, 0, 0, 63.88%, 8, 0, 7, 343.30, 2655451, 260, 91, 0
5949, 38, 269, 502, 0, 0, 63.88%, 8, 0, 7, 346.03, 2657228, 260, 91, 0
5954, 38, 415, 502, 0, 0, 63.88%, 8, 0, 7, 366.95, 2659057, 260, 91, 0
5959, 38, 253, 502, 0, 0, 63.88%, 8, 0, 7, 375.37, 2660948, 260, 91, 0
5964, 38, 459, 502, 0, 0, 63.88%, 8, 0, 7, 342.52, 2662670, 260, 91, 0
5969, 38, 446, 502, 0, 0, 63.88%, 8, 0, 7, 326.26, 2664340, 260, 91, 0
5974, 38, 416, 502, 0, 0, 63.88%, 8, 0, 7, 343.81, 2666157, 260, 91, 0
5979, 38, 8, 502, 0, 0, 63.88%, 8, 0, 7, 358.78, 2668015, 260, 91, 0
5984, 38, 440, 502, 0, 0, 63.88%, 8, 0, 7, 434.67, 2670210, 260, 91, 0
5989, 38, 264, 502, 0, 0, 63.88%, 8, 0, 7, 447.24, 2672507, 260, 91, 0
5995, 38, 306, 502, 0, 0, 63.88%, 8, 0, 7, 466.23, 2674949, 260, 91, 0
6000, 39, 143, 502, 0, 0, 63.88%, 8, 0, 7, 465.05, 2677251, 260, 91, 0
6005, 39, 465, 502, 0, 0, 63.88%, 8, 0, 7, 445.79, 2679475, 260, 91, 0
6010, 39, 77, 502, 0, 0, 63.88%, 8, 0, 7, 435.03, 2681689, 260, 91, 0
6015, 39, 414, 502, 0, 0, 63.88%, 8, 0, 7, 425.62, 2683841, 260, 91, 0
6020, 39, 318, 502, 0, 0, 63.88%, 8, 0, 7, 434.58, 2686153, 260, 91, 0
6025, 39, 125, 502, 0, 0, 63.88%, 8, 0, 7, 450.20, 2688407, 260, 91, 0
6030, 39, 495, 502, 0, 0, 63.88%, 8, 0, 7, 461.87, 2690724, 260, 91, 0
6035, 39, 390, 502, 0, 0, 63.88%, 8, 0, 7, 459.42, 2692995, 260, 92, 0
6040, 39, 404, 502, 0, 0, 63.88%, 9, 0, 7, 445.24, 2695213, 260, 93, 0
6045, 39, 369, 502, 0, 0, 63.88%, 9, 0, 7, 435.60, 2697386, 260, 93, 0
6050, 39, 265, 502, 0, 0, 63.88%, 9, 0, 7, 468.00, 2699725, 260, 93, 0
6055, 39, 158, 502, 0, 0, 63.88%, 9, 0, 7, 442.95, 2701947, 260, 97, 0
6060, 39, 319, 502, 0, 0, 63.88%, 9, 0, 7, 429.59, 2704080, 260, 97, 0
6065, 39, 78, 502, 0, 0, 63.88%, 9, 0, 7, 442.35, 2706335, 260, 97, 0
6070, 39, 481, 502, 0, 0, 63.88%, 9, 0, 7, 452.29, 2708698, 260, 98, 0
6075, 39, 481, 502, 0, 0, 63.88%, 9, 0, 7, 447.06, 2710999, 260, 98, 0
6080, 39, 456, 502, 0, 0, 63.88%, 9, 0, 7, 470.29, 2713373, 260, 98, 0
6086, 39, 455, 502, 0, 0, 63.88%, 9, 0, 7, 464.45, 2715744, 260, 98, 0
6091, 39, 481, 502, 0, 0, 63.88%, 9, 0, 7, 431.78, 2717922, 260, 98, 0
6096, 39, 47, 502, 0, 0, 63.88%, 9, 0, 7, 462.95, 2720184, 260, 98, 0
6101, 39, 14, 502, 0, 0, 63.88%, 9, 0, 7, 453.47, 2722401, 260, 98, 0
6106, 39, 434, 502, 0, 0, 63.88%, 9, 0, 7, 454.70, 2724756, 260, 98, 0
6111, 39, 305, 502, 0, 0, 63.88%, 9, 0, 7, 462.11, 2727085, 260, 98, 0
6116, 39, 344, 502, 0, 0, 63.88%, 9, 0, 7, 453.60, 2729368, 260, 98, 0
6121, 39, 83, 502, 0, 0, 63.88%, 9, 0, 7, 461.96, 2731727, 260, 99, 0
6126, 39, 481, 502, 0, 0, 63.88%, 9, 0, 7, 471.35, 2734098, 260, 100, 0
6131, 39, 306, 502, 0, 0, 63.88%, 9, 0, 7, 481.93, 2736541, 260, 100, 0
6136, 39, 299, 502, 0, 0, 63.88%, 9, 0, 7, 474.82, 2738891, 260, 100, 0
6141, 39, 289, 502, 0, 0, 63.88%, 9, 0, 7, 449.49, 2741172, 260, 100, 0
6146, 39, 456, 502, 0, 0, 63.88%, 9, 0, 7, 455.11, 2743524, 260, 100, 0
6151, 40, 157, 502, 0, 0, 63.88%, 9, 0, 7, 471.02, 2745914, 260, 100, 0
6156, 40, 217, 502, 0, 0, 63.88%, 9, 0, 7, 453.13, 2748149, 260, 100, 0
6161, 40, 28, 502, 0, 0, 63.88%, 9, 0, 7, 478.11, 2750681, 260, 100, 0
6166, 40, 481, 502, 0, 0, 63.88%, 9, 0, 7, 479.78, 2753068, 260, 100, 0
6172, 40, 412, 502, 0, 0, 63.88%, 9, 0, 7, 480.88, 2755502, 260, 100, 0
6177, 40, 469, 502, 0, 0, 63.88%, 9, 0, 7, 457.56, 2757779, 260, 100, 0
6182, 40, 459, 502, 0, 0, 63.88%, 9, 0, 7, 438.73, 2760038, 260, 100, 0
6187, 40, 481, 502, 0, 0, 63.88%, 9, 0, 7, 454.81, 2762382, 260, 100, 0
6192, 40, 217, 502, 0, 0, 63.88%, 9, 0, 7, 450.20, 2764628, 260, 100, 0
6197, 40, 362, 502, 0, 0, 63.88%, 9, 0, 7, 456.10, 2766928, 260, 100, 0
6202, 40, 77, 502, 0, 0, 63.88%, 9, 0, 7, 434.03, 2769090, 260, 100, 0
6207, 40, 253, 502, 0, 0, 63.88%, 9, 0, 7, 449.32, 2771330, 260, 100, 0
6212, 40, 455, 502, 0, 0, 63.88%, 9, 0, 7, 432.00, 2773551, 260, 100, 0
6217, 40, 253, 502, 0, 0, 63.88%, 9, 0, 7, 432.00, 2775737, 260, 100, 0
6222, 40, 217, 502, 0, 0, 63.88%, 9, 0, 7, 442.73, 2777979, 260, 100, 0
6227, 40, 150, 502, 0, 0, 63.88%, 9, 0, 7, 433.96, 2780180, 260, 100, 0
6233, 40, 481, 502, 0, 0, 63.88%, 9, 0, 7, 442.05, 2782425, 260, 100, 0
6238, 40, 414, 502, 0, 0, 63.88%, 9, 0, 7, 475.67, 2784786, 260, 100, 0
6243, 40, 481, 502, 0, 0, 63.88%, 9, 0, 7, 431.14, 2786884, 260, 100, 0
6248, 40, 230, 502, 0, 0, 63.88%, 9, 0, 7, 435.17, 2789106, 260, 100, 0
6253, 40, 411, 502, 0, 0, 63.88%, 9, 0, 7, 453.84, 2791487, 260, 100, 0
6258, 40, 322, 502, 0, 0, 63.88%, 9, 0, 7, 458.69, 2793794, 260, 100, 0
6263, 40, 180, 502, 0, 0, 63.88%, 9, 0, 7, 446.25, 2796123, 260, 100, 0
6268, 40, 450, 502, 0, 0, 63.88%, 9, 0, 7, 456.49, 2798415, 260, 100, 0
6273, 40, 82, 502, 0, 0, 63.88%, 9, 0, 7, 460.66, 2800684, 260, 100, 0
6278, 40, 62, 502, 0, 0, 63.88%, 9, 0, 7, 447.06, 2802923, 260, 100, 0
6283, 40, 172, 502, 0, 0, 63.88%, 9, 0, 7, 459.66, 2805277, 260, 101, 0
6288, 40, 460, 502, 0, 0, 63.88%, 9, 0, 7, 504.10, 2807836, 260, 101, 0
6293, 40, 459, 502, 0, 0, 63.88%, 9, 0, 7, 470.45, 2810167, 260, 101, 0
6298, 41, 416, 502, 0, 0, 63.88%, 9, 0, 7, 454.96, 2812427, 260, 101, 0
6303, 41, 62, 502, 0, 0, 63.88%, 9, 0, 7, 494.71, 2814949, 260, 101, 0
6308, 41, 70, 502, 0, 0, 63.88%, 9, 0, 7, 468.31, 2817291, 260, 101, 0
6314, 41, 234, 502, 0, 0, 63.88%, 9, 0, 7, 449.11, 2819585, 260, 101, 0
6319, 41, 232, 502, 0, 0, 63.88%, 9, 0, 7, 453.25, 2821879, 260, 103, 0
6324, 41, 157, 502, 0, 0, 63.88%, 9, 0, 7, 478.75, 2824300, 260, 103, 0
6329, 41, 332, 502, 0, 0, 63.88%, 9, 0, 7, 446.65, 2826607, 260, 103, 0
6334, 41, 289, 502, 0, 0, 63.88%, 9, 0, 7, 474.90, 2828960, 260, 103, 0
6339, 41, 434, 502, 0, 0, 63.88%, 9, 0, 7, 464.12, 2831258, 260, 104, 0
6344, 41, 481, 502, 0, 0, 63.88%, 9, 0, 7, 441.54, 2833508, 260, 104, 0
6349, 41, 170, 502, 0, 0, 63.88%, 9, 0, 7, 440.38, 2835766, 260, 104, 0
6354, 41, 173, 502, 0, 0, 63.88%, 9, 0, 7, 448.83, 2837966, 260, 104, 0
6359, 41, 125, 502, 0, 0, 63.88%, 9, 0, 7, 451.00, 2840244, 260, 104, 0
6364, 41, 459, 502, 0, 0, 63.88%, 9, 0, 7, 446.08, 2842601, 260, 104, 0
6369, 41, 481, 502, 0, 0, 63.88%, 9, 0, 7, 458.76, 2844914, 260, 104, 0
6375, 41, 47, 502, 0, 0, 63.88%, 9, 0, 7, 435.31, 2847063, 260, 105, 0
6380, 41, 411, 502, 0, 0, 63.88%, 9, 0, 7, 439.99, 2849338, 260, 105, 0
6385, 41, 332, 502, 0, 0, 63.88%, 9, 0, 7, 433.08, 2851501, 260, 105, 0
6390, 41, 271, 502, 0, 0, 63.88%, 9, 0, 7, 428.46, 2853633, 260, 105, 0
6395, 41, 63, 502, 0, 0, 63.88%, 9, 0, 7, 434.55, 2855876, 260, 105, 0
6400, 41, 469, 502, 0, 0, 63.88%, 9, 0, 7, 437.74, 2858149, 260, 105, 0
6405, 41, 434, 502, 0, 0, 63.88%, 9, 0, 7, 445.23, 2860408, 260, 105, 0
6410, 41, 411, 502, 0, 0, 63.88%, 9, 0, 7, 438.20, 2862640, 260, 105, 0
6415, 41, 319, 502, 0, 0, 63.88%, 9, 0, 7, 448.97, 2864915, 260, 105, 0
6420, 41, 456, 502, 0, 0, 63.88%, 9, 0, 7, 451.60, 2867257, 260, 105, 0
6425, 41, 459, 502, 0, 0, 63.88%, 9, 0, 7, 468.69, 2869633, 260, 105, 0
6430, 41, 432, 502, 0, 0, 63.88%, 9, 0, 7, 438.41, 2871811, 260, 105, 0
6435, 41, 319, 502, 0, 0, 63.88%, 9, 0, 7, 468.31, 2874199, 260, 105, 0
6440, 42, 157, 502, 0, 0, 63.88%, 9, 0, 7, 442.33, 2876391, 260, 105, 0
6445, 42, 82, 502, 0, 0, 63.88%, 9, 0, 7, 478.16, 2878836, 260, 105, 0
6451, 42, 434, 502, 0, 0, 63.88%, 9, 0, 7, 452.03, 2881174, 260, 105, 0
6456, 42, 22, 502, 0, 0, 63.88%, 9, 0, 7, 459.18, 2883578, 260, 105, 0
6461, 42, 289, 502, 0, 0, 63.88%, 9, 0, 7, 420.41, 2885701, 260, 106, 0
6466, 42, 407, 502, 0, 0, 63.88%, 9, 0, 7, 456.71, 2888107, 260, 106, 0
6471, 42, 137, 502, 0, 0, 63.88%, 9, 0, 7, 468.31, 2890512, 260, 106, 0
6476, 42, 77, 502, 0, 0, 63.88%, 9, 0, 7, 454.47, 2892784, 260, 106, 0
6481, 42, 125, 502, 0, 0, 63.88%, 9, 0, 7, 447.13, 2895097, 260, 106, 0
6486, 42, 420, 502, 0, 0, 63.88%, 9, 0, 7, 453.06, 2897363, 260, 106, 0
6491, 42, 431, 502, 0, 0, 63.88%, 9, 0, 7, 478.78, 2899799, 260, 106, 0
6496, 42, 459, 502, 0, 0, 63.88%, 9, 0, 7, 452.25, 2902004, 260, 106, 0
6501, 42, 296, 502, 0, 0, 63.88%, 9, 0, 7, 455.66, 2904376, 260, 106, 0
6507, 42, 8, 502, 0, 0, 63.88%, 9, 0, 7, 453.62, 2906708, 260, 106, 0
6512, 42, 469, 502, 0, 0, 63.88%, 9, 0, 7, 439.83, 2908895, 260, 108, 0
6517, 42, 170, 502, 0, 0, 63.88%, 9, 0, 7, 442.53, 2911180, 260, 108, 0
6522, 42, 415, 502, 0, 0, 63.88%, 9, 0, 7, 462.69, 2913652, 260, 108, 0
6527, 42, 362, 502, 0, 0, 63.88%, 9, 0, 7, 457.83, 2916002, 260, 108, 0
6532, 42, 427, 502, 0, 0, 63.88%, 9, 0, 7, 478.45, 2918419, 260, 108, 0
6537, 42, 432, 502, 0, 0, 63.88%, 9, 0, 7, 454.58, 2920709, 260, 108, 0
6542, 42, 264, 502, 0, 0, 63.88%, 9, 0, 7, 464.70, 2923042, 260, 108, 0
6547, 42, 459, 502, 0, 0, 63.88%, 9, 0, 7, 435.61, 2925267, 260, 108, 0
6553, 42, 457, 502, 0, 0, 63.88%, 9, 0, 7, 457.43, 2927615, 260, 108, 0
6558, 42, 360, 502, 0, 0, 63.88%, 9, 0, 7, 458.37, 2929960, 260, 108, 0
6563, 42, 414, 502, 0, 0, 63.88%, 9, 0, 7, 436.11, 2932141, 260, 108, 0
6568, 42, 411, 502, 0, 0, 63.88%, 9, 0, 7, 443.75, 2934391, 260, 108, 0
6573, 43, 157, 502, 0, 0, 63.88%, 9, 0, 7, 453.41, 2936678, 260, 108, 0
6578, 43, 415, 502, 0, 0, 63.88%, 9, 0, 7, 439.56, 2938953, 260, 108, 0
6583, 43, 297, 502, 0, 0, 63.88%, 9, 0, 7, 444.44, 2941174, 260, 108, 0
6588, 43, 459, 502, 0, 0, 63.88%, 9, 0, 7, 431.99, 2943337, 260, 108, 0
6593, 43, 481, 502, 0, 0, 63.88%, 9, 0, 7, 438.20, 2945541, 260, 108, 0
6598, 43, 234, 502, 0, 0, 63.88%, 9, 0, 7, 466.25, 2947989, 260, 108, 0
6603, 43, 157, 502, 0, 0, 63.88%, 9, 0, 7, 458.29, 2950343, 260, 108, 0
6608, 43, 412, 502, 0, 0, 63.88%, 9, 0, 7, 442.25, 2952582, 260, 108, 0
6613, 43, 167, 502, 0, 0, 63.88%, 9, 0, 7, 450.94, 2954926, 260, 108, 0
6618, 43, 115, 502, 0, 0, 63.88%, 9, 0, 7, 446.82, 2957132, 260, 108, 0
6623, 43, 431, 502, 0, 0, 63.88%, 9, 0, 7, 437.31, 2959323, 260, 108, 0
6628, 43, 174, 502, 0, 0, 63.88%, 9, 0, 7, 452.91, 2961802, 260, 108, 0
6634, 43, 362, 502, 0, 0, 63.88%, 9, 0, 7, 475.75, 2964344, 260, 108, 0
6639, 43, 414, 502, 0, 0, 63.88%, 9, 0, 7, 431.36, 2966499, 260, 108, 0
6644, 43, 322, 502, 0, 0, 63.88%, 9, 0, 7, 435.46, 2968716, 260, 108, 0
6649, 43, 255, 502, 0, 0, 63.88%, 9, 0, 7, 436.30, 2970973, 260, 108, 0
6654, 43, 431, 502, 0, 0, 63.88%, 9, 0, 7, 434.22, 2973077, 260, 108, 0
6659, 43, 501, 502, 0, 0, 63.88%, 9, 0, 7, 424.35, 2975170, 260, 108, 0
6664, 43, 498, 502, 0, 0, 63.88%, 9, 0, 7, 434.52, 2977419, 260, 108, 0
6669, 43, 427, 502, 0, 0, 63.88%, 9, 0, 7, 446.62, 2979779, 260, 108, 0
6674, 43, 429, 502, 0, 0, 63.88%, 9, 0, 7, 483.82, 2982186, 260, 108, 0
6679, 43, 501, 502, 0, 0, 63.88%, 9, 0, 7, 439.76, 2984386, 260, 108, 0
6684, 43, 125, 502, 0, 0, 63.88%, 9, 0, 7, 468.30, 2986741, 260, 108, 0
6689, 43, 81, 502, 0, 0, 63.88%, 9, 0, 7, 493.20, 2989302, 260, 108, 0
6695, 43, 357, 502, 0, 0, 63.88%, 9, 0, 7, 456.81, 2991585, 260, 108, 0
6700, 43, 157, 502, 0, 0, 63.88%, 9, 0, 7, 447.78, 2993817, 260, 109, 0
6705, 44, 390, 502, 0, 0, 63.88%, 9, 0, 7, 448.87, 2996128, 260, 109, 0
6710, 44, 96, 502, 0, 0, 63.88%, 9, 0, 7, 450.61, 2998388, 260, 109, 0
6715, 44, 481, 502, 0, 0, 63.88%, 9, 0, 7, 443.95, 3000694, 260, 109, 0
6720, 44, 459, 502, 0, 0, 63.88%, 9, 0, 7, 465.39, 3003039, 260, 109, 0
6725, 44, 157, 502, 0, 0, 63.88%, 9, 0, 7, 455.63, 3005336, 260, 109, 0
6730, 44, 400, 502, 0, 0, 63.88%, 9, 0, 7, 455.18, 3007592, 260, 109, 0
6735, 44, 327, 502, 0, 0, 63.88%, 9, 0, 7, 435.86, 3009771, 260, 109, 0
6740, 44, 32, 502, 0, 0, 63.88%, 9, 0, 7, 442.87, 3011993, 260, 109, 0
6745, 44, 230, 502, 0, 0, 63.88%, 9, 0, 7, 437.57, 3014143, 260, 109, 0
6750, 44, 289, 502, 0, 0, 63.88%, 9, 0, 7, 451.78, 3016504, 260, 109, 0
6755, 44, 481, 502, 0, 0, 63.88%, 9, 0, 7, 489.77, 3019034, 260, 109, 0
6760, 44, 319, 502, 0, 0, 63.88%, 9, 0, 7, 463.16, 3021332, 260, 109, 0
6765, 44, 47, 502, 0, 0, 63.88%, 9, 0, 7, 458.76, 3023643, 260, 109, 0
6770, 44, 459, 502, 0, 0, 63.88%, 9, 0, 7, 431.62, 3025817, 260, 109, 0
6775, 44, 414, 502, 0, 0, 63.88%, 9, 0, 7, 463.44, 3028247, 260, 109, 0
6780, 44, 11, 502, 0, 0, 63.88%, 9, 0, 7, 469.76, 3030596, 260, 109, 0
6786, 44, 414, 502, 0, 0, 63.88%, 9, 0, 7, 456.29, 3032857, 260, 109, 0
6791, 44, 337, 502, 0, 0, 63.88%, 9, 0, 7, 456.63, 3035152, 260, 109, 0
6796, 44, 376, 502, 0, 0, 63.88%, 9, 0, 7, 460.57, 3037512, 260, 109, 0
6801, 44, 8, 502, 0, 0, 63.88%, 9, 0, 7, 449.98, 3039848, 260, 109, 0
6806, 44, 459, 502, 0, 0, 63.88%, 9, 0, 7, 467.81, 3042192, 260, 109, 0
6811, 44, 262, 502, 0, 0, 63.88%, 9, 0, 7, 458.74, 3044522, 260, 110, 0
6816, 44, 376, 502, 0, 0, 63.88%, 9, 0, 7, 451.42, 3046801, 260, 110, 0
6821, 44, 414, 502, 0, 0, 63.88%, 9, 0, 7, 446.50, 3049028, 260, 110, 0
6826, 44, 459, 502, 0, 0, 63.88%, 9, 0, 7, 451.44, 3051287, 260, 110, 0
6831, 44, 459, 502, 0, 0, 63.88%, 9, 0, 7, 434.64, 3053509, 260, 110, 0
6836, 44, 220, 502, 0, 0, 63.88%, 9, 0, 7, 441.95, 3055794, 260, 110, 0
6841, 45, 72, 502, 0, 0, 63.88%, 9, 0, 7, 439.19, 3058104, 260, 111, 0
6846, 45, 208, 502, 0, 0, 63.88%, 9, 0, 7, 477.67, 3060522, 260, 111, 0
6851, 45, 22, 502, 0, 0, 63.88%, 9, 0, 7, 464.79, 3062870, 260, 111, 0
6857, 45, 416, 502, 0, 0, 63.88%, 9, 0, 7, 420.53, 3064930, 260, 111, 0
6862, 45, 143, 502, 0, 0, 63.88%, 9, 0, 7, 424.32, 3067116, 260, 111, 0
6867, 45, 77, 502, 0, 0, 63.88%, 9, 0, 7, 433.56, 3069297, 260, 111, 0
6872, 45, 456, 502, 0, 0, 63.88%, 9, 0, 7, 455.08, 3071590, 260, 111, 0
6877, 45, 157, 502, 0, 0, 63.88%, 9, 0, 7, 455.48, 3073894, 260, 111, 0
6882, 45, 398, 502, 0, 0, 63.88%, 9, 0, 7, 465.68, 3076215, 260, 111, 0
6887, 45, 327, 502, 0, 0, 63.88%, 9, 0, 7, 447.34, 3078442, 260, 111, 0
6892, 45, 296, 502, 0, 0, 63.88%, 9, 0, 7, 439.60, 3080642, 260, 111, 0
6897, 45, 136, 502, 0, 0, 63.88%, 9, 0, 7, 430.11, 3082820, 260, 111, 0
6902, 45, 459, 502, 0, 0, 63.88%, 9, 0, 7, 461.15, 3085243, 260, 111, 0
6907, 45, 481, 502, 0, 0, 63.88%, 9, 0, 7, 439.40, 3087484, 260, 111, 0
6912, 45, 257, 502, 0, 0, 63.88%, 9, 0, 7, 442.03, 3089724, 260, 111, 0
6917, 45, 398, 502, 0, 0, 63.88%, 9, 0, 7, 431.94, 3091921, 260, 111, 0
6922, 45, 481, 502, 0, 0, 63.88%, 9, 0, 7, 422.53, 3094036, 260, 111, 0
6928, 45, 168, 502, 0, 0, 63.88%, 9, 0, 7, 426.35, 3096256, 260, 111, 0
6933, 45, 125, 502, 0, 0, 63.88%, 9, 0, 7, 443.89, 3098458, 260, 113, 0
6938, 45, 125, 502, 0, 0, 63.88%, 9, 0, 7, 431.00, 3100626, 260, 114, 0
6943, 45, 459, 502, 0, 0, 63.88%, 9, 0, 7, 432.26, 3102821, 260, 116, 0
6948, 45, 369, 502, 0, 0, 63.88%, 9, 0, 7, 415.65, 3104960, 260, 116, 0
6953, 45, 327, 502, 0, 0, 63.88%, 9, 0, 7, 438.83, 3107205, 260, 116, 0
6958, 45, 434, 502, 0, 0, 63.88%, 9, 0, 7, 451.77, 3109562, 260, 118, 0
6963, 45, 264, 502, 0, 0, 63.88%, 9, 0, 7, 484.66, 3111974, 260, 119, 0
6968, 45, 253, 502, 0, 0, 63.88%, 9, 0, 7, 462.98, 3114284, 260, 119, 0
6973, 46, 398, 502, 0, 0, 63.88%, 9, 0, 7, 445.52, 3116486, 260, 119, 0
6978, 46, 35, 502, 0, 0, 63.88%, 9, 0, 7, 470.81, 3118850, 260, 119, 0
6983, 46, 459, 502, 0, 0, 63.88%, 9, 0, 7, 454.63, 3121140, 260, 119, 0
6988, 46, 446, 502, 0, 0, 63.88%, 9, 0, 7, 435.85, 3123365, 260, 119, 0
6993, 46, 431, 502, 0, 0, 63.88%, 9, 0, 7, 441.43, 3125642, 260, 119, 0
6998, 46, 170, 502, 0, 0, 63.88%, 9, 0, 7, 458.43, 3127969, 260, 119, 0
7003, 46, 220, 502, 0, 0, 63.88%, 9, 0, 7, 424.47, 3130143, 260, 119, 0
7009, 46, 125, 502, 0, 0, 63.88%, 9, 0, 7, 437.28, 3132338, 260, 119, 0
7014, 46, 157, 502, 0, 0, 63.88%, 9, 0, 7, 451.63, 3134600, 260, 119, 0
7019, 46, 230, 502, 0, 0, 63.88%, 9, 0, 7, 428.14, 3136743, 260, 119, 0
7024, 46, 459, 502, 0, 0, 63.88%, 9, 0, 7, 441.81, 3139005, 260, 119, 0
7029, 46, 77, 502, 0, 0, 63.88%, 9, 0, 7, 443.58, 3141357, 260, 119, 0
7034, 46, 481, 502, 0, 0, 63.88%, 9, 0, 7, 429.03, 3143566, 260, 119, 0
7039, 46, 217, 502, 0, 0, 63.88%, 9, 0, 7, 432.25, 3145772, 260, 119, 0
7044, 46, 136, 502, 0, 0, 63.88%, 9, 0, 7, 431.83, 3147979, 260, 119, 0
7049, 46, 411, 502, 0, 0, 63.88%, 9, 0, 7, 428.89, 3150177, 260, 119, 0
7054, 46, 203, 502, 0, 0, 63.88%, 9, 0, 7, 439.73, 3152372, 260, 119, 0
7059, 46, 143, 502, 0, 0, 63.88%, 9, 0, 7, 430.47, 3154613, 260, 119, 0
7064, 46, 47, 502, 0, 0, 63.88%, 9, 0, 7, 445.23, 3156916, 260, 119, 0
7069, 46, 459, 502, 0, 0, 63.88%, 9, 0, 7, 443.27, 3159128, 260, 119, 0
7075, 46, 234, 502, 0, 0, 63.88%, 9, 0, 7, 455.30, 3161472, 260, 119, 0
7080, 46, 294, 502, 0, 0, 63.88%, 9, 0, 7, 483.06, 3163952, 260, 119, 0
7085, 46, 177, 502, 0, 0, 63.88%, 9, 0, 7, 482.23, 3166319, 260, 119, 0
7090, 46, 498, 502, 0, 0, 63.88%, 9, 0, 7, 460.76, 3168657, 260, 119, 0
7095, 46, 47, 502, 0, 0, 63.88%, 9, 0, 7, 440.91, 3170817, 260, 119, 0
7100, 46, 398, 502, 0, 0, 63.88%, 9, 0, 7, 446.29, 3173037, 260, 119, 0
7105, 46, 456, 502, 0, 0, 63.88%, 9, 0, 7, 457.01, 3175361, 260, 119, 0
7110, 47, 255, 502, 0, 0, 63.88%, 9, 0, 7, 454.17, 3177630, 260, 119, 0
7115, 47, 113, 502, 0, 0, 63.88%, 9, 0, 7, 454.09, 3180013, 260, 119, 0
7120, 47, 481, 502, 0, 0, 63.88%, 9, 0, 7, 494.97, 3182600, 260, 119, 0
7125, 47, 374, 502, 0, 0, 63.88%, 9, 0, 7, 464.36, 3184900, 260, 119, 0
7130, 47, 424, 502, 0, 0, 63.88%, 9, 0, 7, 446.35, 3187147, 260, 119, 0
7135, 47, 332, 502, 0, 0, 63.88%, 9, 0, 7, 446.37, 3189407, 260, 119, 0
7140, 47, 70, 502, 0, 0, 63.88%, 9, 0, 7, 447.27, 3191663, 260, 119, 0
7145, 47, 469, 502, 0, 0, 63.88%, 9, 0, 7, 465.53, 3194012, 260, 119, 0
7150, 47, 434, 502, 0, 0, 63.88%, 9, 0, 7, 442.18, 3196265, 260, 119, 0
7155, 47, 62, 502, 0, 0, 63.88%, 9, 0, 7, 425.28, 3198376, 260, 119, 0
7161, 47, 398, 502, 0, 0, 63.88%, 9, 0, 7, 424.04, 3200528, 260, 119, 0
7166, 47, 82, 502, 0, 0, 63.88%, 9, 0, 7, 442.59, 3202782, 260, 119, 0
7171, 47, 420, 502, 0, 0, 63.88%, 9, 0, 7, 451.70, 3205113, 260, 119, 0
7176, 47, 481, 502, 0, 0, 63.88%, 9, 0, 7, 453.61, 3207422, 260, 119, 0
7181, 47, 361, 502, 0, 0, 63.88%, 9, 0, 7, 440.04, 3209609, 260, 119, 0
7186, 47, 82, 502, 0, 0, 63.88%, 9, 0, 7, 436.93, 3211821, 260, 119, 0
7191, 47, 157, 502, 0, 0, 63.88%, 9, 0, 7, 431.63, 3214055, 260, 120, 0
7196, 47, 170, 502, 0, 0, 63.88%, 9, 0, 7, 425.31, 3216206, 260, 120, 0
7201, 47, 431, 502, 0, 0, 63.88%, 9, 0, 7, 432.00, 3218424, 260, 120, 0
7206, 47, 157, 502, 0, 0, 63.88%, 9, 0, 7, 432.59, 3220618, 260, 120, 0
7211, 47, 230, 502, 0, 0, 63.88%, 9, 0, 7, 453.34, 3222947, 260, 120, 0
7216, 47, 144, 502, 0, 0, 63.88%, 9, 0, 7, 441.22, 3225222, 260, 120, 0
7222, 47, 481, 502, 0, 0, 63.88%, 9, 0, 7, 441.18, 3227485, 260, 120, 0
7227, 47, 96, 502, 0, 0, 63.88%, 9, 0, 7, 421.25, 3229592, 260, 120, 0
7232, 47, 305, 502, 0, 0, 63.88%, 9, 0, 7, 435.11, 3231783, 260, 120, 0
7237, 47, 305, 502, 0, 0, 63.88%, 9, 0, 7, 453.97, 3234128, 260, 120, 0
7242, 48, 411, 502, 0, 0, 63.88%, 9, 0, 7, 439.22, 3236334, 260, 120, 0
7247, 48, 137, 502, 0, 0, 63.88%, 9, 0, 7, 476.84, 3238840, 260, 120, 0
7252, 48, 265, 502, 0, 0, 63.88%, 9, 0, 7, 444.42, 3241059, 260, 120, 0
7257, 48, 289, 502, 0, 0, 63.88%, 9, 0, 7, 461.59, 3243371, 260, 121, 0
7262, 48, 190, 502, 0, 0, 63.88%, 9, 0, 7, 440.40, 3245573, 260, 121, 0
7267, 48, 230, 502, 0, 0, 63.88%, 9, 0, 7, 442.85, 3247780, 260, 121, 0
7272, 48, 264, 502, 0, 0, 63.88%, 9, 0, 7, 423.35, 3249971, 260, 121, 0
7277, 48, 125, 502, 0, 0, 63.88%, 9, 0, 7, 446.80, 3252235, 260, 122, 0
7282, 48, 125, 502, 0, 0, 63.88%, 9, 0, 7, 452.05, 3254525, 260, 122, 0
7287, 48, 327, 502, 0, 0, 63.88%, 9, 0, 7, 470.64, 3256900, 260, 122, 0
7292, 48, 70, 502, 0, 0, 63.88%, 9, 0, 7, 451.05, 3259158, 260, 122, 0
7297, 48, 80, 502, 0, 0, 63.88%, 9, 0, 7, 444.84, 3261401, 260, 122, 0
7303, 48, 432, 502, 0, 0, 63.88%, 9, 0, 7, 427.52, 3263529, 260, 122, 0
7308, 48, 495, 502, 0, 0, 63.88%, 9, 0, 7, 422.58, 3265688, 260, 122, 0
7313, 48, 416, 502, 0, 0, 63.88%, 9, 0, 7, 452.45, 3268000, 260, 122, 0
7318, 48, 396, 502, 0, 0, 63.88%, 9, 0, 7, 444.74, 3270240, 260, 122, 0
7323, 48, 256, 502, 0, 0, 63.88%, 9, 0, 7, 446.23, 3272563, 260, 122, 0
7328, 48, 81, 502, 0, 0, 63.88%, 9, 0, 7, 463.27, 3274855, 260, 122, 0
7333, 48, 459, 502, 0, 0, 63.88%, 9, 0, 7, 447.83, 3277110, 260, 122, 0
7338, 48, 125, 502, 0, 0, 63.88%, 9, 0, 7, 444.15, 3279366, 260, 122, 0
7343, 48, 70, 502, 0, 0, 63.88%, 9, 0, 7, 463.36, 3281700, 260, 122, 0
7348, 48, 47, 502, 0, 0, 63.88%, 9, 0, 7, 460.61, 3284044, 260, 122, 0
7353, 48, 246, 502, 0, 0, 63.88%, 9, 0, 7, 458.08, 3286390, 260, 122, 0
7359, 48, 376, 502, 0, 0, 63.88%, 9, 0, 7, 478.35, 3288791, 260, 122, 0
7364, 48, 319, 502, 0, 0, 63.88%, 9, 0, 7, 454.10, 3291090, 260, 122, 0
7369, 48, 411, 502, 0, 0, 63.88%, 9, 0, 7, 452.15, 3293345, 260, 122, 0
7374, 49, 332, 502, 0, 0, 63.88%, 9, 0, 7, 458.45, 3295689, 260, 122, 0
7379, 49, 432, 502, 0, 0, 63.88%, 9, 0, 7, 450.86, 3297938, 260, 122, 0
7384, 49, 481, 502, 0, 0, 63.88%, 9, 0, 7, 448.09, 3300174, 260, 122, 0
7389, 49, 396, 502, 0, 0, 63.88%, 9, 0, 7, 447.45, 3302496, 260, 122, 0
7394, 49, 481, 502, 0, 0, 63.88%, 9, 0, 7, 456.83, 3304737, 260, 122, 0
7399, 49, 8, 502, 0, 0, 63.88%, 9, 0, 7, 446.47, 3307034, 260, 122, 0
7404, 49, 481, 502, 0, 0, 63.88%, 9, 0, 7, 462.85, 3309318, 260, 122, 0
7409, 49, 136, 502, 0, 0, 63.88%, 9, 0, 7, 433.61, 3311469, 260, 122, 0
7414, 49, 431, 502, 0, 0, 63.88%, 9, 0, 7, 433.25, 3313723, 260, 123, 0
7419, 49, 451, 502, 0, 0, 63.88%, 9, 0, 7, 454.12, 3316007, 260, 123, 0
7424, 49, 163, 502, 0, 0, 63.88%, 9, 0, 7, 473.66, 3318431, 260, 123, 0
7430, 49, 398, 502, 0, 0, 63.88%, 9, 0, 7, 471.30, 3320821, 260, 123, 0
7435, 49, 434, 502, 0, 0, 63.88%, 9, 0, 7, 456.15, 3323132, 260, 123, 0
7440, 49, 319, 502, 0, 0, 63.88%, 9, 0, 7, 474.18, 3325579, 260, 124, 0
7445, 49, 47, 502, 0, 0, 63.88%, 9, 0, 7, 452.88, 3327813, 260, 124, 0
7450, 49, 432, 502, 0, 0, 63.88%, 9, 0, 7, 427.24, 3329993, 260, 124, 0
7455, 49, 181, 502, 0, 0, 63.88%, 9, 0, 7, 453.53, 3332340, 260, 124, 0
7460, 49, 172, 502, 0, 0, 63.88%, 9, 0, 7, 447.05, 3334633, 260, 124, 0
7465, 49, 374, 502, 0, 0, 63.88%, 9, 0, 7, 457.63, 3336992, 260, 124, 0
7470, 49, 501, 502, 0, 0, 63.88%, 9, 0, 7, 455.05, 3339269, 260, 124, 0
7475, 49, 82, 502, 0, 0, 63.88%, 9, 0, 7, 454.89, 3341590, 260, 124, 0
7480, 49, 481, 502, 0, 0, 63.88%, 9, 0, 7, 466.72, 3343872, 260, 124, 0
7485, 49, 411, 502, 0, 0, 63.88%, 9, 0, 7, 466.72, 3346266, 260, 124, 0
7490, 49, 289, 502, 0, 0, 63.88%, 9, 0, 7, 452.70, 3348557, 260, 124, 0
7495, 49, 323, 502, 0, 0, 63.88%, 9, 0, 7, 464.17, 3350884, 260, 124, 0
7501, 49, 244, 502, 0, 0, 63.88%, 9, 0, 7, 428.17, 3353040, 260, 124, 0
7506, 49, 265, 502, 0, 0, 63.88%, 9, 0, 7, 446.47, 3355381, 260, 124, 0
7511, 49, 189, 502, 0, 0, 63.88%, 9, 0, 7, 458.16, 3357699, 260, 124, 0
7516, 49, 8, 502, 0, 0, 63.88%, 9, 0, 7, 445.47, 3359972, 260, 124, 0
7521, 50, 481, 502, 0, 0, 63.88%, 9, 0, 7, 433.37, 3362133, 260, 124, 0
7526, 50, 231, 502, 0, 0, 63.88%, 9, 0, 7, 449.64, 3364500, 260, 124, 0
7531, 50, 289, 502, 0, 0, 63.88%, 9, 0, 7, 468.07, 3366904, 260, 124, 0
7536, 50, 62, 502, 0, 0, 63.88%, 9, 0, 7, 436.43, 3369104, 260, 124, 0
7541, 50, 459, 502, 0, 0, 63.88%, 9, 0, 7, 453.58, 3371453, 260, 124, 0
7546, 50, 362, 502, 0, 0, 63.88%, 9, 0, 7, 457.50, 3373787, 260, 124, 0
7551, 50, 181, 502, 0, 0, 63.88%, 9, 0, 7, 464.56, 3376115, 260, 125, 0
7556, 50, 185, 502, 0, 0, 63.88%, 9, 0, 7, 448.21, 3378423, 260, 126, 0
7562, 50, 82, 502, 0, 0, 63.88%, 9, 0, 7, 433.05, 3380579, 260, 126, 0
7567, 50, 345, 502, 0, 0, 63.88%, 9, 0, 7, 447.30, 3382846, 260, 126, 0
7572, 50, 459, 502, 0, 0, 63.88%, 9, 0, 7, 434.61, 3385015, 260, 127, 0
7577, 50, 374, 502, 0, 0, 63.88%, 9, 0, 7, 466.64, 3387399, 260, 127, 0
7582, 50, 77, 502, 0, 0, 63.88%, 9, 0, 7, 464.27, 3389783, 260, 127, 0
7587, 50, 236, 502, 0, 0, 63.88%, 9, 0, 7, 462.79, 3392198, 260, 127, 0
7592, 50, 415, 502, 0, 0, 63.88%, 9, 0, 7, 454.67, 3394518, 260, 128, 0
7597, 50, 390, 502, 0, 0, 63.88%, 9, 0, 7, 468.50, 3396887, 260, 128, 0
7602, 50, 459, 502, 0, 0, 63.88%, 9, 0, 7, 446.12, 3399078, 260, 128, 0
7607, 50, 468, 502, 0, 0, 63.88%, 9, 0, 7, 442.63, 3401265, 260, 128, 0
7612, 50, 469, 502, 0, 0, 63.88%, 9, 0, 7, 448.89, 3403592, 260, 128, 0
7617, 50, 374, 502, 0, 0, 63.88%, 9, 0, 7, 454.85, 3405892, 260, 128, 0
7622, 50, 62, 502, 0, 0, 63.88%, 9, 0, 7, 454.54, 3408164, 260, 128, 0
7627, 50, 62, 502, 0, 0, 63.88%, 9, 0, 7, 476.09, 3410590, 260, 128, 0
7633, 50, 136, 502, 0, 0, 63.88%, 9, 0, 7, 480.58, 3413114, 260, 128, 0
7638, 50, 236, 502, 0, 0, 63.88%, 9, 0, 7, 455.10, 3415415, 260, 128, 0
7643, 50, 459, 502, 0, 0, 63.88%, 9, 0, 7, 460.84, 3417716, 260, 128, 0
7648, 50, 369, 502, 0, 0, 63.88%, 9, 0, 7, 482.45, 3420186, 260, 128, 0
7653, 51, 431, 502, 0, 0, 63.88%, 9, 0, 7, 466.54, 3422547, 260, 128, 0
7658, 51, 469, 502, 0, 0, 63.88%, 9, 0, 7, 459.86, 3424903, 260, 128, 0
7663, 51, 77, 502, 0, 0, 63.88%, 9, 0, 7, 460.38, 3427255, 260, 128, 0
7668, 51, 348, 502, 0, 0, 63.88%, 9, 0, 7, 452.46, 3429610, 260, 128, 0
7673, 51, 501, 502, 0, 0, 63.88%, 9, 0, 7, 465.10, 3431952, 260, 128, 0
7678, 51, 431, 502, 0, 0, 63.88%, 9, 0, 7, 464.94, 3434197, 260, 128, 0
7683, 51, 125, 502, 0, 0, 63.88%, 9, 0, 7, 447.76, 3436432, 260, 128, 0
7688, 51, 62, 502, 0, 0, 63.88%, 9, 0, 7, 481.82, 3438951, 260, 128, 0
7693, 51, 432, 502, 0, 0, 63.88%, 9, 0, 7, 471.54, 3441295, 260, 128, 0
7698, 51, 278, 502, 0, 0, 63.88%, 9, 0, 7, 474.86, 3443759, 260, 128, 0
7704, 51, 322, 502, 0, 0, 63.88%, 9, 0, 7, 478.95, 3446171, 260, 128, 0
7709, 51, 217, 502, 0, 0, 63.88%, 9, 0, 7, 479.83, 3448628, 260, 128, 0
7714, 51, 289, 502, 0, 0, 63.88%, 9, 0, 7, 454.82, 3450911, 260, 128, 0
7719, 51, 459, 502, 0, 0, 63.88%, 9, 0, 7, 447.36, 3453202, 260, 128, 0
7724, 51, 82, 502, 0, 0, 63.88%, 9, 0, 7, 463.00, 3455552, 260, 128, 0
7729, 51, 481, 502, 0, 0, 63.88%, 9, 0, 7, 450.29, 3457896, 260, 128, 0
7734, 51, 289, 502, 0, 0, 63.88%, 9, 0, 7, 447.38, 3460171, 260, 128, 0
7739, 51, 481, 502, 0, 0, 63.88%, 9, 0, 7, 439.78, 3462385, 260, 128, 0
7744, 51, 459, 502, 0, 0, 63.88%, 9, 0, 7, 456.06, 3464680, 260, 128, 0
7749, 51, 236, 502, 0, 0, 63.88%, 9, 0, 7, 475.23, 3467174, 260, 128, 0
7754, 51, 244, 502, 0, 0, 63.88%, 9, 0, 7, 431.00, 3469336, 260, 128, 0
7760, 51, 332, 502, 0, 0, 63.88%, 9, 0, 7, 449.04, 3471643, 260, 128, 0
7765, 51, 489, 502, 0, 0, 63.88%, 9, 0, 7, 450.51, 3473888, 260, 128, 0
7770, 51, 332, 502, 0, 0, 63.88%, 9, 0, 7, 441.89, 3476095, 260, 128, 0
7775, 51, 416, 502, 0, 0, 63.88%, 9, 0, 7, 434.75, 3478244, 260, 128, 0
7780, 51, 414, 502, 0, 0, 63.88%, 9, 0, 7, 444.93, 3480488, 260, 128, 0
7785, 51, 362, 502, 0, 0, 63.88%, 9, 0, 7, 455.03, 3482778, 260, 128, 0
7790, 52, 183, 502, 0, 0, 63.88%, 9, 0, 7, 419.23, 3484934, 260, 128, 0
7795, 52, 305, 502, 0, 0, 63.88%, 9, 0, 7, 453.10, 3487225, 260, 128, 0
7800, 52, 322, 502, 0, 0, 63.88%, 9, 0, 7, 445.85, 3489416, 260, 128, 0
7805, 52, 459, 502, 0, 0, 63.88%, 9, 0, 7, 410.46, 3491472, 260, 128, 0
7810, 52, 343, 502, 0, 0, 63.88%, 9, 0, 7, 448.16, 3493816, 260, 128, 0
7815, 52, 217, 502, 0, 0, 63.88%, 9, 0, 7, 423.57, 3495926, 260, 128, 0
7820, 52, 481, 502, 0, 0, 63.88%, 9, 0, 7, 454.64, 3498264, 260, 128, 0
7825, 52, 398, 502, 0, 0, 63.88%, 9, 0, 7, 439.12, 3500513, 260, 128, 0
7830, 52, 446, 502, 0, 0, 63.88%, 9, 0, 7, 443.69, 3502754, 260, 128, 0
7835, 52, 362, 502, 0, 0, 63.88%, 9, 0, 7, 464.44, 3505139, 260, 128, 0
7840, 52, 322, 502, 0, 0, 63.88%, 9, 0, 7, 441.90, 3507327, 260, 128, 0
7846, 52, 62, 502, 0, 0, 63.88%, 9, 0, 7, 462.16, 3509695, 260, 128, 0
7851, 52, 62, 502, 0, 0, 63.88%, 9, 0, 7, 428.19, 3511826, 260, 128, 0
7856, 52, 431, 502, 0, 0, 63.88%, 9, 0, 7, 450.42, 3514156, 260, 129, 0
7861, 52, 378, 502, 0, 0, 63.88%, 9, 0, 7, 453.73, 3516525, 260, 130, 0
7866, 52, 481, 502, 0, 0, 63.88%, 9, 0, 7, 459.23, 3518806, 260, 131, 0
7871, 52, 412, 502, 0, 0, 63.88%, 9, 0, 7, 464.09, 3521168, 260, 131, 0
7876, 52, 412, 502, 0, 0, 63.88%, 9, 0, 7, 465.19, 3523539, 260, 131, 0
7881, 52, 81, 502, 0, 0, 63.88%, 9, 0, 7, 464.96, 3525853, 260, 131, 0
7886, 52, 82, 502, 0, 0, 63.88%, 9, 0, 7, 483.64, 3528352, 260, 131, 0
7891, 52, 136, 502, 0, 0, 63.88%, 9, 0, 7, 476.06, 3530703, 260, 131, 0
7896, 52, 83, 502, 0, 0, 63.88%, 9, 0, 7, 465.39, 3533143, 260, 131, 0
7902, 52, 481, 502, 0, 0, 63.88%, 9, 0, 7, 438.20, 3535422, 260, 132, 0
7907, 52, 481, 502, 0, 0, 63.88%, 9, 0, 7, 444.50, 3537695, 260, 132, 0
7912, 52, 396, 502, 0, 0, 63.88%, 9, 0, 7, 439.99, 3539863, 260, 132, 0
7917, 52, 157, 502, 0, 0, 63.88%, 9, 0, 7, 444.24, 3542102, 260, 132, 0
7922, 52, 26, 502, 0, 0, 63.88%, 9, 0, 7, 466.78, 3544490, 260, 132, 0
7927, 53, 236, 502, 0, 0, 63.88%, 9, 0, 7, 452.32, 3546767, 260, 132, 0
7932, 53, 456, 502, 0, 0, 63.88%, 9, 0, 7, 462.68, 3549066, 260, 132, 0
7937, 53, 125, 502, 0, 0, 63.88%, 9, 0, 7, 438.11, 3551287, 260, 132, 0
7942, 53, 369, 502, 0, 0, 63.88%, 9, 0, 7, 438.28, 3553438, 260, 132, 0
7947, 53, 157, 502, 0, 0, 63.88%, 9, 0, 7, 440.97, 3555746, 260, 133, 0
7952, 53, 481, 502, 0, 0, 63.88%, 9, 0, 7, 464.74, 3558153, 260, 133, 0
7957, 53, 332, 502, 0, 0, 63.88%, 9, 0, 7, 452.12, 3560424, 260, 133, 0
7962, 53, 289, 502, 0, 0, 63.88%, 9, 0, 7, 437.78, 3562617, 260, 133, 0
7967, 53, 264, 502, 0, 0, 63.88%, 9, 0, 7, 475.16, 3565037, 260, 133, 0
7972, 53, 431, 502, 0, 0, 63.88%, 9, 0, 7, 462.82, 3567360, 260, 133, 0
7977, 53, 77, 502, 0, 0, 63.88%, 9, 0, 7, 443.24, 3569522, 260, 133, 0
7982, 53, 157, 502, 0, 0, 63.88%, 9, 0, 7, 450.23, 3571831, 260, 133, 0
7988, 53, 8, 502, 0, 0, 63.88%, 9, 0, 7, 440.14, 3573978, 260, 133, 0
7993, 53, 481, 502, 0, 0, 63.88%, 9, 0, 7, 441.31, 3576214, 260, 133, 0
7998, 53, 456, 502, 0, 0, 63.88%, 9, 0, 7, 444.00, 3578512, 260, 133, 0
8003, 53, 231, 502, 0, 0, 63.88%, 9, 0, 7, 427.56, 3580674, 260, 133, 0
8008, 53, 456, 502, 0, 0, 63.88%, 9, 0, 7, 456.89, 3583006, 260, 133, 0
8013, 53, 264, 502, 0, 0, 63.88%, 9, 0, 7, 453.14, 3585230, 260, 133, 0
8018, 53, 136, 502, 0, 0, 63.88%, 9, 0, 7, 460.48, 3587567, 260, 133, 0
8023, 53, 125, 502, 0, 0, 63.88%, 9, 0, 7, 447.29, 3589793, 260, 133, 0
8028, 53, 481, 502, 0, 0, 63.88%, 9, 0, 7, 466.84, 3592179, 260, 134, 0
8033, 53, 396, 502, 0, 0, 63.88%, 9, 0, 7, 462.34, 3594539, 260, 134, 0
8038, 53, 405, 502, 0, 0, 63.88%, 9, 0, 7, 447.22, 3596803, 260, 134, 0
8043, 53, 414, 502, 0, 0, 63.88%, 9, 0, 7, 461.45, 3599122, 260, 134, 0
8048, 53, 374, 502, 0, 0, 63.88%, 9, 0, 7, 452.38, 3601427, 260, 134, 0
8053, 53, 466, 502, 0, 0, 63.88%, 9, 0, 7, 449.16, 3603666, 260, 134, 0
8059, 54, 319, 502, 0, 0, 63.88%, 9, 0, 7, 437.37, 3605847, 260, 134, 0
8064, 54, 178, 502, 0, 0, 63.88%, 9, 0, 7, 442.08, 3608161, 260, 134, 0
8069, 54, 459, 502, 0, 0, 63.88%, 9, 0, 7, 459.95, 3610478, 260, 134, 0
8074, 54, 481, 502, 0, 0, 63.88%, 9, 0, 7, 430.84, 3612653, 260, 134, 0
8079, 54, 416, 502, 0, 0, 63.88%, 9, 0, 7, 442.62, 3614929, 260, 134, 0
8084, 54, 77, 502, 0, 0, 63.88%, 9, 0, 7, 456.15, 3617297, 260, 134, 0
8089, 54, 469, 502, 0, 0, 63.88%, 9, 0, 7, 426.98, 3619409, 260, 134, 0
8094, 54, 362, 502, 0, 0, 63.88%, 9, 0, 7, 455.85, 3621774, 260, 134, 0
8100, 54, 481, 502, 0, 0, 63.88%, 9, 0, 7, 448.46, 3624038, 260, 134, 0
8105, 54, 479, 502, 0, 0, 63.88%, 9, 0, 7, 438.87, 3626361, 260, 134, 0
8110, 54, 500, 502, 0, 0, 63.88%, 9, 0, 7, 456.74, 3628721, 260, 134, 0
8115, 54, 362, 502, 0, 0, 63.88%, 9, 0, 7, 450.90, 3630936, 260, 135, 0
8120, 54, 77, 502, 0, 0, 63.88%, 9, 0, 7, 439.26, 3633196, 260, 135, 0
8125, 54, 125, 502, 0, 0, 63.88%, 9, 0, 7, 441.22, 3635427, 260, 136, 0
8130, 54, 205, 502, 0, 0, 63.88%, 9, 0, 7, 448.15, 3637725, 260, 136, 0
8135, 54, 125, 502, 0, 0, 63.88%, 9, 0, 7, 437.65, 3639899, 260, 137, 0
8140, 54, 459, 502, 0, 0, 63.88%, 9, 0, 7, 413.49, 3641976, 260, 137, 0
8146, 54, 20, 502, 0, 0, 63.88%, 9, 0, 7, 422.69, 3644154, 260, 137, 0
8151, 54, 122, 502, 0, 0, 63.88%, 9, 0, 7, 435.50, 3646438, 260, 137, 0
8156, 54, 412, 502, 0, 0, 63.88%, 9, 0, 7, 438.50, 3648698, 260, 137, 0
8161, 54, 432, 502, 0, 0, 63.88%, 9, 0, 7, 451.30, 3650989, 260, 137, 0
8166, 54, 116, 502, 0, 0, 63.88%, 9, 0, 7, 401.83, 3652986, 260, 137, 0
8171, 54, 319, 502, 0, 0, 63.88%, 9, 0, 7, 435.43, 3655193, 260, 137, 0
8176, 54, 411, 502, 0, 0, 63.88%, 9, 0, 7, 449.28, 3657457, 260, 137, 0
8181, 54, 8, 502, 0, 0, 63.88%, 9, 0, 7, 433.05, 3659663, 260, 137, 0
8186, 54, 125, 502, 0, 0, 63.88%, 9, 0, 7, 445.41, 3661970, 260, 137, 0
8191, 54, 446, 502, 0, 0, 63.88%, 9, 0, 7, 424.48, 3664078, 260, 137, 0
8196, 55, 47, 503, 1, 0, 63.88%, 9, 0, 7, 442.42, 3666307, 260, 137, 0
8201, 55, 136, 503, 1, 0, 63.88%, 9, 0, 7, 412.23, 3668354, 260, 137, 0
8207, 55, 481, 503, 1, 0, 63.88%, 9, 0, 7, 452.41, 3670738, 260, 137, 0
8212, 55, 376, 503, 1, 0, 63.88%, 9, 0, 7, 410.50, 3672771, 260, 137, 0
8217, 55, 157, 503, 1, 0, 63.88%, 9, 0, 7, 430.81, 3675017, 260, 137, 0
8222, 55, 231, 503, 1, 0, 63.88%, 9, 0, 7, 416.77, 3677111, 260, 137, 0
8227, 55, 459, 503, 1, 0, 63.88%, 9, 0, 7, 437.91, 3679344, 260, 137, 0
8232, 55, 471, 503, 1, 0, 63.88%, 9, 0, 7, 468.65, 3681656, 260, 137, 0
8237, 55, 394, 503, 1, 0, 63.88%, 9, 0, 7, 487.97, 3684216, 260, 137, 0
8242, 55, 305, 503, 1, 0, 63.88%, 9, 0, 7, 495.05, 3686780, 260, 137, 0
8247, 55, 434, 503, 1, 0, 63.88%, 9, 0, 7, 464.12, 3689189, 260, 137, 0
8252, 55, 184, 503, 1, 0, 63.88%, 9, 0, 7, 446.79, 3691425, 260, 137, 0
8257, 55, 253, 503, 1, 0, 63.88%, 9, 0, 7, 448.87, 3693672, 260, 137, 0
8262, 55, 411, 503, 1, 0, 63.88%, 9, 0, 7, 466.30, 3695991, 260, 137, 0
8267, 55, 80, 503, 1, 0, 63.88%, 9, 0, 7, 454.74, 3698246, 260, 137, 0
8272, 55, 125, 503, 1, 0, 63.88%, 9, 0, 7, 448.86, 3700542, 260, 137, 0
8278, 55, 289, 503, 1, 0, 63.88%, 9, 0, 7, 458.65, 3702895, 260, 137, 0
8283, 55, 502, 503, 1, 0, 63.88%, 9, 0, 7, 461.02, 3705205, 260, 138, 0
8288, 55, 230, 503, 0, 0, 63.88%, 9, 0, 7, 485.62, 3707674, 260, 138, 0
8293, 55, 459, 503, 0, 0, 63.88%, 9, 0, 7, 451.51, 3709891, 260, 139, 0
8298, 55, 374, 503, 0, 0, 63.88%, 9, 0, 7, 458.23, 3712201, 260, 139, 0
8303, 55, 481, 503, 0, 0, 63.88%, 9, 0, 7, 433.92, 3714415, 260, 139, 0
8308, 55, 202, 503, 0, 0, 63.88%, 9, 0, 7, 422.71, 3716550, 260, 140, 0
8313, 55, 481, 503, 0, 0, 63.88%, 9, 0, 7, 454.99, 3718918, 260, 140, 0
8318, 55, 62, 503, 0, 0, 63.88%, 9, 0, 7, 433.60, 3721107, 260, 140, 0
8323, 55, 374, 503, 0, 0, 63.88%, 9, 0, 7, 440.88, 3723277, 260, 140, 0
8328, 55, 459, 503, 0, 0, 63.88%, 9, 0, 7, 438.19, 3725517, 260, 140, 0
8333, 56, 62, 503, 0, 0, 63.88%, 9, 0, 7, 421.10, 3727724, 260, 140, 0
8338, 56, 481, 503, 0, 0, 63.88%, 9, 0, 7, 436.38, 3729931, 260, 140, 0
8343, 56, 456, 503, 0, 0, 63.88%, 9, 0, 7, 435.72, 3732122, 260, 140, 0
8348, 56, 83, 503, 0, 0, 63.88%, 9, 0, 7, 417.89, 3734206, 260, 140, 0
8353, 56, 481, 503, 0, 0, 63.88%, 9, 0, 7, 419.32, 3736378, 260, 140, 0
8359, 56, 230, 503, 0, 0, 63.88%, 9, 0, 7, 432.58, 3738646, 260, 140, 0
8364, 56, 400, 503, 0, 0, 63.88%, 9, 0, 7, 432.92, 3740751, 260, 140, 0
8369, 56, 432, 503, 0, 0, 63.88%, 9, 0, 7, 441.46, 3742952, 260, 140, 0
8374, 56, 83, 503, 0, 0, 63.88%, 9, 0, 7, 450.62, 3745229, 260, 140, 0
8379, 56, 87, 503, 0, 0, 63.88%, 9, 0, 7, 425.11, 3747327, 260, 140, 0
8384, 56, 362, 503, 0, 0, 63.88%, 9, 0, 7, 418.11, 3749419, 260, 140, 0
8389, 56, 481, 503, 0, 0, 63.88%, 9, 0, 7, 458.34, 3751786, 260, 140, 0
8394, 56, 481, 503, 0, 0, 63.88%, 9, 0, 7, 446.21, 3754018, 260, 142, 0
8399, 56, 434, 503, 0, 0, 63.88%, 9, 0, 7, 456.24, 3756370, 260, 142, 0
8404, 56, 459, 503, 0, 0, 63.88%, 9, 0, 7, 455.77, 3758643, 260, 142, 0
8409, 56, 362, 503, 0, 0, 63.88%, 9, 0, 7, 449.57, 3760927, 260, 142, 0
8414, 56, 434, 503, 0, 0, 63.88%, 9, 0, 7, 421.89, 3763071, 260, 142, 0
8419, 56, 481, 503, 0, 0, 63.88%, 9, 0, 7, 431.34, 3765247, 260, 142, 0
8424, 56, 264, 503, 0, 0, 63.88%, 9, 0, 7, 439.88, 3767479, 260, 142, 0
8429, 56, 148, 503, 0, 0, 63.88%, 9, 0, 7, 447.32, 3769795, 260, 142, 0
8434, 56, 421, 503, 0, 0, 63.88%, 9, 0, 7, 457.40, 3772088, 260, 142, 0
8439, 56, 459, 503, 0, 0, 63.88%, 9, 0, 7, 477.75, 3774445, 260, 142, 0
8445, 56, 125, 503, 0, 0, 63.88%, 9, 0, 7, 459.41, 3776779, 260, 142, 0
8450, 56, 136, 503, 0, 0, 63.88%, 9, 0, 7, 462.78, 3779125, 260, 142, 0
8455, 56, 137, 503, 0, 0, 63.88%, 9, 0, 7, 444.57, 3781341, 260, 142, 0
8460, 56, 157, 503, 0, 0, 63.88%, 9, 0, 7, 433.11, 3783496, 260, 142, 0
8465, 56, 47, 503, 0, 0, 63.88%, 9, 0, 7, 439.21, 3785732, 260, 142, 0
8470, 56, 481, 503, 0, 0, 63.88%, 9, 0, 7, 410.44, 3787740, 260, 142, 0
8475, 57, 459, 503, 0, 0, 63.88%, 9, 0, 7, 426.05, 3789991, 260, 142, 0
8480, 57, 481, 503, 0, 0, 63.88%, 9, 0, 7, 460.18, 3792289, 260, 142, 0
8485, 57, 481, 503, 0, 0, 63.88%, 9, 0, 7, 445.24, 3794581, 260, 142, 0
8490, 57, 459, 503, 0, 0, 63.88%, 9, 0, 7, 442.78, 3796834, 260, 142, 0
8495, 57, 459, 503, 0, 0, 63.88%, 9, 0, 7, 437.53, 3799002, 260, 142, 0
8500, 57, 481, 503, 0, 0, 63.88%, 9, 0, 7, 440.43, 3801263, 260, 142, 0
8505, 57, 77, 503, 0, 0, 63.88%, 9, 0, 7, 421.43, 3803348, 260, 142, 0
8510, 57, 217, 503, 0, 0, 63.88%, 9, 0, 7, 426.70, 3805610, 260, 142, 0
8515, 57, 412, 503, 0, 0, 63.88%, 9, 0, 7, 446.49, 3807879, 260, 142, 0
8520, 57, 210, 503, 0, 0, 63.88%, 9, 0, 7, 441.05, 3810076, 260, 143, 0
8526, 57, 230, 503, 0, 0, 63.88%, 9, 0, 7, 444.13, 3812352, 260, 143, 0
8531, 57, 459, 503, 0, 0, 63.88%, 9, 0, 7, 441.59, 3814552, 260, 143, 0
8536, 57, 145, 503, 0, 0, 63.88%, 9, 0, 7, 464.89, 3816856, 260, 144, 0
8541, 57, 25, 503, 0, 0, 63.88%, 9, 0, 7, 465.02, 3819153, 260, 144, 0
8546, 57, 481, 503, 0, 0, 63.88%, 9, 0, 7, 443.59, 3821404, 260, 144, 0
8551, 57, 434, 503, 0, 0, 63.88%, 9, 0, 7, 437.86, 3823556, 260, 144, 0
8556, 57, 34, 503, 0, 0, 63.88%, 9, 0, 7, 455.89, 3825799, 260, 144, 0
8561, 57, 70, 503, 0, 0, 63.88%, 9, 0, 7, 464.25, 3828146, 260, 144, 0
8566, 57, 157, 503, 0, 0, 63.88%, 9, 0, 7, 461.57, 3830498, 260, 144, 0
8571, 57, 481, 503, 0, 0, 63.88%, 9, 0, 7, 453.67, 3832787, 260, 145, 0
8576, 57, 481, 503, 0, 0, 63.88%, 9, 0, 7, 491.94, 3835270, 260, 145, 0
8581, 57, 412, 503, 0, 0, 63.88%, 9, 0, 7, 434.87, 3837419, 260, 145, 0
8587, 57, 376, 503, 0, 0, 63.88%, 9, 0, 7, 466.00, 3839835, 260, 145, 0
8592, 57, 19, 503, 0, 0, 63.88%, 9, 0, 7, 432.22, 3842036, 260, 145, 0
8597, 57, 220, 503, 0, 0, 63.88%, 9, 0, 7, 442.28, 3844324, 260, 145, 0
8602, 57, 191, 503, 0, 0, 63.88%, 9, 0, 7, 412.28, 3846388, 260, 145, 0
8607, 57, 449, 503, 0, 0, 63.88%, 9, 0, 7, 422.97, 3848617, 260, 145, 0
8612, 57, 416, 503, 0, 0, 63.88%, 9, 0, 7, 446.89, 3850913, 260, 145, 0
8617, 57, 376, 503, 0, 0, 63.88%, 9, 0, 7, 455.38, 3853250, 260, 145, 0
8622, 58, 376, 503, 0, 0, 63.88%, 9, 0, 7, 433.80, 3855443, 260, 145, 0
8627, 58, 456, 503, 0, 0, 63.88%, 9, 0, 7, 444.36, 3857701, 260, 146, 0
8632, 58, 56, 503, 0, 0, 63.88%, 9, 0, 7, 467.95, 3860081, 260, 146, 0
8637, 58, 481, 503, 0, 0, 63.88%, 9, 0, 7, 444.89, 3862310, 260, 146, 0
8642, 58, 501, 503, 0, 0, 63.88%, 9, 0, 7, 421.80, 3864409, 260, 146, 0
8647, 58, 414, 503, 0, 0, 63.88%, 9, 0, 7, 465.30, 3866835, 260, 146, 0
8652, 58, 181, 503, 0, 0, 63.88%, 9, 0, 7, 452.26, 3869061, 260, 146, 0
8657, 58, 23, 503, 0, 0, 63.88%, 9, 0, 7, 421.91, 3871208, 260, 146, 0
8663, 58, 138, 503, 0, 0, 63.88%, 9, 0, 7, 447.77, 3873528, 260, 146, 0
8668, 58, 481, 503, 0, 0, 63.88%, 9, 0, 7, 440.39, 3875750, 260, 146, 0
8673, 58, 411, 503, 0, 0, 63.88%, 9, 0, 7, 441.05, 3877940, 260, 147, 0
8678, 58, 125, 503, 0, 0, 63.88%, 9, 0, 7, 453.16, 3880235, 260, 147, 0
8683, 58, 217, 503, 0, 0, 63.88%, 9, 0, 7, 435.81, 3882374, 260, 147, 0
8688, 58, 217, 503, 0, 0, 63.88%, 9, 0, 7, 450.77, 3884703, 260, 147, 0
8693, 58, 446, 503, 0, 0, 63.88%, 9, 0, 7, 462.50, 3887084, 260, 147, 0
8698, 58, 327, 503, 0, 0, 63.88%, 9, 0, 7, 456.83, 3889413, 260, 147, 0
8703, 58, 77, 503, 0, 0, 63.88%, 9, 0, 7, 483.56, 3891897, 260, 147, 0
8708, 58, 459, 503, 0, 0, 63.88%, 9, 0, 7, 447.40, 3894129, 260, 147, 0
8713, 58, 500, 503, 0, 0, 63.88%, 9, 0, 7, 446.63, 3896409, 260, 147, 0
8718, 58, 253, 503, 0, 0, 63.88%, 9, 0, 7, 448.96, 3898695, 260, 147, 0
8724, 58, 22, 503, 0, 0, 63.88%, 9, 0, 7, 466.66, 3901178, 260, 147, 0
8729, 58, 411, 503, 0, 0, 63.88%, 9, 0, 7, 433.30, 3903347, 260, 147, 0
8734, 58, 369, 503, 0, 0, 63.88%, 9, 0, 7, 481.26, 3905843, 260, 147, 0
8739, 58, 25, 503, 0, 0, 63.88%, 9, 0, 7, 466.03, 3908128, 260, 147, 0
8744, 58, 432, 503, 0, 0, 63.88%, 9, 0, 7, 471.54, 3910623, 260, 147, 0
8749, 58, 125, 503, 0, 0, 63.88%, 9, 0, 7, 461.24, 3912985, 260, 147, 0
8754, 58, 70, 503, 0, 0, 63.88%, 9, 0, 7, 432.56, 3915069, 260, 148, 0
8759, 59, 455, 503, 0, 0, 63.88%, 9, 0, 7, 431.93, 3917283, 260, 148, 0
8764, 59, 125, 503, 0, 0, 63.88%, 9, 0, 7, 456.50, 3919594, 260, 148, 0
8769, 59, 337, 503, 0, 0, 63.88%, 9, 0, 7, 435.87, 3921816, 260, 148, 0
8774, 59, 210, 503, 0, 0, 63.88%, 9, 0, 7, 469.27, 3924214, 260, 148, 0
8779, 59, 459, 503, 0, 0, 63.88%, 9, 0, 7, 445.92, 3926440, 260, 149, 0
8785, 59, 412, 503, 0, 0, 63.88%, 9, 0, 7, 454.00, 3928736, 260, 149, 0
8790, 59, 51, 503, 0, 0, 63.88%, 9, 0, 7, 474.23, 3931193, 260, 149, 0
8795, 59, 305, 503, 0, 0, 63.88%, 9, 0, 7, 450.78, 3933482, 260, 149, 0
8800, 59, 369, 503, 0, 0, 63.88%, 9, 0, 7, 437.73, 3935676, 260, 149, 0
8805, 59, 22, 503, 0, 0, 63.88%, 9, 0, 7, 439.53, 3937840, 260, 149, 0
8810, 59, 369, 503, 0, 0, 63.88%, 9, 0, 7, 435.19, 3940011, 260, 149, 0
8815, 59, 369, 503, 0, 0, 63.88%, 9, 0, 7, 458.12, 3942310, 260, 149, 0
8820, 59, 303, 503, 0, 0, 63.88%, 9, 0, 7, 426.77, 3944428, 260, 149, 0
8825, 59, 306, 503, 0, 0, 63.88%, 9, 0, 7, 441.73, 3946773, 260, 149, 0
8830, 59, 327, 503, 0, 0, 63.88%, 9, 0, 7, 460.33, 3949089, 260, 149, 0
8835, 59, 217, 503, 0, 0, 63.88%, 9, 0, 7, 455.28, 3951420, 260, 149, 0
8840, 59, 434, 503, 0, 0, 63.88%, 9, 0, 7, 435.76, 3953589, 260, 149, 0
8845, 59, 459, 503, 0, 0, 63.88%, 9, 0, 7, 435.32, 3955848, 260, 149, 0
8850, 59, 459, 503, 0, 0, 63.88%, 9, 0, 7, 441.08, 3958129, 260, 150, 0
8855, 59, 322, 503, 0, 0, 63.88%, 9, 0, 7, 446.70, 3960413, 260, 150, 0
8861, 59, 396, 503, 0, 0, 63.88%, 9, 0, 7, 441.81, 3962679, 260, 150, 0
8866, 59, 432, 503, 0, 0, 63.88%, 9, 0, 7, 447.08, 3964927, 260, 150, 0
8871, 59, 88, 503, 0, 0, 63.88%, 9, 0, 7, 418.95, 3967048, 260, 150, 0
8876, 59, 244, 503, 0, 0, 63.88%, 9, 0, 7, 424.10, 3969169, 260, 150, 0
8881, 59, 125, 503, 0, 0, 63.88%, 9, 0, 7, 440.34, 3971390, 260, 150, 0
8886, 59, 434, 503, 0, 0, 63.88%, 9, 0, 7, 436.51, 3973616, 260, 151, 0
8891, 59, 481, 503, 0, 0, 63.88%, 9, 0, 7, 422.43, 3975754, 260, 151, 0
8896, 60, 479, 503, 0, 0, 63.88%, 9, 0, 7, 452.31, 3978036, 260, 151, 0
8901, 60, 265, 503, 0, 0, 63.88%, 9, 0, 7, 433.91, 3980232, 260, 151, 0
8906, 60, 369, 503, 0, 0, 63.88%, 9, 0, 7, 437.88, 3982525, 260, 151, 0
8911, 60, 47, 503, 0, 0, 63.88%, 9, 0, 7, 421.85, 3984657, 260, 151, 0
8916, 60, 498, 503, 0, 0, 63.88%, 9, 0, 7, 454.54, 3986920, 260, 151, 0
8921, 60, 459, 503, 0, 0, 63.88%, 9, 0, 7, 451.76, 3989230, 260, 151, 0
8926, 60, 141, 503, 0, 0, 63.88%, 9, 0, 7, 462.94, 3991572, 260, 151, 0
8932, 60, 125, 503, 0, 0, 63.88%, 9, 0, 7, 462.92, 3993889, 260, 151, 0
8937, 60, 210, 503, 0, 0, 63.88%, 9, 0, 7, 440.32, 3996079, 260, 151, 0
8942, 60, 230, 503, 0, 0, 63.88%, 9, 0, 7, 426.85, 3998241, 260, 151, 0
8947, 60, 416, 503, 0, 0, 63.88%, 9, 0, 7, 425.07, 4000491, 260, 151, 0
8952, 60, 139, 503, 0, 0, 63.88%, 9, 0, 7, 421.92, 4002629, 260, 151, 0
8957, 60, 152, 503, 0, 0, 63.88%, 9, 0, 7, 436.18, 4004844, 260, 151, 0
8962, 60, 459, 503, 0, 0, 63.88%, 9, 0, 7, 450.03, 4007146, 260, 151, 0
8967, 60, 438, 503, 0, 0, 63.88%, 9, 0, 7, 446.71, 4009352, 260, 151, 0
8972, 60, 376, 503, 0, 0, 63.88%, 9, 0, 7, 460.06, 4011701, 260, 151, 0
8977, 60, 481, 503, 0, 0, 63.88%, 9, 0, 7, 467.82, 4014075, 260, 151, 0
8982, 60, 253, 503, 0, 0, 63.88%, 9, 0, 7, 434.36, 4016261, 260, 151, 0
8987, 60, 145, 503, 0, 0, 63.88%, 9, 0, 7, 444.65, 4018621, 260, 151, 0
8993, 60, 481, 503, 0, 0, 63.88%, 9, 0, 7, 446.98, 4020936, 260, 151, 0
8998, 60, 125, 503, 0, 0, 63.88%, 9, 0, 7, 449.72, 4023151, 260, 151, 0
9003, 60, 170, 503, 0, 0, 63.88%, 9, 0, 7, 434.27, 4025331, 260, 151, 0
9008, 60, 157, 503, 0, 0, 63.88%, 9, 0, 7, 439.94, 4027560, 260, 151, 0
9013, 60, 431, 503, 0, 0, 63.88%, 9, 0, 7, 456.17, 4029918, 260, 152, 0
9018, 60, 369, 503, 0, 0, 63.88%, 9, 0, 7, 433.31, 4032089, 260, 152, 0
9023, 60, 70, 503, 0, 0, 63.88%, 9, 0, 7, 453.91, 4034371, 260, 152, 0
9028, 60, 236, 503, 0, 0, 63.88%, 9, 0, 7, 432.80, 4036594, 260, 153, 0
9033, 60, 20, 503, 0, 0, 63.88%, 9, 0, 7, 447.96, 4038876, 260, 153, 0
9038, 61, 77, 503, 0, 0, 63.88%, 9, 0, 7, 442.72, 4041119, 260, 153, 0
9043, 61, 411, 503, 0, 0, 63.88%, 9, 0, 7, 453.85, 4043449, 260, 153, 0
9048, 61, 157, 503, 0, 0, 63.88%, 9, 0, 7, 456.44, 4045740, 260, 153, 0
9053, 61, 469, 503, 0, 0, 63.88%, 9, 0, 7, 439.93, 4047965, 260, 153, 0
9058, 61, 136, 503, 0, 0, 63.88%, 9, 0, 7, 456.30, 4050314, 260, 153, 0
9063, 61, 77, 503, 0, 0, 63.88%, 9, 0, 7, 440.36, 4052511, 260, 153, 0
9068, 61, 189, 503, 0, 0, 63.88%, 9, 0, 7, 445.22, 4054735, 260, 154, 0
9074, 61, 123, 503, 0, 0, 63.88%, 9, 0, 7, 413.58, 4056769, 260, 154, 0
9079, 61, 70, 503, 0, 0, 63.88%, 9, 0, 7, 420.01, 4058896, 260, 154, 0
9084, 61, 217, 503, 0, 0, 63.88%, 9, 0, 7, 429.41, 4061212, 260, 154, 0
9089, 61, 460, 503, 0, 0, 63.88%, 9, 0, 7, 456.19, 4063516, 260, 154, 0
9094, 61, 235, 503, 0, 0, 63.88%, 9, 0, 7, 428.03, 4065713, 260, 154, 0
9099, 61, 376, 503, 0, 0, 63.88%, 9, 0, 7, 445.89, 4067954, 260, 154, 0
9104, 61, 483, 503, 0, 0, 63.88%, 9, 0, 7, 441.98, 4070136, 260, 154, 0
9109, 61, 217, 503, 0, 0, 63.88%, 9, 0, 7, 434.65, 4072394, 260, 154, 0
9114, 61, 70, 503, 0, 0, 63.88%, 9, 0, 7, 431.92, 4074602, 260, 154, 0
9119, 61, 459, 503, 0, 0, 63.88%, 9, 0, 7, 446.19, 4076900, 260, 154, 0
9125, 61, 148, 503, 0, 0, 63.88%, 9, 0, 7, 440.49, 4079182, 260, 154, 0
9130, 61, 390, 503, 0, 0, 63.88%, 9, 0, 7, 444.37, 4081493, 260, 154, 0
9135, 61, 125, 503, 0, 0, 63.88%, 9, 0, 7, 459.06, 4083811, 260, 154, 0
9140, 61, 376, 503, 0, 0, 63.88%, 9, 0, 7, 482.81, 4086342, 260, 154, 0
9145, 61, 357, 503, 0, 0, 63.88%, 9, 0, 7, 450.47, 4088656, 260, 154, 0
9150, 61, 153, 503, 0, 0, 63.88%, 9, 0, 7, 461.66, 4091107, 260, 154, 0
9155, 61, 77, 503, 0, 0, 63.88%, 9, 0, 7, 465.81, 4093491, 260, 154, 0
9160, 61, 498, 503, 0, 0, 63.88%, 9, 0, 7, 457.12, 4095802, 260, 154, 0
9165, 61, 332, 503, 0, 0, 63.88%, 9, 0, 7, 431.54, 4098011, 260, 154, 0
9170, 61, 396, 503, 0, 0, 63.88%, 9, 0, 7, 444.89, 4100275, 260, 154, 0
9176, 62, 236, 503, 0, 0, 63.88%, 9, 0, 7, 451.06, 4102554, 260, 154, 0
9181, 62, 322, 503, 0, 0, 63.88%, 9, 0, 7, 439.93, 4104742, 260, 154, 0
9186, 62, 253, 503, 0, 0, 63.88%, 9, 0, 7, 452.58, 4107146, 260, 154, 0
9191, 62, 481, 503, 0, 0, 63.88%, 9, 0, 7, 451.17, 4109540, 260, 154, 0
9196, 62, 481, 503, 0, 0, 63.88%, 9, 0, 7, 409.16, 4111467, 260, 154, 0
9201, 62, 431, 503, 0, 0, 63.88%, 9, 0, 7, 434.69, 4113704, 260, 154, 0
9206, 62, 296, 503, 0, 0, 63.88%, 9, 0, 7, 432.76, 4115863, 260, 154, 0
9211, 62, 130, 503, 0, 0, 63.88%, 9, 0, 7, 452.24, 4118200, 260, 154, 0
9216, 62, 304, 503, 0, 0, 63.88%, 9, 0, 7, 447.38, 4120372, 260, 154, 0
9221, 62, 481, 503, 0, 0, 63.88%, 9, 0, 7, 446.98, 4122593, 260, 154, 0
9226, 62, 75, 503, 0, 0, 63.88%, 9, 0, 7, 442.41, 4124798, 260, 154, 0
9231, 62, 470, 503, 0, 0, 63.88%, 9, 0, 7, 411.65, 4126888, 260, 154, 0
9236, 62, 456, 503, 0, 0, 63.88%, 9, 0, 7, 409.30, 4128996, 260, 154, 0
9242, 62, 481, 503, 0, 0, 63.88%, 9, 0, 7, 413.55, 4131118, 260, 154, 0
9247, 62, 498, 503, 0, 0, 63.88%, 9, 0, 7, 434.21, 4133321, 260, 154, 0
9252, 62, 494, 503, 0, 0, 63.88%, 9, 0, 7, 446.41, 4135583, 260, 154, 0
9257, 62, 306, 503, 0, 0, 63.88%, 9, 0, 7, 431.43, 4137742, 260, 154, 0
9262, 62, 481, 503, 0, 0, 63.88%, 9, 0, 7, 424.43, 4139907, 260, 154, 0
9267, 62, 327, 503, 0, 0, 63.88%, 9, 0, 7, 400.41, 4141967, 260, 155, 0
9272, 62, 416, 503, 0, 0, 63.88%, 9, 0, 7, 455.64, 4144296, 260, 155, 0
9277, 62, 305, 503, 0, 0, 63.88%, 9, 0, 7, 487.96, 4146776, 260, 155, 0
9282, 62, 125, 503, 0, 0, 63.88%, 9, 0, 7, 453.60, 4149013, 260, 155, 0
9287, 62, 62, 503, 0, 0, 63.88%, 9, 0, 7, 438.96, 4151330, 260, 155, 0
9292, 62, 469, 503, 0, 0, 63.88%, 9, 0, 7, 445.55, 4153668, 260, 155, 0
9297, 62, 220, 503, 0, 0, 63.88%, 9, 0, 7, 424.64, 4155802, 260, 155, 0
9302, 62, 374, 503, 0, 0, 63.88%, 9, 0, 7, 425.10, 4157986, 260, 156, 0
9307, 62, 157, 503, 0, 0, 63.88%, 9, 0, 7, 427.05, 4160152, 260, 156, 0
9313, 62, 157, 503, 0, 0, 63.88%, 9, 0, 7, 443.07, 4162441, 260, 156, 0
9318, 63, 390, 503, 0, 0, 63.88%, 9, 0, 7, 447.69, 4164732, 260, 156, 0
9323, 63, 136, 503, 0, 0, 63.88%, 9, 0, 7, 442.61, 4166953, 260, 156, 0
9328, 63, 8, 503, 0, 0, 63.88%, 9, 0, 7, 451.09, 4169213, 260, 156, 0
9333, 63, 456, 503, 0, 0, 63.88%, 9, 0, 7, 442.50, 4171481, 260, 156, 0
9338, 63, 500, 503, 0, 0, 63.88%, 9, 0, 7, 415.57, 4173586, 260, 156, 0
9343, 63, 125, 503, 0, 0, 63.88%, 9, 0, 7, 433.97, 4175838, 260, 156, 0
9348, 63, 82, 503, 0, 0, 63.88%, 9, 0, 7, 452.33, 4178118, 260, 156, 0
9353, 63, 136, 503, 0, 0, 63.88%, 9, 0, 7, 456.03, 4180429, 260, 156, 0
9358, 63, 157, 503, 0, 0, 63.88%, 9, 0, 7, 471.29, 4182795, 260, 156, 0
9363, 63, 83, 503, 0, 0, 63.88%, 9, 0, 7, 461.93, 4185167, 260, 156, 0
9368, 63, 481, 503, 0, 0, 63.88%, 9, 0, 7, 447.29, 4187387, 260, 157, 0
9373, 63, 290, 503, 0, 0, 63.88%, 9, 0, 7, 396.22, 4189351, 260, 157, 0
9378, 63, 394, 503, 0, 0, 63.88%, 9, 0, 7, 423.76, 4191493, 260, 157, 0
9383, 63, 305, 503, 0, 0, 63.88%, 9, 0, 7, 439.81, 4193709, 260, 157, 0
9388, 63, 415, 503, 0, 0, 63.88%, 9, 0, 7, 446.37, 4196002, 260, 157, 0
9394, 63, 77, 503, 0, 0, 63.88%, 9, 0, 7, 448.81, 4198283, 260, 158, 0
9399, 63, 459, 503, 0, 0, 63.88%, 9, 0, 7, 462.42, 4200609, 260, 158, 0
9404, 63, 481, 503, 0, 0, 63.88%, 9, 0, 7, 438.63, 4202747, 260, 158, 0
9409, 63, 481, 503, 0, 0, 63.88%, 9, 0, 7, 450.54, 4204993, 260, 158, 0
9414, 63, 327, 503, 0, 0, 63.88%, 9, 0, 7, 430.21, 4207129, 260, 158, 0
9419, 63, 41, 503, 0, 0, 63.88%, 9, 0, 7, 459.51, 4209470, 260, 158, 0
9424, 63, 415, 503, 0, 0, 63.88%, 9, 0, 7, 475.18, 4211793, 260, 158, 0
9429, 63, 466, 503, 0, 0, 63.88%, 9, 0, 7, 430.00, 4213904, 260, 158, 0
9434, 63, 434, 503, 0, 0, 63.88%, 9, 0, 7, 455.02, 4216244, 260, 159, 0
9439, 63, 459, 503, 0, 0, 63.88%, 9, 0, 7, 463.38, 4218537, 260, 159, 0
9444, 63, 136, 503, 0, 0, 63.88%, 9, 0, 7, 473.87, 4221011, 260, 159, 0
9449, 63, 172, 503, 0, 0, 63.88%, 9, 0, 7, 450.37, 4223364, 260, 159, 0
9455, 63, 178, 503, 0, 0, 63.88%, 9, 0, 7, 416.05, 4225467, 260, 159, 0
9460, 64, 305, 503, 0, 0, 63.88%, 9, 0, 7, 443.87, 4227734, 260, 159, 0
9465, 64, 253, 503, 0, 0, 63.88%, 9, 0, 7, 430.97, 4229872, 260, 159, 0
9470, 64, 8, 503, 0, 0, 63.88%, 9, 0, 7, 433.48, 4232060, 260, 159, 0
9475, 64, 432, 503, 0, 0, 63.88%, 9, 0, 7, 441.69, 4234273, 260, 159, 0
9480, 64, 362, 503, 0, 0, 63.88%, 9, 0, 7, 454.10, 4236594, 260, 159, 0
9485, 64, 305, 503, 0, 0, 63.88%, 9, 0, 7, 441.02, 4238860, 260, 159, 0
9490, 64, 82, 503, 0, 0, 63.88%, 9, 0, 7, 463.07, 4241201, 260, 159, 0
9495, 64, 499, 503, 0, 0, 63.88%, 9, 0, 7, 455.03, 4243494, 260, 159, 0
9500, 64, 305, 503, 0, 0, 63.88%, 9, 0, 7, 461.86, 4245827, 260, 159, 0
9505, 64, 234, 503, 0, 0, 63.88%, 9, 0, 7, 455.54, 4248145, 260, 159, 0
9510, 64, 456, 503, 0, 0, 63.88%, 9, 0, 7, 449.78, 4250401, 260, 160, 0
9515, 64, 432, 503, 0, 0, 63.88%, 9, 0, 7, 472.53, 4252889, 260, 160, 0
9520, 64, 459, 503, 0, 0, 63.88%, 9, 0, 7, 458.61, 4255156, 260, 160, 0
9525, 64, 253, 503, 0, 0, 63.88%, 9, 0, 7, 463.49, 4257489, 260, 161, 0
9530, 64, 459, 503, 0, 0, 63.88%, 9, 0, 7, 456.68, 4259744, 260, 161, 0
9535, 64, 456, 503, 0, 0, 63.88%, 9, 0, 7, 455.53, 4262033, 260, 161, 0
9540, 64, 501, 503, 0, 0, 63.88%, 9, 0, 7, 437.55, 4264237, 260, 161, 0
9545, 64, 189, 503, 0, 0, 63.88%, 9, 0, 7, 457.53, 4266588, 260, 161, 0
9551, 64, 395, 503, 0, 0, 63.88%, 9, 0, 7, 427.04, 4268689, 260, 161, 0
9556, 64, 436, 503, 0, 0, 63.88%, 9, 0, 7, 446.62, 4270972, 260, 161, 0
9561, 64, 411, 503, 0, 0, 63.88%, 9, 0, 7, 462.88, 4273340, 260, 161, 0
9566, 64, 178, 503, 0, 0, 63.88%, 9, 0, 7, 450.62, 4275593, 260, 161, 0
9571, 64, 205, 503, 0, 0, 63.88%, 9, 0, 7, 443.50, 4277816, 260, 161, 0
9576, 64, 414, 503, 0, 0, 63.88%, 9, 0, 7, 439.14, 4280017, 260, 161, 0
9581, 64, 217, 503, 0, 0, 63.88%, 9, 0, 7, 429.06, 4282210, 260, 161, 0
9586, 64, 125, 503, 0, 0, 63.88%, 9, 0, 7, 445.11, 4284509, 260, 161, 0
9591, 65, 301, 503, 0, 0, 63.88%, 9, 0, 7, 434.43, 4286745, 260, 161, 0
9596, 65, 125, 503, 0, 0, 63.88%, 9, 0, 7, 439.62, 4288926, 260, 161, 0
9601, 65, 412, 503, 0, 0, 63.88%, 9, 0, 7, 439.14, 4291118, 260, 163, 0
9606, 65, 305, 503, 0, 0, 63.88%, 9, 0, 7, 449.59, 4293392, 260, 163, 0
9611, 65, 412, 503, 0, 0, 63.88%, 9, 0, 7, 437.31, 4295552, 260, 163, 0
9616, 65, 136, 503, 0, 0, 63.88%, 9, 0, 7, 436.69, 4297689, 260, 163, 0
9621, 65, 376, 503, 0, 0, 63.88%, 9, 0, 7, 438.92, 4299959, 260, 163, 0
9626, 65, 170, 503, 0, 0, 63.88%, 9, 0, 7, 439.38, 4302168, 260, 163, 0
9631, 65, 416, 503, 0, 0, 63.88%, 9, 0, 7, 432.92, 4304438, 260, 163, 0
9636, 65, 481, 503, 0, 0, 63.88%, 9, 0, 7, 443.70, 4306723, 260, 163, 0
9642, 65, 322, 503, 0, 0, 63.88%, 9, 0, 7, 436.16, 4308961, 260, 163, 0
9647, 65, 411, 503, 0, 0, 63.88%, 9, 0, 7, 432.84, 4311159, 260, 163, 0
9652, 65, 12, 503, 0, 0, 63.88%, 9, 0, 7, 448.46, 4313451, 260, 163, 0
9657, 65, 125, 503, 0, 0, 63.88%, 9, 0, 7, 465.06, 4315790, 260, 165, 0
9662, 65, 282, 503, 0, 0, 63.88%, 9, 0, 7, 459.26, 4318116, 260, 165, 0
9667, 65, 289, 503, 0, 0, 63.88%, 9, 0, 7, 438.80, 4320315, 260, 165, 0
9672, 65, 125, 503, 0, 0, 63.88%, 9, 0, 7, 457.71, 4322599, 260, 165, 0
9677, 65, 115, 503, 0, 0, 63.88%, 9, 0, 7, 440.37, 4324790, 260, 167, 0
9682, 65, 483, 503, 0, 0, 63.88%, 9, 0, 7, 444.83, 4327031, 260, 167, 0
9687, 65, 76, 503, 0, 0, 63.88%, 9, 0, 7, 444.04, 4329295, 260, 167, 0
9692, 65, 502, 503, 0, 0, 63.88%, 9, 0, 7, 438.42, 4331555, 260, 168, 0
9698, 65, 8, 503, 0, 0, 63.88%, 9, 0, 7, 444.25, 4333873, 260, 168, 0
9703, 65, 157, 503, 0, 0, 63.88%, 9, 0, 7, 420.45, 4335998, 260, 168, 0
9708, 65, 188, 503, 0, 0, 63.88%, 9, 0, 7, 416.44, 4338084, 260, 168, 0
9713, 65, 157, 503, 0, 0, 63.88%, 9, 0, 7, 440.50, 4340339, 260, 168, 0
9718, 65, 289, 503, 0, 0, 63.88%, 9, 0, 7, 423.70, 4342456, 260, 169, 0
9723, 65, 191, 503, 0, 0, 63.88%, 9, 0, 7, 451.42, 4344771, 260, 169, 0
9728, 65, 62, 503, 0, 0, 63.88%, 9, 0, 7, 424.84, 4346838, 260, 169, 0
9733, 66, 230, 503, 0, 0, 63.88%, 9, 0, 7, 476.19, 4349257, 260, 169, 0
9738, 66, 36, 503, 0, 0, 63.88%, 9, 0, 7, 444.73, 4351449, 260, 169, 0
9743, 66, 501, 503, 0, 0, 63.88%, 9, 0, 7, 442.03, 4353635, 260, 170, 0
9748, 66, 500, 503, 0, 0, 63.88%, 9, 0, 7, 413.59, 4355701, 260, 170, 0
9753, 66, 376, 503, 0, 0, 63.88%, 9, 0, 7, 431.01, 4357924, 260, 170, 0
9758, 66, 412, 503, 0, 0, 63.88%, 9, 0, 7, 448.86, 4360190, 260, 170, 0
9763, 66, 432, 503, 0, 0, 63.88%, 9, 0, 7, 437.83, 4362406, 260, 170, 0
9768, 66, 178, 503, 0, 0, 63.88%, 9, 0, 7, 427.58, 4364582, 260, 170, 0
9773, 66, 171, 503, 0, 0, 63.88%, 9, 0, 7, 477.82, 4367124, 260, 170, 0
9779, 66, 481, 503, 0, 0, 63.88%, 9, 0, 7, 472.06, 4369418, 260, 171, 0
9784, 66, 136, 503, 0, 0, 63.88%, 9, 0, 7, 460.92, 4371651, 260, 171, 0
9789, 66, 362, 503, 0, 0, 63.88%, 9, 0, 7, 419.70, 4373752, 260, 171, 0
9794, 66, 459, 503, 0, 0, 63.88%, 9, 0, 7, 440.71, 4375958, 260, 171, 0
9799, 66, 210, 503, 0, 0, 63.88%, 9, 0, 7, 463.17, 4378316, 260, 171, 0
9804, 66, 289, 503, 0, 0, 63.88%, 9, 0, 7, 463.86, 4380598, 260, 171, 0
9809, 66, 265, 503, 0, 0, 63.88%, 9, 0, 7, 458.88, 4382919, 260, 171, 0
9814, 66, 460, 503, 0, 0, 63.88%, 9, 0, 7, 446.75, 4385161, 260, 171, 0
9819, 66, 83, 503, 0, 0, 63.88%, 9, 0, 7, 413.78, 4387271, 260, 171, 0
9824, 66, 481, 503, 0, 0, 63.88%, 9, 0, 7, 442.06, 4389492, 260, 171, 0
9829, 66, 181, 503, 0, 0, 63.88%, 9, 0, 7, 465.23, 4391804, 260, 171, 0
9834, 66, 408, 503, 0, 0, 63.88%, 9, 0, 7, 438.73, 4394008, 260, 171, 0
9839, 66, 8, 503, 0, 0, 63.88%, 9, 0, 7, 454.14, 4396332, 260, 171, 0
9844, 66, 390, 503, 0, 0, 63.88%, 9, 0, 7, 445.44, 4398600, 260, 171, 0
9849, 66, 265, 503, 0, 0, 63.88%, 9, 0, 7, 447.64, 4400854, 260, 172, 0
9854, 66, 97, 503, 0, 0, 63.88%, 9, 0, 7, 446.69, 4403081, 260, 172, 0
9860, 66, 437, 503, 0, 0, 63.88%, 9, 0, 7, 440.62, 4405387, 260, 172, 0
9865, 67, 431, 503, 0, 0, 63.88%, 9, 0, 7, 438.93, 4407618, 260, 172, 0
9870, 67, 157, 503, 0, 0, 63.88%, 9, 0, 7, 443.67, 4409836, 260, 172, 0
9875, 67, 390, 503, 0, 0, 63.88%, 9, 0, 7, 438.63, 4412023, 260, 172, 0
9880, 67, 77, 503, 0, 0, 63.88%, 9, 0, 7, 438.75, 4414234, 260, 172, 0
9885, 67, 230, 503, 0, 0, 63.88%, 9, 0, 7, 462.26, 4416602, 260, 172, 0
9890, 67, 327, 503, 0, 0, 63.88%, 9, 0, 7, 445.14, 4418845, 260, 172, 0
9895, 67, 217, 503, 0, 0, 63.88%, 9, 0, 7, 447.37, 4421077, 260, 172, 0
9900, 67, 459, 503, 0, 0, 63.88%, 9, 0, 7, 433.14, 4423235, 260, 172, 0
9905, 67, 412, 503, 0, 0, 63.88%, 9, 0, 7, 430.05, 4425432, 260, 172, 0
9910, 67, 176, 503, 0, 0, 63.88%, 9, 0, 7, 449.08, 4427773, 260, 172, 0
9915, 67, 390, 503, 0, 0, 63.88%, 9, 0, 7, 457.79, 4430140, 260, 173, 0
9921, 67, 374, 503, 0, 0, 63.88%, 9, 0, 7, 441.61, 4432405, 260, 173, 0
9926, 67, 21, 503, 0, 0, 63.88%, 9, 0, 7, 437.84, 4434565, 260, 173, 0
9931, 67, 481, 503, 0, 0, 63.88%, 9, 0, 7, 447.91, 4436904, 260, 173, 0
9936, 67, 264, 503, 0, 0, 63.88%, 9, 0, 7, 444.45, 4439129, 260, 174, 0
9941, 67, 398, 503, 0, 0, 63.88%, 9, 0, 7, 454.10, 4441433, 260, 174, 0
9946, 67, 312, 503, 0, 0, 63.88%, 9, 0, 7, 463.83, 4443756, 260, 174, 0
9951, 67, 305, 503, 0, 0, 63.88%, 9, 0, 7, 436.13, 4445975, 260, 174, 0
9956, 67, 258, 503, 0, 0, 63.88%, 9, 0, 7, 437.90, 4448265, 260, 174, 0
9961, 67, 374, 503, 0, 0, 63.88%, 9, 0, 7, 447.45, 4450553, 260, 175, 0
9966, 67, 254, 503, 0, 0, 63.88%, 9, 0, 7, 481.59, 4452993, 260, 175, 0
9971, 67, 305, 503, 0, 0, 63.88%, 9, 0, 7, 462.90, 4455257, 260, 175, 0
9976, 67, 256, 503, 0, 0, 63.88%, 9, 0, 7, 467.86, 4457687, 260, 175, 0
9981, 67, 327, 503, 0, 0, 63.88%, 9, 0, 7, 458.55, 4460010, 260, 175, 0
9986, 67, 390, 503, 0, 0, 63.88%, 9, 0, 7, 469.03, 4462413, 260, 175, 0
9991, 67, 414, 503, 0, 0, 63.88%, 9, 0, 7, 463.58, 4464768, 260, 175, 0
9997, 67, 432, 503, 0, 0, 63.88%, 9, 0, 7, 479.34, 4467232, 260, 176, 0
10002, 68, 217, 503, 0, 0, 63.88%, 9, 0, 7, 475.20, 4469636, 260, 176, 0
10007, 68, 236, 503, 0, 0, 63.88%, 9, 0, 7, 448.96, 4471874, 260, 176, 0
10012, 68, 332, 503, 0, 0, 63.88%, 9, 0, 7, 444.44, 4474217, 260, 176, 0
10017, 68, 230, 503, 0, 0, 63.88%, 9, 0, 7, 436.22, 4476401, 260, 176, 0
10022, 68, 125, 503, 0, 0, 63.88%, 9, 0, 7, 450.29, 4478603, 260, 177, 0
10027, 68, 459, 503, 0, 0, 63.88%, 9, 0, 7, 447.61, 4480857, 260, 177, 0
10032, 68, 431, 503, 0, 0, 63.88%, 9, 0, 7, 452.08, 4483137, 260, 177, 0
10037, 68, 77, 503, 0, 0, 63.88%, 9, 0, 7, 455.26, 4485456, 260, 178, 0
10042, 68, 431, 503, 0, 0, 63.88%, 9, 0, 7, 467.34, 4487806, 260, 178, 0
10047, 68, 70, 503, 0, 0, 63.88%, 9, 0, 7, 452.58, 4490134, 260, 178, 0
10052, 68, 481, 503, 0, 0, 63.88%, 9, 0, 7, 443.79, 4492418, 260, 178, 0
10057, 68, 230, 503, 0, 0, 63.88%, 9, 0, 7, 446.47, 4494689, 260, 178, 0
10063, 68, 12, 503, 0, 0, 63.88%, 9, 0, 7, 456.09, 4497011, 260, 178, 0
10068, 68, 432, 503, 0, 0, 63.88%, 9, 0, 7, 463.30, 4499334, 260, 178, 0
10073, 68, 124, 503, 0, 0, 63.88%, 9, 0, 7, 448.81, 4501548, 260, 178, 0
10078, 68, 411, 503, 0, 0, 63.88%, 9, 0, 7, 437.72, 4503780, 260, 178, 0
10083, 68, 217, 503, 0, 0, 63.88%, 9, 0, 7, 457.62, 4506068, 260, 178, 0
10088, 68, 77, 503, 0, 0, 63.88%, 9, 0, 7, 477.58, 4508497, 260, 178, 0
10093, 68, 305, 503, 0, 0, 63.88%, 9, 0, 7, 458.33, 4510839, 260, 178, 0
10098, 68, 217, 503, 0, 0, 63.88%, 9, 0, 7, 451.67, 4513175, 260, 178, 0
10103, 68, 8, 503, 0, 0, 63.88%, 9, 0, 7, 447.95, 4515405, 260, 178, 0
10108, 68, 47, 503, 0, 0, 63.88%, 9, 0, 7, 452.84, 4517734, 260, 178, 0
10113, 68, 77, 503, 0, 0, 63.88%, 9, 0, 7, 457.58, 4520082, 260, 178, 0
10118, 68, 362, 503, 0, 0, 63.88%, 9, 0, 7, 450.28, 4522344, 260, 178, 0
10123, 68, 81, 503, 0, 0, 63.88%, 9, 0, 7, 460.57, 4524610, 260, 178, 0
10128, 68, 306, 503, 0, 0, 63.88%, 9, 0, 7, 459.91, 4527026, 260, 178, 0
10133, 69, 459, 503, 0, 0, 63.88%, 9, 0, 7, 464.10, 4529325, 260, 178, 0
10138, 69, 8, 503, 0, 0, 63.88%, 9, 0, 7, 457.22, 4531665, 260, 178, 0
10144, 69, 70, 503, 0, 0, 63.88%, 9, 0, 7, 471.18, 4534154, 260, 178, 0
10149, 69, 376, 503, 0, 0, 63.88%, 9, 0, 7, 452.61, 4536386, 260, 178, 0
10154, 69, 62, 503, 0, 0, 63.88%, 9, 0, 7, 438.72, 4538549, 260, 178, 0
10159, 69, 362, 503, 0, 0, 63.88%, 9, 0, 7, 460.76, 4540885, 260, 178, 0
10164, 69, 459, 503, 0, 0, 63.88%, 9, 0, 7, 454.00, 4543194, 260, 178, 0
10169, 69, 308, 503, 0, 0, 63.88%, 9, 0, 7, 449.30, 4545437, 260, 178, 0
10174, 69, 157, 503, 0, 0, 63.88%, 9, 0, 7, 442.35, 4547726, 260, 178, 0
10179, 69, 157, 503, 0, 0, 63.88%, 9, 0, 7, 464.80, 4550089, 260, 178, 0
10184, 69, 319, 503, 0, 0, 63.88%, 9, 0, 7, 434.22, 4552228, 260, 178, 0
10189, 69, 157, 503, 0, 0, 63.88%, 9, 0, 7, 442.59, 4554471, 260, 178, 0
10195, 69, 469, 503, 0, 0, 63.88%, 9, 0, 7, 467.63, 4557003, 260, 178, 0
10200, 69, 481, 503, 0, 0, 63.88%, 9, 0, 7, 475.34, 4559486, 260, 178, 0
10205, 69, 264, 503, 0, 0, 63.88%, 9, 0, 7, 442.49, 4561710, 260, 178, 0
10210, 69, 244, 503, 0, 0, 63.88%, 9, 0, 7, 454.48, 4563988, 260, 179, 0
10215, 69, 134, 503, 0, 0, 63.88%, 9, 0, 7, 453.43, 4566297, 260, 179, 0
10220, 69, 136, 503, 0, 0, 63.88%, 9, 0, 7, 419.02, 4568357, 260, 179, 0
10225, 69, 230, 503, 0, 0, 63.88%, 9, 0, 7, 426.26, 4570508, 260, 179, 0
10230, 69, 459, 503, 0, 0, 63.88%, 9, 0, 7, 441.71, 4572747, 260, 179, 0
10235, 69, 481, 503, 0, 0, 63.88%, 9, 0, 7, 453.45, 4575163, 260, 179, 0
10240, 69, 427, 503, 0, 0, 63.88%, 9, 0, 7, 445.27, 4577370, 260, 179, 0
10245, 69, 390, 503, 0, 0, 63.88%, 9, 0, 7, 433.92, 4579569, 260, 179, 0
10250, 69, 184, 503, 0, 0, 63.88%, 9, 0, 7, 453.69, 4581908, 260, 179, 0
10256, 69, 469, 503, 0, 0, 63.88%, 9, 0, 7, 452.33, 4584145, 260, 179, 0
10261, 69, 487, 503, 0, 0, 63.88%, 9, 0, 7, 438.35, 4586319, 260, 179, 0
10266, 69, 327, 503, 0, 0, 63.88%, 9, 0, 7, 433.05, 4588516, 260, 179, 0
10271, 69, 332, 503, 0, 0, 63.88%, 9, 0, 7, 438.46, 4590725, 260, 179, 0
10276, 70, 386, 503, 0, 0, 63.88%, 9, 0, 7, 454.44, 4592996, 260, 179, 0
10281, 70, 398, 503, 0, 0, 63.88%, 9, 0, 7, 408.72, 4595061, 260, 179, 0
10286, 70, 434, 503, 0, 0, 63.88%, 9, 0, 7, 431.16, 4597213, 260, 179, 0
10291, 70, 230, 503, 0, 0, 63.88%, 9, 0, 7, 447.86, 4599540, 260, 179, 0
10296, 70, 157, 503, 0, 0, 63.88%, 9, 0, 7, 432.53, 4601670, 260, 179, 0
10301, 70, 369, 503, 0, 0, 63.88%, 9, 0, 7, 435.97, 4603894, 260, 179, 0
10306, 70, 431, 503, 0, 0, 63.88%, 9, 0, 7, 435.67, 4605999, 260, 179, 0
10311, 70, 289, 503, 0, 0, 63.88%, 9, 0, 7, 439.02, 4608172, 260, 179, 0
10316, 70, 217, 503, 0, 0, 63.88%, 9, 0, 7, 449.68, 4610438, 260, 179, 0
10321, 70, 481, 503, 0, 0, 63.88%, 9, 0, 7, 456.24, 4612756, 260, 179, 0
10326, 70, 113, 503, 0, 0, 63.88%, 9, 0, 7, 437.03, 4614948, 260, 179, 0
10331, 70, 369, 503, 0, 0, 63.88%, 9, 0, 7, 435.54, 4617140, 260, 179, 0
10336, 70, 431, 503, 0, 0, 63.88%, 9, 0, 7, 437.49, 4619328, 260, 179, 0
10341, 70, 70, 503, 0, 0, 63.88%, 9, 0, 7, 462.95, 4621669, 260, 179, 0
10346, 70, 412, 503, 0, 0, 63.88%, 9, 0, 7, 476.15, 4624000, 260, 179, 0
10351, 70, 414, 503, 0, 0, 63.88%, 9, 0, 7, 482.13, 4626439, 260, 179, 0
10356, 70, 476, 503, 0, 0, 63.88%, 9, 0, 7, 460.85, 4628746, 260, 179, 0
10361, 70, 416, 503, 0, 0, 63.88%, 9, 0, 7, 492.28, 4631204, 260, 179, 0
10366, 70, 136, 503, 0, 0, 63.88%, 9, 0, 7, 485.51, 4633683, 260, 179, 0
10371, 70, 22, 503, 0, 0, 63.88%, 9, 0, 7, 485.61, 4636105, 260, 179, 0
10376, 70, 80, 503, 0, 0, 63.88%, 9, 0, 7, 452.17, 4638351, 260, 179, 0
10382, 70, 321, 503, 0, 0, 63.88%, 9, 0, 7, 455.69, 4640661, 260, 179, 0
10387, 70, 96, 503, 0, 0, 63.88%, 9, 0, 7, 462.60, 4643023, 260, 179, 0
10392, 70, 306, 503, 0, 0, 63.88%, 9, 0, 7, 481.98, 4645424, 260, 179, 0
10397, 71, 366, 503, 0, 0, 63.88%, 10, 0, 7, 467.70, 4647744, 260, 180, 0
10402, 71, 306, 503, 0, 0, 63.88%, 10, 0, 7, 441.05, 4649942, 260, 180, 0
10407, 71, 266, 503, 0, 0, 63.88%, 10, 0, 7, 445.06, 4652177, 260, 180, 0
10412, 71, 481, 503, 0, 0, 63.88%, 10, 0, 7, 442.55, 4654342, 260, 180, 0
10417, 71, 376, 503, 0, 0, 63.88%, 10, 0, 7, 442.67, 4656583, 260, 180, 0
10422, 71, 414, 503, 0, 0, 63.88%, 10, 0, 7, 416.62, 4658725, 260, 180, 0
10427, 71, 14, 503, 0, 0, 63.88%, 10, 0, 7, 450.93, 4660988, 260, 180, 0
10432, 71, 142, 503, 0, 0, 63.88%, 10, 0, 7, 459.65, 4663336, 260, 180, 0
10437, 71, 501, 503, 0, 0, 63.88%, 10, 0, 7, 480.18, 4665841, 260, 180, 0
10442, 71, 459, 503, 0, 0, 63.88%, 10, 0, 7, 440.87, 4667999, 260, 180, 0
10447, 71, 481, 503, 0, 0, 63.88%, 10, 0, 7, 441.61, 4670350, 260, 181, 0
10452, 71, 77, 503, 0, 0, 63.88%, 10, 0, 7, 468.38, 4672761, 260, 181, 0
10457, 71, 83, 503, 0, 0, 63.88%, 10, 0, 7, 471.36, 4675154, 260, 181, 0
10463, 71, 249, 503, 0, 0, 63.88%, 10, 0, 7, 441.81, 4677303, 260, 181, 0
10468, 71, 47, 503, 0, 0, 63.88%, 10, 0, 7, 430.69, 4679499, 260, 181, 0
10473, 71, 434, 503, 0, 0, 63.88%, 10, 0, 7, 423.94, 4681628, 260, 181, 0
10478, 71, 322, 503, 0, 0, 63.88%, 10, 0, 7, 453.15, 4683884, 260, 181, 0
10483, 71, 136, 503, 0, 0, 63.88%, 10, 0, 7, 447.70, 4686153, 260, 181, 0
10488, 71, 245, 503, 0, 0, 63.88%, 10, 0, 7, 449.98, 4688419, 260, 181, 0
10493, 71, 154, 503, 0, 0, 63.88%, 10, 0, 7, 442.55, 4690600, 260, 181, 0
10498, 71, 305, 503, 0, 0, 63.88%, 10, 0, 7, 438.57, 4692800, 260, 181, 0
10503, 71, 481, 503, 0, 0, 63.88%, 10, 0, 7, 447.02, 4695086, 260, 181, 0
10508, 71, 349, 503, 0, 0, 63.88%, 10, 0, 7, 434.09, 4697317, 260, 181, 0
10513, 71, 220, 503, 0, 0, 63.88%, 10, 0, 7, 450.15, 4699599, 260, 181, 0
10518, 71, 361, 503, 0, 0, 63.88%, 10, 0, 7, 441.47, 4701818, 260, 182, 0
10523, 71, 232, 503, 0, 0, 63.88%, 10, 0, 7, 447.34, 4704052, 260, 183, 0
10528, 71, 278, 503, 0, 0, 63.88%, 10, 0, 7, 427.59, 4706111, 260, 183, 0
10533, 72, 25, 503, 0, 0, 63.88%, 10, 0, 7, 437.40, 4708333, 260, 183, 0
10538, 72, 481, 503, 0, 0, 63.88%, 10, 0, 7, 457.75, 4710665, 260, 183, 0
10543, 72, 374, 503, 0, 0, 63.88%, 10, 0, 7, 432.91, 4712833, 260, 183, 0
10548, 72, 332, 503, 0, 0, 63.88%, 10, 0, 7, 449.73, 4715153, 260, 183, 0
10554, 72, 432, 503, 0, 0, 63.88%, 10, 0, 7, 439.97, 4717369, 260, 183, 0
10559, 72, 489, 503, 0, 0, 63.88%, 10, 0, 7, 424.44, 4719470, 260, 184, 0
10564, 72, 446, 503, 0, 0, 63.88%, 10, 0, 7, 423.09, 4721618, 260, 184, 0
10569, 72, 125, 503, 0, 0, 63.88%, 10, 0, 7, 449.97, 4723956, 260, 184, 0
10574, 72, 459, 503, 0, 0, 63.88%, 10, 0, 7, 465.70, 4726296, 260, 185, 0
10579, 72, 398, 503, 0, 0, 63.88%, 10, 0, 7, 437.25, 4728433, 260, 185, 0
10584, 72, 355, 503, 0, 0, 63.88%, 10, 0, 7, 422.77, 4730576, 260, 186, 0
10589, 72, 125, 503, 0, 0, 63.88%, 10, 0, 7, 442.52, 4732876, 260, 187, 0
10594, 72, 306, 503, 0, 0, 63.88%, 10, 0, 7, 422.26, 4735017, 260, 187, 0
10599, 72, 70, 503, 0, 0, 63.88%, 10, 0, 7, 429.36, 4737233, 260, 187, 0
10604, 72, 398, 503, 0, 0, 63.88%, 10, 0, 7, 444.02, 4739559, 260, 187, 0
10609, 72, 332, 503, 0, 0, 63.88%, 10, 0, 7, 437.93, 4741765, 260, 187, 0
10614, 72, 136, 503, 0, 0, 63.88%, 10, 0, 7, 454.85, 4744066, 260, 188, 0
10619, 72, 440, 503, 0, 0, 63.88%, 10, 0, 7, 426.58, 4746143, 260, 188, 0
10624, 72, 62, 503, 0, 0, 63.88%, 10, 0, 7, 444.78, 4748385, 260, 188, 0
10629, 72, 47, 503, 0, 0, 63.88%, 10, 0, 7, 430.52, 4750562, 260, 188, 0
10634, 72, 481, 503, 0, 0, 63.88%, 10, 0, 7, 441.24, 4752781, 260, 190, 0
10640, 72, 369, 503, 0, 0, 63.88%, 10, 0, 7, 439.93, 4755083, 260, 190, 0
10645, 72, 481, 503, 0, 0, 63.88%, 10, 0, 7, 420.40, 4757208, 260, 190, 0
10650, 72, 220, 503, 0, 0, 63.88%, 10, 0, 7, 422.20, 4759374, 260, 190, 0
10655, 72, 319, 503, 0, 0, 63.88%, 10, 0, 7, 448.34, 4761721, 260, 191, 0
10660, 72, 220, 503, 0, 0, 63.88%, 10, 0, 7, 440.80, 4763921, 260, 191, 0
10665, 72, 412, 503, 0, 0, 63.88%, 10, 0, 7, 437.48, 4766132, 260, 191, 0
10670, 73, 396, 503, 0, 0, 63.88%, 10, 0, 7, 423.49, 4768251, 260, 191, 0
10675, 73, 345, 503, 0, 0, 63.88%, 10, 0, 7, 466.33, 4770608, 260, 191, 0
10680, 73, 412, 503, 0, 0, 63.88%, 10, 0, 7, 442.60, 4772805, 260, 191, 0
10685, 73, 432, 503, 0, 0, 63.88%, 10, 0, 7, 442.79, 4775092, 260, 191, 0
10690, 73, 305, 503, 0, 0, 63.88%, 10, 0, 7, 449.01, 4777411, 260, 191, 0
10696, 73, 396, 503, 0, 0, 63.88%, 10, 0, 7, 448.18, 4779648, 260, 191, 0
10701, 73, 256, 503, 0, 0, 63.88%, 10, 0, 7, 439.31, 4781863, 260, 191, 0
10706, 73, 479, 503, 0, 0, 63.88%, 10, 0, 7, 434.87, 4784081, 260, 191, 0
10711, 73, 307, 503, 0, 0, 63.88%, 10, 0, 7, 447.96, 4786359, 260, 191, 0
10716, 73, 369, 503, 0, 0, 63.88%, 10, 0, 7, 434.86, 4788598, 260, 191, 0
10721, 73, 481, 503, 0, 0, 63.88%, 10, 0, 7, 438.86, 4790812, 260, 191, 0
10726, 73, 398, 503, 0, 0, 63.88%, 10, 0, 7, 463.54, 4793182, 260, 191, 0
10731, 73, 253, 503, 0, 0, 63.88%, 10, 0, 7, 446.85, 4795378, 260, 191, 0
10736, 73, 481, 503, 0, 0, 63.88%, 10, 0, 7, 422.45, 4797482, 260, 191, 0
10741, 73, 469, 503, 0, 0, 63.88%, 10, 0, 7, 461.44, 4799841, 260, 191, 0
10746, 73, 82, 503, 0, 0, 63.88%, 10, 0, 7, 469.28, 4802191, 260, 191, 0
10751, 73, 362, 503, 0, 0, 63.88%, 10, 0, 7, 443.70, 4804405, 260, 191, 0
10756, 73, 487, 503, 0, 0, 63.88%, 10, 0, 7, 457.76, 4806701, 260, 191, 0
10761, 73, 459, 503, 0, 0, 63.88%, 10, 0, 7, 457.08, 4809016, 260, 191, 0
10766, 73, 244, 503, 0, 0, 63.88%, 10, 0, 7, 441.64, 4811245, 260, 191, 0
10771, 73, 8, 503, 0, 0, 63.88%, 10, 0, 7, 457.80, 4813640, 260, 191, 0
10777, 73, 459, 503, 0, 0, 63.88%, 10, 0, 7, 464.21, 4815996, 260, 191, 0
10782, 73, 125, 503, 0, 0, 63.88%, 10, 0, 7, 466.30, 4818282, 260, 191, 0
10787, 73, 289, 503, 0, 0, 63.88%, 10, 0, 7, 442.92, 4820554, 260, 191, 0
10792, 73, 82, 503, 0, 0, 63.88%, 10, 0, 7, 451.21, 4822850, 260, 191, 0
10797, 74, 362, 503, 0, 0, 63.88%, 10, 0, 7, 473.24, 4825237, 260, 191, 0
10800, 74, 69, 503, 0, 0, 63.88%, 10, 0, 7, 448.42, 4826804, 260, 191, 0
