# relative_time, cycles_done, cur_item, corpus_count, pending_total, pending_favs, map_size, saved_crashes, saved_hangs, max_depth, execs_per_sec, total_execs, edges_found, total_crashes, servers_count
61, 0, 8, 51, 45, 19, 25.31%, 0, 0, 2, 428.11, 27900, 103, 0, 0
66, 0, 8, 51, 45, 19, 25.31%, 0, 0, 2, 431.49, 30108, 103, 0, 0
71, 0, 8, 51, 45, 19, 25.31%, 0, 0, 2, 434.61, 32324, 103, 0, 0
76, 0, 8, 51, 45, 19, 25.31%, 0, 0, 2, 452.47, 34620, 103, 0, 0
81, 0, 8, 51, 45, 19, 25.31%, 0, 0, 2, 415.19, 36716, 103, 0, 0
86, 0, 8, 51, 45, 19, 25.31%, 0, 0, 2, 405.14, 38724, 103, 0, 0
91, 0, 8, 51, 45, 19, 25.31%, 0, 0, 2, 407.03, 40796, 103, 0, 0
96, 0, 8, 51, 45, 19, 25.31%, 0, 0, 2, 415.91, 42917, 103, 0, 0
101, 0, 8, 51, 45, 19, 25.31%, 0, 0, 2, 408.03, 44965, 103, 0, 0
106, 0, 8, 51, 45, 19, 25.31%, 0, 0, 2, 433.96, 47213, 103, 0, 0
111, 0, 8, 51, 45, 19, 25.31%, 0, 0, 2, 406.85, 49317, 103, 0, 0
116, 0, 8, 51, 45, 19, 25.31%, 0, 0, 2, 420.66, 51357, 103, 0, 0
121, 0, 8, 51, 45, 19, 25.31%, 0, 0, 2, 428.08, 53581, 103, 0, 0
126, 0, 8, 51, 45, 19, 25.31%, 0, 0, 2, 449.88, 55885, 103, 0, 0
131, 0, 8, 51, 45, 19, 25.31%, 0, 0, 2, 438.39, 58133, 103, 0, 0
136, 0, 8, 51, 45, 19, 25.31%, 0, 0, 2, 420.04, 60230, 103, 0, 0
141, 0, 18, 51, 36, 10, 25.31%, 0, 0, 2, 436.98, 62466, 103, 0, 0
147, 0, 19, 68, 52, 9, 30.96%, 0, 0, 2, 477.18, 64829, 126, 0, 0
152, 0, 19, 70, 54, 9, 30.96%, 0, 0, 2, 486.81, 67241, 126, 0, 0
157, 0, 19, 75, 59, 9, 31.20%, 0, 0, 2, 435.77, 69450, 127, 0, 0
162, 0, 19, 80, 64, 9, 31.45%, 0, 0, 2, 456.34, 71767, 128, 0, 0
167, 0, 19, 84, 68, 9, 31.70%, 0, 0, 2, 453.68, 74063, 129, 0, 0
172, 0, 21, 88, 71, 13, 32.19%, 0, 0, 2, 464.79, 76443, 131, 0, 0
177, 0, 21, 95, 78, 13, 32.19%, 0, 0, 2, 440.34, 78722, 131, 0, 0
182, 0, 21, 96, 79, 13, 32.19%, 0, 0, 2, 469.88, 81162, 131, 0, 0
187, 0, 21, 98, 81, 13, 32.19%, 0, 0, 2, 487.57, 83561, 131, 0, 0
192, 0, 21, 98, 81, 13, 32.19%, 0, 0, 2, 463.84, 85883, 131, 0, 0
197, 0, 21, 99, 82, 13, 33.17%, 0, 0, 2, 474.22, 88302, 135, 0, 0
203, 0, 21, 99, 82, 13, 33.17%, 0, 0, 2, 445.54, 90630, 135, 0, 0
208, 0, 21, 99, 82, 13, 33.17%, 0, 0, 2, 470.39, 93072, 135, 0, 0
213, 0, 21, 100, 83, 13, 33.17%, 0, 0, 2, 461.66, 95375, 135, 0, 0
218, 0, 21, 102, 85, 13, 33.42%, 0, 0, 2, 465.21, 97693, 136, 0, 0
223, 0, 21, 102, 85, 13, 33.42%, 0, 0, 2, 454.05, 99970, 136, 0, 0
228, 0, 21, 102, 85, 13, 33.42%, 0, 0, 2, 445.91, 102229, 136, 0, 0
233, 0, 21, 102, 85, 13, 33.42%, 0, 0, 2, 473.51, 104669, 136, 0, 0
238, 0, 42, 102, 83, 12, 33.42%, 0, 0, 2, 415.01, 106706, 136, 0, 0
243, 0, 42, 102, 83, 12, 33.42%, 0, 0, 2, 394.21, 108649, 136, 0, 0
248, 0, 42, 102, 83, 12, 33.42%, 0, 0, 2, 393.26, 110634, 136, 0, 0
253, 0, 63, 104, 82, 9, 33.42%, 0, 0, 3, 452.14, 112950, 136, 0, 0
259, 0, 63, 113, 91, 9, 33.42%, 0, 0, 3, 430.43, 115165, 136, 0, 0
264, 0, 63, 117, 95, 9, 33.42%, 0, 0, 3, 460.91, 117538, 136, 0, 0
269, 0, 63, 118, 96, 9, 33.42%, 0, 0, 3, 451.45, 119849, 136, 0, 0
274, 0, 63, 120, 98, 9, 33.42%, 0, 0, 3, 465.52, 122195, 136, 0, 0
279, 0, 63, 121, 99, 9, 33.42%, 0, 0, 3, 461.69, 124569, 136, 0, 0
284, 0, 63, 123, 101, 9, 33.42%, 0, 0, 3, 428.55, 126676, 136, 0, 0
289, 0, 63, 124, 102, 9, 33.42%, 0, 0, 3, 465.18, 129108, 136, 0, 0
294, 0, 63, 126, 104, 9, 33.42%, 0, 0, 3, 474.80, 131507, 136, 0, 0
299, 0, 63, 128, 106, 9, 34.15%, 0, 0, 3, 459.26, 133826, 139, 0, 0
304, 0, 63, 130, 108, 9, 34.15%, 0, 0, 3, 418.51, 135894, 139, 0, 0
309, 0, 63, 131, 109, 9, 34.15%, 0, 0, 3, 444.07, 138141, 139, 0, 0
314, 0, 63, 134, 112, 9, 34.15%, 0, 0, 3, 453.99, 140418, 139, 0, 0
319, 0, 63, 135, 113, 9, 34.15%, 0, 0, 3, 438.86, 142641, 139, 0, 0
324, 0, 63, 135, 113, 9, 34.15%, 0, 0, 3, 450.42, 144873, 139, 0, 0
329, 0, 63, 138, 116, 9, 34.15%, 0, 0, 3, 494.13, 147441, 139, 0, 0
334, 0, 63, 139, 117, 9, 34.15%, 0, 0, 3, 460.39, 149770, 139, 0, 0
340, 0, 63, 140, 118, 9, 34.15%, 0, 0, 3, 476.30, 152208, 139, 0, 0
345, 0, 63, 141, 119, 9, 34.15%, 0, 0, 3, 480.34, 154663, 139, 0, 0
350, 0, 63, 141, 119, 9, 34.15%, 0, 0, 3, 464.09, 156949, 139, 0, 0
355, 0, 63, 142, 120, 9, 34.15%, 0, 0, 3, 467.54, 159422, 139, 0, 0
360, 0, 63, 142, 120, 9, 34.15%, 0, 0, 3, 468.32, 161789, 139, 0, 0
365, 0, 63, 143, 121, 9, 34.15%, 0, 0, 3, 446.61, 164046, 139, 0, 0
370, 0, 116, 145, 120, 7, 34.15%, 0, 0, 4, 449.65, 166318, 139, 0, 0
375, 0, 127, 147, 120, 5, 34.15%, 0, 0, 4, 451.30, 168699, 139, 0, 0
380, 0, 127, 152, 125, 5, 34.15%, 0, 0, 4, 467.54, 171130, 139, 0, 0
385, 0, 127, 152, 125, 5, 34.15%, 0, 0, 4, 462.54, 173515, 139, 0, 0
390, 0, 127, 154, 127, 5, 34.15%, 0, 0, 4, 456.15, 175806, 139, 0, 0
396, 0, 127, 154, 127, 5, 34.15%, 0, 0, 4, 435.58, 177975, 139, 0, 0
401, 0, 127, 155, 128, 5, 34.15%, 0, 0, 4, 420.75, 180046, 139, 0, 0
406, 0, 127, 155, 128, 5, 34.15%, 0, 0, 4, 440.72, 182302, 139, 0, 0
411, 0, 127, 155, 128, 5, 34.15%, 0, 0, 4, 445.79, 184552, 139, 0, 0
416, 0, 127, 155, 128, 5, 34.15%, 0, 0, 4, 449.63, 186847, 139, 0, 0
421, 0, 127, 157, 130, 5, 34.15%, 0, 0, 4, 458.18, 189255, 139, 0, 0
426, 0, 127, 158, 131, 5, 34.40%, 0, 0, 4, 441.95, 191395, 140, 0, 0
431, 0, 127, 158, 131, 5, 34.40%, 0, 0, 4, 447.23, 193744, 140, 0, 0
436, 0, 127, 158, 131, 5, 34.40%, 0, 0, 4, 432.84, 195923, 140, 0, 0
441, 0, 127, 158, 131, 5, 34.40%, 0, 0, 4, 428.89, 198091, 140, 0, 0
446, 0, 127, 160, 133, 5, 35.14%, 0, 0, 4, 461.29, 200454, 143, 0, 0
451, 0, 127, 160, 133, 5, 35.14%, 0, 0, 4, 447.36, 202681, 143, 0, 0
456, 0, 127, 160, 133, 5, 35.14%, 0, 0, 4, 452.88, 205044, 143, 0, 0
462, 0, 129, 160, 132, 6, 35.14%, 0, 0, 4, 444.88, 207346, 143, 0, 0
467, 0, 129, 165, 137, 6, 35.14%, 0, 0, 4, 447.82, 209624, 143, 0, 0
472, 0, 129, 168, 140, 6, 35.14%, 0, 0, 4, 426.65, 211765, 143, 0, 0
477, 0, 129, 170, 142, 6, 35.14%, 0, 0, 4, 416.85, 213939, 143, 0, 0
482, 0, 129, 170, 142, 6, 35.14%, 0, 0, 4, 447.85, 216275, 143, 0, 0
487, 0, 129, 170, 142, 6, 35.14%, 0, 0, 4, 457.14, 218560, 143, 0, 0
492, 0, 129, 170, 142, 6, 35.14%, 0, 0, 4, 480.54, 220972, 143, 0, 0
497, 0, 129, 170, 142, 6, 35.14%, 0, 0, 4, 474.61, 223474, 143, 0, 0
502, 0, 129, 170, 142, 6, 35.14%, 0, 0, 4, 482.54, 225886, 143, 0, 0
507, 0, 129, 170, 142, 6, 35.14%, 0, 0, 4, 445.66, 228187, 143, 0, 0
512, 0, 129, 170, 142, 6, 35.14%, 0, 0, 4, 444.67, 230395, 143, 0, 0
518, 0, 129, 171, 143, 6, 35.38%, 0, 0, 4, 452.52, 232697, 144, 0, 0
523, 0, 129, 172, 144, 6, 35.38%, 0, 0, 4, 433.10, 234881, 144, 0, 0
528, 0, 141, 172, 143, 6, 35.38%, 0, 0, 4, 446.85, 237146, 144, 0, 0
533, 0, 142, 176, 146, 5, 35.38%, 0, 0, 4, 458.55, 239513, 144, 0, 0
538, 0, 158, 176, 144, 4, 35.38%, 0, 0, 4, 451.80, 241818, 144, 0, 0
543, 1, 176, 177, 139, 1, 35.87%, 0, 0, 4, 478.06, 244317, 146, 0, 0
548, 2, 183, 251, 209, 12, 41.03%, 0, 0, 4, 444.95, 246558, 167, 0, 0
553, 2, 197, 251, 205, 8, 41.03%, 0, 0, 4, 455.65, 248855, 167, 0, 0
558, 2, 235, 251, 201, 4, 41.03%, 0, 0, 4, 445.82, 251097, 167, 0, 0
563, 2, 245, 251, 199, 2, 41.03%, 0, 0, 4, 458.71, 253430, 167, 0, 0
568, 3, 29, 251, 191, 0, 41.03%, 0, 0, 4, 455.72, 255704, 167, 0, 0
573, 3, 116, 251, 172, 0, 41.03%, 0, 0, 4, 453.23, 257946, 167, 0, 0
579, 3, 158, 252, 166, 0, 41.03%, 0, 0, 5, 429.91, 260107, 167, 0, 0
584, 4, 42, 253, 162, 0, 41.03%, 0, 0, 6, 446.99, 262458, 167, 0, 0
589, 5, 18, 254, 154, 0, 41.03%, 0, 0, 6, 473.08, 264762, 167, 0, 0
594, 5, 124, 254, 143, 0, 41.03%, 0, 0, 6, 446.93, 267080, 167, 0, 0
599, 5, 161, 254, 136, 0, 41.03%, 0, 0, 6, 411.79, 269174, 167, 0, 0
604, 6, 77, 256, 129, 0, 41.28%, 0, 0, 6, 444.17, 271452, 168, 0, 0
609, 6, 141, 256, 122, 0, 41.28%, 1, 0, 6, 449.01, 273712, 168, 2, 0
614, 6, 189, 256, 116, 0, 41.28%, 2, 0, 6, 430.57, 275861, 168, 5, 0
619, 6, 212, 257, 111, 0, 41.28%, 2, 0, 6, 436.36, 278127, 168, 5, 0
624, 6, 244, 258, 105, 0, 41.28%, 2, 0, 6, 459.51, 280565, 168, 5, 0
629, 6, 258, 259, 103, 1, 41.28%, 2, 0, 7, 466.24, 282861, 168, 5, 0
634, 7, 98, 260, 98, 0, 41.28%, 2, 0, 7, 448.54, 285093, 168, 5, 0
639, 7, 158, 261, 95, 0, 41.28%, 2, 0, 7, 446.08, 287389, 168, 9, 0
644, 7, 201, 261, 91, 0, 41.28%, 2, 0, 7, 430.04, 289507, 168, 9, 0
650, 7, 245, 261, 85, 0, 41.28%, 2, 0, 7, 441.92, 291789, 168, 9, 0
655, 8, 263, 266, 88, 2, 42.26%, 3, 0, 7, 435.80, 293998, 172, 12, 0
660, 9, 12, 266, 85, 0, 42.26%, 6, 0, 7, 461.96, 296332, 172, 24, 0
665, 9, 112, 266, 76, 0, 42.26%, 7, 0, 7, 436.46, 298560, 172, 27, 0
670, 9, 153, 266, 70, 0, 42.26%, 8, 0, 7, 427.84, 300728, 172, 28, 0
675, 9, 202, 266, 68, 0, 42.26%, 8, 0, 7, 391.39, 302769, 172, 28, 0
680, 9, 230, 267, 66, 0, 42.51%, 8, 0, 7, 428.81, 304968, 173, 28, 0
685, 9, 266, 267, 65, 1, 42.51%, 8, 0, 7, 427.84, 307172, 173, 28, 0
690, 10, 116, 268, 61, 0, 42.51%, 9, 0, 7, 452.64, 309430, 173, 31, 0
695, 10, 192, 268, 60, 0, 42.51%, 9, 0, 7, 418.98, 311537, 173, 31, 0
700, 10, 241, 268, 54, 0, 42.51%, 9, 0, 7, 430.82, 313680, 173, 31, 0
705, 10, 265, 269, 52, 0, 42.51%, 9, 0, 7, 452.65, 315923, 173, 33, 0
710, 11, 30, 269, 52, 0, 42.51%, 9, 0, 7, 459.76, 318245, 173, 34, 0
715, 11, 146, 270, 50, 0, 42.51%, 9, 0, 7, 445.93, 320494, 173, 39, 0
720, 11, 207, 270, 48, 0, 42.51%, 9, 0, 7, 451.47, 322782, 173, 39, 0
725, 11, 240, 270, 43, 0, 42.51%, 9, 0, 7, 432.16, 324944, 173, 39, 0
731, 12, 19, 270, 42, 0, 42.51%, 9, 0, 7, 478.55, 327286, 173, 40, 0
736, 12, 153, 270, 39, 0, 42.51%, 9, 0, 7, 447.47, 329517, 173, 43, 0
741, 12, 183, 270, 35, 0, 42.51%, 9, 0, 7, 446.84, 331796, 173, 43, 0
746, 12, 257, 270, 35, 0, 42.51%, 9, 0, 7, 439.00, 333988, 173, 43, 0
751, 13, 3, 271, 34, 0, 42.51%, 9, 0, 7, 451.61, 336289, 173, 44, 0
756, 13, 116, 271, 32, 0, 42.51%, 9, 0, 7, 448.92, 338545, 173, 49, 0
761, 13, 183, 271, 30, 0, 42.51%, 9, 0, 7, 453.57, 340819, 173, 49, 0
766, 13, 245, 271, 29, 0, 42.51%, 9, 0, 7, 441.60, 343080, 173, 49, 0
771, 14, 9, 271, 27, 0, 42.51%, 9, 0, 7, 436.33, 345306, 173, 49, 0
776, 14, 127, 271, 26, 0, 42.51%, 9, 0, 7, 471.04, 347678, 173, 49, 0
781, 14, 191, 271, 24, 0, 42.51%, 9, 0, 7, 453.13, 349961, 173, 49, 0
786, 14, 265, 271, 24, 0, 42.51%, 9, 0, 7, 468.16, 352251, 173, 49, 0
791, 15, 112, 271, 21, 0, 42.51%, 9, 0, 7, 451.96, 354553, 173, 50, 0
796, 15, 183, 271, 21, 0, 42.51%, 9, 0, 7, 475.27, 356922, 173, 56, 0
801, 15, 228, 271, 20, 0, 42.51%, 9, 0, 7, 449.26, 359170, 173, 56, 0
806, 16, 13, 272, 19, 0, 42.51%, 9, 0, 7, 446.61, 361369, 173, 57, 0
811, 16, 141, 272, 17, 0, 42.51%, 9, 0, 7, 447.88, 363584, 173, 63, 0
817, 16, 204, 272, 16, 0, 42.51%, 9, 0, 7, 481.76, 366076, 173, 63, 0
822, 16, 261, 272, 14, 0, 42.51%, 9, 0, 7, 439.50, 368345, 173, 63, 0
827, 17, 112, 273, 14, 0, 42.51%, 9, 0, 7, 463.65, 370633, 173, 66, 0
832, 17, 166, 273, 14, 0, 42.51%, 9, 0, 7, 468.64, 372932, 173, 70, 0
837, 17, 258, 273, 12, 0, 42.51%, 10, 0, 7, 454.08, 375149, 173, 71, 0
842, 18, 67, 273, 10, 0, 42.51%, 10, 0, 7, 452.65, 377436, 173, 71, 0
847, 18, 159, 273, 9, 0, 42.51%, 10, 0, 7, 463.50, 379918, 173, 78, 0
852, 18, 258, 273, 9, 0, 42.51%, 10, 0, 7, 472.89, 382370, 173, 80, 0
857, 19, 273, 274, 9, 1, 42.51%, 10, 0, 7, 455.52, 384619, 173, 80, 0
862, 20, 127, 274, 8, 0, 42.51%, 10, 0, 7, 459.14, 386958, 173, 88, 0
867, 20, 244, 274, 7, 0, 42.51%, 10, 0, 7, 451.62, 389280, 173, 88, 0
872, 21, 58, 274, 7, 0, 42.51%, 10, 0, 7, 457.51, 391577, 173, 90, 0
877, 21, 159, 274, 6, 0, 42.51%, 10, 0, 7, 474.47, 393878, 173, 92, 0
883, 21, 245, 275, 7, 0, 42.51%, 10, 0, 7, 458.58, 396098, 173, 92, 0
888, 21, 274, 275, 6, 0, 42.51%, 10, 0, 7, 448.61, 398357, 173, 93, 0
893, 22, 116, 277, 7, 0, 42.51%, 10, 0, 7, 452.96, 400608, 173, 101, 0
898, 22, 185, 277, 7, 0, 42.51%, 11, 0, 7, 437.77, 402770, 173, 102, 0
903, 22, 265, 277, 6, 0, 42.51%, 11, 0, 7, 473.84, 405189, 173, 102, 0
908, 24, 26, 278, 6, 0, 42.75%, 11, 0, 7, 452.37, 407429, 174, 102, 0
913, 24, 141, 278, 6, 0, 42.75%, 11, 0, 7, 450.87, 409741, 174, 107, 0
918, 24, 245, 278, 6, 0, 42.75%, 11, 0, 7, 442.70, 412044, 174, 107, 0
923, 25, 3, 279, 6, 0, 42.75%, 11, 0, 7, 473.83, 414484, 174, 109, 0
928, 25, 135, 279, 6, 0, 42.75%, 11, 0, 7, 456.52, 416805, 174, 112, 0
933, 25, 223, 279, 5, 0, 42.75%, 11, 0, 7, 425.20, 419022, 174, 112, 0
938, 25, 273, 279, 5, 0, 42.75%, 11, 0, 7, 432.93, 421254, 174, 112, 0
943, 26, 116, 279, 5, 0, 42.75%, 11, 0, 7, 447.48, 423525, 174, 112, 0
949, 26, 235, 279, 5, 0, 42.75%, 11, 0, 7, 464.62, 425881, 174, 112, 0
954, 27, 14, 279, 5, 0, 42.75%, 11, 0, 7, 430.44, 428053, 174, 113, 0
959, 27, 117, 279, 5, 0, 42.75%, 11, 0, 7, 450.49, 430347, 174, 118, 0
964, 27, 235, 279, 5, 0, 42.75%, 11, 0, 7, 447.15, 432547, 174, 118, 0
969, 28, 155, 280, 5, 1, 42.75%, 11, 0, 7, 475.37, 434984, 174, 120, 0
974, 29, 86, 280, 4, 0, 42.75%, 11, 0, 7, 445.40, 437210, 174, 123, 0
979, 29, 197, 280, 4, 0, 42.75%, 11, 0, 7, 466.39, 439555, 174, 125, 0
984, 29, 276, 280, 4, 0, 42.75%, 11, 0, 7, 460.98, 441907, 174, 126, 0
989, 30, 96, 280, 3, 0, 42.75%, 11, 0, 7, 438.44, 444084, 174, 129, 0
994, 30, 183, 280, 3, 0, 42.75%, 11, 0, 7, 449.35, 446407, 174, 133, 0
999, 30, 266, 280, 3, 0, 42.75%, 11, 0, 7, 428.93, 448573, 174, 134, 0
1004, 31, 112, 280, 3, 0, 42.75%, 11, 0, 7, 446.93, 450907, 174, 134, 0
1010, 31, 207, 280, 3, 0, 42.75%, 11, 0, 7, 461.22, 453233, 174, 134, 0
1015, 31, 278, 280, 3, 0, 42.75%, 11, 0, 7, 464.57, 455565, 174, 136, 0
1020, 32, 115, 280, 2, 0, 42.75%, 11, 0, 7, 435.34, 457706, 174, 138, 0
1025, 32, 197, 280, 2, 0, 42.75%, 11, 0, 7, 443.88, 459903, 174, 138, 0
1030, 32, 279, 280, 2, 0, 42.75%, 11, 0, 7, 455.96, 462180, 174, 142, 0
1035, 33, 117, 283, 5, 0, 42.75%, 11, 0, 7, 457.69, 464520, 174, 149, 0
1040, 33, 243, 283, 5, 0, 42.75%, 11, 0, 7, 429.50, 466715, 174, 149, 0
1045, 33, 279, 283, 3, 0, 42.75%, 11, 0, 7, 447.94, 468944, 174, 150, 0
1050, 34, 99, 283, 2, 0, 42.75%, 11, 0, 7, 461.10, 471247, 174, 150, 0
1055, 34, 197, 283, 2, 0, 42.75%, 11, 0, 7, 461.91, 473540, 174, 150, 0
1060, 34, 266, 283, 2, 0, 42.75%, 11, 0, 7, 442.15, 475750, 174, 151, 0
1065, 35, 284, 285, 4, 1, 43.00%, 11, 0, 7, 447.07, 477984, 175, 151, 0
1070, 36, 116, 285, 3, 0, 43.00%, 11, 0, 7, 436.21, 480164, 175, 157, 0
1075, 36, 224, 285, 3, 0, 43.00%, 11, 0, 7, 468.78, 482628, 175, 157, 0
1080, 36, 281, 286, 4, 0, 43.00%, 11, 0, 7, 478.23, 484995, 175, 161, 0
1086, 36, 284, 286, 3, 0, 43.00%, 11, 0, 7, 457.69, 487377, 175, 161, 0
1091, 37, 121, 286, 3, 0, 43.00%, 11, 0, 7, 443.84, 489593, 175, 162, 0
1096, 37, 235, 286, 3, 0, 43.00%, 11, 0, 7, 455.26, 491866, 175, 162, 0
1101, 37, 284, 286, 2, 0, 43.00%, 11, 0, 7, 484.54, 494365, 175, 164, 0
1106, 38, 159, 286, 2, 0, 43.00%, 11, 0, 7, 462.36, 496651, 175, 166, 0
1111, 38, 245, 286, 2, 0, 43.00%, 11, 0, 7, 455.25, 499022, 175, 166, 0
1116, 38, 284, 286, 2, 0, 43.00%, 11, 0, 7, 459.04, 501344, 175, 169, 0
1121, 39, 159, 286, 2, 0, 43.00%, 11, 0, 7, 473.00, 503754, 175, 173, 0
1126, 39, 245, 286, 2, 0, 43.00%, 11, 0, 7, 455.09, 506041, 175, 173, 0
1131, 40, 24, 286, 2, 0, 43.00%, 11, 0, 7, 448.67, 508342, 175, 174, 0
1136, 40, 183, 286, 2, 0, 43.00%, 11, 0, 7, 458.99, 510711, 175, 179, 0
1142, 40, 266, 286, 2, 0, 43.00%, 11, 0, 7, 480.25, 513230, 175, 181, 0
1147, 40, 283, 286, 2, 0, 43.00%, 11, 0, 7, 452.59, 515456, 175, 181, 0
1152, 40, 285, 287, 2, 0, 43.00%, 11, 0, 7, 421.11, 517568, 175, 181, 0
1157, 41, 91, 287, 1, 0, 43.00%, 11, 0, 7, 421.81, 519643, 175, 182, 0
1162, 41, 197, 287, 1, 0, 43.00%, 11, 0, 7, 442.58, 521934, 175, 185, 0
1167, 41, 284, 287, 1, 0, 43.00%, 11, 0, 7, 433.01, 524142, 175, 186, 0
1172, 42, 138, 287, 1, 0, 43.00%, 11, 0, 7, 449.40, 526407, 175, 192, 0
1177, 42, 258, 287, 1, 0, 43.00%, 11, 0, 7, 456.99, 528817, 175, 192, 0
1182, 43, 14, 287, 1, 0, 43.00%, 11, 0, 7, 440.00, 531062, 175, 195, 0
1187, 43, 287, 308, 22, 1, 50.61%, 11, 0, 7, 426.65, 533240, 206, 195, 0
1192, 43, 287, 312, 26, 1, 50.61%, 11, 0, 7, 423.34, 535388, 206, 195, 0
1197, 43, 287, 314, 28, 1, 50.61%, 11, 0, 7, 425.34, 537546, 206, 195, 0
1202, 43, 287, 314, 28, 1, 50.61%, 11, 0, 7, 449.74, 539821, 206, 195, 0
1208, 43, 287, 315, 29, 1, 50.61%, 11, 0, 7, 439.38, 542065, 206, 195, 0
1213, 43, 287, 317, 31, 1, 50.61%, 11, 0, 7, 457.23, 544360, 206, 195, 0
1218, 43, 287, 318, 32, 1, 50.61%, 11, 0, 7, 436.53, 546574, 206, 195, 0
1223, 43, 287, 319, 33, 1, 50.61%, 11, 0, 7, 444.78, 548837, 206, 195, 0
1228, 43, 287, 320, 34, 1, 50.61%, 11, 0, 7, 439.43, 551060, 206, 195, 0
1233, 43, 287, 321, 35, 1, 50.86%, 11, 0, 7, 429.97, 553267, 207, 195, 0
1238, 43, 287, 322, 36, 1, 50.86%, 11, 0, 7, 422.13, 555322, 207, 195, 0
1243, 43, 287, 322, 36, 1, 50.86%, 11, 0, 7, 438.67, 557538, 207, 195, 0
1248, 43, 287, 322, 36, 1, 50.86%, 11, 0, 7, 454.70, 559858, 207, 195, 0
1253, 43, 287, 323, 37, 1, 51.11%, 11, 0, 7, 409.65, 561977, 208, 195, 0
1258, 43, 287, 324, 38, 1, 51.11%, 11, 0, 7, 433.27, 564248, 208, 195, 0
1264, 43, 287, 325, 39, 1, 51.11%, 11, 0, 7, 457.61, 566583, 208, 195, 0
1269, 43, 287, 325, 39, 1, 51.11%, 11, 0, 7, 464.78, 568950, 208, 195, 0
1274, 43, 289, 326, 38, 6, 51.35%, 11, 0, 7, 454.27, 571216, 209, 195, 0
1279, 43, 292, 332, 43, 5, 51.35%, 11, 0, 7, 425.61, 573321, 209, 195, 0
1284, 43, 292, 334, 45, 5, 51.35%, 11, 0, 7, 442.24, 575599, 209, 195, 0
1289, 43, 292, 334, 45, 5, 51.35%, 11, 0, 7, 439.10, 577775, 209, 195, 0
1294, 43, 292, 334, 45, 5, 51.35%, 11, 0, 7, 405.75, 579855, 209, 195, 0
1299, 43, 292, 336, 47, 5, 51.35%, 11, 0, 7, 428.64, 582021, 209, 195, 0
1304, 43, 292, 336, 47, 5, 51.35%, 11, 0, 7, 422.99, 584245, 209, 195, 0
1309, 43, 292, 336, 47, 5, 51.35%, 11, 0, 7, 432.86, 586438, 209, 195, 0
1314, 43, 292, 337, 48, 5, 51.35%, 11, 0, 7, 464.15, 588813, 209, 195, 0
1319, 43, 292, 337, 48, 5, 51.35%, 11, 0, 7, 430.90, 590909, 209, 195, 0
1324, 43, 292, 337, 48, 5, 51.35%, 11, 0, 7, 411.59, 592957, 209, 195, 0
1329, 43, 292, 337, 48, 5, 51.35%, 11, 0, 7, 437.71, 595245, 209, 195, 0
1334, 43, 292, 337, 48, 5, 51.35%, 11, 0, 7, 463.64, 597552, 209, 195, 0
1339, 43, 292, 337, 48, 5, 51.35%, 11, 0, 7, 441.16, 599773, 209, 195, 0
1344, 43, 292, 337, 48, 5, 51.35%, 11, 0, 7, 429.50, 601925, 209, 195, 0
1350, 43, 292, 337, 48, 5, 51.35%, 11, 0, 7, 456.47, 604284, 209, 195, 0
1355, 43, 292, 337, 48, 5, 51.35%, 11, 0, 7, 462.33, 606606, 209, 195, 0
1360, 43, 292, 338, 49, 5, 51.35%, 11, 0, 7, 418.71, 608660, 209, 195, 0
1365, 43, 292, 338, 49, 5, 51.35%, 11, 0, 7, 454.37, 611005, 209, 195, 0
1370, 43, 320, 338, 47, 4, 51.35%, 11, 0, 7, 382.89, 612808, 209, 195, 0
1375, 43, 320, 343, 52, 4, 51.35%, 11, 0, 7, 448.40, 615179, 209, 195, 0
1380, 43, 320, 344, 53, 4, 51.35%, 11, 0, 7, 434.24, 617402, 209, 195, 0
1385, 43, 320, 344, 53, 4, 51.35%, 11, 0, 7, 450.85, 619698, 209, 195, 0
1390, 43, 320, 344, 53, 4, 51.35%, 11, 0, 7, 418.66, 621770, 209, 195, 0
1395, 43, 320, 344, 53, 4, 51.35%, 11, 0, 7, 431.19, 624018, 209, 195, 0
1401, 43, 320, 344, 53, 4, 51.35%, 11, 0, 7, 446.28, 626258, 209, 195, 0
1406, 43, 320, 344, 53, 4, 51.35%, 11, 0, 7, 442.05, 628466, 209, 195, 0
1411, 43, 320, 344, 53, 4, 51.35%, 11, 0, 7, 437.09, 630658, 209, 195, 0
1416, 43, 320, 345, 54, 4, 51.35%, 11, 0, 7, 424.49, 632857, 209, 195, 0
1421, 43, 320, 345, 54, 4, 51.35%, 11, 0, 7, 463.62, 635256, 209, 195, 0
1426, 43, 320, 345, 54, 4, 51.35%, 11, 0, 7, 436.78, 637473, 209, 195, 0
1431, 43, 320, 345, 54, 4, 51.35%, 11, 0, 7, 420.81, 639593, 209, 195, 0
1436, 43, 320, 345, 54, 4, 51.35%, 11, 0, 7, 442.85, 641857, 209, 195, 0
1441, 43, 320, 345, 54, 4, 51.35%, 11, 0, 7, 434.32, 644041, 209, 195, 0
1446, 43, 320, 345, 54, 4, 51.35%, 11, 0, 7, 421.22, 646177, 209, 195, 0
1451, 43, 320, 346, 55, 4, 51.35%, 11, 0, 7, 438.28, 648384, 209, 195, 0
1456, 43, 320, 346, 55, 4, 51.35%, 11, 0, 7, 429.11, 650568, 209, 195, 0
1461, 43, 320, 346, 55, 4, 51.35%, 11, 0, 7, 430.82, 652784, 209, 195, 0
1466, 43, 325, 347, 54, 4, 51.35%, 11, 0, 7, 453.72, 655092, 209, 195, 0
1471, 43, 326, 348, 54, 3, 51.35%, 11, 0, 7, 437.16, 657259, 209, 195, 0
1476, 43, 339, 348, 53, 2, 51.35%, 11, 0, 7, 422.06, 659331, 209, 195, 0
1482, 43, 344, 357, 61, 1, 51.35%, 11, 0, 7, 447.52, 661594, 209, 195, 0
1487, 43, 344, 357, 61, 1, 51.35%, 11, 0, 7, 434.97, 663754, 209, 195, 0
1492, 43, 344, 359, 63, 1, 51.35%, 11, 0, 7, 436.99, 665968, 209, 195, 0
1497, 43, 344, 359, 63, 1, 51.35%, 11, 0, 7, 442.38, 668272, 209, 195, 0
1502, 43, 349, 359, 61, 0, 51.35%, 11, 0, 7, 431.81, 670520, 209, 195, 0
1507, 43, 353, 365, 66, 0, 51.60%, 11, 0, 7, 426.93, 672666, 210, 195, 0
1512, 43, 353, 365, 66, 0, 51.60%, 11, 0, 7, 438.93, 674890, 210, 195, 0
1517, 43, 353, 367, 68, 0, 51.60%, 11, 0, 7, 457.19, 677270, 210, 195, 0
1522, 43, 353, 367, 68, 0, 51.60%, 11, 0, 7, 442.31, 679424, 210, 195, 0
1527, 43, 353, 367, 68, 0, 51.60%, 11, 0, 7, 442.66, 681672, 210, 195, 0
1532, 43, 364, 367, 67, 1, 51.60%, 11, 0, 7, 456.06, 683942, 210, 195, 0
1537, 43, 367, 377, 75, 0, 51.84%, 11, 0, 7, 476.08, 686339, 211, 195, 0
1542, 44, 337, 381, 79, 1, 51.84%, 11, 0, 7, 408.30, 688342, 211, 195, 0
1547, 44, 374, 381, 75, 0, 51.84%, 11, 0, 7, 388.59, 690334, 211, 195, 0
1553, 45, 159, 381, 74, 0, 51.84%, 11, 0, 7, 444.81, 692755, 211, 200, 0
1558, 45, 261, 381, 74, 0, 51.84%, 11, 0, 7, 448.34, 695005, 211, 200, 0
1563, 45, 289, 381, 74, 0, 51.84%, 11, 0, 7, 448.35, 697302, 211, 203, 0
1568, 45, 299, 381, 73, 0, 51.84%, 11, 0, 7, 442.58, 699532, 211, 203, 0
1573, 45, 316, 381, 69, 0, 51.84%, 11, 0, 7, 462.26, 701864, 211, 203, 0
1578, 45, 321, 381, 68, 0, 51.84%, 11, 0, 7, 463.26, 704195, 211, 203, 0
1583, 45, 326, 381, 67, 0, 51.84%, 11, 0, 7, 485.52, 706711, 211, 203, 0
1588, 45, 336, 381, 65, 0, 51.84%, 11, 0, 7, 459.88, 709003, 211, 203, 0
1593, 45, 342, 381, 64, 0, 51.84%, 11, 0, 7, 466.75, 711317, 211, 203, 0
1598, 45, 354, 382, 64, 0, 51.84%, 11, 0, 7, 447.05, 713567, 211, 203, 0
1603, 45, 362, 382, 61, 0, 51.84%, 11, 0, 7, 475.50, 715998, 211, 203, 0
1608, 45, 366, 382, 60, 0, 51.84%, 11, 0, 7, 453.52, 718286, 211, 203, 0
1614, 45, 373, 382, 57, 0, 51.84%, 11, 0, 7, 407.60, 720267, 211, 203, 0
1619, 46, 116, 384, 57, 0, 51.84%, 11, 0, 7, 414.87, 722334, 211, 206, 0
1624, 46, 230, 384, 57, 0, 51.84%, 11, 0, 7, 464.32, 724749, 211, 208, 0
1629, 46, 266, 385, 58, 0, 51.84%, 11, 0, 7, 458.90, 727149, 211, 208, 0
1634, 46, 289, 385, 58, 0, 51.84%, 11, 0, 7, 439.68, 729352, 211, 209, 0
1639, 46, 320, 385, 56, 0, 51.84%, 11, 0, 7, 446.98, 731536, 211, 209, 0
1644, 46, 325, 385, 55, 0, 51.84%, 11, 0, 7, 464.10, 733806, 211, 209, 0
1649, 46, 330, 385, 55, 0, 51.84%, 11, 0, 7, 456.86, 736085, 211, 209, 0
1654, 46, 341, 385, 53, 0, 51.84%, 11, 0, 7, 447.77, 738409, 211, 209, 0
1659, 46, 346, 385, 52, 0, 51.84%, 11, 0, 7, 426.88, 740528, 211, 209, 0
1664, 46, 364, 385, 48, 0, 51.84%, 11, 0, 7, 437.68, 742808, 211, 209, 0
1669, 46, 371, 385, 47, 0, 51.84%, 11, 0, 7, 425.70, 744960, 211, 209, 0
1674, 47, 112, 385, 45, 0, 51.84%, 11, 0, 7, 414.29, 747033, 211, 212, 0
1679, 47, 183, 385, 45, 0, 51.84%, 11, 0, 7, 444.58, 749377, 211, 218, 0
1685, 47, 266, 385, 45, 0, 51.84%, 11, 0, 7, 439.02, 751620, 211, 219, 0
1690, 47, 289, 385, 45, 0, 51.84%, 11, 0, 7, 459.18, 754012, 211, 219, 0
1695, 47, 291, 385, 44, 0, 51.84%, 11, 0, 7, 417.89, 756130, 211, 219, 0
1700, 47, 306, 385, 41, 0, 51.84%, 11, 0, 7, 450.77, 758402, 211, 219, 0
1705, 47, 320, 385, 37, 0, 51.84%, 11, 0, 7, 439.61, 760666, 211, 219, 0
1710, 47, 325, 385, 37, 0, 51.84%, 11, 0, 7, 461.12, 763005, 211, 219, 0
1715, 47, 327, 385, 37, 0, 51.84%, 11, 0, 7, 461.11, 765284, 211, 219, 0
1720, 47, 340, 385, 36, 0, 51.84%, 11, 0, 7, 471.50, 767648, 211, 219, 0
1725, 47, 354, 385, 34, 0, 51.84%, 11, 0, 7, 449.44, 769890, 211, 219, 0
1730, 47, 364, 385, 34, 0, 51.84%, 11, 0, 7, 456.39, 772253, 211, 219, 0
1735, 47, 381, 385, 33, 0, 51.84%, 11, 0, 7, 457.76, 774507, 211, 219, 0
1740, 48, 289, 401, 48, 5, 60.69%, 11, 0, 7, 440.60, 776760, 247, 219, 0
1745, 48, 390, 404, 50, 4, 60.69%, 11, 0, 7, 451.51, 779058, 247, 219, 0
1750, 48, 395, 408, 52, 4, 60.93%, 11, 0, 7, 435.92, 781303, 248, 219, 0
1755, 48, 401, 418, 60, 3, 60.93%, 11, 0, 7, 445.93, 783612, 248, 219, 0
1760, 48, 401, 424, 66, 3, 60.93%, 11, 0, 7, 427.44, 785766, 248, 219, 0
1765, 48, 401, 430, 72, 3, 60.93%, 11, 0, 7, 444.85, 788008, 248, 219, 0
1770, 48, 406, 431, 71, 2, 60.93%, 11, 0, 7, 433.48, 790186, 248, 219, 0
1775, 48, 426, 439, 78, 1, 61.18%, 11, 0, 7, 459.36, 792555, 249, 219, 0
1781, 48, 426, 441, 80, 1, 61.18%, 11, 0, 7, 445.07, 794757, 249, 219, 0
1786, 48, 426, 443, 82, 1, 61.18%, 11, 0, 7, 472.86, 797209, 249, 219, 0
1791, 48, 426, 444, 83, 1, 61.18%, 11, 0, 7, 483.02, 799547, 249, 219, 0
1796, 48, 426, 446, 85, 1, 61.18%, 11, 0, 7, 469.68, 801865, 249, 219, 0
1801, 48, 432, 446, 84, 1, 61.18%, 11, 0, 7, 436.17, 804086, 249, 219, 0
1806, 48, 432, 449, 87, 1, 61.18%, 11, 0, 7, 430.56, 806204, 249, 219, 0
1811, 48, 432, 455, 93, 1, 61.43%, 11, 0, 7, 429.10, 808374, 250, 219, 0
1816, 48, 432, 456, 94, 1, 61.43%, 11, 0, 7, 426.30, 810517, 250, 219, 0
1821, 48, 432, 457, 95, 1, 61.43%, 11, 0, 7, 421.66, 812580, 250, 219, 0
1826, 48, 432, 457, 95, 1, 61.43%, 11, 0, 7, 424.68, 814756, 250, 219, 0
1831, 48, 432, 459, 97, 1, 61.43%, 11, 0, 7, 413.65, 816890, 250, 219, 0
1836, 48, 448, 460, 97, 2, 61.43%, 11, 0, 7, 428.91, 818985, 250, 219, 0
1841, 48, 454, 460, 95, 0, 61.43%, 11, 0, 7, 399.16, 820986, 250, 219, 0
1846, 48, 454, 463, 98, 0, 61.43%, 11, 0, 7, 408.24, 823031, 250, 219, 0
1852, 48, 454, 463, 98, 0, 61.43%, 11, 0, 7, 438.50, 825279, 250, 219, 0
1857, 48, 457, 463, 97, 0, 61.43%, 11, 0, 7, 426.40, 827367, 250, 219, 0
1862, 48, 460, 463, 95, 0, 61.43%, 11, 0, 7, 459.87, 829711, 250, 219, 0
1867, 49, 141, 471, 102, 0, 61.43%, 11, 0, 7, 468.64, 832032, 250, 225, 0
1872, 49, 201, 471, 102, 0, 61.43%, 11, 0, 7, 450.87, 834243, 250, 225, 0
1877, 49, 274, 471, 102, 0, 61.43%, 11, 0, 7, 471.03, 836652, 250, 226, 0
1882, 49, 289, 471, 102, 0, 61.43%, 11, 0, 7, 437.99, 838874, 250, 226, 0
1887, 49, 301, 471, 102, 0, 61.43%, 11, 0, 7, 420.41, 840994, 250, 226, 0
1892, 49, 320, 471, 100, 0, 61.43%, 11, 0, 7, 441.09, 843242, 250, 226, 0
1897, 49, 325, 471, 100, 0, 61.43%, 11, 0, 7, 471.18, 845755, 250, 226, 0
1902, 49, 338, 471, 99, 0, 61.43%, 11, 0, 7, 432.85, 847946, 250, 226, 0
1907, 49, 344, 471, 98, 0, 61.43%, 11, 0, 7, 445.88, 850226, 250, 226, 0
1912, 49, 354, 471, 97, 0, 61.43%, 11, 0, 7, 455.68, 852516, 250, 226, 0
1917, 49, 356, 472, 97, 0, 61.43%, 11, 0, 7, 436.32, 854705, 250, 226, 0
1922, 49, 368, 472, 96, 0, 61.43%, 11, 0, 7, 433.84, 856952, 250, 226, 0
1927, 49, 402, 472, 93, 0, 61.43%, 11, 0, 7, 449.34, 859221, 250, 226, 0
1932, 49, 417, 472, 89, 0, 61.43%, 11, 0, 7, 460.35, 861548, 250, 226, 0
1938, 49, 420, 475, 91, 0, 61.43%, 11, 0, 7, 458.36, 863877, 250, 226, 0
1943, 49, 426, 475, 88, 0, 61.43%, 11, 0, 7, 436.42, 866058, 250, 226, 0
1948, 49, 448, 475, 86, 0, 61.43%, 11, 0, 7, 443.54, 868354, 250, 226, 0
1953, 49, 453, 475, 85, 0, 61.43%, 11, 0, 7, 449.45, 870596, 250, 226, 0
1958, 49, 471, 475, 80, 0, 61.43%, 11, 0, 7, 446.32, 872778, 250, 226, 0
1963, 50, 476, 477, 81, 1, 61.67%, 11, 0, 8, 448.34, 875076, 251, 226, 0
1968, 51, 116, 477, 80, 0, 61.67%, 11, 0, 8, 439.73, 877311, 251, 239, 0
1973, 51, 199, 477, 80, 0, 61.67%, 11, 0, 8, 444.27, 879584, 251, 239, 0
1978, 51, 261, 477, 80, 0, 61.67%, 11, 0, 8, 410.59, 881641, 251, 239, 0
1983, 51, 289, 477, 80, 0, 61.67%, 11, 0, 8, 434.35, 883842, 251, 241, 0
1988, 51, 320, 477, 79, 0, 61.67%, 11, 0, 8, 440.29, 886058, 251, 241, 0
1993, 51, 323, 477, 79, 0, 61.67%, 11, 0, 8, 440.53, 888274, 251, 241, 0
1998, 51, 326, 477, 78, 0, 61.67%, 11, 0, 8, 469.29, 890720, 251, 241, 0
2004, 51, 339, 477, 77, 0, 61.67%, 11, 0, 8, 442.00, 892970, 251, 241, 0
2009, 51, 364, 477, 77, 0, 61.67%, 11, 0, 8, 475.79, 895406, 251, 241, 0
2014, 51, 382, 477, 76, 0, 61.67%, 11, 0, 8, 461.82, 897741, 251, 241, 0
2019, 51, 395, 477, 74, 0, 61.67%, 11, 0, 8, 433.64, 899870, 251, 241, 0
2024, 51, 412, 477, 71, 0, 61.67%, 11, 0, 8, 436.95, 902046, 251, 241, 0
2029, 51, 434, 477, 68, 0, 61.67%, 11, 0, 8, 467.68, 904435, 251, 241, 0
2034, 51, 440, 477, 66, 0, 61.67%, 11, 0, 8, 440.65, 906610, 251, 241, 0
2039, 51, 452, 477, 64, 0, 61.67%, 11, 0, 8, 455.97, 908906, 251, 241, 0
2044, 51, 465, 477, 64, 0, 61.67%, 11, 0, 8, 420.92, 910986, 251, 241, 0
2049, 52, 17, 477, 61, 0, 61.67%, 11, 0, 8, 422.44, 913177, 251, 241, 0
2054, 52, 193, 477, 61, 0, 61.67%, 11, 0, 8, 450.93, 915458, 251, 244, 0
2059, 52, 245, 477, 61, 0, 61.67%, 11, 0, 8, 399.93, 917468, 251, 244, 0
2064, 52, 289, 477, 61, 0, 61.67%, 11, 0, 8, 436.66, 919677, 251, 245, 0
2070, 52, 311, 477, 59, 0, 61.67%, 11, 0, 8, 460.44, 922156, 251, 245, 0
2075, 52, 319, 477, 56, 0, 61.67%, 11, 0, 8, 454.63, 924405, 251, 245, 0
2080, 52, 322, 477, 55, 0, 61.67%, 11, 0, 8, 434.10, 926533, 251, 245, 0
2085, 52, 326, 477, 55, 0, 61.67%, 11, 0, 8, 449.42, 928821, 251, 245, 0
2090, 52, 344, 477, 55, 0, 61.67%, 11, 0, 8, 453.13, 931147, 251, 245, 0
2095, 52, 387, 477, 55, 0, 61.67%, 11, 0, 8, 456.88, 933446, 251, 245, 0
2100, 52, 426, 477, 55, 0, 61.67%, 11, 0, 8, 430.25, 935621, 251, 245, 0
2105, 52, 439, 477, 53, 0, 61.67%, 11, 0, 8, 449.18, 937933, 251, 245, 0
2110, 52, 443, 477, 51, 0, 61.67%, 11, 0, 8, 465.13, 940320, 251, 245, 0
2115, 52, 448, 477, 49, 0, 61.67%, 11, 0, 8, 432.96, 942477, 251, 245, 0
2120, 52, 463, 477, 48, 0, 61.67%, 11, 0, 8, 422.87, 944645, 251, 245, 0
2125, 53, 93, 477, 47, 0, 61.67%, 11, 0, 8, 402.52, 946574, 251, 245, 0
2130, 53, 201, 477, 47, 0, 61.67%, 11, 0, 8, 418.01, 948711, 251, 253, 0
2135, 53, 274, 477, 47, 0, 61.67%, 11, 0, 8, 444.66, 950930, 251, 255, 0
2141, 53, 303, 477, 47, 0, 61.67%, 11, 0, 8, 444.10, 953213, 251, 255, 0
2146, 53, 320, 477, 46, 0, 61.67%, 11, 0, 8, 440.35, 955421, 251, 255, 0
2151, 53, 325, 477, 46, 0, 61.67%, 11, 0, 8, 435.07, 957661, 251, 255, 0
2156, 53, 339, 477, 46, 0, 61.67%, 11, 0, 8, 457.87, 960076, 251, 255, 0
2161, 53, 344, 477, 46, 0, 61.67%, 11, 0, 8, 453.06, 962364, 251, 255, 0
2166, 53, 366, 477, 45, 0, 61.67%, 11, 0, 8, 431.70, 964533, 251, 255, 0
2171, 53, 395, 477, 45, 0, 61.67%, 11, 0, 8, 448.56, 966897, 251, 255, 0
2176, 53, 418, 477, 43, 0, 61.67%, 11, 0, 8, 428.14, 969065, 251, 255, 0
2181, 53, 438, 477, 41, 0, 61.67%, 11, 0, 8, 455.96, 971367, 251, 255, 0
2186, 53, 452, 477, 40, 0, 61.67%, 11, 0, 8, 459.36, 973704, 251, 255, 0
2191, 53, 469, 478, 39, 0, 61.67%, 11, 0, 8, 454.72, 975913, 251, 255, 0
2196, 54, 12, 479, 37, 0, 61.67%, 11, 0, 8, 451.68, 978193, 251, 255, 0
2201, 54, 159, 479, 37, 0, 61.67%, 11, 0, 8, 462.42, 980530, 251, 256, 0
2206, 54, 235, 479, 37, 0, 61.67%, 11, 0, 8, 466.15, 982816, 251, 256, 0
2211, 54, 288, 479, 37, 0, 61.67%, 11, 0, 8, 456.20, 985095, 251, 256, 0
2217, 54, 320, 479, 37, 0, 61.67%, 11, 0, 8, 437.00, 987400, 251, 256, 0
2222, 54, 325, 479, 37, 0, 61.67%, 11, 0, 8, 472.54, 989846, 251, 256, 0
2227, 54, 339, 479, 37, 0, 61.67%, 11, 0, 8, 445.23, 992072, 251, 256, 0
2232, 54, 344, 479, 37, 0, 61.67%, 11, 0, 8, 441.32, 994280, 251, 256, 0
2237, 54, 364, 479, 36, 0, 61.67%, 11, 0, 8, 401.24, 996272, 251, 256, 0
2242, 54, 395, 480, 35, 0, 61.67%, 11, 0, 8, 445.97, 998699, 251, 256, 0
2247, 54, 422, 480, 32, 0, 61.67%, 11, 0, 8, 476.18, 1001166, 251, 256, 0
2252, 54, 435, 480, 30, 0, 61.67%, 11, 0, 8, 457.88, 1003530, 251, 256, 0
2258, 54, 452, 480, 28, 0, 61.67%, 11, 0, 8, 430.06, 1005679, 251, 256, 0
2263, 54, 476, 480, 27, 0, 61.67%, 11, 0, 8, 460.53, 1008030, 251, 256, 0
2268, 56, 16, 482, 26, 0, 61.92%, 11, 0, 8, 475.32, 1010467, 252, 256, 0
2273, 56, 157, 482, 26, 0, 61.92%, 11, 0, 8, 451.03, 1012779, 252, 262, 0
2278, 56, 227, 482, 26, 0, 61.92%, 11, 0, 8, 434.93, 1014988, 252, 263, 0
2283, 56, 281, 482, 26, 0, 61.92%, 11, 0, 8, 446.56, 1017241, 252, 263, 0
2288, 56, 289, 482, 25, 0, 61.92%, 11, 0, 8, 449.32, 1019573, 252, 263, 0
2293, 56, 322, 482, 25, 0, 61.92%, 11, 0, 8, 448.76, 1021799, 252, 263, 0
2298, 56, 326, 482, 25, 0, 61.92%, 11, 0, 8, 431.38, 1023959, 252, 263, 0
2303, 56, 344, 482, 24, 0, 61.92%, 11, 0, 8, 450.10, 1026215, 252, 263, 0
2308, 56, 364, 482, 24, 0, 61.92%, 11, 0, 8, 467.64, 1028512, 252, 263, 0
2313, 56, 384, 482, 23, 0, 61.92%, 11, 0, 8, 432.08, 1030643, 252, 263, 0
2318, 56, 402, 482, 22, 0, 61.92%, 11, 0, 8, 470.72, 1033068, 252, 263, 0
2324, 56, 448, 482, 21, 0, 61.92%, 11, 0, 8, 443.16, 1035291, 252, 263, 0
2329, 56, 475, 482, 20, 0, 61.92%, 11, 0, 8, 393.18, 1037211, 252, 263, 0
2334, 57, 426, 484, 21, 2, 62.41%, 11, 0, 8, 454.41, 1039585, 254, 263, 0
2339, 58, 112, 484, 19, 0, 62.41%, 11, 0, 8, 432.79, 1041774, 254, 267, 0
2344, 58, 223, 484, 19, 0, 62.41%, 11, 0, 8, 448.03, 1044135, 254, 271, 0
2349, 58, 286, 484, 19, 0, 62.41%, 11, 0, 8, 438.15, 1046377, 254, 272, 0
2354, 58, 316, 484, 18, 0, 62.41%, 11, 0, 8, 433.44, 1048585, 254, 272, 0
2359, 58, 326, 484, 18, 0, 62.41%, 11, 0, 8, 445.37, 1050809, 254, 272, 0
2364, 58, 351, 484, 18, 0, 62.41%, 11, 0, 8, 428.93, 1052993, 254, 272, 0
2369, 58, 362, 484, 16, 0, 62.41%, 11, 0, 8, 422.37, 1055217, 254, 272, 0
2374, 58, 395, 484, 15, 0, 62.41%, 11, 0, 8, 417.48, 1057309, 254, 272, 0
2380, 58, 432, 484, 15, 0, 62.41%, 11, 0, 8, 454.85, 1059689, 254, 272, 0
2385, 58, 448, 484, 15, 0, 62.41%, 11, 0, 8, 445.45, 1061953, 254, 272, 0
2390, 58, 454, 484, 14, 0, 62.41%, 11, 0, 8, 430.71, 1064089, 254, 272, 0
2395, 58, 463, 484, 14, 0, 62.41%, 11, 0, 8, 400.21, 1066089, 254, 272, 0
2400, 59, 17, 486, 15, 0, 62.41%, 11, 0, 8, 406.89, 1068061, 254, 272, 0
2405, 59, 159, 486, 15, 0, 62.41%, 11, 0, 8, 442.15, 1070275, 254, 276, 0
2410, 59, 258, 486, 15, 0, 62.41%, 11, 0, 8, 460.80, 1072645, 254, 276, 0
2415, 59, 289, 486, 15, 0, 62.41%, 11, 0, 8, 439.04, 1074866, 254, 276, 0
2420, 59, 313, 486, 15, 0, 62.41%, 11, 0, 8, 432.00, 1077170, 254, 276, 0
2425, 59, 325, 486, 15, 0, 62.41%, 11, 0, 8, 452.29, 1079498, 254, 276, 0
2430, 59, 349, 486, 15, 0, 62.41%, 11, 0, 8, 469.48, 1081872, 254, 276, 0
2435, 59, 359, 486, 15, 0, 62.41%, 11, 0, 8, 456.70, 1084119, 254, 276, 0
2440, 59, 370, 486, 15, 0, 62.41%, 11, 0, 8, 426.84, 1086298, 254, 276, 0
2445, 59, 394, 486, 14, 0, 62.41%, 11, 0, 8, 409.53, 1088350, 254, 276, 0
2450, 59, 426, 486, 13, 0, 62.41%, 11, 0, 8, 423.13, 1090538, 254, 276, 0
2455, 59, 452, 486, 12, 0, 62.41%, 11, 0, 8, 439.72, 1092794, 254, 276, 0
2461, 59, 460, 486, 12, 0, 62.41%, 11, 0, 8, 414.51, 1094826, 254, 276, 0
2466, 59, 481, 486, 11, 0, 62.41%, 11, 0, 8, 421.08, 1096946, 254, 276, 0
2471, 60, 116, 487, 12, 0, 62.41%, 11, 0, 8, 409.97, 1099006, 254, 282, 0
2476, 60, 197, 487, 12, 0, 62.41%, 11, 0, 8, 426.68, 1101187, 254, 282, 0
2481, 60, 264, 487, 12, 0, 62.41%, 11, 0, 8, 451.89, 1103441, 254, 283, 0
2486, 60, 289, 487, 12, 0, 62.41%, 11, 0, 8, 436.67, 1105624, 254, 283, 0
2491, 60, 324, 487, 12, 0, 62.41%, 11, 0, 8, 419.53, 1107764, 254, 283, 0
2496, 60, 339, 487, 12, 0, 62.41%, 11, 0, 8, 432.91, 1109964, 254, 283, 0
2501, 60, 360, 487, 12, 0, 62.41%, 11, 0, 8, 434.26, 1112228, 254, 283, 0
2506, 60, 394, 487, 11, 0, 62.41%, 11, 0, 8, 454.21, 1114504, 254, 283, 0
2511, 60, 426, 487, 11, 0, 62.41%, 11, 0, 8, 423.40, 1116584, 254, 283, 0
2516, 60, 442, 487, 10, 0, 62.41%, 11, 0, 8, 426.75, 1118744, 254, 283, 0
2521, 60, 458, 487, 10, 0, 62.41%, 11, 0, 8, 442.06, 1121008, 254, 283, 0
2526, 60, 476, 487, 10, 0, 62.41%, 11, 0, 8, 446.72, 1123224, 254, 283, 0
2532, 61, 17, 488, 9, 0, 62.41%, 11, 0, 8, 420.05, 1125364, 254, 283, 0
2537, 61, 156, 488, 9, 0, 62.41%, 11, 0, 8, 424.60, 1127523, 254, 290, 0
2542, 61, 235, 488, 9, 0, 62.41%, 11, 0, 8, 455.85, 1129868, 254, 290, 0
2547, 61, 311, 488, 9, 0, 62.41%, 11, 0, 8, 480.06, 1132388, 254, 294, 0
2552, 61, 335, 488, 9, 0, 62.41%, 11, 0, 8, 456.52, 1134639, 254, 294, 0
2557, 61, 359, 488, 9, 0, 62.41%, 11, 0, 8, 461.59, 1136966, 254, 294, 0
2562, 61, 402, 488, 9, 0, 62.41%, 11, 0, 8, 456.20, 1139282, 254, 294, 0
2567, 61, 438, 488, 8, 0, 62.41%, 11, 0, 8, 465.30, 1141625, 254, 294, 0
2572, 61, 453, 488, 8, 0, 62.41%, 11, 0, 8, 461.31, 1143968, 254, 294, 0
2577, 62, 16, 488, 6, 0, 62.41%, 11, 0, 8, 454.10, 1146289, 254, 294, 0
2582, 62, 172, 488, 6, 0, 62.41%, 11, 0, 8, 453.61, 1148561, 254, 298, 0
2587, 62, 245, 488, 6, 0, 62.41%, 11, 0, 8, 459.02, 1150843, 254, 298, 0
2592, 62, 320, 488, 5, 0, 62.41%, 11, 0, 8, 451.10, 1153116, 254, 298, 0
2597, 62, 387, 488, 5, 0, 62.41%, 11, 0, 8, 435.42, 1155280, 254, 298, 0
2602, 62, 422, 488, 5, 0, 62.41%, 11, 0, 8, 452.21, 1157579, 254, 298, 0
2608, 62, 450, 488, 4, 0, 62.41%, 11, 0, 8, 447.70, 1159870, 254, 298, 0
2613, 62, 483, 488, 4, 0, 62.41%, 11, 0, 8, 452.37, 1162213, 254, 298, 0
2618, 63, 132, 488, 4, 0, 62.41%, 11, 0, 8, 435.84, 1164419, 254, 302, 0
2623, 63, 223, 488, 4, 0, 62.41%, 11, 0, 8, 448.10, 1166694, 254, 302, 0
2628, 63, 289, 488, 4, 0, 62.41%, 11, 0, 8, 461.66, 1169070, 254, 303, 0
2633, 63, 322, 488, 4, 0, 62.41%, 11, 0, 8, 424.05, 1171086, 254, 303, 0
2638, 63, 364, 488, 4, 0, 62.41%, 11, 0, 8, 436.49, 1173362, 254, 303, 0
2643, 63, 414, 488, 4, 0, 62.41%, 11, 0, 8, 416.93, 1175525, 254, 303, 0
2648, 63, 481, 488, 4, 0, 62.41%, 11, 0, 8, 437.45, 1177739, 254, 303, 0
2653, 64, 122, 488, 4, 0, 62.41%, 11, 0, 8, 451.77, 1180016, 254, 308, 0
2658, 64, 201, 488, 4, 0, 62.41%, 11, 0, 8, 460.40, 1182356, 254, 308, 0
2663, 64, 283, 488, 4, 0, 62.41%, 11, 0, 8, 457.06, 1184617, 254, 308, 0
2668, 64, 320, 488, 4, 0, 62.41%, 11, 0, 8, 443.50, 1186858, 254, 308, 0
2673, 64, 356, 488, 4, 0, 62.41%, 11, 0, 8, 431.46, 1189050, 254, 308, 0
2679, 64, 405, 488, 4, 0, 62.41%, 11, 0, 8, 443.62, 1191274, 254, 308, 0
2684, 64, 481, 488, 3, 0, 62.41%, 11, 0, 8, 420.37, 1193435, 254, 308, 0
2689, 65, 112, 488, 3, 0, 62.41%, 11, 0, 8, 434.36, 1195684, 254, 320, 0
2694, 65, 229, 488, 3, 0, 62.41%, 11, 0, 8, 455.47, 1198038, 254, 324, 0
2699, 65, 289, 488, 3, 0, 62.41%, 11, 0, 8, 443.26, 1200302, 254, 325, 0
2704, 65, 333, 488, 3, 0, 62.41%, 11, 0, 8, 433.47, 1202474, 254, 325, 0
2709, 65, 359, 488, 3, 0, 62.41%, 11, 0, 8, 443.28, 1204706, 254, 325, 0
2714, 65, 426, 488, 3, 0, 62.41%, 11, 0, 8, 451.45, 1207006, 254, 325, 0
2719, 66, 18, 488, 3, 0, 62.41%, 11, 0, 8, 436.99, 1209219, 254, 325, 0
2724, 66, 180, 488, 3, 0, 62.41%, 11, 0, 8, 448.57, 1211557, 254, 327, 0
2729, 66, 258, 488, 3, 0, 62.41%, 11, 0, 8, 431.42, 1213817, 254, 328, 0
2735, 66, 322, 488, 3, 0, 62.41%, 11, 0, 8, 460.67, 1216169, 254, 329, 0
2740, 66, 387, 488, 3, 0, 62.41%, 11, 0, 8, 468.38, 1218606, 254, 329, 0
2745, 66, 452, 488, 3, 0, 62.41%, 11, 0, 8, 442.90, 1220795, 254, 329, 0
2750, 67, 116, 488, 3, 0, 62.41%, 11, 0, 8, 452.35, 1223092, 254, 334, 0
2755, 67, 223, 488, 3, 0, 62.41%, 11, 0, 8, 453.12, 1225314, 254, 335, 0
2760, 67, 282, 488, 3, 0, 62.41%, 11, 0, 8, 454.77, 1227593, 254, 336, 0
2765, 67, 314, 488, 3, 0, 62.41%, 11, 0, 8, 461.43, 1229944, 254, 336, 0
2770, 67, 344, 488, 3, 0, 62.41%, 11, 0, 8, 458.13, 1232265, 254, 336, 0
2775, 67, 353, 488, 3, 0, 62.41%, 11, 0, 8, 455.08, 1234525, 254, 336, 0
2780, 67, 366, 488, 3, 0, 62.41%, 11, 0, 8, 448.11, 1236775, 254, 336, 0
2785, 67, 479, 488, 3, 0, 62.41%, 11, 0, 8, 452.92, 1239085, 254, 336, 0
2790, 68, 127, 488, 3, 0, 62.41%, 11, 0, 8, 470.11, 1241456, 254, 340, 0
2795, 68, 235, 488, 3, 0, 62.41%, 11, 0, 8, 467.03, 1243808, 254, 340, 0
2800, 68, 292, 488, 3, 0, 62.41%, 11, 0, 8, 430.92, 1246002, 254, 341, 0
2805, 68, 320, 488, 3, 0, 62.41%, 11, 0, 8, 419.36, 1248130, 254, 341, 0
2810, 68, 368, 488, 3, 0, 62.41%, 11, 0, 8, 436.15, 1250406, 254, 341, 0
2816, 68, 476, 488, 3, 0, 62.41%, 11, 0, 8, 462.08, 1252697, 254, 341, 0
2821, 69, 127, 488, 3, 0, 62.41%, 11, 0, 8, 446.52, 1254986, 254, 347, 0
2826, 69, 235, 488, 3, 0, 62.41%, 11, 0, 8, 431.64, 1257129, 254, 348, 0
2831, 69, 289, 488, 3, 0, 62.41%, 11, 0, 8, 453.63, 1259452, 254, 350, 0
2836, 69, 331, 488, 3, 0, 62.41%, 11, 0, 8, 464.76, 1261828, 254, 350, 0
2841, 69, 374, 488, 2, 0, 62.41%, 11, 0, 8, 455.65, 1264080, 254, 350, 0
2846, 69, 438, 488, 2, 0, 62.41%, 11, 0, 8, 458.32, 1266336, 254, 350, 0
2851, 69, 474, 488, 2, 0, 62.41%, 11, 0, 8, 442.66, 1268519, 254, 350, 0
2856, 70, 42, 488, 2, 0, 62.41%, 11, 0, 8, 435.71, 1270689, 254, 350, 0
2861, 70, 183, 488, 2, 0, 62.41%, 11, 0, 8, 470.26, 1273115, 254, 356, 0
2866, 70, 253, 488, 2, 0, 62.41%, 11, 0, 8, 440.98, 1275310, 254, 356, 0
2871, 70, 285, 488, 2, 0, 62.41%, 11, 0, 8, 464.54, 1277628, 254, 357, 0
2876, 70, 320, 488, 2, 0, 62.41%, 11, 0, 8, 459.41, 1279906, 254, 357, 0
2881, 70, 369, 488, 2, 0, 62.41%, 11, 0, 8, 431.84, 1282068, 254, 357, 0
2886, 70, 420, 488, 2, 0, 62.41%, 11, 0, 8, 437.98, 1284288, 254, 357, 0
2891, 70, 483, 488, 2, 0, 62.41%, 11, 0, 8, 460.91, 1286629, 254, 357, 0
2896, 71, 116, 488, 1, 0, 62.41%, 11, 0, 8, 478.89, 1288985, 254, 364, 0
2901, 71, 197, 488, 1, 0, 62.41%, 11, 0, 8, 449.92, 1291253, 254, 364, 0
2906, 71, 266, 488, 1, 0, 62.41%, 11, 0, 8, 421.19, 1293424, 254, 365, 0
2912, 71, 344, 488, 1, 0, 62.41%, 11, 0, 8, 430.13, 1295662, 254, 365, 0
2917, 71, 400, 488, 1, 0, 62.41%, 11, 0, 8, 451.61, 1297963, 254, 365, 0
2922, 71, 434, 488, 1, 0, 62.41%, 11, 0, 8, 443.60, 1300154, 254, 365, 0
2927, 72, 17, 488, 1, 0, 62.41%, 11, 0, 8, 474.20, 1302562, 254, 365, 0
2932, 72, 183, 488, 1, 0, 62.41%, 11, 0, 8, 461.08, 1304822, 254, 371, 0
2937, 72, 264, 488, 1, 0, 62.41%, 11, 0, 8, 452.81, 1307176, 254, 371, 0
2942, 72, 301, 488, 1, 0, 62.41%, 11, 0, 8, 470.15, 1309598, 254, 372, 0
2947, 72, 322, 488, 1, 0, 62.41%, 11, 0, 8, 441.79, 1311855, 254, 372, 0
2952, 72, 330, 488, 1, 0, 62.41%, 11, 0, 8, 448.36, 1314155, 254, 372, 0
2957, 72, 372, 488, 1, 0, 62.41%, 11, 0, 8, 430.80, 1316335, 254, 372, 0
2962, 72, 425, 488, 1, 0, 62.41%, 11, 0, 8, 432.35, 1318474, 254, 372, 0
2967, 72, 486, 488, 0, 0, 62.41%, 11, 0, 8, 403.78, 1320482, 254, 372, 0
2972, 73, 116, 488, 0, 0, 62.41%, 11, 0, 8, 409.88, 1322583, 254, 378, 0
2977, 73, 245, 488, 0, 0, 62.41%, 11, 0, 8, 444.57, 1324864, 254, 378, 0
2983, 73, 280, 488, 0, 0, 62.41%, 11, 0, 8, 450.84, 1327164, 254, 380, 0
2988, 73, 326, 488, 0, 0, 62.41%, 11, 0, 8, 484.18, 1329596, 254, 380, 0
2993, 73, 364, 488, 0, 0, 62.41%, 11, 0, 8, 445.61, 1331742, 254, 380, 0
2998, 73, 428, 488, 0, 0, 62.41%, 11, 0, 8, 433.47, 1333914, 254, 380, 0
3003, 74, 17, 489, 1, 0, 62.41%, 11, 0, 8, 444.72, 1336161, 254, 380, 0
3008, 74, 148, 489, 1, 0, 62.41%, 11, 0, 8, 419.28, 1338296, 254, 391, 0
3013, 74, 235, 489, 1, 0, 62.41%, 11, 0, 8, 438.98, 1340528, 254, 391, 0
3018, 74, 280, 489, 1, 0, 62.41%, 11, 0, 8, 404.70, 1342540, 254, 393, 0
3023, 74, 313, 489, 1, 0, 62.41%, 11, 0, 8, 374.21, 1344442, 254, 393, 0
3028, 74, 364, 489, 1, 0, 62.41%, 11, 0, 8, 431.94, 1346766, 254, 393, 0
3033, 74, 439, 489, 1, 0, 62.41%, 11, 0, 8, 443.95, 1348994, 254, 393, 0
3038, 75, 24, 489, 1, 0, 62.41%, 11, 0, 8, 444.12, 1351201, 254, 393, 0
3043, 75, 149, 489, 1, 0, 62.41%, 11, 0, 8, 440.17, 1353463, 254, 400, 0
3048, 75, 246, 489, 1, 0, 62.41%, 11, 0, 8, 454.94, 1355741, 254, 400, 0
3053, 75, 289, 489, 1, 0, 62.41%, 11, 0, 8, 446.13, 1358020, 254, 403, 0
3058, 75, 304, 489, 1, 0, 62.41%, 11, 0, 8, 424.68, 1360176, 254, 403, 0
3063, 75, 325, 489, 1, 0, 62.41%, 11, 0, 8, 454.14, 1362452, 254, 403, 0
3068, 75, 355, 489, 1, 0, 62.41%, 11, 0, 8, 456.77, 1364775, 254, 403, 0
3074, 75, 361, 489, 1, 0, 62.41%, 11, 0, 8, 467.52, 1367148, 254, 403, 0
3079, 75, 398, 489, 1, 0, 62.41%, 11, 0, 8, 442.21, 1369355, 254, 403, 0
3084, 75, 448, 489, 1, 0, 62.41%, 11, 0, 8, 432.98, 1371532, 254, 403, 0
3089, 76, 19, 489, 1, 0, 62.41%, 11, 0, 8, 446.66, 1373821, 254, 403, 0
3094, 76, 155, 489, 1, 0, 62.41%, 11, 0, 8, 459.49, 1376147, 254, 407, 0
3099, 76, 235, 489, 1, 0, 62.41%, 11, 0, 8, 438.85, 1378309, 254, 407, 0
3104, 76, 307, 489, 1, 0, 62.41%, 11, 0, 8, 439.89, 1380571, 254, 409, 0
3109, 76, 347, 489, 1, 0, 62.41%, 11, 0, 8, 416.68, 1382675, 254, 409, 0
3114, 76, 366, 489, 1, 0, 62.41%, 11, 0, 8, 403.21, 1384687, 254, 409, 0
3119, 76, 450, 489, 1, 0, 62.41%, 11, 0, 8, 448.96, 1386995, 254, 409, 0
3124, 77, 16, 490, 1, 0, 62.41%, 11, 0, 8, 455.50, 1389302, 254, 409, 0
3129, 77, 159, 490, 1, 0, 62.41%, 11, 0, 8, 462.86, 1391633, 254, 413, 0
3134, 77, 235, 490, 1, 0, 62.41%, 11, 0, 8, 462.30, 1393973, 254, 413, 0
3139, 77, 286, 490, 1, 0, 62.41%, 11, 0, 8, 472.00, 1396365, 254, 415, 0
3144, 77, 320, 490, 1, 0, 62.41%, 12, 0, 8, 464.65, 1398718, 254, 416, 0
3149, 77, 344, 490, 1, 0, 62.41%, 12, 0, 8, 438.03, 1400925, 254, 416, 0
3155, 77, 410, 490, 1, 0, 62.41%, 12, 0, 8, 419.41, 1403010, 254, 416, 0
3160, 77, 442, 490, 1, 0, 62.41%, 12, 0, 8, 430.39, 1405214, 254, 416, 0
3165, 77, 460, 490, 1, 0, 62.41%, 12, 0, 8, 442.60, 1407484, 254, 416, 0
3170, 78, 15, 491, 1, 0, 62.41%, 12, 0, 8, 444.97, 1409734, 254, 416, 0
3175, 78, 164, 491, 1, 0, 62.41%, 12, 0, 8, 460.68, 1412121, 254, 424, 0
3180, 78, 235, 491, 1, 0, 62.41%, 12, 0, 8, 480.46, 1414567, 254, 424, 0
3185, 78, 284, 491, 1, 0, 62.41%, 12, 0, 8, 465.05, 1416905, 254, 425, 0
3190, 78, 322, 491, 1, 0, 62.41%, 12, 0, 8, 452.52, 1419221, 254, 425, 0
3195, 78, 339, 491, 1, 0, 62.41%, 12, 0, 8, 464.72, 1421560, 254, 425, 0
3200, 78, 357, 491, 1, 0, 62.41%, 12, 0, 8, 445.61, 1423836, 254, 425, 0
3205, 78, 436, 491, 1, 0, 62.41%, 12, 0, 8, 471.24, 1426270, 254, 425, 0
3210, 78, 473, 491, 1, 0, 62.41%, 12, 0, 8, 466.97, 1428564, 254, 425, 0
3215, 79, 66, 492, 1, 0, 62.41%, 12, 0, 8, 463.76, 1430886, 254, 425, 0
3221, 79, 196, 492, 1, 0, 62.41%, 12, 0, 8, 482.42, 1433387, 254, 428, 0
3226, 79, 277, 492, 1, 0, 62.41%, 12, 0, 8, 467.57, 1435753, 254, 428, 0
3231, 79, 323, 492, 1, 0, 62.41%, 12, 0, 8, 461.32, 1438014, 254, 428, 0
3236, 79, 368, 492, 1, 0, 62.41%, 12, 0, 8, 427.35, 1440195, 254, 428, 0
3241, 79, 431, 492, 1, 0, 62.41%, 12, 0, 8, 446.41, 1442415, 254, 428, 0
3246, 80, 15, 492, 0, 0, 62.41%, 12, 0, 8, 467.10, 1444783, 254, 428, 0
3251, 80, 159, 492, 0, 0, 62.41%, 12, 0, 8, 468.33, 1447138, 254, 436, 0
3256, 80, 235, 492, 0, 0, 62.41%, 12, 0, 8, 462.82, 1449436, 254, 437, 0
3261, 80, 288, 492, 0, 0, 62.41%, 12, 0, 8, 453.72, 1451675, 254, 439, 0
3266, 80, 330, 492, 0, 0, 62.41%, 12, 0, 8, 473.18, 1454082, 254, 439, 0
3271, 80, 348, 492, 0, 0, 62.41%, 12, 0, 8, 446.79, 1456292, 254, 439, 0
3276, 80, 352, 492, 0, 0, 62.41%, 12, 0, 8, 411.82, 1458348, 254, 439, 0
3281, 80, 377, 492, 0, 0, 62.41%, 12, 0, 8, 425.59, 1460576, 254, 439, 0
3286, 80, 435, 492, 0, 0, 62.41%, 12, 0, 8, 461.67, 1462928, 254, 439, 0
3291, 80, 459, 492, 0, 0, 62.41%, 12, 0, 8, 426.81, 1465138, 254, 439, 0
3297, 81, 116, 493, 1, 0, 62.41%, 12, 0, 8, 441.80, 1467394, 254, 440, 0
3302, 81, 235, 493, 1, 0, 62.41%, 12, 0, 8, 432.06, 1469679, 254, 440, 0
3307, 81, 320, 493, 1, 0, 62.41%, 12, 0, 8, 466.52, 1471984, 254, 442, 0
3312, 81, 364, 493, 1, 0, 62.41%, 12, 0, 8, 463.82, 1474372, 254, 442, 0
3317, 81, 389, 493, 1, 0, 62.41%, 12, 0, 8, 429.40, 1476469, 254, 442, 0
3322, 81, 454, 493, 1, 0, 62.41%, 12, 0, 8, 428.92, 1478655, 254, 442, 0
3327, 82, 17, 493, 1, 0, 62.41%, 12, 0, 8, 446.01, 1480912, 254, 442, 0
3332, 82, 157, 493, 1, 0, 62.41%, 12, 0, 8, 461.33, 1483282, 254, 448, 0
3337, 82, 258, 493, 1, 0, 62.41%, 12, 0, 8, 441.02, 1485485, 254, 449, 0
3342, 82, 320, 493, 1, 0, 62.41%, 12, 0, 8, 450.45, 1487762, 254, 453, 0
3347, 82, 364, 493, 1, 0, 62.41%, 12, 0, 8, 428.30, 1490010, 254, 453, 0
3353, 82, 447, 493, 1, 0, 62.41%, 12, 0, 8, 450.90, 1492346, 254, 453, 0
3358, 82, 462, 493, 1, 0, 62.41%, 12, 0, 8, 440.73, 1494672, 254, 453, 0
3363, 83, 114, 493, 1, 0, 62.41%, 12, 0, 8, 435.26, 1496876, 254, 460, 0
3368, 83, 197, 493, 1, 0, 62.41%, 12, 0, 8, 428.41, 1499068, 254, 460, 0
3373, 83, 281, 493, 1, 0, 62.41%, 12, 0, 8, 435.30, 1501249, 254, 463, 0
3378, 83, 320, 493, 1, 0, 62.41%, 12, 0, 8, 435.67, 1503467, 254, 463, 0
3383, 83, 368, 493, 1, 0, 62.41%, 12, 0, 8, 438.01, 1505623, 254, 463, 0
3388, 83, 448, 493, 1, 0, 62.41%, 12, 0, 8, 464.28, 1507956, 254, 463, 0
3393, 84, 24, 493, 1, 0, 62.41%, 12, 0, 8, 430.50, 1510095, 254, 463, 0
3398, 84, 159, 494, 2, 0, 62.41%, 12, 0, 8, 451.24, 1512388, 254, 470, 0
3403, 84, 244, 494, 2, 0, 62.41%, 12, 0, 8, 508.94, 1514632, 254, 470, 0
3408, 84, 289, 494, 2, 0, 62.41%, 12, 0, 8, 449.33, 1516866, 254, 470, 0
3414, 84, 317, 494, 2, 0, 62.41%, 12, 0, 8, 471.66, 1519348, 254, 470, 0
3419, 84, 327, 494, 2, 0, 62.41%, 12, 0, 8, 460.12, 1521676, 254, 470, 0
3424, 84, 361, 494, 2, 0, 62.41%, 12, 0, 8, 495.77, 1524302, 254, 470, 0
3429, 84, 441, 494, 2, 0, 62.41%, 12, 0, 8, 435.53, 1526346, 254, 470, 0
3434, 85, 14, 494, 2, 0, 62.41%, 12, 0, 8, 433.41, 1528595, 254, 470, 0
3439, 85, 141, 494, 2, 0, 62.41%, 12, 0, 8, 435.54, 1530793, 254, 474, 0
3444, 85, 235, 494, 2, 0, 62.41%, 12, 0, 8, 441.79, 1533013, 254, 474, 0
3449, 85, 303, 494, 2, 0, 62.41%, 12, 0, 8, 445.23, 1535255, 254, 476, 0
3454, 85, 344, 494, 2, 0, 62.41%, 12, 0, 8, 433.71, 1537491, 254, 476, 0
3459, 85, 388, 494, 2, 0, 62.41%, 12, 0, 8, 448.97, 1539818, 254, 476, 0
3464, 85, 439, 494, 2, 0, 62.41%, 12, 0, 8, 443.56, 1542175, 254, 476, 0
3469, 86, 16, 494, 1, 0, 62.41%, 12, 0, 8, 410.24, 1544301, 254, 476, 0
3475, 86, 150, 494, 1, 0, 62.41%, 12, 0, 8, 420.65, 1546412, 254, 486, 0
3480, 86, 233, 494, 1, 0, 62.41%, 12, 0, 8, 440.17, 1548664, 254, 486, 0
3485, 86, 284, 494, 1, 0, 62.41%, 12, 0, 8, 432.75, 1550820, 254, 486, 0
3490, 86, 311, 494, 1, 0, 62.41%, 12, 0, 8, 417.13, 1552942, 254, 486, 0
3495, 86, 353, 494, 1, 0, 62.41%, 12, 0, 8, 401.33, 1555014, 254, 486, 0
3500, 86, 399, 494, 1, 0, 62.41%, 12, 0, 8, 394.28, 1557009, 254, 486, 0
3505, 87, 11, 494, 1, 0, 62.41%, 12, 0, 8, 424.89, 1559243, 254, 486, 0
3510, 87, 159, 494, 1, 0, 62.41%, 12, 0, 8, 435.53, 1561400, 254, 492, 0
3515, 87, 223, 494, 1, 0, 62.41%, 12, 0, 8, 419.00, 1563481, 254, 493, 0
3520, 87, 279, 494, 1, 0, 62.41%, 12, 0, 8, 428.58, 1565666, 254, 494, 0
3525, 87, 322, 494, 1, 0, 62.41%, 12, 0, 8, 440.14, 1567908, 254, 494, 0
3530, 87, 364, 494, 1, 0, 62.41%, 12, 0, 8, 427.72, 1570024, 254, 494, 0
3535, 87, 445, 494, 1, 0, 62.41%, 12, 0, 8, 435.61, 1572200, 254, 494, 0
3540, 87, 476, 494, 1, 0, 62.41%, 12, 0, 8, 423.12, 1574338, 254, 494, 0
3545, 88, 128, 494, 1, 0, 62.41%, 12, 0, 8, 406.41, 1576410, 254, 497, 0
3551, 88, 229, 494, 1, 0, 62.41%, 12, 0, 8, 444.52, 1578641, 254, 497, 0
3556, 88, 306, 494, 1, 0, 62.41%, 12, 0, 8, 423.59, 1580835, 254, 498, 0
3561, 88, 344, 494, 1, 0, 62.41%, 12, 0, 8, 442.24, 1582975, 254, 498, 0
3566, 88, 413, 494, 1, 0, 62.41%, 12, 0, 8, 420.00, 1585095, 254, 498, 0
3571, 88, 448, 494, 1, 0, 62.41%, 12, 0, 8, 435.97, 1587295, 254, 498, 0
3576, 88, 461, 494, 1, 0, 62.41%, 12, 0, 8, 419.45, 1589413, 254, 498, 0
3581, 89, 24, 494, 1, 0, 62.41%, 12, 0, 8, 485.19, 1591871, 254, 498, 0
3586, 89, 159, 494, 1, 0, 62.41%, 12, 0, 8, 438.80, 1594052, 254, 503, 0
3591, 89, 258, 494, 1, 0, 62.41%, 12, 0, 8, 446.15, 1596312, 254, 503, 0
3596, 89, 289, 494, 1, 0, 62.41%, 12, 0, 8, 412.81, 1598353, 254, 504, 0
3601, 89, 320, 494, 1, 0, 62.41%, 12, 0, 8, 426.67, 1600509, 254, 504, 0
3606, 89, 344, 494, 1, 0, 62.41%, 12, 0, 8, 442.04, 1602745, 254, 504, 0
3611, 89, 445, 494, 1, 0, 62.41%, 12, 0, 8, 434.59, 1604877, 254, 504, 0
3616, 89, 476, 494, 1, 0, 62.41%, 12, 0, 8, 446.64, 1607147, 254, 504, 0
3622, 90, 116, 494, 0, 0, 62.41%, 12, 0, 8, 440.55, 1609389, 254, 510, 0
3627, 90, 235, 494, 0, 0, 62.41%, 12, 0, 8, 445.46, 1611713, 254, 510, 0
3632, 90, 290, 494, 0, 0, 62.41%, 12, 0, 8, 438.30, 1613923, 254, 510, 0
3637, 90, 295, 494, 0, 0, 62.41%, 12, 0, 8, 368.86, 1615771, 254, 510, 0
3642, 90, 331, 494, 0, 0, 62.41%, 12, 0, 8, 425.29, 1617995, 254, 510, 0
3647, 90, 369, 494, 0, 0, 62.41%, 12, 0, 8, 441.40, 1620271, 254, 510, 0
3652, 90, 448, 494, 0, 0, 62.41%, 12, 0, 8, 412.27, 1622283, 254, 510, 0
3657, 91, 23, 495, 1, 0, 62.41%, 12, 0, 8, 435.84, 1624496, 254, 510, 0
3662, 91, 197, 495, 1, 0, 62.41%, 12, 0, 8, 430.02, 1626723, 254, 514, 0
3667, 91, 266, 495, 1, 0, 62.41%, 12, 0, 8, 432.53, 1628857, 254, 515, 0
3672, 91, 320, 495, 1, 0, 62.41%, 12, 0, 8, 438.87, 1631087, 254, 515, 0
3677, 91, 344, 495, 1, 0, 62.41%, 12, 0, 8, 435.43, 1633299, 254, 515, 0
3682, 91, 448, 495, 1, 0, 62.41%, 12, 0, 8, 433.78, 1635479, 254, 515, 0
3688, 92, 42, 496, 2, 0, 62.41%, 12, 0, 8, 462.60, 1637848, 254, 515, 0
3693, 92, 183, 496, 2, 0, 62.41%, 12, 0, 8, 438.67, 1640093, 254, 517, 0
3698, 92, 246, 496, 2, 0, 62.41%, 12, 0, 8, 448.14, 1642252, 254, 517, 0
3703, 92, 302, 496, 2, 0, 62.41%, 13, 0, 8, 454.85, 1644603, 254, 518, 0
3708, 92, 319, 496, 2, 0, 62.41%, 13, 0, 8, 440.19, 1646804, 254, 518, 0
3713, 92, 341, 496, 2, 0, 62.41%, 13, 0, 8, 446.80, 1649097, 254, 518, 0
3718, 92, 398, 496, 2, 0, 62.41%, 13, 0, 8, 419.62, 1651200, 254, 518, 0
3723, 92, 465, 496, 2, 0, 62.41%, 13, 0, 8, 446.20, 1653567, 254, 518, 0
3728, 93, 18, 496, 1, 0, 62.41%, 13, 0, 8, 444.13, 1655838, 254, 518, 0
3734, 93, 188, 496, 1, 0, 62.41%, 13, 0, 8, 453.39, 1658249, 254, 524, 0
3739, 93, 260, 496, 1, 0, 62.41%, 13, 0, 8, 436.23, 1660438, 254, 525, 0
3744, 93, 320, 496, 1, 0, 62.41%, 13, 0, 8, 436.60, 1662687, 254, 527, 0
3749, 93, 344, 496, 1, 0, 62.41%, 13, 0, 8, 428.35, 1664819, 254, 527, 0
3754, 93, 364, 496, 1, 0, 62.41%, 13, 0, 8, 428.26, 1666895, 254, 527, 0
3759, 93, 394, 496, 1, 0, 62.41%, 13, 0, 8, 441.41, 1669099, 254, 527, 0
3764, 93, 448, 496, 1, 0, 62.41%, 13, 0, 8, 440.20, 1671311, 254, 527, 0
3769, 94, 127, 496, 1, 0, 62.41%, 13, 0, 8, 443.16, 1673654, 254, 533, 0
3774, 94, 245, 496, 1, 0, 62.41%, 13, 0, 8, 460.24, 1675929, 254, 533, 0
3779, 94, 325, 496, 1, 0, 62.41%, 13, 0, 8, 475.41, 1678392, 254, 533, 0
3784, 94, 394, 496, 1, 0, 62.41%, 13, 0, 8, 463.88, 1680735, 254, 533, 0
3789, 94, 451, 496, 1, 0, 62.41%, 13, 0, 8, 438.14, 1682951, 254, 533, 0
3794, 95, 112, 497, 2, 0, 62.41%, 13, 0, 8, 448.20, 1685160, 254, 537, 0
3800, 95, 229, 497, 2, 0, 62.41%, 13, 0, 8, 450.04, 1687475, 254, 539, 0
3805, 95, 289, 497, 2, 0, 62.41%, 13, 0, 8, 413.89, 1689631, 254, 540, 0
3810, 95, 322, 497, 2, 0, 62.41%, 13, 0, 8, 427.23, 1691823, 254, 540, 0
3815, 95, 349, 497, 2, 0, 62.41%, 13, 0, 8, 427.78, 1693971, 254, 540, 0
3820, 95, 417, 497, 2, 0, 62.41%, 13, 0, 8, 454.22, 1696266, 254, 540, 0
3825, 95, 474, 497, 2, 0, 62.41%, 13, 0, 8, 428.26, 1698405, 254, 540, 0
3830, 96, 111, 497, 1, 0, 62.41%, 13, 0, 8, 429.09, 1700570, 254, 540, 0
3835, 96, 197, 497, 1, 0, 62.41%, 13, 0, 8, 453.18, 1702843, 254, 544, 0
3840, 96, 266, 497, 1, 0, 62.41%, 13, 0, 8, 462.67, 1705284, 254, 545, 0
3845, 96, 320, 497, 1, 0, 62.41%, 13, 0, 8, 454.18, 1707515, 254, 545, 0
3850, 96, 368, 497, 1, 0, 62.41%, 13, 0, 8, 456.94, 1709812, 254, 545, 0
3855, 96, 441, 497, 1, 0, 62.41%, 13, 0, 8, 447.06, 1712064, 254, 545, 0
3860, 96, 466, 497, 1, 0, 62.41%, 13, 0, 8, 457.37, 1714366, 254, 545, 0
3865, 97, 89, 497, 1, 0, 62.41%, 13, 0, 8, 452.11, 1716683, 254, 545, 0
3870, 97, 201, 497, 1, 0, 62.41%, 13, 0, 8, 448.50, 1719056, 254, 548, 0
3876, 97, 266, 497, 1, 0, 62.41%, 13, 0, 8, 422.26, 1721140, 254, 549, 0
3881, 97, 309, 497, 1, 0, 62.41%, 13, 0, 8, 427.41, 1723278, 254, 549, 0
3886, 97, 339, 497, 1, 0, 62.41%, 13, 0, 8, 419.33, 1725414, 254, 549, 0
3891, 97, 417, 497, 1, 0, 62.41%, 13, 0, 8, 418.10, 1727514, 254, 549, 0
3896, 98, 24, 497, 1, 0, 62.41%, 13, 0, 8, 443.62, 1729779, 254, 549, 0
3901, 98, 183, 497, 1, 0, 62.41%, 13, 0, 8, 455.11, 1732075, 254, 553, 0
3906, 98, 266, 497, 1, 0, 62.41%, 13, 0, 8, 446.62, 1734344, 254, 555, 0
3911, 98, 322, 497, 1, 0, 62.41%, 13, 0, 8, 419.49, 1736430, 254, 555, 0
3916, 98, 342, 497, 1, 0, 62.41%, 13, 0, 8, 436.09, 1738638, 254, 555, 0
3921, 98, 381, 497, 1, 0, 62.41%, 13, 0, 8, 435.32, 1740798, 254, 555, 0
3926, 98, 448, 497, 1, 0, 62.41%, 13, 0, 8, 444.74, 1743030, 254, 555, 0
3931, 99, 72, 497, 1, 0, 62.41%, 13, 0, 8, 440.14, 1745293, 254, 555, 0
3936, 99, 180, 497, 1, 0, 62.41%, 13, 0, 8, 444.94, 1747519, 254, 558, 0
3941, 99, 265, 497, 1, 0, 62.41%, 13, 0, 8, 442.10, 1749794, 254, 560, 0
3946, 99, 295, 497, 1, 0, 62.41%, 13, 0, 8, 404.93, 1751865, 254, 560, 0
3951, 99, 326, 497, 1, 0, 62.41%, 13, 0, 8, 435.29, 1754045, 254, 560, 0
3957, 99, 371, 497, 1, 0, 62.41%, 13, 0, 8, 423.62, 1756173, 254, 560, 0
3962, 99, 398, 497, 1, 0, 62.41%, 13, 0, 8, 430.18, 1758208, 254, 560, 0
3967, 99, 460, 497, 1, 0, 62.41%, 13, 0, 8, 442.05, 1760511, 254, 560, 0
3972, 99, 486, 497, 1, 0, 62.41%, 13, 0, 8, 431.72, 1762704, 254, 560, 0
3977, 100, 324, 498, 2, 1, 62.41%, 13, 0, 8, 447.76, 1764953, 254, 560, 0
3982, 101, 112, 498, 1, 0, 62.41%, 13, 0, 8, 438.13, 1767179, 254, 562, 0
3987, 101, 162, 498, 1, 0, 62.41%, 13, 0, 8, 444.81, 1769438, 254, 568, 0
3992, 101, 238, 498, 1, 0, 62.41%, 13, 0, 8, 454.56, 1771751, 254, 568, 0
3997, 101, 297, 498, 1, 0, 62.41%, 13, 0, 8, 442.46, 1773967, 254, 571, 0
4002, 101, 314, 498, 1, 0, 62.41%, 13, 0, 8, 435.28, 1776167, 254, 571, 0
4007, 101, 341, 498, 1, 0, 62.41%, 13, 0, 8, 429.56, 1778371, 254, 571, 0
4013, 101, 389, 498, 1, 0, 62.41%, 13, 0, 8, 430.49, 1780643, 254, 571, 0
4018, 101, 423, 498, 1, 0, 62.41%, 13, 0, 8, 409.21, 1782667, 254, 571, 0
4023, 101, 444, 498, 1, 0, 62.41%, 13, 0, 8, 433.56, 1784887, 254, 571, 0
4028, 101, 497, 498, 1, 0, 62.41%, 13, 0, 8, 402.67, 1786907, 254, 571, 0
4033, 102, 159, 498, 1, 0, 62.41%, 13, 0, 8, 443.89, 1789172, 254, 578, 0
4038, 102, 258, 498, 1, 0, 62.41%, 13, 0, 8, 449.37, 1791459, 254, 578, 0
4043, 102, 322, 498, 1, 0, 62.41%, 13, 0, 8, 423.66, 1793548, 254, 578, 0
4048, 102, 338, 498, 1, 0, 62.41%, 13, 0, 8, 419.40, 1795672, 254, 578, 0
4053, 102, 375, 498, 1, 0, 62.41%, 13, 0, 8, 409.78, 1797820, 254, 578, 0
4058, 102, 457, 498, 1, 0, 62.41%, 13, 0, 8, 432.56, 1800038, 254, 578, 0
4063, 103, 12, 499, 2, 0, 62.41%, 13, 0, 8, 445.20, 1802268, 254, 578, 0
4068, 103, 159, 499, 2, 0, 62.41%, 13, 0, 8, 465.89, 1804626, 254, 586, 0
4073, 103, 265, 499, 2, 0, 62.41%, 13, 0, 8, 445.02, 1806869, 254, 587, 0
4078, 103, 300, 499, 2, 0, 62.41%, 13, 0, 8, 446.03, 1809116, 254, 587, 0
4083, 103, 322, 499, 2, 0, 62.41%, 13, 0, 8, 443.90, 1811410, 254, 587, 0
4088, 103, 357, 499, 2, 0, 62.41%, 13, 0, 8, 443.66, 1813638, 254, 587, 0
4093, 103, 381, 499, 2, 0, 62.41%, 13, 0, 8, 445.57, 1815906, 254, 587, 0
4098, 103, 452, 499, 2, 0, 62.41%, 13, 0, 8, 458.08, 1818151, 254, 587, 0
4103, 103, 481, 499, 2, 0, 62.41%, 13, 0, 8, 437.68, 1820308, 254, 587, 0
4108, 104, 103, 499, 2, 0, 62.41%, 13, 0, 8, 462.25, 1822666, 254, 590, 0
4114, 104, 183, 499, 2, 0, 62.41%, 13, 0, 8, 429.53, 1824812, 254, 599, 0
4119, 104, 276, 499, 2, 0, 62.41%, 13, 0, 8, 438.46, 1827060, 254, 601, 0
4124, 104, 301, 499, 2, 0, 62.41%, 13, 0, 8, 453.80, 1829321, 254, 601, 0
4129, 104, 349, 499, 2, 0, 62.41%, 13, 0, 8, 446.66, 1831571, 254, 601, 0
4134, 104, 382, 499, 2, 0, 62.41%, 13, 0, 8, 447.61, 1833807, 254, 601, 0
4139, 104, 416, 499, 2, 0, 62.41%, 13, 0, 8, 417.51, 1835843, 254, 601, 0
4144, 105, 101, 499, 2, 0, 62.41%, 13, 0, 8, 428.83, 1838085, 254, 601, 0
4149, 105, 201, 499, 2, 0, 62.41%, 13, 0, 8, 460.97, 1840378, 254, 609, 0
4154, 105, 279, 499, 2, 0, 62.41%, 13, 0, 8, 435.78, 1842538, 254, 609, 0
4159, 105, 339, 499, 2, 0, 62.41%, 13, 0, 8, 422.72, 1844732, 254, 609, 0
4164, 105, 395, 499, 2, 0, 62.41%, 13, 0, 8, 398.99, 1846755, 254, 609, 0
4169, 105, 472, 499, 2, 0, 62.41%, 13, 0, 8, 399.42, 1848782, 254, 609, 0
4174, 106, 42, 499, 2, 0, 62.41%, 13, 0, 8, 385.06, 1850761, 254, 610, 0
4180, 106, 159, 499, 2, 0, 62.41%, 13, 0, 8, 430.35, 1853011, 254, 613, 0
4185, 106, 258, 499, 2, 0, 62.41%, 13, 0, 8, 417.52, 1855076, 254, 614, 0
4190, 106, 309, 499, 2, 0, 62.41%, 13, 0, 8, 427.99, 1857233, 254, 614, 0
4195, 106, 344, 499, 2, 0, 62.41%, 13, 0, 8, 424.94, 1859389, 254, 614, 0
4200, 106, 399, 499, 2, 0, 62.41%, 13, 0, 8, 431.87, 1861556, 254, 614, 0
4205, 106, 474, 499, 2, 0, 62.41%, 13, 0, 8, 439.02, 1863751, 254, 614, 0
4210, 106, 498, 499, 1, 0, 62.41%, 13, 0, 8, 436.29, 1865944, 254, 614, 0
4215, 107, 159, 499, 0, 0, 62.41%, 13, 0, 8, 445.71, 1868217, 254, 624, 0
4220, 107, 235, 499, 0, 0, 62.41%, 13, 0, 8, 458.77, 1870547, 254, 624, 0
4225, 107, 293, 499, 0, 0, 62.41%, 13, 0, 8, 454.14, 1872820, 254, 625, 0
4230, 107, 354, 499, 0, 0, 62.41%, 13, 0, 8, 441.43, 1875012, 254, 625, 0
4235, 107, 381, 499, 0, 0, 62.41%, 13, 0, 8, 436.94, 1877240, 254, 625, 0
4240, 107, 497, 499, 0, 0, 62.41%, 13, 0, 8, 429.18, 1879419, 254, 625, 0
4245, 108, 137, 499, 0, 0, 62.41%, 13, 0, 8, 410.07, 1881515, 254, 634, 0
4250, 108, 229, 499, 0, 0, 62.41%, 13, 0, 8, 433.71, 1883763, 254, 635, 0
4255, 108, 288, 499, 0, 0, 62.41%, 14, 0, 8, 454.25, 1886102, 254, 639, 0
4260, 108, 325, 499, 0, 0, 62.41%, 14, 0, 8, 431.44, 1888245, 254, 639, 0
4265, 108, 345, 499, 0, 0, 62.41%, 14, 0, 8, 435.95, 1890433, 254, 639, 0
4270, 108, 395, 499, 0, 0, 62.41%, 14, 0, 8, 423.90, 1892548, 254, 639, 0
4276, 108, 452, 499, 0, 0, 62.41%, 14, 0, 8, 422.00, 1894693, 254, 639, 0
4281, 109, 53, 499, 0, 0, 62.41%, 14, 0, 8, 432.48, 1896914, 254, 639, 0
4286, 109, 187, 499, 0, 0, 62.41%, 14, 0, 8, 465.47, 1899438, 254, 646, 0
4291, 109, 258, 499, 0, 0, 62.41%, 14, 0, 8, 446.48, 1901696, 254, 646, 0
4296, 109, 326, 499, 0, 0, 62.41%, 14, 0, 8, 438.53, 1903910, 254, 649, 0
4301, 109, 395, 499, 0, 0, 62.41%, 14, 0, 8, 414.71, 1905964, 254, 649, 0
4306, 109, 424, 499, 0, 0, 62.41%, 14, 0, 8, 435.07, 1908202, 254, 649, 0
4311, 109, 457, 499, 0, 0, 62.41%, 14, 0, 8, 440.79, 1910472, 254, 649, 0
4316, 110, 96, 499, 0, 0, 62.41%, 14, 0, 8, 423.16, 1912615, 254, 649, 0
4321, 110, 175, 499, 0, 0, 62.41%, 14, 0, 8, 437.32, 1914849, 254, 654, 0
4326, 110, 264, 499, 0, 0, 62.41%, 14, 0, 8, 445.43, 1917074, 254, 654, 0
4331, 110, 285, 499, 0, 0, 62.41%, 14, 0, 8, 442.10, 1919342, 254, 655, 0
4336, 110, 326, 499, 0, 0, 62.41%, 14, 0, 8, 414.93, 1921410, 254, 655, 0
4342, 110, 363, 499, 0, 0, 62.41%, 14, 0, 8, 443.41, 1923686, 254, 655, 0
4347, 110, 426, 499, 0, 0, 62.41%, 14, 0, 8, 433.86, 1925830, 254, 655, 0
4352, 110, 443, 499, 0, 0, 62.41%, 14, 0, 8, 465.72, 1928221, 254, 655, 0
4357, 110, 498, 500, 1, 0, 62.41%, 14, 0, 8, 447.59, 1930403, 254, 655, 0
4362, 111, 76, 500, 1, 0, 62.41%, 14, 0, 8, 424.55, 1932472, 254, 655, 0
4367, 111, 183, 500, 1, 0, 62.41%, 14, 0, 8, 435.52, 1934728, 254, 661, 0
4372, 111, 265, 500, 1, 0, 62.41%, 14, 0, 8, 438.03, 1937039, 254, 661, 0
4377, 111, 322, 500, 1, 0, 62.41%, 14, 0, 8, 450.11, 1939340, 254, 662, 0
4382, 111, 402, 500, 1, 0, 62.41%, 14, 0, 8, 475.96, 1941714, 254, 662, 0
4387, 111, 497, 500, 1, 0, 62.41%, 14, 0, 8, 469.18, 1944092, 254, 662, 0
4392, 112, 127, 500, 1, 0, 62.41%, 14, 0, 8, 466.46, 1946443, 254, 665, 0
4397, 112, 228, 500, 1, 0, 62.41%, 14, 0, 8, 450.54, 1948687, 254, 666, 0
4402, 112, 288, 500, 1, 0, 62.41%, 14, 0, 8, 446.01, 1950983, 254, 670, 0
4408, 112, 344, 500, 1, 0, 62.41%, 14, 0, 8, 432.92, 1953187, 254, 670, 0
4413, 112, 364, 500, 1, 0, 62.41%, 14, 0, 8, 462.45, 1955523, 254, 670, 0
4418, 112, 412, 500, 1, 0, 62.41%, 14, 0, 8, 448.25, 1957759, 254, 670, 0
4423, 112, 441, 500, 1, 0, 62.41%, 14, 0, 8, 436.72, 1959967, 254, 670, 0
4428, 113, 16, 500, 0, 0, 62.41%, 14, 0, 8, 430.03, 1962118, 254, 670, 0
4433, 113, 141, 500, 0, 0, 62.41%, 14, 0, 8, 449.96, 1964346, 254, 678, 0
4438, 113, 229, 500, 0, 0, 62.41%, 14, 0, 8, 455.12, 1966686, 254, 678, 0
4443, 113, 278, 500, 0, 0, 62.41%, 14, 0, 8, 445.95, 1968932, 254, 680, 0
4448, 113, 322, 500, 0, 0, 62.41%, 14, 0, 8, 455.17, 1971213, 254, 680, 0
4453, 113, 339, 500, 0, 0, 62.41%, 14, 0, 8, 441.90, 1973494, 254, 680, 0
4458, 113, 426, 500, 0, 0, 62.41%, 14, 0, 8, 440.67, 1975742, 254, 680, 0
4463, 113, 472, 500, 0, 0, 62.41%, 14, 0, 8, 430.40, 1977932, 254, 680, 0
4468, 114, 112, 500, 0, 0, 62.41%, 14, 0, 8, 425.43, 1980073, 254, 686, 0
4473, 114, 227, 500, 0, 0, 62.41%, 14, 0, 8, 452.75, 1982391, 254, 686, 0
4478, 114, 316, 500, 0, 0, 62.41%, 14, 0, 8, 450.59, 1984695, 254, 688, 0
4484, 114, 343, 500, 0, 0, 62.41%, 14, 0, 8, 434.06, 1986868, 254, 688, 0
4489, 114, 359, 500, 0, 0, 62.41%, 14, 0, 8, 403.78, 1988928, 254, 688, 0
4494, 114, 428, 500, 0, 0, 62.41%, 14, 0, 8, 446.96, 1991304, 254, 688, 0
4499, 114, 461, 500, 0, 0, 62.41%, 14, 0, 8, 450.23, 1993654, 254, 688, 0
4504, 115, 112, 500, 0, 0, 62.41%, 14, 0, 8, 454.43, 1995903, 254, 690, 0
4509, 115, 201, 500, 0, 0, 62.41%, 14, 0, 8, 433.88, 1998117, 254, 690, 0
4514, 115, 285, 500, 0, 0, 62.41%, 14, 0, 8, 432.78, 2000338, 254, 691, 0
4519, 115, 295, 500, 0, 0, 62.41%, 14, 0, 8, 407.77, 2002434, 254, 692, 0
4524, 115, 344, 500, 0, 0, 62.41%, 14, 0, 8, 433.12, 2004550, 254, 692, 0
4529, 115, 420, 500, 0, 0, 62.41%, 14, 0, 8, 447.58, 2006894, 254, 692, 0
4534, 115, 485, 500, 0, 0, 62.41%, 14, 0, 8, 455.78, 2009182, 254, 694, 0
4539, 116, 123, 500, 0, 0, 62.41%, 14, 0, 8, 470.64, 2011553, 254, 701, 0
4544, 116, 235, 500, 0, 0, 62.41%, 14, 0, 8, 441.61, 2013746, 254, 701, 0
4549, 116, 322, 500, 0, 0, 62.41%, 14, 0, 8, 445.16, 2016034, 254, 703, 0
4555, 116, 347, 500, 0, 0, 62.41%, 14, 0, 8, 429.96, 2018238, 254, 703, 0
4560, 116, 404, 500, 0, 0, 62.41%, 14, 0, 8, 426.83, 2020335, 254, 703, 0
4565, 116, 457, 500, 0, 0, 62.41%, 14, 0, 8, 433.87, 2022552, 254, 703, 0
4570, 116, 476, 500, 0, 0, 62.41%, 14, 0, 8, 469.44, 2024955, 254, 703, 0
4575, 117, 112, 500, 0, 0, 62.41%, 14, 0, 8, 467.96, 2027271, 254, 703, 0
4580, 117, 220, 500, 0, 0, 62.41%, 14, 0, 8, 418.72, 2029348, 254, 705, 0
4585, 117, 284, 500, 0, 0, 62.41%, 14, 0, 8, 446.83, 2031593, 254, 706, 0
4590, 117, 299, 500, 0, 0, 62.41%, 14, 0, 8, 439.74, 2033807, 254, 706, 0
4595, 117, 326, 500, 0, 0, 62.41%, 14, 0, 8, 451.84, 2036121, 254, 706, 0
4600, 117, 363, 500, 0, 0, 62.41%, 14, 0, 8, 428.77, 2038343, 254, 706, 0
4606, 117, 426, 500, 0, 0, 62.41%, 14, 0, 8, 452.44, 2040633, 254, 706, 0
4611, 117, 497, 500, 0, 0, 62.41%, 14, 0, 8, 450.95, 2042906, 254, 706, 0
4616, 118, 116, 500, 0, 0, 62.41%, 14, 0, 8, 438.57, 2045108, 254, 711, 0
4621, 118, 183, 500, 0, 0, 62.41%, 14, 0, 8, 417.74, 2047260, 254, 711, 0
4626, 118, 258, 500, 0, 0, 62.41%, 14, 0, 8, 427.51, 2049495, 254, 711, 0
4631, 118, 314, 500, 0, 0, 62.41%, 14, 0, 8, 438.54, 2051694, 254, 713, 0
4636, 118, 349, 500, 0, 0, 62.41%, 14, 0, 8, 422.14, 2053838, 254, 713, 0
4641, 118, 391, 500, 0, 0, 62.41%, 14, 0, 8, 423.02, 2055938, 254, 713, 0
4646, 118, 438, 500, 0, 0, 62.41%, 14, 0, 8, 438.69, 2058206, 254, 713, 0
4651, 118, 490, 500, 0, 0, 62.41%, 14, 0, 8, 461.39, 2060525, 254, 713, 0
4656, 119, 112, 500, 0, 0, 62.41%, 14, 0, 8, 410.95, 2062556, 254, 713, 0
4661, 119, 201, 500, 0, 0, 62.41%, 14, 0, 8, 440.68, 2064815, 254, 718, 0
4666, 119, 286, 500, 0, 0, 62.41%, 14, 0, 8, 427.03, 2066977, 254, 720, 0
4671, 119, 291, 500, 0, 0, 62.41%, 14, 0, 8, 404.81, 2069065, 254, 720, 0
4676, 119, 320, 500, 0, 0, 62.41%, 14, 0, 8, 402.26, 2071001, 254, 720, 0
4681, 119, 368, 500, 0, 0, 62.41%, 14, 0, 8, 446.88, 2073303, 254, 720, 0
4687, 119, 424, 500, 0, 0, 62.41%, 14, 0, 8, 427.10, 2075393, 254, 720, 0
4692, 119, 491, 500, 0, 0, 62.41%, 14, 0, 8, 450.15, 2077624, 254, 720, 0
4697, 120, 116, 500, 0, 0, 62.41%, 14, 0, 8, 432.82, 2079811, 254, 724, 0
4702, 120, 229, 500, 0, 0, 62.41%, 14, 0, 8, 457.22, 2082099, 254, 724, 0
4707, 120, 295, 500, 0, 0, 62.41%, 14, 0, 8, 449.41, 2084337, 254, 727, 0
4712, 120, 302, 500, 0, 0, 62.41%, 14, 0, 8, 416.87, 2086440, 254, 727, 0
4717, 120, 344, 500, 0, 0, 62.41%, 14, 0, 8, 439.07, 2088684, 254, 727, 0
4722, 120, 391, 500, 0, 0, 62.41%, 14, 0, 8, 454.79, 2091025, 254, 727, 0
4727, 120, 460, 500, 0, 0, 62.41%, 14, 0, 8, 433.11, 2093234, 254, 727, 0
4732, 120, 493, 500, 0, 0, 62.41%, 14, 0, 8, 442.83, 2095447, 254, 727, 0
4737, 121, 112, 500, 0, 0, 62.41%, 14, 0, 8, 449.76, 2097722, 254, 733, 0
4742, 121, 229, 500, 0, 0, 62.41%, 14, 0, 8, 461.97, 2100190, 254, 739, 0
4747, 121, 278, 500, 0, 0, 62.41%, 14, 0, 8, 449.77, 2102420, 254, 739, 0
4752, 121, 288, 500, 0, 0, 62.41%, 14, 0, 8, 446.29, 2104686, 254, 739, 0
4757, 121, 320, 500, 0, 0, 62.41%, 14, 0, 8, 441.29, 2106918, 254, 739, 0
4763, 121, 347, 500, 0, 0, 62.41%, 14, 0, 8, 454.43, 2109376, 254, 739, 0
4768, 121, 438, 500, 0, 0, 62.41%, 14, 0, 8, 436.19, 2111534, 254, 739, 0
4773, 121, 456, 500, 0, 0, 62.41%, 14, 0, 8, 429.59, 2113676, 254, 739, 0
4778, 122, 112, 500, 0, 0, 62.41%, 14, 0, 8, 399.32, 2115630, 254, 740, 0
4783, 122, 197, 500, 0, 0, 62.41%, 14, 0, 8, 428.17, 2117807, 254, 744, 0
4788, 122, 277, 500, 0, 0, 62.41%, 14, 0, 8, 462.22, 2120137, 254, 745, 0
4793, 122, 315, 500, 0, 0, 62.41%, 14, 0, 8, 453.44, 2122449, 254, 745, 0
4798, 122, 356, 500, 0, 0, 62.41%, 14, 0, 8, 439.73, 2124684, 254, 745, 0
4803, 122, 366, 500, 0, 0, 62.41%, 14, 0, 8, 450.10, 2126944, 254, 745, 0
4808, 122, 433, 500, 0, 0, 62.41%, 14, 0, 8, 452.21, 2129204, 254, 745, 0
4813, 122, 442, 500, 0, 0, 62.41%, 14, 0, 8, 463.33, 2131559, 254, 745, 0
4818, 122, 497, 500, 0, 0, 62.41%, 14, 0, 8, 464.32, 2133868, 254, 745, 0
4823, 123, 116, 500, 0, 0, 62.41%, 14, 0, 8, 415.74, 2135999, 254, 748, 0
4828, 123, 234, 500, 0, 0, 62.41%, 14, 0, 8, 424.70, 2138139, 254, 748, 0
4834, 123, 282, 500, 0, 0, 62.41%, 14, 0, 8, 430.16, 2140337, 254, 748, 0
4839, 123, 315, 500, 0, 0, 62.41%, 14, 0, 8, 417.41, 2142423, 254, 748, 0
4844, 123, 339, 500, 0, 0, 62.41%, 14, 0, 8, 437.84, 2144695, 254, 748, 0
4849, 123, 395, 500, 0, 0, 62.41%, 14, 0, 8, 464.85, 2147050, 254, 748, 0
4854, 123, 489, 500, 0, 0, 62.41%, 14, 0, 8, 435.06, 2149218, 254, 748, 0
4859, 124, 36, 500, 0, 0, 62.41%, 14, 0, 8, 426.73, 2151389, 254, 748, 0
4864, 124, 159, 500, 0, 0, 62.41%, 14, 0, 8, 428.17, 2153552, 254, 760, 0
4869, 124, 261, 500, 0, 0, 62.41%, 14, 0, 8, 441.73, 2155905, 254, 760, 0
4874, 124, 339, 500, 0, 0, 62.41%, 14, 0, 8, 418.54, 2157994, 254, 763, 0
4879, 124, 383, 500, 0, 0, 62.41%, 14, 0, 8, 416.51, 2160118, 254, 763, 0
4884, 124, 465, 500, 0, 0, 62.41%, 14, 0, 8, 436.81, 2162340, 254, 763, 0
4889, 125, 112, 500, 0, 0, 62.41%, 14, 0, 8, 441.39, 2164568, 254, 765, 0
4894, 125, 223, 500, 0, 0, 62.41%, 14, 0, 8, 449.00, 2166849, 254, 767, 0
4899, 125, 308, 500, 0, 0, 62.41%, 14, 0, 8, 461.05, 2169158, 254, 769, 0
4905, 125, 339, 500, 0, 0, 62.41%, 14, 0, 8, 455.67, 2171481, 254, 769, 0
4910, 125, 402, 500, 0, 0, 62.41%, 14, 0, 8, 442.00, 2173674, 254, 769, 0
4915, 125, 462, 500, 0, 0, 62.41%, 14, 0, 8, 435.20, 2175881, 254, 769, 0
4920, 126, 116, 500, 0, 0, 62.41%, 14, 0, 8, 454.82, 2178178, 254, 771, 0
4925, 126, 201, 500, 0, 0, 62.41%, 14, 0, 8, 453.13, 2180463, 254, 771, 0
4930, 126, 307, 500, 0, 0, 62.41%, 14, 0, 8, 455.54, 2182775, 254, 773, 0
4935, 126, 353, 500, 0, 0, 62.41%, 14, 0, 8, 455.12, 2185087, 254, 773, 0
4940, 126, 426, 500, 0, 0, 62.41%, 14, 0, 8, 461.08, 2187362, 254, 773, 0
4945, 126, 473, 500, 0, 0, 62.41%, 14, 0, 8, 431.88, 2189525, 254, 773, 0
4950, 127, 112, 500, 0, 0, 62.41%, 14, 0, 8, 441.24, 2191719, 254, 775, 0
4955, 127, 216, 500, 0, 0, 62.41%, 14, 0, 8, 476.11, 2194143, 254, 778, 0
4960, 127, 279, 500, 0, 0, 62.41%, 14, 0, 8, 461.58, 2196483, 254, 779, 0
4965, 127, 326, 500, 0, 0, 62.41%, 14, 0, 8, 457.87, 2198787, 254, 779, 0
4970, 127, 347, 500, 0, 0, 62.41%, 14, 0, 8, 417.87, 2200949, 254, 779, 0
4975, 127, 361, 500, 0, 0, 62.41%, 14, 0, 8, 455.25, 2203253, 254, 779, 0
4980, 127, 419, 500, 0, 0, 62.41%, 14, 0, 8, 431.94, 2205413, 254, 779, 0
4986, 127, 435, 500, 0, 0, 62.41%, 14, 0, 8, 438.40, 2207629, 254, 779, 0
4991, 127, 455, 500, 0, 0, 62.41%, 14, 0, 8, 438.24, 2209827, 254, 779, 0
4996, 128, 96, 500, 0, 0, 62.41%, 14, 0, 8, 436.26, 2212012, 254, 779, 0
5001, 128, 229, 501, 1, 1, 63.64%, 14, 0, 8, 449.60, 2214328, 259, 786, 0
5006, 129, 11, 501, 0, 0, 63.64%, 14, 0, 8, 438.77, 2216460, 259, 786, 0
5011, 129, 127, 501, 0, 0, 63.64%, 14, 0, 8, 439.94, 2218709, 259, 790, 0
5016, 129, 254, 501, 0, 0, 63.64%, 14, 0, 8, 442.65, 2220943, 259, 790, 0
5021, 129, 325, 501, 0, 0, 63.64%, 14, 0, 8, 452.58, 2223273, 259, 790, 0
5026, 129, 364, 501, 0, 0, 63.64%, 14, 0, 8, 445.72, 2225561, 259, 790, 0
5031, 129, 414, 501, 0, 0, 63.64%, 14, 0, 8, 428.16, 2227721, 259, 790, 0
5036, 129, 500, 501, 0, 0, 63.64%, 14, 0, 8, 450.18, 2229984, 259, 790, 0
5041, 130, 127, 501, 0, 0, 63.64%, 14, 0, 8, 455.33, 2232258, 259, 793, 0
5047, 130, 247, 501, 0, 0, 63.64%, 14, 0, 8, 432.03, 2234469, 259, 793, 0
5052, 130, 312, 501, 0, 0, 63.64%, 14, 0, 8, 434.75, 2236629, 259, 795, 0
5057, 130, 329, 501, 0, 0, 63.64%, 14, 0, 8, 436.75, 2238821, 259, 795, 0
5062, 130, 364, 501, 0, 0, 63.64%, 14, 0, 8, 424.32, 2240997, 259, 795, 0
5067, 130, 413, 501, 0, 0, 63.64%, 14, 0, 8, 437.46, 2243261, 259, 795, 0
5072, 130, 466, 501, 0, 0, 63.64%, 14, 0, 8, 436.68, 2245442, 259, 795, 0
5077, 131, 25, 501, 0, 0, 63.64%, 14, 0, 8, 450.21, 2247736, 259, 795, 0
5082, 131, 197, 501, 0, 0, 63.64%, 14, 0, 8, 458.51, 2250042, 259, 799, 0
5087, 131, 302, 501, 0, 0, 63.64%, 14, 0, 8, 459.84, 2252373, 259, 802, 0
5092, 131, 321, 501, 0, 0, 63.64%, 14, 0, 8, 439.79, 2254585, 259, 802, 0
5097, 131, 347, 501, 0, 0, 63.64%, 14, 0, 8, 383.70, 2256522, 259, 802, 0
5102, 131, 384, 501, 0, 0, 63.64%, 14, 0, 8, 429.31, 2258761, 259, 802, 0
5107, 131, 425, 501, 0, 0, 63.64%, 14, 0, 8, 430.35, 2261017, 259, 802, 0
5112, 131, 459, 501, 0, 0, 63.64%, 14, 0, 8, 442.06, 2263239, 259, 802, 0
5118, 132, 59, 501, 0, 0, 63.64%, 14, 0, 8, 443.72, 2265459, 259, 802, 0
5123, 132, 197, 501, 0, 0, 63.64%, 14, 0, 8, 459.39, 2267750, 259, 807, 0
5128, 132, 264, 501, 0, 0, 63.64%, 14, 0, 8, 445.75, 2270011, 259, 808, 0
5133, 132, 297, 501, 0, 0, 63.64%, 14, 0, 8, 435.81, 2272194, 259, 810, 0
5138, 132, 340, 501, 0, 0, 63.64%, 14, 0, 8, 439.67, 2274446, 259, 810, 0
5143, 132, 394, 501, 0, 0, 63.64%, 14, 0, 8, 464.60, 2276764, 259, 810, 0
5148, 132, 459, 501, 0, 0, 63.64%, 14, 0, 8, 437.36, 2278996, 259, 810, 0
5153, 132, 494, 501, 0, 0, 63.64%, 14, 0, 8, 436.55, 2281141, 259, 810, 0
5158, 133, 127, 502, 1, 0, 63.64%, 14, 0, 8, 451.36, 2283405, 259, 824, 0
5163, 133, 238, 502, 1, 0, 63.64%, 14, 0, 8, 431.59, 2285597, 259, 824, 0
5168, 133, 283, 502, 1, 0, 63.64%, 14, 0, 8, 455.26, 2287919, 259, 825, 0
5173, 133, 328, 502, 1, 0, 63.64%, 14, 0, 8, 440.75, 2290123, 259, 825, 0
5178, 133, 349, 502, 1, 0, 63.64%, 14, 0, 8, 427.33, 2292299, 259, 825, 0
5183, 133, 390, 502, 1, 0, 63.64%, 14, 0, 8, 430.13, 2294471, 259, 825, 0
5188, 133, 442, 502, 1, 0, 63.64%, 14, 0, 8, 473.35, 2296875, 259, 825, 0
5193, 133, 452, 502, 1, 0, 63.64%, 14, 0, 8, 442.25, 2299047, 259, 825, 0
5198, 134, 116, 502, 1, 0, 63.64%, 14, 0, 8, 449.24, 2301272, 259, 835, 0
5203, 134, 244, 502, 1, 0, 63.64%, 14, 0, 8, 443.09, 2303512, 259, 835, 0
5209, 134, 326, 502, 1, 0, 63.64%, 14, 0, 8, 439.39, 2305732, 259, 836, 0
5214, 134, 384, 502, 1, 0, 63.64%, 14, 0, 8, 443.04, 2308004, 259, 836, 0
5219, 134, 437, 502, 1, 0, 63.64%, 14, 0, 8, 431.25, 2310156, 259, 836, 0
5224, 134, 500, 502, 1, 0, 63.64%, 14, 0, 8, 413.07, 2312215, 259, 836, 0
5229, 135, 136, 502, 1, 0, 63.64%, 14, 0, 8, 445.00, 2314479, 259, 846, 0
5234, 135, 258, 502, 1, 0, 63.64%, 14, 0, 8, 453.04, 2316776, 259, 846, 0
5239, 135, 339, 502, 1, 0, 63.64%, 14, 0, 8, 430.87, 2318928, 259, 847, 0
5244, 135, 432, 502, 1, 0, 63.64%, 14, 0, 8, 428.69, 2321216, 259, 847, 0
5249, 135, 465, 502, 1, 0, 63.64%, 14, 0, 8, 417.85, 2323302, 259, 847, 0
5254, 136, 11, 502, 1, 0, 63.64%, 14, 0, 8, 419.78, 2325468, 259, 847, 0
5259, 136, 169, 502, 1, 0, 63.64%, 14, 0, 8, 464.65, 2327856, 259, 853, 0
5264, 136, 258, 502, 1, 0, 63.64%, 14, 0, 8, 438.63, 2330028, 259, 853, 0
5269, 136, 320, 502, 1, 0, 63.64%, 14, 0, 8, 428.80, 2332175, 259, 854, 0
5275, 136, 356, 502, 1, 0, 63.64%, 14, 0, 8, 427.29, 2334447, 259, 854, 0
5280, 136, 426, 502, 1, 0, 63.64%, 14, 0, 8, 444.63, 2336655, 259, 854, 0
5285, 136, 448, 502, 1, 0, 63.64%, 14, 0, 8, 448.20, 2338925, 259, 854, 0
5290, 136, 500, 502, 1, 0, 63.64%, 14, 0, 8, 429.93, 2341085, 259, 854, 0
5295, 137, 152, 502, 1, 0, 63.64%, 14, 0, 8, 469.63, 2343454, 259, 857, 0
5300, 137, 246, 502, 1, 0, 63.64%, 14, 0, 8, 445.19, 2345699, 259, 857, 0
5305, 137, 286, 502, 1, 0, 63.64%, 14, 0, 8, 435.86, 2347926, 259, 858, 0
5310, 137, 344, 502, 1, 0, 63.64%, 14, 0, 8, 443.65, 2350234, 259, 858, 0
5315, 137, 382, 502, 1, 0, 63.64%, 14, 0, 8, 443.20, 2352498, 259, 858, 0
5320, 137, 425, 502, 1, 0, 63.64%, 14, 0, 8, 425.72, 2354642, 259, 858, 0
5325, 137, 459, 502, 1, 0, 63.64%, 14, 0, 8, 431.07, 2356848, 259, 858, 0
5330, 138, 308, 503, 2, 1, 63.64%, 14, 0, 8, 416.26, 2358921, 259, 859, 0
5335, 138, 449, 503, 2, 1, 63.64%, 14, 0, 8, 438.90, 2361225, 259, 859, 0
5341, 139, 118, 503, 1, 0, 63.64%, 14, 0, 8, 448.50, 2363591, 259, 867, 0
5346, 139, 201, 503, 1, 0, 63.64%, 14, 0, 8, 461.24, 2365881, 259, 867, 0
5351, 139, 284, 503, 1, 0, 63.64%, 14, 0, 8, 443.48, 2368124, 259, 868, 0
5356, 139, 325, 503, 1, 0, 63.64%, 14, 0, 8, 454.72, 2370430, 259, 868, 0
5361, 139, 346, 503, 1, 0, 63.64%, 14, 0, 8, 427.10, 2372601, 259, 868, 0
5366, 139, 448, 503, 1, 0, 63.64%, 14, 0, 8, 397.27, 2374584, 259, 868, 0
5371, 140, 15, 503, 1, 0, 63.64%, 14, 0, 8, 432.50, 2376856, 259, 871, 0
5376, 140, 197, 503, 1, 0, 63.64%, 14, 0, 8, 436.11, 2379081, 259, 874, 0
5381, 140, 277, 503, 1, 0, 63.64%, 14, 0, 8, 465.33, 2381453, 259, 877, 0
5386, 140, 322, 503, 1, 0, 63.64%, 14, 0, 8, 476.35, 2383835, 259, 877, 0
5391, 140, 337, 503, 1, 0, 63.64%, 14, 0, 8, 439.89, 2386072, 259, 877, 0
5396, 140, 383, 503, 1, 0, 63.64%, 14, 0, 8, 423.48, 2388164, 259, 877, 0
5401, 140, 452, 503, 1, 0, 63.64%, 14, 0, 8, 430.32, 2390320, 259, 877, 0
5406, 141, 42, 503, 1, 0, 63.64%, 14, 0, 8, 467.45, 2392684, 259, 877, 0
5412, 141, 229, 503, 1, 0, 63.64%, 14, 0, 8, 480.81, 2395067, 259, 883, 0
5417, 141, 320, 503, 1, 0, 63.64%, 14, 0, 8, 461.72, 2397332, 259, 885, 0
5422, 141, 331, 503, 1, 0, 63.64%, 14, 0, 8, 436.00, 2399559, 259, 885, 0
5427, 141, 351, 503, 1, 0, 63.64%, 14, 0, 8, 445.24, 2401815, 259, 885, 0
5432, 141, 417, 503, 1, 0, 63.64%, 14, 0, 8, 455.50, 2404119, 259, 885, 0
5437, 141, 452, 503, 1, 0, 63.64%, 14, 0, 8, 468.89, 2406447, 259, 885, 0
5442, 142, 127, 503, 1, 0, 63.64%, 14, 0, 8, 465.39, 2408826, 259, 888, 0
5447, 142, 205, 503, 1, 0, 63.64%, 14, 0, 8, 426.75, 2410927, 259, 888, 0
5452, 142, 266, 503, 1, 0, 63.64%, 14, 0, 8, 435.43, 2413154, 259, 889, 0
5457, 142, 325, 503, 1, 0, 63.64%, 14, 0, 8, 428.24, 2415324, 259, 889, 0
5462, 142, 333, 503, 1, 0, 63.64%, 14, 0, 8, 422.88, 2417480, 259, 889, 0
5468, 142, 344, 503, 1, 0, 63.64%, 14, 0, 8, 418.93, 2419556, 259, 889, 0
5473, 142, 401, 503, 1, 0, 63.64%, 14, 0, 8, 414.97, 2421679, 259, 889, 0
5478, 142, 462, 503, 1, 0, 63.64%, 14, 0, 8, 437.44, 2423882, 259, 889, 0
5483, 143, 12, 504, 1, 0, 63.64%, 14, 0, 8, 456.11, 2426190, 259, 889, 0
5488, 143, 141, 504, 1, 0, 63.64%, 14, 0, 8, 460.44, 2428484, 259, 890, 0
5493, 143, 228, 504, 1, 0, 63.64%, 14, 0, 8, 438.42, 2430679, 259, 890, 0
5498, 143, 266, 504, 1, 0, 63.64%, 14, 0, 8, 441.31, 2432890, 259, 891, 0
5503, 143, 318, 504, 1, 0, 63.64%, 14, 0, 8, 440.83, 2435192, 259, 891, 0
5508, 143, 333, 504, 1, 0, 63.64%, 14, 0, 8, 435.42, 2437400, 259, 891, 0
5513, 143, 392, 504, 1, 0, 63.64%, 14, 0, 8, 424.37, 2439544, 259, 891, 0
5518, 143, 461, 504, 1, 0, 63.64%, 14, 0, 8, 451.85, 2441893, 259, 891, 0
5523, 144, 14, 504, 1, 0, 63.64%, 14, 0, 8, 453.35, 2444258, 259, 891, 0
5529, 144, 141, 504, 1, 0, 63.64%, 14, 0, 8, 451.84, 2446510, 259, 895, 0
5534, 144, 204, 504, 1, 0, 63.64%, 14, 0, 8, 438.08, 2448755, 259, 895, 0
5539, 144, 277, 504, 1, 0, 63.64%, 14, 0, 8, 413.26, 2450858, 259, 896, 0
5544, 144, 364, 504, 1, 0, 63.64%, 14, 0, 8, 424.02, 2453087, 259, 896, 0
5549, 144, 430, 504, 1, 0, 63.64%, 14, 0, 8, 447.18, 2455291, 259, 896, 0
5554, 144, 502, 504, 1, 0, 63.64%, 14, 0, 8, 449.15, 2457563, 259, 896, 0
5559, 145, 172, 504, 1, 0, 63.64%, 14, 0, 8, 422.26, 2459696, 259, 901, 0
5564, 145, 257, 504, 1, 0, 63.64%, 14, 0, 8, 426.53, 2461878, 259, 901, 0
5569, 145, 324, 504, 1, 0, 63.64%, 14, 0, 8, 438.42, 2464132, 259, 902, 0
5574, 145, 344, 504, 1, 0, 63.64%, 14, 0, 8, 417.51, 2466276, 259, 902, 0
5579, 145, 400, 504, 1, 0, 63.64%, 14, 0, 8, 409.13, 2468347, 259, 902, 0
5584, 145, 462, 504, 1, 0, 63.64%, 14, 0, 8, 415.93, 2470482, 259, 902, 0
5589, 145, 502, 505, 2, 0, 63.88%, 14, 0, 8, 438.52, 2472678, 260, 902, 0
5594, 146, 48, 506, 2, 0, 63.88%, 14, 0, 8, 426.89, 2474811, 260, 902, 0
5599, 146, 197, 506, 2, 0, 63.88%, 14, 0, 8, 438.43, 2477045, 260, 904, 0
5604, 146, 259, 506, 2, 0, 63.88%, 14, 0, 8, 434.14, 2479246, 260, 904, 0
5610, 146, 318, 506, 2, 0, 63.88%, 14, 0, 8, 445.05, 2481479, 260, 904, 0
5615, 146, 343, 506, 2, 0, 63.88%, 14, 0, 8, 470.56, 2483895, 260, 904, 0
5620, 146, 353, 506, 2, 0, 63.88%, 14, 0, 8, 456.63, 2486146, 260, 904, 0
5625, 146, 406, 506, 2, 0, 63.88%, 14, 0, 8, 439.03, 2488388, 260, 904, 0
5630, 146, 445, 506, 2, 0, 63.88%, 14, 0, 8, 454.61, 2490767, 260, 904, 0
5635, 146, 462, 506, 2, 0, 63.88%, 14, 0, 8, 441.30, 2492965, 260, 904, 0
5640, 147, 18, 506, 2, 0, 63.88%, 14, 0, 8, 428.07, 2495129, 260, 905, 0
5645, 147, 187, 506, 2, 0, 63.88%, 14, 0, 8, 435.84, 2497296, 260, 910, 0
5650, 147, 279, 506, 2, 0, 63.88%, 14, 0, 8, 461.22, 2499630, 260, 912, 0
5655, 147, 299, 506, 2, 0, 63.88%, 14, 0, 8, 448.88, 2501880, 260, 912, 0
5660, 147, 318, 506, 2, 0, 63.88%, 14, 0, 8, 447.65, 2504114, 260, 912, 0
5665, 147, 364, 506, 2, 0, 63.88%, 14, 0, 8, 440.07, 2506314, 260, 912, 0
5670, 147, 452, 506, 2, 0, 63.88%, 14, 0, 8, 444.93, 2508626, 260, 912, 0
5675, 147, 504, 506, 2, 0, 63.88%, 14, 0, 8, 450.82, 2510893, 260, 912, 0
5680, 148, 116, 506, 2, 0, 63.88%, 14, 0, 8, 438.71, 2513091, 260, 913, 0
5686, 148, 203, 506, 2, 0, 63.88%, 14, 0, 8, 432.76, 2515364, 260, 913, 0
5691, 148, 277, 506, 2, 0, 63.88%, 14, 0, 8, 407.93, 2517424, 260, 914, 0
5696, 148, 322, 506, 2, 0, 63.88%, 14, 0, 8, 445.60, 2519633, 260, 914, 0
5701, 148, 368, 506, 2, 0, 63.88%, 14, 0, 8, 451.34, 2521925, 260, 914, 0
5706, 148, 472, 506, 2, 0, 63.88%, 14, 0, 8, 422.70, 2523999, 260, 914, 0
5711, 149, 10, 506, 2, 0, 63.88%, 14, 0, 8, 426.13, 2526166, 260, 914, 0
5716, 149, 169, 506, 2, 0, 63.88%, 14, 0, 8, 407.51, 2528213, 260, 919, 0
5721, 149, 258, 506, 2, 0, 63.88%, 14, 0, 8, 423.24, 2530417, 260, 919, 0
5726, 149, 325, 506, 2, 0, 63.88%, 14, 0, 8, 438.61, 2532646, 260, 921, 0
5731, 149, 348, 506, 2, 0, 63.88%, 14, 0, 8, 447.46, 2534874, 260, 921, 0
5736, 149, 446, 506, 2, 0, 63.88%, 14, 0, 8, 457.22, 2537169, 260, 921, 0
5742, 149, 461, 506, 2, 0, 63.88%, 14, 0, 8, 445.68, 2539412, 260, 921, 0
5747, 149, 497, 506, 2, 0, 63.88%, 14, 0, 8, 438.22, 2541677, 260, 921, 0
5752, 150, 110, 506, 0, 0, 63.88%, 14, 0, 8, 471.76, 2544093, 260, 921, 0
5757, 150, 212, 506, 0, 0, 63.88%, 14, 0, 8, 462.74, 2546433, 260, 927, 0
5762, 150, 312, 506, 0, 0, 63.88%, 14, 0, 8, 431.78, 2548604, 260, 929, 0
5767, 150, 322, 506, 0, 0, 63.88%, 14, 0, 8, 406.84, 2550640, 260, 929, 0
5772, 150, 349, 506, 0, 0, 63.88%, 14, 0, 8, 448.87, 2552884, 260, 929, 0
5777, 150, 429, 506, 0, 0, 63.88%, 14, 0, 8, 476.83, 2555329, 260, 929, 0
5782, 150, 486, 506, 0, 0, 63.88%, 14, 0, 8, 455.77, 2557597, 260, 929, 0
5787, 151, 112, 506, 0, 0, 63.88%, 14, 0, 8, 429.44, 2559761, 260, 931, 0
5792, 151, 229, 506, 0, 0, 63.88%, 14, 0, 8, 453.55, 2562067, 260, 936, 0
5797, 151, 305, 506, 0, 0, 63.88%, 14, 0, 8, 452.88, 2564343, 260, 936, 0
5802, 151, 339, 506, 0, 0, 63.88%, 14, 0, 8, 453.72, 2566602, 260, 936, 0
5807, 151, 368, 506, 0, 0, 63.88%, 14, 0, 8, 468.71, 2568968, 260, 936, 0
5812, 151, 394, 506, 0, 0, 63.88%, 14, 0, 8, 426.42, 2571038, 260, 936, 0
5817, 151, 502, 506, 0, 0, 63.88%, 14, 0, 8, 453.08, 2573420, 260, 936, 0
5822, 152, 112, 506, 0, 0, 63.88%, 14, 0, 8, 458.59, 2575691, 260, 937, 0
5827, 152, 229, 506, 0, 0, 63.88%, 14, 0, 8, 460.24, 2578057, 260, 942, 0
5833, 152, 277, 506, 0, 0, 63.88%, 14, 0, 8, 469.49, 2580411, 260, 943, 0
5838, 152, 325, 506, 0, 0, 63.88%, 14, 0, 8, 496.57, 2582972, 260, 943, 0
5843, 152, 340, 506, 0, 0, 63.88%, 14, 0, 8, 463.19, 2585283, 260, 943, 0
5848, 152, 357, 506, 0, 0, 63.88%, 14, 0, 8, 457.06, 2587579, 260, 943, 0
5853, 152, 446, 506, 0, 0, 63.88%, 14, 0, 8, 438.43, 2589790, 260, 943, 0
5858, 152, 504, 506, 0, 0, 63.88%, 14, 0, 8, 448.17, 2592044, 260, 943, 0
5863, 153, 188, 506, 0, 0, 63.88%, 14, 0, 8, 485.13, 2594465, 260, 952, 0
5868, 153, 277, 506, 0, 0, 63.88%, 14, 0, 8, 472.74, 2596859, 260, 953, 0
5873, 153, 326, 506, 0, 0, 63.88%, 14, 0, 8, 445.95, 2599080, 260, 953, 0
5878, 153, 364, 506, 0, 0, 63.88%, 14, 0, 8, 453.41, 2601391, 260, 953, 0
5883, 153, 452, 506, 0, 0, 63.88%, 14, 0, 8, 449.81, 2603632, 260, 953, 0
5888, 154, 112, 506, 0, 0, 63.88%, 14, 0, 8, 449.02, 2605899, 260, 953, 0
5893, 154, 183, 506, 0, 0, 63.88%, 14, 0, 8, 437.47, 2608081, 260, 957, 0
5898, 154, 258, 506, 0, 0, 63.88%, 14, 0, 8, 417.04, 2610163, 260, 957, 0
5903, 154, 320, 506, 0, 0, 63.88%, 14, 0, 8, 438.11, 2612394, 260, 959, 0
5908, 154, 387, 506, 0, 0, 63.88%, 14, 0, 8, 429.00, 2614525, 260, 959, 0
5913, 154, 426, 506, 0, 0, 63.88%, 14, 0, 8, 422.00, 2616694, 260, 959, 0
5918, 154, 504, 506, 0, 0, 63.88%, 14, 0, 8, 433.07, 2618877, 260, 959, 0
5924, 155, 127, 506, 0, 0, 63.88%, 14, 0, 8, 433.62, 2621179, 260, 965, 0
5929, 155, 235, 506, 0, 0, 63.88%, 14, 0, 8, 426.90, 2623382, 260, 965, 0
5934, 155, 285, 506, 0, 0, 63.88%, 14, 0, 8, 444.04, 2625626, 260, 967, 0
5939, 155, 299, 506, 0, 0, 63.88%, 14, 0, 8, 414.18, 2627746, 260, 967, 0
5944, 155, 326, 506, 0, 0, 63.88%, 14, 0, 8, 412.79, 2629878, 260, 967, 0
5949, 155, 398, 506, 0, 0, 63.88%, 14, 0, 8, 412.92, 2632021, 260, 967, 0
5954, 155, 448, 506, 0, 0, 63.88%, 14, 0, 8, 418.31, 2634154, 260, 967, 0
5959, 155, 502, 506, 0, 0, 63.88%, 14, 0, 8, 433.87, 2636321, 260, 967, 0
5964, 156, 117, 506, 0, 0, 63.88%, 14, 0, 8, 426.62, 2638531, 260, 979, 0
5969, 156, 235, 506, 0, 0, 63.88%, 14, 0, 8, 450.58, 2640780, 260, 979, 0
5975, 156, 317, 506, 0, 0, 63.88%, 14, 0, 8, 478.14, 2643284, 260, 982, 0
5980, 156, 343, 506, 0, 0, 63.88%, 14, 0, 8, 425.85, 2645427, 260, 982, 0
5985, 156, 379, 506, 0, 0, 63.88%, 14, 0, 8, 458.78, 2647756, 260, 982, 0
5990, 156, 426, 506, 0, 0, 63.88%, 14, 0, 8, 447.07, 2649971, 260, 982, 0
5995, 156, 489, 506, 0, 0, 63.88%, 14, 0, 8, 451.09, 2652280, 260, 982, 0
6000, 157, 54, 506, 0, 0, 63.88%, 14, 0, 8, 435.77, 2654470, 260, 982, 0
6005, 157, 210, 506, 0, 0, 63.88%, 14, 0, 8, 436.25, 2656725, 260, 988, 0
6010, 157, 267, 506, 0, 0, 63.88%, 14, 0, 8, 445.91, 2658961, 260, 992, 0
6015, 157, 315, 506, 0, 0, 63.88%, 14, 0, 8, 443.53, 2661276, 260, 992, 0
6020, 157, 330, 506, 0, 0, 63.88%, 14, 0, 8, 449.45, 2663508, 260, 992, 0
6025, 157, 375, 506, 0, 0, 63.88%, 14, 0, 8, 391.93, 2665484, 260, 992, 0
6030, 157, 454, 506, 0, 0, 63.88%, 14, 0, 8, 411.07, 2667562, 260, 992, 0
6035, 158, 76, 506, 0, 0, 63.88%, 14, 0, 8, 430.65, 2669711, 260, 992, 0
6041, 158, 229, 506, 0, 0, 63.88%, 14, 0, 8, 455.22, 2672175, 260, 997, 0
6046, 158, 290, 506, 0, 0, 63.88%, 14, 0, 8, 448.33, 2674397, 260, 997, 0
6051, 158, 309, 506, 0, 0, 63.88%, 14, 0, 8, 414.48, 2676466, 260, 997, 0
6056, 158, 353, 506, 0, 0, 63.88%, 14, 0, 8, 443.56, 2678756, 260, 997, 0
6061, 158, 384, 506, 0, 0, 63.88%, 14, 0, 8, 448.08, 2681106, 260, 997, 0
6066, 158, 438, 506, 0, 0, 63.88%, 14, 0, 8, 441.27, 2683350, 260, 997, 0
6071, 158, 503, 506, 0, 0, 63.88%, 14, 0, 8, 439.37, 2685657, 260, 997, 0
6076, 159, 116, 506, 0, 0, 63.88%, 14, 0, 8, 459.11, 2687953, 260, 1001, 0
6081, 159, 223, 506, 0, 0, 63.88%, 14, 0, 8, 455.55, 2690283, 260, 1001, 0
6086, 159, 279, 506, 0, 0, 63.88%, 14, 0, 8, 447.51, 2692488, 260, 1005, 0
6092, 159, 339, 506, 0, 0, 63.88%, 14, 0, 8, 426.75, 2694618, 260, 1005, 0
6097, 159, 394, 506, 0, 0, 63.88%, 14, 0, 8, 434.50, 2696782, 260, 1005, 0
6102, 159, 483, 506, 0, 0, 63.88%, 14, 0, 8, 418.61, 2698910, 260, 1005, 0
6107, 160, 112, 506, 0, 0, 63.88%, 14, 0, 8, 458.32, 2701252, 260, 1006, 0
6112, 160, 207, 506, 0, 0, 63.88%, 14, 0, 8, 433.27, 2703431, 260, 1009, 0
6117, 160, 299, 506, 0, 0, 63.88%, 14, 0, 8, 451.29, 2705692, 260, 1011, 0
6122, 160, 325, 506, 0, 0, 63.88%, 14, 0, 8, 459.18, 2707999, 260, 1011, 0
6127, 160, 371, 506, 0, 0, 63.88%, 14, 0, 8, 409.54, 2710066, 260, 1011, 0
6132, 160, 429, 506, 0, 0, 63.88%, 14, 0, 8, 436.76, 2712338, 260, 1011, 0
6137, 160, 497, 506, 0, 0, 63.88%, 14, 0, 8, 434.40, 2714581, 260, 1011, 0
6142, 161, 112, 506, 0, 0, 63.88%, 14, 0, 8, 430.32, 2716829, 260, 1012, 0
6147, 161, 223, 506, 0, 0, 63.88%, 14, 0, 8, 444.90, 2719077, 260, 1016, 0
6152, 161, 283, 506, 0, 0, 63.88%, 14, 0, 8, 461.37, 2721388, 260, 1019, 0
6157, 161, 304, 506, 0, 0, 63.88%, 14, 0, 8, 428.36, 2723563, 260, 1020, 0
6162, 161, 320, 506, 0, 0, 63.88%, 14, 0, 8, 441.43, 2725779, 260, 1020, 0
6168, 161, 387, 506, 0, 0, 63.88%, 14, 0, 8, 439.08, 2728035, 260, 1020, 0
6173, 161, 460, 506, 0, 0, 63.88%, 14, 0, 8, 435.47, 2730149, 260, 1020, 0
6178, 162, 11, 506, 0, 0, 63.88%, 14, 0, 8, 448.90, 2732411, 260, 1020, 0
6183, 162, 183, 506, 0, 0, 63.88%, 14, 0, 8, 445.33, 2734612, 260, 1027, 0
6188, 162, 266, 506, 0, 0, 63.88%, 14, 0, 8, 456.43, 2736926, 260, 1028, 0
6193, 162, 303, 506, 0, 0, 63.88%, 14, 0, 8, 449.29, 2739235, 260, 1029, 0
6198, 162, 352, 506, 0, 0, 63.88%, 14, 0, 8, 433.45, 2741469, 260, 1029, 0
6203, 162, 382, 506, 0, 0, 63.88%, 14, 0, 8, 440.54, 2743685, 260, 1029, 0
6208, 162, 436, 506, 0, 0, 63.88%, 14, 0, 8, 449.71, 2745959, 260, 1029, 0
6213, 163, 16, 506, 0, 0, 63.88%, 14, 0, 8, 455.27, 2748245, 260, 1029, 0
6218, 163, 176, 506, 0, 0, 63.88%, 14, 0, 8, 445.88, 2750519, 260, 1030, 0
6223, 163, 264, 506, 0, 0, 63.88%, 14, 0, 8, 431.29, 2752699, 260, 1031, 0
6228, 163, 322, 506, 0, 0, 63.88%, 14, 0, 8, 436.15, 2754828, 260, 1031, 0
6233, 163, 379, 506, 0, 0, 63.88%, 14, 0, 8, 403.02, 2756900, 260, 1031, 0
6238, 163, 432, 506, 0, 0, 63.88%, 14, 0, 8, 427.66, 2759092, 260, 1031, 0
6243, 163, 498, 506, 0, 0, 63.88%, 14, 0, 8, 407.96, 2761139, 260, 1031, 0
6249, 164, 112, 506, 0, 0, 63.88%, 14, 0, 8, 423.69, 2763342, 260, 1031, 0
6254, 164, 208, 506, 0, 0, 63.88%, 14, 0, 8, 461.64, 2765604, 260, 1037, 0
6259, 164, 320, 506, 0, 0, 63.88%, 14, 0, 8, 431.09, 2767779, 260, 1039, 0
6264, 164, 345, 506, 0, 0, 63.88%, 14, 0, 8, 430.85, 2769939, 260, 1039, 0
6269, 164, 426, 506, 0, 0, 63.88%, 14, 0, 8, 415.57, 2772007, 260, 1039, 0
6274, 164, 448, 506, 0, 0, 63.88%, 14, 0, 8, 426.36, 2774183, 260, 1039, 0
6279, 164, 502, 506, 0, 0, 63.88%, 14, 0, 8, 443.38, 2776438, 260, 1039, 0
6284, 165, 116, 506, 0, 0, 63.88%, 14, 0, 8, 438.21, 2778629, 260, 1048, 0
6289, 165, 229, 506, 0, 0, 63.88%, 14, 0, 8, 464.33, 2781087, 260, 1048, 0
6294, 165, 283, 506, 0, 0, 63.88%, 14, 0, 8, 453.41, 2783342, 260, 1048, 0
6299, 165, 296, 506, 0, 0, 63.88%, 14, 0, 8, 417.43, 2785404, 260, 1048, 0
6304, 165, 326, 506, 0, 0, 63.88%, 14, 0, 8, 423.70, 2787576, 260, 1048, 0
6309, 165, 351, 506, 0, 0, 63.88%, 14, 0, 8, 440.81, 2789868, 260, 1048, 0
6314, 165, 433, 506, 0, 0, 63.88%, 14, 0, 8, 440.45, 2792108, 260, 1048, 0
6320, 165, 502, 507, 1, 0, 63.88%, 14, 0, 8, 422.32, 2794218, 260, 1048, 0
6325, 166, 141, 507, 1, 0, 63.88%, 14, 0, 8, 450.58, 2796498, 260, 1057, 0
6330, 166, 261, 507, 1, 0, 63.88%, 14, 0, 8, 433.60, 2798645, 260, 1057, 0
6335, 166, 311, 507, 1, 0, 63.88%, 14, 0, 8, 420.64, 2800788, 260, 1057, 0
6340, 166, 331, 507, 1, 0, 63.88%, 14, 0, 8, 451.82, 2803220, 260, 1057, 0
6345, 166, 364, 507, 1, 0, 63.88%, 14, 0, 8, 452.97, 2805451, 260, 1057, 0
6350, 166, 400, 507, 1, 0, 63.88%, 14, 0, 8, 434.79, 2807699, 260, 1057, 0
6355, 166, 435, 507, 1, 0, 63.88%, 14, 0, 8, 422.57, 2809876, 260, 1057, 0
6360, 167, 42, 507, 1, 0, 63.88%, 14, 0, 8, 468.60, 2812301, 260, 1057, 0
6365, 167, 201, 507, 1, 0, 63.88%, 14, 0, 8, 488.30, 2814725, 260, 1061, 0
6370, 167, 282, 507, 1, 0, 63.88%, 14, 0, 8, 458.35, 2816956, 260, 1062, 0
6375, 167, 333, 507, 1, 0, 63.88%, 14, 0, 8, 457.04, 2819269, 260, 1062, 0
6380, 167, 367, 507, 1, 0, 63.88%, 14, 0, 8, 441.13, 2821421, 260, 1062, 0
6386, 167, 395, 507, 1, 0, 63.88%, 14, 0, 8, 435.61, 2823600, 260, 1062, 0
6391, 167, 461, 507, 1, 0, 63.88%, 14, 0, 8, 452.40, 2825927, 260, 1062, 0
6396, 168, 74, 507, 1, 0, 63.88%, 14, 0, 8, 475.12, 2828328, 260, 1062, 0
6401, 168, 229, 507, 1, 0, 63.88%, 14, 0, 8, 459.53, 2830701, 260, 1067, 0
6406, 168, 295, 507, 1, 0, 63.88%, 14, 0, 8, 445.86, 2832989, 260, 1068, 0
6411, 168, 364, 507, 1, 0, 63.88%, 14, 0, 8, 485.97, 2835350, 260, 1068, 0
6416, 168, 421, 507, 1, 0, 63.88%, 14, 0, 8, 492.92, 2837922, 260, 1068, 0
6421, 168, 448, 507, 1, 0, 63.88%, 14, 0, 8, 446.99, 2840229, 260, 1068, 0
6426, 169, 24, 507, 1, 0, 63.88%, 14, 0, 8, 438.32, 2842466, 260, 1068, 0
6431, 169, 176, 507, 1, 0, 63.88%, 14, 0, 8, 449.08, 2844716, 260, 1075, 0
6436, 169, 258, 507, 1, 0, 63.88%, 14, 0, 8, 418.33, 2846784, 260, 1075, 0
6441, 169, 325, 507, 1, 0, 63.88%, 14, 0, 8, 435.24, 2848931, 260, 1078, 0
6447, 169, 367, 507, 1, 0, 63.88%, 14, 0, 8, 449.55, 2851195, 260, 1078, 0
6452, 169, 452, 507, 1, 0, 63.88%, 14, 0, 8, 439.21, 2853399, 260, 1078, 0
6457, 170, 42, 507, 1, 0, 63.88%, 14, 0, 8, 454.85, 2855690, 260, 1079, 0
6462, 170, 213, 507, 1, 0, 63.88%, 14, 0, 8, 451.92, 2857915, 260, 1087, 0
6467, 170, 279, 507, 1, 0, 63.88%, 14, 0, 8, 489.72, 2860359, 260, 1088, 0
6472, 170, 320, 507, 1, 0, 63.88%, 14, 0, 8, 443.90, 2862511, 260, 1088, 0
6477, 170, 361, 507, 1, 0, 63.88%, 14, 0, 8, 441.63, 2864767, 260, 1088, 0
6482, 170, 404, 507, 1, 0, 63.88%, 14, 0, 8, 420.80, 2866820, 260, 1088, 0
6487, 170, 445, 507, 1, 0, 63.88%, 14, 0, 8, 425.35, 2868979, 260, 1088, 0
6492, 170, 447, 507, 1, 0, 63.88%, 14, 0, 8, 445.19, 2871227, 260, 1088, 0
6497, 170, 479, 507, 1, 0, 63.88%, 14, 0, 8, 443.58, 2873453, 260, 1088, 0
6502, 171, 73, 507, 1, 0, 63.88%, 14, 0, 8, 429.12, 2875704, 260, 1088, 0
6507, 171, 235, 507, 1, 0, 63.88%, 14, 0, 8, 455.49, 2878023, 260, 1092, 0
6512, 171, 306, 507, 1, 0, 63.88%, 15, 0, 8, 441.99, 2880275, 260, 1095, 0
6517, 171, 337, 507, 1, 0, 63.88%, 15, 0, 8, 452.51, 2882605, 260, 1095, 0
6522, 171, 361, 507, 1, 0, 63.88%, 15, 0, 8, 453.84, 2884949, 260, 1095, 0
6527, 171, 448, 507, 1, 0, 63.88%, 15, 0, 8, 422.34, 2887131, 260, 1095, 0
6532, 171, 502, 507, 1, 0, 63.88%, 15, 0, 8, 416.79, 2889218, 260, 1095, 0
6537, 172, 127, 507, 1, 0, 63.88%, 15, 0, 8, 444.86, 2891499, 260, 1105, 0
6543, 172, 246, 507, 1, 0, 63.88%, 15, 0, 8, 458.59, 2893799, 260, 1105, 0
6548, 172, 322, 507, 1, 0, 63.88%, 15, 0, 8, 456.45, 2896078, 260, 1106, 0
6553, 172, 395, 507, 1, 0, 63.88%, 15, 0, 8, 458.28, 2898431, 260, 1106, 0
6558, 172, 452, 507, 1, 0, 63.88%, 15, 0, 8, 452.28, 2900658, 260, 1106, 0
6563, 173, 112, 507, 1, 0, 63.88%, 15, 0, 8, 450.46, 2903034, 260, 1111, 0
6568, 173, 229, 507, 1, 0, 63.88%, 15, 0, 8, 434.81, 2905171, 260, 1113, 0
6573, 173, 283, 507, 1, 0, 63.88%, 15, 0, 8, 424.35, 2907311, 260, 1114, 0
6578, 173, 326, 507, 1, 0, 63.88%, 15, 0, 8, 435.95, 2909529, 260, 1114, 0
6583, 173, 395, 507, 1, 0, 63.88%, 15, 0, 8, 441.05, 2911770, 260, 1114, 0
6588, 174, 11, 507, 1, 0, 63.88%, 15, 0, 8, 455.22, 2914026, 260, 1114, 0
6593, 174, 144, 507, 1, 0, 63.88%, 15, 0, 8, 434.80, 2916228, 260, 1118, 0
6598, 174, 255, 507, 1, 0, 63.88%, 15, 0, 8, 412.04, 2918220, 260, 1120, 0
6603, 174, 311, 507, 1, 0, 63.88%, 15, 0, 8, 436.31, 2920441, 260, 1120, 0
6608, 174, 328, 507, 1, 0, 63.88%, 15, 0, 8, 444.36, 2922793, 260, 1120, 0
6614, 174, 365, 507, 1, 0, 63.88%, 15, 0, 8, 413.67, 2924837, 260, 1120, 0
6619, 174, 452, 507, 1, 0, 63.88%, 15, 0, 8, 432.32, 2927037, 260, 1120, 0
6624, 174, 476, 507, 1, 0, 63.88%, 15, 0, 8, 397.83, 2929058, 260, 1120, 0
6629, 175, 81, 507, 0, 0, 63.88%, 15, 0, 8, 422.49, 2931158, 260, 1120, 0
6634, 175, 201, 507, 0, 0, 63.88%, 15, 0, 8, 429.25, 2933397, 260, 1128, 0
6639, 175, 288, 507, 0, 0, 63.88%, 15, 0, 8, 429.76, 2935606, 260, 1128, 0
6644, 175, 339, 507, 0, 0, 63.88%, 15, 0, 8, 430.60, 2937774, 260, 1128, 0
6649, 175, 421, 507, 0, 0, 63.88%, 15, 0, 8, 462.04, 2940051, 260, 1128, 0
6654, 175, 488, 508, 1, 0, 63.88%, 15, 0, 8, 463.19, 2942405, 260, 1128, 0
6659, 176, 112, 508, 1, 0, 63.88%, 15, 0, 8, 445.49, 2944665, 260, 1131, 0
6664, 176, 183, 508, 1, 0, 63.88%, 15, 0, 8, 423.51, 2946783, 260, 1131, 0
6669, 176, 265, 508, 1, 0, 63.88%, 15, 0, 8, 479.24, 2949215, 260, 1131, 0
6674, 176, 325, 508, 1, 0, 63.88%, 15, 0, 8, 470.65, 2951676, 260, 1132, 0
6679, 176, 342, 508, 1, 0, 63.88%, 15, 0, 8, 464.86, 2954018, 260, 1132, 0
6684, 176, 387, 508, 1, 0, 63.88%, 15, 0, 8, 388.49, 2955993, 260, 1132, 0
6689, 176, 440, 508, 1, 0, 63.88%, 15, 0, 8, 408.70, 2958063, 260, 1132, 0
6694, 176, 448, 508, 1, 0, 63.88%, 15, 0, 8, 418.82, 2960207, 260, 1132, 0
6700, 177, 112, 508, 1, 0, 63.88%, 15, 0, 8, 441.72, 2962484, 260, 1134, 0
6705, 177, 201, 508, 1, 0, 63.88%, 15, 0, 8, 456.89, 2964817, 260, 1137, 0
6710, 177, 266, 508, 1, 0, 63.88%, 15, 0, 8, 429.42, 2967049, 260, 1137, 0
6715, 177, 320, 508, 1, 0, 63.88%, 15, 0, 8, 394.56, 2969004, 260, 1137, 0
6720, 177, 339, 508, 1, 0, 63.88%, 15, 0, 8, 453.35, 2971271, 260, 1137, 0
6725, 177, 389, 508, 1, 0, 63.88%, 15, 0, 8, 439.84, 2973471, 260, 1137, 0
6730, 177, 504, 508, 1, 0, 63.88%, 15, 0, 8, 449.26, 2975699, 260, 1137, 0
6735, 178, 141, 508, 1, 0, 63.88%, 15, 0, 8, 431.34, 2977881, 260, 1142, 0
6740, 178, 235, 508, 1, 0, 63.88%, 15, 0, 8, 439.84, 2980121, 260, 1142, 0
6745, 178, 289, 508, 1, 0, 63.88%, 15, 0, 8, 476.51, 2982531, 260, 1146, 0
6750, 178, 344, 508, 1, 0, 63.88%, 15, 0, 8, 451.12, 2984829, 260, 1146, 0
6755, 178, 359, 508, 1, 0, 63.88%, 15, 0, 8, 406.60, 2986849, 260, 1146, 0
6760, 178, 382, 508, 1, 0, 63.88%, 15, 0, 8, 393.45, 2988771, 260, 1146, 0
6766, 178, 431, 508, 1, 0, 63.88%, 15, 0, 8, 435.81, 2991045, 260, 1146, 0
6771, 178, 476, 508, 1, 0, 63.88%, 15, 0, 8, 425.53, 2993183, 260, 1146, 0
6776, 179, 90, 508, 1, 0, 63.88%, 15, 0, 8, 413.46, 2995273, 260, 1146, 0
6781, 179, 183, 508, 1, 0, 63.88%, 15, 0, 8, 441.22, 2997539, 260, 1152, 0
6786, 179, 265, 508, 1, 0, 63.88%, 15, 0, 8, 457.85, 2999871, 260, 1153, 0
6791, 179, 285, 508, 1, 0, 63.88%, 15, 0, 8, 458.30, 3002170, 260, 1153, 0
6796, 179, 339, 508, 1, 0, 63.88%, 15, 0, 8, 465.40, 3004541, 260, 1153, 0
6801, 179, 438, 508, 1, 0, 63.88%, 15, 0, 8, 459.97, 3006788, 260, 1153, 0
6806, 179, 472, 508, 1, 0, 63.88%, 15, 0, 8, 441.03, 3009017, 260, 1153, 0
6811, 180, 90, 508, 0, 0, 63.88%, 15, 0, 8, 435.25, 3011175, 260, 1154, 0
6816, 180, 183, 508, 0, 0, 63.88%, 15, 0, 8, 459.81, 3013546, 260, 1161, 0
6821, 180, 266, 508, 0, 0, 63.88%, 15, 0, 8, 447.60, 3015789, 260, 1162, 0
6826, 180, 311, 508, 0, 0, 63.88%, 15, 0, 8, 432.15, 3017978, 260, 1162, 0
6831, 180, 338, 508, 0, 0, 63.88%, 15, 0, 8, 440.32, 3020210, 260, 1162, 0
6836, 180, 366, 508, 0, 0, 63.88%, 15, 0, 8, 468.75, 3022632, 260, 1162, 0
6841, 180, 448, 508, 0, 0, 63.88%, 15, 0, 8, 451.15, 3024902, 260, 1162, 0
6846, 180, 489, 508, 0, 0, 63.88%, 15, 0, 8, 444.86, 3027109, 260, 1162, 0
6851, 181, 122, 508, 0, 0, 63.88%, 15, 0, 8, 458.64, 3029434, 260, 1163, 0
6856, 181, 247, 508, 0, 0, 63.88%, 15, 0, 8, 455.97, 3031712, 260, 1163, 0
6862, 181, 315, 508, 0, 0, 63.88%, 15, 0, 8, 450.46, 3034010, 260, 1164, 0
6867, 181, 330, 508, 0, 0, 63.88%, 15, 0, 8, 460.54, 3036427, 260, 1164, 0
6872, 181, 419, 508, 0, 0, 63.88%, 15, 0, 8, 460.15, 3038744, 260, 1164, 0
6877, 182, 464, 509, 1, 1, 64.37%, 15, 0, 8, 461.39, 3041086, 262, 1164, 0
6882, 182, 508, 510, 2, 1, 64.62%, 15, 0, 8, 435.72, 3043271, 263, 1164, 0
6887, 183, 112, 510, 0, 0, 64.62%, 15, 0, 8, 467.78, 3045662, 263, 1173, 0
6892, 183, 235, 510, 0, 0, 64.62%, 15, 0, 8, 463.17, 3047940, 263, 1173, 0
6897, 183, 285, 510, 0, 0, 64.62%, 15, 0, 8, 435.02, 3050096, 263, 1175, 0
6902, 183, 313, 510, 0, 0, 64.62%, 15, 0, 8, 454.71, 3052449, 263, 1175, 0
6907, 183, 351, 510, 0, 0, 64.62%, 15, 0, 8, 444.07, 3054632, 263, 1175, 0
6912, 183, 382, 510, 0, 0, 64.62%, 15, 0, 8, 414.40, 3056668, 263, 1175, 0
6917, 183, 452, 510, 0, 0, 64.62%, 15, 0, 8, 413.09, 3058712, 263, 1175, 0
6922, 184, 18, 510, 0, 0, 64.62%, 15, 0, 8, 445.38, 3061003, 263, 1175, 0
6927, 184, 197, 510, 0, 0, 64.62%, 15, 0, 8, 464.54, 3063311, 263, 1180, 0
6932, 184, 276, 510, 0, 0, 64.62%, 15, 0, 8, 442.27, 3065565, 263, 1181, 0
6937, 184, 320, 510, 0, 0, 64.62%, 15, 0, 8, 438.54, 3067912, 263, 1181, 0
6943, 184, 423, 510, 0, 0, 64.62%, 15, 0, 8, 459.92, 3070275, 263, 1181, 0
6948, 184, 471, 510, 0, 0, 64.62%, 15, 0, 8, 438.54, 3072490, 263, 1181, 0
6953, 185, 11, 510, 0, 0, 64.62%, 15, 0, 8, 430.63, 3074668, 263, 1181, 0
6958, 185, 148, 510, 0, 0, 64.62%, 15, 0, 8, 428.20, 3076810, 263, 1185, 0
6963, 185, 235, 510, 0, 0, 64.62%, 15, 0, 8, 443.28, 3079093, 263, 1185, 0
6968, 185, 299, 510, 0, 0, 64.62%, 15, 0, 8, 447.41, 3081305, 263, 1186, 0
6973, 185, 339, 510, 0, 0, 64.62%, 15, 0, 8, 422.24, 3083529, 263, 1186, 0
6978, 185, 350, 510, 0, 0, 64.62%, 15, 0, 8, 427.62, 3085801, 263, 1186, 0
6983, 185, 387, 510, 0, 0, 64.62%, 15, 0, 8, 431.30, 3087949, 263, 1186, 0
6988, 185, 452, 510, 0, 0, 64.62%, 15, 0, 8, 448.02, 3090267, 263, 1186, 0
6993, 186, 36, 510, 0, 0, 64.62%, 15, 0, 8, 447.43, 3092506, 263, 1186, 0
6998, 186, 146, 510, 0, 0, 64.62%, 15, 0, 8, 435.46, 3094661, 263, 1192, 0
7004, 186, 258, 510, 0, 0, 64.62%, 15, 0, 8, 456.91, 3097001, 263, 1192, 0
7009, 186, 320, 510, 0, 0, 64.62%, 15, 0, 8, 470.83, 3099440, 263, 1194, 0
7014, 186, 339, 510, 0, 0, 64.62%, 15, 0, 8, 451.39, 3101729, 263, 1194, 0
7019, 186, 401, 510, 0, 0, 64.62%, 15, 0, 8, 439.74, 3103938, 263, 1194, 0
7024, 186, 431, 510, 0, 0, 64.62%, 15, 0, 8, 442.59, 3106159, 263, 1194, 0
7029, 186, 505, 510, 0, 0, 64.62%, 15, 0, 8, 454.36, 3108521, 263, 1194, 0
7034, 187, 116, 510, 0, 0, 64.62%, 15, 0, 8, 472.07, 3111028, 263, 1202, 0
7039, 187, 235, 510, 0, 0, 64.62%, 15, 0, 8, 447.28, 3113298, 263, 1202, 0
7044, 187, 302, 510, 0, 0, 64.62%, 15, 0, 8, 461.11, 3115633, 263, 1202, 0
7049, 187, 333, 510, 0, 0, 64.62%, 15, 0, 8, 460.01, 3117966, 263, 1202, 0
7055, 187, 375, 510, 0, 0, 64.62%, 15, 0, 8, 471.28, 3120469, 263, 1202, 0
7060, 187, 437, 510, 0, 0, 64.62%, 15, 0, 8, 449.17, 3122714, 263, 1202, 0
7065, 187, 448, 510, 0, 0, 64.62%, 15, 0, 8, 418.24, 3124786, 263, 1202, 0
7070, 188, 12, 510, 0, 0, 64.62%, 15, 0, 8, 427.11, 3126952, 263, 1202, 0
7075, 188, 181, 510, 0, 0, 64.62%, 15, 0, 8, 459.94, 3129315, 263, 1206, 0
7080, 188, 258, 510, 0, 0, 64.62%, 15, 0, 8, 445.09, 3131500, 263, 1206, 0
7085, 188, 320, 510, 0, 0, 64.62%, 15, 0, 8, 445.21, 3133739, 263, 1210, 0
7090, 188, 327, 510, 0, 0, 64.62%, 15, 0, 8, 460.25, 3136057, 263, 1210, 0
7095, 188, 426, 510, 0, 0, 64.62%, 15, 0, 8, 440.18, 3138211, 263, 1210, 0
7100, 188, 507, 510, 0, 0, 64.62%, 15, 0, 8, 424.61, 3140260, 263, 1210, 0
7105, 189, 86, 510, 0, 0, 64.62%, 15, 0, 8, 424.10, 3142431, 263, 1210, 0
7110, 189, 191, 510, 0, 0, 64.62%, 15, 0, 8, 433.95, 3144639, 263, 1216, 0
7116, 189, 257, 510, 0, 0, 64.62%, 15, 0, 8, 437.12, 3146888, 263, 1216, 0
7121, 189, 312, 510, 0, 0, 64.62%, 15, 0, 8, 434.19, 3149087, 263, 1223, 0
7126, 189, 331, 510, 0, 0, 64.62%, 15, 0, 8, 449.14, 3151368, 263, 1223, 0
7131, 189, 430, 510, 0, 0, 64.62%, 15, 0, 8, 450.86, 3153638, 263, 1223, 0
7136, 189, 502, 510, 0, 0, 64.62%, 15, 0, 8, 455.04, 3155966, 263, 1223, 0
7141, 190, 42, 510, 0, 0, 64.62%, 15, 0, 8, 442.93, 3158243, 263, 1223, 0
7146, 190, 183, 510, 0, 0, 64.62%, 15, 0, 8, 442.08, 3160467, 263, 1228, 0
7151, 190, 258, 510, 0, 0, 64.62%, 15, 0, 8, 452.11, 3162780, 263, 1228, 0
7156, 190, 317, 510, 0, 0, 64.62%, 15, 0, 8, 453.00, 3165121, 263, 1229, 0
7161, 190, 339, 510, 0, 0, 64.62%, 15, 0, 8, 437.84, 3167274, 263, 1229, 0
7166, 190, 385, 510, 0, 0, 64.62%, 15, 0, 8, 400.19, 3169309, 263, 1229, 0
7171, 190, 437, 510, 0, 0, 64.62%, 15, 0, 8, 431.76, 3171518, 263, 1229, 0
7176, 190, 459, 510, 0, 0, 64.62%, 15, 0, 8, 415.13, 3173580, 263, 1229, 0
7181, 190, 490, 510, 0, 0, 64.62%, 15, 0, 8, 413.58, 3175741, 263, 1229, 0
7187, 191, 87, 510, 0, 0, 64.62%, 15, 0, 8, 454.08, 3178180, 263, 1229, 0
7192, 191, 214, 510, 0, 0, 64.62%, 15, 0, 8, 423.36, 3180265, 263, 1234, 0
7197, 191, 281, 510, 0, 0, 64.62%, 15, 0, 8, 453.67, 3182692, 263, 1234, 0
7202, 191, 323, 510, 0, 0, 64.62%, 15, 0, 8, 446.00, 3184922, 263, 1234, 0
7207, 191, 337, 510, 0, 0, 64.62%, 15, 0, 8, 445.51, 3187218, 263, 1234, 0
7212, 191, 394, 510, 0, 0, 64.62%, 15, 0, 8, 434.89, 3189450, 263, 1234, 0
7217, 191, 476, 510, 0, 0, 64.62%, 15, 0, 8, 414.36, 3191592, 263, 1234, 0
7222, 192, 42, 510, 0, 0, 64.62%, 15, 0, 8, 440.65, 3193857, 263, 1234, 0
7227, 192, 197, 510, 0, 0, 64.62%, 15, 0, 8, 469.27, 3196203, 263, 1238, 0
7232, 192, 266, 510, 0, 0, 64.62%, 15, 0, 8, 435.80, 3198377, 263, 1239, 0
7237, 192, 364, 510, 0, 0, 64.62%, 15, 0, 8, 426.42, 3200535, 263, 1239, 0
7243, 192, 402, 510, 0, 0, 64.62%, 15, 0, 8, 405.74, 3202570, 263, 1239, 0
7248, 192, 509, 510, 0, 0, 64.62%, 15, 0, 8, 439.83, 3204806, 263, 1239, 0
7253, 193, 116, 510, 0, 0, 64.62%, 15, 0, 8, 405.31, 3206883, 263, 1241, 0
7258, 193, 223, 510, 0, 0, 64.62%, 15, 0, 8, 416.74, 3209056, 263, 1241, 0
7263, 193, 284, 510, 0, 0, 64.62%, 15, 0, 8, 423.41, 3211264, 263, 1243, 0
7268, 193, 326, 510, 0, 0, 64.62%, 15, 0, 8, 452.05, 3213514, 263, 1243, 0
7273, 193, 394, 510, 0, 0, 64.62%, 15, 0, 8, 436.20, 3215702, 263, 1243, 0
7278, 193, 448, 510, 0, 0, 64.62%, 15, 0, 8, 466.62, 3218080, 263, 1243, 0
7283, 194, 17, 510, 0, 0, 64.62%, 15, 0, 8, 446.65, 3220347, 263, 1243, 0
7288, 194, 163, 510, 0, 0, 64.62%, 15, 0, 8, 445.97, 3222564, 263, 1247, 0
7293, 194, 258, 510, 0, 0, 64.62%, 15, 0, 8, 441.22, 3224892, 263, 1247, 0
7298, 194, 320, 510, 0, 0, 64.62%, 15, 0, 8, 433.35, 3227084, 263, 1247, 0
7303, 194, 340, 510, 0, 0, 64.62%, 15, 0, 8, 448.19, 3229336, 263, 1247, 0
7308, 194, 394, 510, 0, 0, 64.62%, 15, 0, 8, 433.61, 3231560, 263, 1247, 0
7314, 194, 503, 510, 0, 0, 64.62%, 15, 0, 8, 440.20, 3233801, 263, 1247, 0
7319, 195, 61, 510, 0, 0, 64.62%, 15, 0, 8, 441.69, 3236071, 263, 1247, 0
7324, 195, 201, 510, 0, 0, 64.62%, 15, 0, 8, 458.01, 3238437, 263, 1253, 0
7329, 195, 284, 510, 0, 0, 64.62%, 15, 0, 8, 468.78, 3240886, 263, 1254, 0
7334, 195, 344, 510, 0, 0, 64.62%, 15, 0, 8, 446.80, 3243250, 263, 1254, 0
7339, 195, 411, 510, 0, 0, 64.62%, 15, 0, 8, 462.93, 3245624, 263, 1254, 0
7344, 195, 480, 510, 0, 0, 64.62%, 15, 0, 8, 455.80, 3247957, 263, 1254, 0
7349, 196, 23, 510, 0, 0, 64.62%, 15, 0, 8, 462.53, 3250310, 263, 1254, 0
7354, 196, 223, 510, 0, 0, 64.62%, 15, 0, 8, 467.38, 3252714, 263, 1262, 0
7359, 196, 279, 510, 0, 0, 64.62%, 15, 0, 8, 457.22, 3255061, 263, 1262, 0
7365, 196, 327, 510, 0, 0, 64.62%, 15, 0, 8, 461.44, 3257382, 263, 1262, 0
7370, 196, 345, 510, 0, 0, 64.62%, 15, 0, 8, 453.22, 3259690, 263, 1262, 0
7375, 196, 440, 510, 0, 0, 64.62%, 15, 0, 8, 480.96, 3262127, 263, 1262, 0
7380, 196, 475, 510, 0, 0, 64.62%, 15, 0, 8, 430.84, 3264296, 263, 1262, 0
7385, 196, 509, 510, 0, 0, 64.62%, 15, 0, 8, 440.49, 3266503, 263, 1262, 0
7390, 198, 19, 511, 0, 0, 64.62%, 15, 0, 8, 462.44, 3268947, 263, 1266, 0
7395, 198, 198, 511, 0, 0, 64.62%, 15, 0, 8, 467.56, 3271247, 263, 1268, 0
7400, 198, 284, 511, 0, 0, 64.62%, 15, 0, 8, 459.45, 3273539, 263, 1269, 0
7405, 198, 339, 511, 0, 0, 64.62%, 15, 0, 8, 440.15, 3275783, 263, 1269, 0
7410, 198, 395, 511, 0, 0, 64.62%, 15, 0, 8, 441.65, 3277978, 263, 1269, 0
7415, 198, 448, 511, 0, 0, 64.62%, 15, 0, 8, 459.62, 3280289, 263, 1269, 0
7420, 198, 509, 511, 0, 0, 64.62%, 15, 0, 8, 463.62, 3282626, 263, 1269, 0
7425, 199, 90, 512, 1, 0, 64.62%, 15, 0, 8, 472.01, 3284995, 263, 1270, 0
7430, 199, 197, 512, 1, 0, 64.62%, 15, 0, 8, 478.63, 3287345, 263, 1275, 0
7435, 199, 261, 512, 1, 0, 64.62%, 15, 0, 8, 447.71, 3289561, 263, 1275, 0
7440, 199, 320, 512, 1, 0, 64.62%, 15, 0, 8, 455.49, 3291869, 263, 1277, 0
7445, 199, 339, 512, 1, 0, 64.62%, 15, 0, 8, 440.91, 3294032, 263, 1277, 0
7451, 199, 364, 512, 1, 0, 64.62%, 15, 0, 8, 438.74, 3296218, 263, 1277, 0
7456, 199, 416, 512, 1, 0, 64.62%, 15, 0, 8, 444.97, 3298450, 263, 1277, 0
7461, 199, 476, 512, 1, 0, 64.62%, 15, 0, 8, 468.74, 3300922, 263, 1277, 0
7466, 200, 3, 512, 1, 0, 64.62%, 15, 0, 8, 458.87, 3303228, 263, 1278, 0
7471, 200, 183, 512, 1, 0, 64.62%, 15, 0, 8, 422.83, 3305392, 263, 1280, 0
7476, 200, 266, 512, 1, 0, 64.62%, 15, 0, 8, 452.44, 3307681, 263, 1281, 0
7481, 200, 322, 512, 1, 0, 64.62%, 15, 0, 8, 459.25, 3310074, 263, 1282, 0
7486, 200, 364, 512, 1, 0, 64.62%, 15, 0, 8, 449.49, 3312348, 263, 1282, 0
7491, 200, 447, 512, 1, 0, 64.62%, 15, 0, 8, 461.63, 3314747, 263, 1282, 0
7496, 200, 508, 512, 1, 0, 64.62%, 15, 0, 8, 435.29, 3316958, 263, 1282, 0
7501, 201, 112, 512, 1, 0, 64.62%, 15, 0, 8, 424.49, 3319094, 263, 1286, 0
7507, 201, 235, 512, 1, 0, 64.62%, 15, 0, 8, 431.14, 3321311, 263, 1291, 0
7512, 201, 296, 512, 1, 0, 64.62%, 15, 0, 8, 429.25, 3323546, 263, 1293, 0
7517, 201, 337, 512, 1, 0, 64.62%, 15, 0, 8, 442.49, 3325900, 263, 1293, 0
7522, 201, 387, 512, 1, 0, 64.62%, 15, 0, 8, 435.39, 3328122, 263, 1293, 0
7527, 201, 435, 512, 1, 0, 64.62%, 15, 0, 8, 416.26, 3330264, 263, 1293, 0
7532, 201, 508, 512, 1, 0, 64.62%, 15, 0, 8, 429.59, 3332431, 263, 1293, 0
7537, 202, 24, 512, 0, 0, 64.62%, 15, 0, 8, 430.57, 3334627, 263, 1301, 0
7542, 202, 193, 512, 0, 0, 64.62%, 15, 0, 8, 446.91, 3336855, 263, 1312, 0
7547, 202, 262, 512, 0, 0, 64.62%, 15, 0, 8, 444.82, 3339192, 263, 1316, 0
7552, 202, 339, 512, 0, 0, 64.62%, 15, 0, 8, 442.02, 3341467, 263, 1317, 0
7557, 202, 401, 512, 0, 0, 64.62%, 15, 0, 8, 480.04, 3343897, 263, 1317, 0
7562, 202, 508, 512, 0, 0, 64.62%, 15, 0, 8, 457.33, 3346201, 263, 1317, 0
7567, 203, 42, 512, 0, 0, 64.62%, 15, 0, 8, 440.35, 3348453, 263, 1318, 0
7573, 203, 184, 512, 0, 0, 64.62%, 15, 0, 8, 451.07, 3350703, 263, 1329, 0
7578, 203, 266, 512, 0, 0, 64.62%, 15, 0, 8, 459.76, 3353041, 263, 1329, 0
7583, 203, 310, 512, 0, 0, 64.62%, 15, 0, 8, 427.89, 3355188, 263, 1329, 0
7588, 203, 348, 512, 0, 0, 64.62%, 15, 0, 8, 452.28, 3357497, 263, 1329, 0
7593, 203, 381, 512, 0, 0, 64.62%, 15, 0, 8, 428.73, 3359654, 263, 1329, 0
7598, 203, 433, 512, 0, 0, 64.62%, 15, 0, 8, 436.26, 3361902, 263, 1329, 0
7603, 203, 508, 512, 0, 0, 64.62%, 15, 0, 8, 424.02, 3364063, 263, 1330, 0
7608, 204, 42, 512, 0, 0, 64.62%, 15, 0, 8, 457.56, 3366427, 263, 1334, 0
7613, 204, 183, 512, 0, 0, 64.62%, 15, 0, 8, 437.90, 3368642, 263, 1338, 0
7618, 204, 266, 512, 0, 0, 64.62%, 15, 0, 8, 453.74, 3370907, 263, 1338, 0
7623, 204, 329, 512, 0, 0, 64.62%, 15, 0, 8, 431.63, 3373022, 263, 1338, 0
7628, 204, 362, 512, 0, 0, 64.62%, 15, 0, 8, 434.20, 3375250, 263, 1338, 0
7634, 204, 448, 512, 0, 0, 64.62%, 15, 0, 8, 440.80, 3377480, 263, 1338, 0
7639, 204, 499, 512, 0, 0, 64.62%, 15, 0, 8, 459.64, 3379806, 263, 1338, 0
7644, 205, 18, 512, 0, 0, 64.62%, 15, 0, 8, 461.07, 3382102, 263, 1345, 0
7649, 205, 197, 512, 0, 0, 64.62%, 15, 0, 8, 468.33, 3384477, 263, 1348, 0
7654, 205, 284, 512, 0, 0, 64.62%, 15, 0, 8, 430.74, 3386644, 263, 1348, 0
7659, 205, 320, 512, 0, 0, 64.62%, 15, 0, 8, 433.75, 3388834, 263, 1348, 0
7664, 205, 364, 512, 0, 0, 64.62%, 15, 0, 8, 439.24, 3391066, 263, 1348, 0
7669, 205, 436, 512, 0, 0, 64.62%, 15, 0, 8, 416.09, 3393222, 263, 1348, 0
7674, 205, 452, 512, 0, 0, 64.62%, 15, 0, 8, 435.53, 3395438, 263, 1348, 0
7679, 205, 508, 512, 0, 0, 64.62%, 15, 0, 8, 435.13, 3397627, 263, 1348, 0
7684, 206, 24, 512, 0, 0, 64.62%, 15, 0, 8, 428.14, 3399749, 263, 1353, 0
7689, 206, 156, 512, 0, 0, 64.62%, 15, 0, 8, 444.31, 3402006, 263, 1358, 0
7694, 206, 258, 512, 0, 0, 64.62%, 15, 0, 8, 460.90, 3404321, 263, 1358, 0
7699, 206, 325, 512, 0, 0, 64.62%, 15, 0, 8, 428.61, 3406456, 263, 1359, 0
7704, 206, 345, 512, 0, 0, 64.62%, 15, 0, 8, 439.50, 3408740, 263, 1359, 0
7709, 206, 364, 512, 0, 0, 64.62%, 15, 0, 8, 408.28, 3410764, 263, 1359, 0
7714, 206, 471, 512, 0, 0, 64.62%, 15, 0, 8, 426.20, 3412920, 263, 1359, 0
7719, 206, 509, 512, 0, 0, 64.62%, 15, 0, 8, 447.31, 3415223, 263, 1359, 0
7725, 207, 112, 512, 0, 0, 64.62%, 15, 0, 8, 449.85, 3417573, 263, 1365, 0
7730, 207, 223, 512, 0, 0, 64.62%, 15, 0, 8, 447.50, 3419851, 263, 1367, 0
7735, 207, 266, 512, 0, 0, 64.62%, 15, 0, 8, 416.14, 3422020, 263, 1368, 0
7740, 207, 325, 512, 0, 0, 64.62%, 15, 0, 8, 449.39, 3424320, 263, 1368, 0
7745, 207, 364, 512, 0, 0, 64.62%, 15, 0, 8, 456.12, 3426572, 263, 1368, 0
7750, 207, 448, 512, 0, 0, 64.62%, 15, 0, 8, 426.71, 3428708, 263, 1368, 0
7755, 207, 510, 512, 0, 0, 64.62%, 15, 0, 8, 478.87, 3431127, 263, 1369, 0
7760, 208, 127, 512, 0, 0, 64.62%, 15, 0, 8, 437.96, 3433292, 263, 1378, 0
7765, 208, 223, 512, 0, 0, 64.62%, 15, 0, 8, 457.22, 3435583, 263, 1378, 0
7770, 208, 299, 512, 0, 0, 64.62%, 15, 0, 8, 438.89, 3437800, 263, 1378, 0
7775, 208, 364, 512, 0, 0, 64.62%, 15, 0, 8, 485.27, 3440340, 263, 1378, 0
7780, 208, 448, 512, 0, 0, 64.62%, 15, 0, 8, 462.83, 3442648, 263, 1378, 0
7785, 208, 510, 512, 0, 0, 64.62%, 15, 0, 8, 464.97, 3444988, 263, 1378, 0
7791, 209, 127, 512, 0, 0, 64.62%, 15, 0, 8, 427.58, 3447118, 263, 1385, 0
7796, 209, 235, 512, 0, 0, 64.62%, 15, 0, 8, 433.68, 3449418, 263, 1386, 0
7801, 209, 326, 512, 0, 0, 64.62%, 15, 0, 8, 428.59, 3451695, 263, 1388, 0
7806, 209, 416, 512, 0, 0, 64.62%, 15, 0, 8, 447.79, 3453891, 263, 1388, 0
7811, 209, 473, 512, 0, 0, 64.62%, 15, 0, 8, 458.63, 3456236, 263, 1388, 0
7816, 209, 487, 512, 0, 0, 64.62%, 15, 0, 8, 422.76, 3458354, 263, 1388, 0
7821, 210, 17, 512, 0, 0, 64.62%, 15, 0, 8, 429.71, 3460524, 263, 1391, 0
7826, 210, 183, 512, 0, 0, 64.62%, 15, 0, 8, 469.47, 3462989, 263, 1392, 0
7831, 210, 279, 512, 0, 0, 64.62%, 15, 0, 8, 487.29, 3465376, 263, 1395, 0
7836, 210, 339, 512, 0, 0, 64.62%, 15, 0, 8, 466.00, 3467670, 263, 1395, 0
7841, 210, 448, 512, 0, 0, 64.62%, 15, 0, 8, 455.56, 3469988, 263, 1395, 0
7847, 211, 12, 512, 0, 0, 64.62%, 15, 0, 8, 453.83, 3472375, 263, 1399, 0
7852, 211, 181, 512, 0, 0, 64.62%, 15, 0, 8, 463.40, 3474735, 263, 1403, 0
7857, 211, 255, 512, 0, 0, 64.62%, 15, 0, 8, 445.01, 3477006, 263, 1403, 0
7862, 211, 297, 512, 0, 0, 64.62%, 15, 0, 8, 415.26, 3479126, 263, 1404, 0
7867, 211, 336, 512, 0, 0, 64.62%, 15, 0, 8, 444.83, 3481310, 263, 1404, 0
7872, 211, 448, 512, 0, 0, 64.62%, 15, 0, 8, 457.88, 3483628, 263, 1404, 0
7877, 211, 510, 512, 0, 0, 64.62%, 15, 0, 8, 481.57, 3486108, 263, 1405, 0
7882, 212, 141, 512, 0, 0, 64.62%, 15, 0, 8, 447.89, 3488353, 263, 1408, 0
7887, 212, 266, 512, 0, 0, 64.62%, 15, 0, 8, 473.86, 3490774, 263, 1408, 0
7892, 212, 311, 512, 0, 0, 64.62%, 15, 0, 8, 445.98, 3492972, 263, 1408, 0
7898, 212, 335, 512, 0, 0, 64.62%, 15, 0, 8, 471.80, 3495420, 263, 1408, 0
7903, 212, 368, 512, 0, 0, 64.62%, 15, 0, 8, 463.54, 3497767, 263, 1408, 0
7908, 212, 498, 512, 0, 0, 64.62%, 15, 0, 8, 454.90, 3500029, 263, 1408, 0
7913, 212, 510, 513, 1, 0, 64.62%, 15, 0, 8, 459.10, 3502449, 263, 1408, 0
7918, 213, 116, 513, 1, 0, 64.62%, 15, 0, 8, 450.28, 3504710, 263, 1417, 0
7923, 213, 237, 513, 1, 0, 64.62%, 15, 0, 8, 444.69, 3506999, 263, 1417, 0
7928, 213, 302, 513, 1, 0, 64.62%, 15, 0, 8, 445.62, 3509264, 263, 1418, 0
7933, 213, 364, 513, 1, 0, 64.62%, 15, 0, 8, 461.87, 3511580, 263, 1418, 0
7938, 213, 489, 513, 1, 0, 64.62%, 15, 0, 8, 437.65, 3513727, 263, 1418, 0
7943, 214, 14, 513, 1, 0, 64.62%, 15, 0, 8, 456.30, 3516042, 263, 1421, 0
7948, 214, 141, 513, 1, 0, 64.62%, 15, 0, 8, 438.88, 3518389, 263, 1423, 0
7953, 214, 244, 513, 1, 0, 64.62%, 15, 0, 8, 454.00, 3520694, 263, 1423, 0
7959, 214, 325, 513, 1, 0, 64.62%, 15, 0, 8, 451.27, 3523013, 263, 1425, 0
7964, 214, 438, 513, 1, 0, 64.62%, 15, 0, 8, 433.96, 3525229, 263, 1425, 0
7969, 214, 472, 513, 1, 0, 64.62%, 15, 0, 8, 450.96, 3527608, 263, 1425, 0
7974, 214, 510, 513, 1, 0, 64.62%, 15, 0, 8, 477.19, 3530050, 263, 1429, 0
7979, 215, 123, 513, 1, 0, 64.62%, 15, 0, 8, 456.90, 3532344, 263, 1433, 0
7984, 215, 244, 513, 1, 0, 64.62%, 15, 0, 8, 447.30, 3534604, 263, 1433, 0
7989, 215, 320, 513, 1, 0, 64.62%, 15, 0, 8, 472.33, 3536978, 263, 1436, 0
7994, 215, 344, 513, 1, 0, 64.62%, 15, 0, 8, 470.58, 3539375, 263, 1436, 0
7999, 215, 414, 513, 1, 0, 64.62%, 15, 0, 8, 461.24, 3541671, 263, 1436, 0
8004, 215, 463, 513, 1, 0, 64.62%, 15, 0, 8, 457.12, 3543960, 263, 1436, 0
8009, 215, 509, 513, 1, 0, 64.62%, 15, 0, 8, 435.68, 3546166, 263, 1436, 0
8015, 216, 116, 513, 1, 0, 64.62%, 15, 0, 8, 437.45, 3548430, 263, 1440, 0
8020, 216, 245, 513, 1, 0, 64.62%, 15, 0, 8, 438.13, 3550735, 263, 1440, 0
8025, 216, 314, 513, 1, 0, 64.62%, 15, 0, 8, 487.29, 3553241, 263, 1442, 0
8030, 216, 339, 513, 1, 0, 64.62%, 15, 0, 8, 485.01, 3555694, 263, 1442, 0
8035, 216, 362, 513, 1, 0, 64.62%, 15, 0, 8, 448.99, 3557930, 263, 1442, 0
8040, 216, 448, 513, 1, 0, 64.62%, 15, 0, 8, 425.89, 3560042, 263, 1442, 0
8045, 216, 508, 513, 1, 0, 64.62%, 15, 0, 8, 437.33, 3562215, 263, 1442, 0
8050, 217, 42, 513, 1, 0, 64.62%, 15, 0, 8, 457.14, 3564540, 263, 1444, 0
8055, 217, 223, 513, 1, 0, 64.62%, 15, 0, 8, 454.25, 3566863, 263, 1450, 0
8060, 217, 299, 513, 1, 0, 64.62%, 15, 0, 8, 448.92, 3569103, 263, 1452, 0
8065, 217, 339, 513, 1, 0, 64.62%, 15, 0, 8, 430.43, 3571296, 263, 1452, 0
8070, 217, 399, 513, 1, 0, 64.62%, 15, 0, 8, 424.53, 3573447, 263, 1452, 0
8075, 217, 457, 513, 1, 0, 64.62%, 15, 0, 8, 442.85, 3575654, 263, 1452, 0
8080, 217, 510, 513, 1, 0, 64.62%, 15, 0, 8, 429.66, 3577785, 263, 1453, 0
8085, 218, 116, 513, 1, 0, 64.62%, 15, 0, 8, 443.96, 3580034, 263, 1460, 0
8090, 218, 235, 513, 1, 0, 64.62%, 15, 0, 8, 468.71, 3582438, 263, 1461, 0
8095, 218, 307, 513, 1, 0, 64.62%, 15, 0, 8, 454.06, 3584773, 263, 1461, 0
8100, 218, 339, 513, 1, 0, 64.62%, 15, 0, 8, 419.89, 3586896, 263, 1461, 0
8106, 218, 422, 513, 1, 0, 64.62%, 15, 0, 8, 422.74, 3589064, 263, 1461, 0
8111, 218, 450, 513, 1, 0, 64.62%, 15, 0, 8, 440.72, 3591336, 263, 1461, 0
8116, 218, 491, 513, 1, 0, 64.62%, 15, 0, 8, 430.31, 3593467, 263, 1461, 0
8121, 219, 11, 513, 1, 0, 64.62%, 15, 0, 8, 434.97, 3595742, 263, 1469, 0
8126, 219, 171, 513, 1, 0, 64.62%, 15, 0, 8, 449.39, 3598063, 263, 1472, 0
8131, 219, 258, 513, 1, 0, 64.62%, 15, 0, 8, 448.46, 3600336, 263, 1472, 0
8136, 219, 316, 513, 1, 0, 64.62%, 15, 0, 8, 453.44, 3602640, 263, 1477, 0
8141, 219, 326, 513, 1, 0, 64.62%, 15, 0, 8, 451.91, 3604888, 263, 1477, 0
8146, 219, 395, 513, 1, 0, 64.62%, 15, 0, 8, 435.28, 3607007, 263, 1477, 0
8151, 219, 472, 513, 1, 0, 64.62%, 15, 0, 8, 459.10, 3609435, 263, 1477, 0
8156, 220, 11, 513, 1, 0, 64.62%, 15, 0, 8, 461.34, 3611754, 263, 1480, 0
8161, 220, 149, 513, 1, 0, 64.62%, 15, 0, 8, 454.21, 3613987, 263, 1492, 0
8167, 220, 229, 513, 1, 0, 64.62%, 15, 0, 8, 428.17, 3616230, 263, 1492, 0
8172, 220, 287, 513, 1, 0, 64.62%, 15, 0, 8, 438.46, 3618417, 263, 1493, 0
8177, 220, 326, 513, 1, 0, 64.62%, 15, 0, 8, 445.45, 3620637, 263, 1493, 0
8182, 220, 359, 513, 1, 0, 64.62%, 15, 0, 8, 440.92, 3622825, 263, 1493, 0
8187, 220, 426, 513, 1, 0, 64.62%, 15, 0, 8, 434.55, 3625035, 263, 1493, 0
8192, 220, 469, 513, 1, 0, 64.62%, 15, 0, 8, 444.63, 3627305, 263, 1493, 0
8197, 220, 509, 513, 1, 0, 64.62%, 15, 0, 8, 434.40, 3629466, 263, 1493, 0
8202, 221, 42, 513, 0, 0, 64.62%, 15, 0, 8, 441.19, 3631721, 263, 1498, 0
8207, 221, 188, 513, 0, 0, 64.62%, 15, 0, 8, 444.67, 3633977, 263, 1505, 0
8212, 221, 277, 513, 0, 0, 64.62%, 15, 0, 8, 426.83, 3636099, 263, 1506, 0
8217, 221, 320, 513, 0, 0, 64.62%, 15, 0, 8, 402.77, 3638120, 263, 1506, 0
8222, 221, 357, 513, 0, 0, 64.62%, 15, 0, 8, 455.31, 3640464, 263, 1506, 0
8227, 221, 386, 513, 0, 0, 64.62%, 15, 0, 8, 447.82, 3642680, 263, 1506, 0
8232, 221, 451, 513, 0, 0, 64.62%, 15, 0, 8, 423.05, 3644780, 263, 1506, 0
8237, 221, 510, 513, 0, 0, 64.62%, 15, 0, 8, 455.86, 3647071, 263, 1506, 0
8242, 222, 118, 513, 0, 0, 64.62%, 15, 0, 8, 433.53, 3649241, 263, 1514, 0
8248, 222, 229, 513, 0, 0, 64.62%, 15, 0, 8, 454.71, 3651616, 263, 1514, 0
8253, 222, 285, 513, 0, 0, 64.62%, 15, 0, 8, 432.67, 3653759, 263, 1514, 0
8258, 222, 344, 513, 0, 0, 64.62%, 15, 0, 8, 429.75, 3655951, 263, 1514, 0
8263, 222, 442, 513, 0, 0, 64.62%, 15, 0, 8, 444.74, 3658209, 263, 1514, 0
8268, 222, 456, 513, 0, 0, 64.62%, 15, 0, 8, 445.43, 3660487, 263, 1514, 0
8273, 222, 510, 513, 0, 0, 64.62%, 15, 0, 8, 431.53, 3662726, 263, 1515, 0
8278, 223, 112, 513, 0, 0, 64.62%, 15, 0, 8, 420.57, 3664847, 263, 1521, 0
8283, 223, 235, 513, 0, 0, 64.62%, 15, 0, 8, 432.55, 3667046, 263, 1527, 0
8288, 223, 291, 513, 0, 0, 64.62%, 15, 0, 8, 421.98, 3669233, 263, 1527, 0
8293, 223, 339, 513, 0, 0, 64.62%, 15, 0, 8, 436.78, 3671521, 263, 1527, 0
8298, 223, 375, 513, 0, 0, 64.62%, 15, 0, 8, 423.49, 3673749, 263, 1527, 0
8304, 223, 461, 513, 0, 0, 64.62%, 15, 0, 8, 451.78, 3676039, 263, 1527, 0
8309, 223, 510, 513, 0, 0, 64.62%, 15, 0, 8, 450.86, 3678252, 263, 1527, 0
8314, 224, 116, 513, 0, 0, 64.62%, 15, 0, 8, 449.75, 3680490, 263, 1534, 0
8319, 224, 235, 513, 0, 0, 64.62%, 15, 0, 8, 446.88, 3682785, 263, 1534, 0
8324, 224, 292, 513, 0, 0, 64.62%, 15, 0, 8, 424.33, 3684923, 263, 1534, 0
8329, 224, 339, 513, 0, 0, 64.62%, 15, 0, 8, 457.60, 3687249, 263, 1534, 0
8334, 224, 451, 513, 0, 0, 64.62%, 15, 0, 8, 441.81, 3689487, 263, 1534, 0
8339, 224, 510, 513, 0, 0, 64.62%, 15, 0, 8, 446.64, 3691708, 263, 1534, 0
8344, 225, 116, 513, 0, 0, 64.62%, 15, 0, 8, 433.29, 3693934, 263, 1542, 0
8349, 225, 235, 513, 0, 0, 64.62%, 15, 0, 8, 441.35, 3696216, 263, 1542, 0
8354, 225, 326, 513, 0, 0, 64.62%, 15, 0, 8, 462.83, 3698625, 263, 1542, 0
8359, 225, 354, 513, 0, 0, 64.62%, 15, 0, 8, 454.93, 3701044, 263, 1542, 0
8364, 225, 437, 513, 0, 0, 64.62%, 15, 0, 8, 452.35, 3703312, 263, 1542, 0
8370, 225, 451, 513, 0, 0, 64.62%, 15, 0, 8, 433.16, 3705511, 263, 1542, 0
8375, 225, 509, 513, 0, 0, 64.62%, 15, 0, 8, 449.35, 3707793, 263, 1542, 0
8380, 226, 112, 513, 0, 0, 64.62%, 15, 0, 8, 458.18, 3710187, 263, 1548, 0
8385, 226, 235, 513, 0, 0, 64.62%, 15, 0, 8, 449.07, 3712383, 263, 1548, 0
8390, 226, 322, 513, 0, 0, 64.62%, 15, 0, 8, 449.74, 3714633, 263, 1553, 0
8395, 226, 368, 513, 0, 0, 64.62%, 15, 0, 8, 404.93, 3716675, 263, 1553, 0
8400, 226, 502, 513, 0, 0, 64.62%, 15, 0, 8, 442.61, 3719000, 263, 1553, 0
8405, 227, 19, 513, 0, 0, 64.62%, 15, 0, 8, 425.36, 3721212, 263, 1557, 0
8410, 227, 183, 513, 0, 0, 64.62%, 15, 0, 8, 422.35, 3723364, 263, 1561, 0
8415, 227, 244, 513, 0, 0, 64.62%, 15, 0, 8, 407.69, 3725382, 263, 1561, 0
8420, 227, 301, 513, 0, 0, 64.62%, 15, 0, 8, 413.78, 3727502, 263, 1561, 0
8425, 227, 344, 513, 0, 0, 64.62%, 15, 0, 8, 453.39, 3729785, 263, 1561, 0
8430, 227, 435, 513, 0, 0, 64.62%, 15, 0, 8, 462.97, 3732084, 263, 1561, 0
8435, 227, 444, 513, 0, 0, 64.62%, 15, 0, 8, 436.04, 3734238, 263, 1561, 0
8440, 227, 508, 513, 0, 0, 64.62%, 15, 0, 8, 423.66, 3736359, 263, 1563, 0
8445, 228, 42, 513, 0, 0, 64.62%, 15, 0, 8, 428.65, 3738521, 263, 1566, 0
8451, 228, 197, 513, 0, 0, 64.62%, 15, 0, 8, 441.55, 3740759, 263, 1573, 0
8456, 228, 258, 513, 0, 0, 64.62%, 15, 0, 8, 457.97, 3743038, 263, 1573, 0
8461, 228, 329, 513, 0, 0, 64.62%, 15, 0, 8, 430.71, 3745200, 263, 1573, 0
8466, 228, 368, 513, 0, 0, 64.62%, 15, 0, 8, 438.06, 3747500, 263, 1573, 0
8471, 228, 448, 513, 0, 0, 64.62%, 15, 0, 8, 439.17, 3749653, 263, 1573, 0
8476, 228, 508, 513, 0, 0, 64.62%, 15, 0, 8, 456.74, 3751960, 263, 1573, 0
8481, 229, 112, 513, 0, 0, 64.62%, 15, 0, 8, 445.74, 3754255, 263, 1587, 0
8486, 229, 229, 513, 0, 0, 64.62%, 15, 0, 8, 449.42, 3756580, 263, 1587, 0
8491, 229, 299, 513, 0, 0, 64.62%, 15, 0, 8, 490.69, 3759152, 263, 1587, 0
8496, 229, 337, 513, 0, 0, 64.62%, 15, 0, 8, 463.84, 3761414, 263, 1587, 0
8501, 229, 440, 513, 0, 0, 64.62%, 15, 0, 8, 439.97, 3763664, 263, 1587, 0
8507, 229, 458, 513, 0, 0, 64.62%, 15, 0, 8, 441.98, 3765902, 263, 1587, 0
8512, 230, 15, 513, 0, 0, 64.62%, 15, 0, 8, 444.27, 3768181, 263, 1588, 0
8517, 230, 167, 513, 0, 0, 64.62%, 15, 0, 8, 456.09, 3770525, 263, 1595, 0
8522, 230, 244, 513, 0, 0, 64.62%, 15, 0, 8, 442.55, 3772797, 263, 1595, 0
8527, 230, 323, 513, 0, 0, 64.62%, 15, 0, 8, 428.02, 3774998, 263, 1598, 0
8532, 230, 344, 513, 0, 0, 64.62%, 15, 0, 8, 441.19, 3777198, 263, 1598, 0
8537, 230, 428, 513, 0, 0, 64.62%, 15, 0, 8, 456.85, 3779488, 263, 1598, 0
8542, 230, 452, 513, 0, 0, 64.62%, 15, 0, 8, 449.17, 3781735, 263, 1598, 0
8547, 230, 505, 513, 0, 0, 64.62%, 15, 0, 8, 436.96, 3784031, 263, 1598, 0
8552, 231, 102, 513, 0, 0, 64.62%, 15, 0, 8, 454.38, 3786314, 263, 1601, 0
8557, 231, 187, 513, 0, 0, 64.62%, 15, 0, 8, 458.33, 3788659, 263, 1605, 0
8562, 231, 266, 513, 0, 0, 64.62%, 15, 0, 8, 721.51, 3790794, 263, 1606, 0
8567, 231, 344, 513, 0, 0, 64.62%, 15, 0, 8, 531.13, 3793200, 263, 1606, 0
8572, 231, 396, 513, 0, 0, 64.62%, 15, 0, 8, 478.51, 3795559, 263, 1606, 0
8578, 231, 483, 513, 0, 0, 64.62%, 15, 0, 8, 447.65, 3797824, 263, 1606, 0
8583, 232, 112, 513, 0, 0, 64.62%, 15, 0, 8, 438.99, 3800027, 263, 1612, 0
8588, 232, 235, 513, 0, 0, 64.62%, 15, 0, 8, 440.54, 3802258, 263, 1613, 0
8593, 232, 322, 513, 0, 0, 64.62%, 15, 0, 8, 449.03, 3804524, 263, 1613, 0
8598, 232, 355, 513, 0, 0, 64.62%, 15, 0, 8, 452.17, 3806774, 263, 1613, 0
8603, 232, 407, 513, 0, 0, 64.62%, 15, 0, 8, 451.76, 3809062, 263, 1613, 0
8608, 232, 440, 513, 0, 0, 64.62%, 15, 0, 8, 416.39, 3811098, 263, 1613, 0
8613, 232, 486, 513, 0, 0, 64.62%, 15, 0, 8, 451.13, 3813420, 263, 1613, 0
8618, 233, 24, 513, 0, 0, 64.62%, 15, 0, 8, 460.25, 3815776, 263, 1617, 0
8623, 233, 148, 513, 0, 0, 64.62%, 15, 0, 8, 438.04, 3817943, 263, 1625, 0
8628, 233, 246, 513, 0, 0, 64.62%, 15, 0, 8, 438.35, 3820118, 263, 1626, 0
8633, 233, 322, 513, 0, 0, 64.62%, 15, 0, 8, 446.29, 3822348, 263, 1626, 0
8638, 233, 402, 513, 0, 0, 64.62%, 15, 0, 8, 448.92, 3824661, 263, 1626, 0
8643, 234, 11, 513, 0, 0, 64.62%, 15, 0, 8, 445.10, 3826876, 263, 1627, 0
8648, 234, 141, 513, 0, 0, 64.62%, 15, 0, 8, 437.54, 3829096, 263, 1634, 0
8653, 234, 266, 513, 0, 0, 64.62%, 15, 0, 8, 436.81, 3831278, 263, 1634, 0
8659, 234, 311, 513, 0, 0, 64.62%, 15, 0, 8, 426.37, 3833464, 263, 1634, 0
8664, 234, 326, 513, 0, 0, 64.62%, 15, 0, 8, 419.43, 3835588, 263, 1634, 0
8669, 234, 425, 513, 0, 0, 64.62%, 15, 0, 8, 430.88, 3837796, 263, 1634, 0
8674, 234, 449, 513, 0, 0, 64.62%, 15, 0, 8, 445.74, 3840020, 263, 1634, 0
8679, 234, 510, 513, 0, 0, 64.62%, 15, 0, 8, 453.02, 3842315, 263, 1634, 0
8684, 235, 128, 513, 0, 0, 64.62%, 15, 0, 8, 454.24, 3844582, 263, 1643, 0
8689, 235, 235, 513, 0, 0, 64.62%, 15, 0, 8, 448.88, 3846852, 263, 1643, 0
8694, 235, 320, 513, 0, 0, 64.62%, 15, 0, 8, 436.67, 3849042, 263, 1646, 0
8699, 235, 395, 513, 0, 0, 64.62%, 15, 0, 8, 438.59, 3851257, 263, 1646, 0
8704, 235, 444, 513, 0, 0, 64.62%, 15, 0, 8, 432.75, 3853478, 263, 1646, 0
8709, 235, 491, 513, 0, 0, 64.62%, 15, 0, 8, 411.03, 3855570, 263, 1646, 0
8714, 236, 78, 513, 0, 0, 64.62%, 15, 0, 8, 413.90, 3857703, 263, 1649, 0
8719, 236, 207, 513, 0, 0, 64.62%, 15, 0, 8, 445.69, 3859993, 263, 1656, 0
8724, 236, 292, 513, 0, 0, 64.62%, 15, 0, 8, 454.05, 3862295, 263, 1658, 0
8730, 236, 309, 513, 0, 0, 64.62%, 15, 0, 8, 443.57, 3864535, 263, 1658, 0
8735, 236, 332, 513, 0, 0, 64.62%, 15, 0, 8, 419.16, 3866655, 263, 1658, 0
8740, 236, 433, 513, 0, 0, 64.62%, 15, 0, 8, 417.12, 3868769, 263, 1658, 0
8745, 236, 471, 513, 0, 0, 64.62%, 15, 0, 8, 448.38, 3871119, 263, 1658, 0
8750, 236, 510, 513, 0, 0, 64.62%, 15, 0, 8, 441.00, 3873380, 263, 1658, 0
8755, 237, 113, 513, 0, 0, 64.62%, 15, 0, 8, 426.93, 3875524, 263, 1664, 0
8760, 237, 201, 513, 0, 0, 64.62%, 15, 0, 8, 433.69, 3877724, 263, 1664, 0
8765, 237, 283, 513, 0, 0, 64.62%, 15, 0, 8, 432.94, 3879933, 263, 1664, 0
8770, 237, 322, 513, 0, 0, 64.62%, 15, 0, 8, 436.69, 3882131, 263, 1664, 0
8775, 237, 353, 513, 0, 0, 64.62%, 15, 0, 8, 420.88, 3884279, 263, 1664, 0
8780, 237, 439, 513, 0, 0, 64.62%, 15, 0, 8, 437.69, 3886487, 263, 1664, 0
8785, 237, 467, 513, 0, 0, 64.62%, 15, 0, 8, 406.59, 3888609, 263, 1664, 0
8791, 237, 500, 514, 1, 0, 64.62%, 15, 0, 8, 446.33, 3890933, 263, 1664, 0
8796, 238, 16, 514, 1, 0, 64.62%, 15, 0, 8, 457.80, 3893220, 263, 1667, 0
8801, 238, 149, 514, 1, 0, 64.62%, 15, 0, 8, 433.39, 3895430, 263, 1673, 0
8806, 238, 249, 514, 1, 0, 64.62%, 15, 0, 8, 466.32, 3897792, 263, 1673, 0
8811, 238, 292, 514, 1, 0, 64.62%, 15, 0, 8, 471.89, 3900158, 263, 1675, 0
8816, 238, 326, 514, 1, 0, 64.62%, 15, 0, 8, 434.24, 3902240, 263, 1675, 0
8821, 238, 355, 514, 1, 0, 64.62%, 15, 0, 8, 427.96, 3904388, 263, 1675, 0
8826, 238, 418, 514, 1, 0, 64.62%, 15, 0, 8, 443.60, 3906624, 263, 1675, 0
8831, 238, 510, 514, 1, 0, 64.62%, 15, 0, 8, 449.81, 3908941, 263, 1675, 0
8836, 239, 116, 514, 1, 0, 64.62%, 15, 0, 8, 440.77, 3911093, 263, 1685, 0
8841, 239, 235, 514, 1, 0, 64.62%, 15, 0, 8, 436.73, 3913344, 263, 1685, 0
8846, 239, 311, 514, 1, 0, 64.62%, 15, 0, 8, 428.78, 3915535, 263, 1686, 0
8851, 239, 327, 514, 1, 0, 64.62%, 15, 0, 8, 437.11, 3917827, 263, 1686, 0
8857, 239, 426, 514, 1, 0, 64.62%, 15, 0, 8, 438.16, 3920063, 263, 1686, 0
8862, 239, 509, 514, 1, 0, 64.62%, 15, 0, 8, 441.28, 3922268, 263, 1686, 0
8867, 240, 116, 514, 1, 0, 64.62%, 15, 0, 8, 456.15, 3924543, 263, 1692, 0
8872, 240, 223, 514, 1, 0, 64.62%, 15, 0, 8, 459.23, 3926869, 263, 1692, 0
8877, 240, 285, 514, 1, 0, 64.62%, 15, 0, 8, 444.46, 3929154, 263, 1694, 0
8882, 240, 357, 514, 1, 0, 64.62%, 15, 0, 8, 433.62, 3931358, 263, 1694, 0
8887, 240, 426, 514, 1, 0, 64.62%, 15, 0, 8, 469.09, 3933757, 263, 1694, 0
8892, 240, 507, 514, 1, 0, 64.62%, 15, 0, 8, 435.88, 3935924, 263, 1694, 0
8897, 241, 70, 514, 1, 0, 64.62%, 15, 0, 8, 436.34, 3938138, 263, 1695, 0
8902, 241, 201, 514, 1, 0, 64.62%, 15, 0, 8, 450.04, 3940512, 263, 1698, 0
8907, 241, 284, 514, 1, 0, 64.62%, 15, 0, 8, 462.99, 3942951, 263, 1702, 0
8912, 241, 334, 514, 1, 0, 64.62%, 15, 0, 8, 465.25, 3945318, 263, 1702, 0
8917, 241, 364, 514, 1, 0, 64.62%, 15, 0, 8, 433.09, 3947461, 263, 1702, 0
8923, 241, 471, 514, 1, 0, 64.62%, 15, 0, 8, 434.65, 3949801, 263, 1702, 0
8928, 241, 513, 514, 1, 0, 64.62%, 15, 0, 8, 458.48, 3952200, 263, 1708, 0
8933, 242, 120, 514, 0, 0, 64.62%, 15, 0, 8, 458.50, 3954494, 263, 1715, 0
8938, 242, 266, 514, 0, 0, 64.62%, 15, 0, 8, 486.57, 3956952, 263, 1718, 0
8943, 242, 325, 514, 0, 0, 64.62%, 15, 0, 8, 455.37, 3959191, 263, 1718, 0
8948, 242, 448, 514, 0, 0, 64.62%, 15, 0, 8, 478.43, 3961583, 263, 1718, 0
8953, 242, 483, 514, 0, 0, 64.62%, 15, 0, 8, 436.97, 3963796, 263, 1718, 0
8958, 243, 17, 514, 0, 0, 64.62%, 15, 0, 8, 421.09, 3965911, 263, 1720, 0
8963, 243, 197, 514, 0, 0, 64.62%, 15, 0, 8, 460.16, 3968278, 263, 1725, 0
8968, 243, 266, 514, 0, 0, 64.62%, 15, 0, 8, 426.30, 3970382, 263, 1725, 0
8973, 243, 312, 514, 0, 0, 64.62%, 15, 0, 8, 423.90, 3972608, 263, 1725, 0
8978, 243, 368, 514, 0, 0, 64.62%, 15, 0, 8, 432.61, 3974884, 263, 1725, 0
8984, 243, 448, 514, 0, 0, 64.62%, 15, 0, 8, 451.00, 3977130, 263, 1725, 0
8989, 244, 112, 514, 0, 0, 64.62%, 15, 0, 8, 460.48, 3979504, 263, 1730, 0
8994, 244, 229, 514, 0, 0, 64.62%, 15, 0, 8, 429.26, 3981634, 263, 1731, 0
8999, 244, 281, 514, 0, 0, 64.62%, 15, 0, 8, 429.25, 3983815, 263, 1731, 0
9004, 244, 334, 514, 0, 0, 64.62%, 15, 0, 8, 437.49, 3986037, 263, 1731, 0
9009, 244, 359, 514, 0, 0, 64.62%, 15, 0, 8, 417.16, 3988133, 263, 1731, 0
9014, 244, 448, 514, 0, 0, 64.62%, 15, 0, 8, 432.19, 3990321, 263, 1731, 0
9019, 244, 483, 514, 0, 0, 64.62%, 15, 0, 8, 428.28, 3992481, 263, 1731, 0
9024, 245, 15, 514, 0, 0, 64.62%, 15, 0, 8, 434.57, 3994764, 263, 1735, 0
9029, 245, 157, 514, 0, 0, 64.62%, 15, 0, 8, 455.23, 3997099, 263, 1739, 0
9034, 245, 250, 514, 0, 0, 64.62%, 15, 0, 8, 448.70, 3999280, 263, 1739, 0
9039, 245, 320, 514, 0, 0, 64.62%, 15, 0, 8, 436.44, 4001533, 263, 1742, 0
9044, 245, 364, 514, 0, 0, 64.62%, 15, 0, 8, 440.04, 4003757, 263, 1742, 0
9049, 245, 471, 514, 0, 0, 64.62%, 15, 0, 8, 457.66, 4006092, 263, 1742, 0
9054, 246, 19, 514, 0, 0, 64.62%, 15, 0, 8, 443.31, 4008251, 263, 1747, 0
9059, 246, 201, 514, 0, 0, 64.62%, 15, 0, 8, 442.14, 4010557, 263, 1754, 0
9064, 246, 284, 514, 0, 0, 64.62%, 15, 0, 8, 447.24, 4012792, 263, 1754, 0
9069, 246, 344, 514, 0, 0, 64.62%, 15, 0, 8, 454.95, 4015079, 263, 1754, 0
9075, 246, 409, 514, 0, 0, 64.62%, 15, 0, 8, 429.10, 4017192, 263, 1754, 0
9080, 246, 436, 514, 0, 0, 64.62%, 15, 0, 8, 448.14, 4019554, 263, 1754, 0
9085, 246, 510, 514, 0, 0, 64.62%, 15, 0, 8, 451.67, 4021823, 263, 1754, 0
9090, 247, 143, 514, 0, 0, 64.62%, 15, 0, 8, 448.41, 4024097, 263, 1762, 0
9095, 247, 245, 514, 0, 0, 64.62%, 15, 0, 8, 471.82, 4026530, 263, 1762, 0
9100, 247, 326, 514, 0, 0, 64.62%, 15, 0, 8, 487.12, 4029091, 263, 1765, 0
9105, 247, 417, 514, 0, 0, 64.62%, 15, 0, 8, 473.84, 4031393, 263, 1765, 0
9110, 247, 483, 514, 0, 0, 64.62%, 15, 0, 8, 442.79, 4033627, 263, 1765, 0
9115, 248, 116, 514, 0, 0, 64.62%, 15, 0, 8, 433.92, 4035879, 263, 1780, 0
9120, 248, 252, 514, 0, 0, 64.62%, 15, 0, 8, 452.28, 4038186, 263, 1780, 0
9126, 248, 326, 514, 0, 0, 64.62%, 15, 0, 8, 462.28, 4040556, 263, 1782, 0
9131, 248, 344, 514, 0, 0, 64.62%, 15, 0, 8, 441.30, 4042821, 263, 1782, 0
9136, 248, 404, 514, 0, 0, 64.62%, 15, 0, 8, 451.49, 4045124, 263, 1782, 0
9141, 248, 457, 514, 0, 0, 64.62%, 15, 0, 8, 434.62, 4047381, 263, 1782, 0
9146, 249, 77, 514, 0, 0, 64.62%, 15, 0, 8, 448.96, 4049725, 263, 1785, 0
9151, 249, 197, 514, 0, 0, 64.62%, 15, 0, 8, 440.09, 4051992, 263, 1794, 0
9156, 249, 284, 514, 0, 0, 64.62%, 15, 0, 8, 421.31, 4054108, 263, 1794, 0
9161, 249, 321, 514, 0, 0, 64.62%, 15, 0, 8, 443.44, 4056342, 263, 1794, 0
9166, 249, 392, 514, 0, 0, 64.62%, 15, 0, 8, 446.20, 4058601, 263, 1794, 0
9171, 249, 440, 514, 0, 0, 64.62%, 15, 0, 8, 465.57, 4060847, 263, 1794, 0
9176, 250, 24, 515, 1, 0, 64.62%, 15, 0, 8, 449.81, 4063096, 263, 1796, 0
9181, 250, 141, 515, 1, 0, 64.62%, 15, 0, 8, 418.98, 4065211, 263, 1797, 0
9187, 250, 235, 515, 1, 0, 64.62%, 15, 0, 8, 414.34, 4067349, 263, 1798, 0
9192, 250, 298, 515, 1, 0, 64.62%, 15, 0, 8, 431.66, 4069647, 263, 1798, 0
9197, 250, 337, 515, 1, 0, 64.62%, 15, 0, 8, 433.62, 4071855, 263, 1798, 0
9202, 250, 451, 515, 1, 0, 64.62%, 15, 0, 8, 421.97, 4073955, 263, 1798, 0
9207, 250, 500, 515, 1, 0, 64.62%, 15, 0, 8, 452.97, 4076293, 263, 1798, 0
9212, 251, 112, 515, 1, 0, 64.62%, 15, 0, 8, 438.34, 4078488, 263, 1798, 0
9217, 251, 235, 515, 1, 0, 64.62%, 15, 0, 8, 454.49, 4080814, 263, 1804, 0
9222, 251, 289, 515, 1, 0, 64.62%, 15, 0, 8, 451.22, 4083139, 263, 1805, 0
9227, 251, 368, 515, 1, 0, 64.62%, 15, 0, 8, 457.72, 4085464, 263, 1805, 0
9232, 251, 458, 515, 1, 0, 64.62%, 15, 0, 8, 439.36, 4087675, 263, 1805, 0
9238, 251, 508, 515, 1, 0, 64.62%, 15, 0, 8, 428.21, 4089866, 263, 1805, 0
9243, 252, 116, 515, 0, 0, 64.62%, 15, 0, 8, 424.15, 4092007, 263, 1811, 0
9248, 252, 235, 515, 0, 0, 64.62%, 15, 0, 8, 422.86, 4094168, 263, 1811, 0
9253, 252, 301, 515, 0, 0, 64.62%, 15, 0, 8, 452.20, 4096469, 263, 1811, 0
9258, 252, 344, 515, 0, 0, 64.62%, 15, 0, 8, 429.09, 4098645, 263, 1811, 0
9263, 252, 448, 515, 0, 0, 64.62%, 15, 0, 8, 435.04, 4100872, 263, 1811, 0
9268, 252, 502, 515, 0, 0, 64.62%, 15, 0, 8, 447.21, 4103117, 263, 1811, 0
9273, 253, 112, 515, 0, 0, 64.62%, 15, 0, 8, 451.06, 4105519, 263, 1818, 0
9278, 253, 226, 515, 0, 0, 64.62%, 15, 0, 8, 460.71, 4107920, 263, 1820, 0
9283, 253, 294, 515, 0, 0, 64.62%, 15, 0, 8, 441.86, 4110194, 263, 1821, 0
9288, 253, 330, 515, 0, 0, 64.62%, 15, 0, 8, 425.13, 4112298, 263, 1821, 0
9294, 253, 406, 515, 0, 0, 64.62%, 15, 0, 8, 444.53, 4114547, 263, 1821, 0
9299, 254, 24, 515, 0, 0, 64.62%, 15, 0, 8, 441.55, 4116798, 263, 1821, 0
9304, 254, 163, 515, 0, 0, 64.62%, 15, 0, 8, 434.39, 4118996, 263, 1827, 0
9309, 254, 235, 515, 0, 0, 64.62%, 15, 0, 8, 460.25, 4121340, 263, 1827, 0
9314, 254, 288, 515, 0, 0, 64.62%, 15, 0, 8, 402.52, 4123451, 263, 1829, 0
9319, 254, 335, 515, 0, 0, 64.62%, 15, 0, 8, 398.41, 4125487, 263, 1829, 0
9324, 254, 364, 515, 0, 0, 64.62%, 15, 0, 8, 421.67, 4127615, 263, 1829, 0
9329, 254, 436, 515, 0, 0, 64.62%, 15, 0, 8, 435.37, 4129867, 263, 1829, 0
9334, 254, 473, 515, 0, 0, 64.62%, 15, 0, 8, 438.38, 4132105, 263, 1829, 0
9339, 255, 68, 515, 0, 0, 64.62%, 15, 0, 8, 427.11, 4134308, 263, 1829, 0
9344, 255, 223, 515, 0, 0, 64.62%, 15, 0, 8, 467.87, 4136699, 263, 1831, 0
9349, 255, 273, 515, 0, 0, 64.62%, 15, 0, 8, 441.20, 4138928, 263, 1831, 0
9354, 255, 325, 515, 0, 0, 64.62%, 15, 0, 8, 432.76, 4141069, 263, 1831, 0
9359, 255, 368, 515, 0, 0, 64.62%, 15, 0, 8, 427.79, 4143197, 263, 1831, 0
9364, 255, 446, 515, 0, 0, 64.62%, 15, 0, 8, 426.60, 4145327, 263, 1831, 0
9370, 255, 493, 515, 0, 0, 64.62%, 15, 0, 8, 409.20, 4147410, 263, 1831, 0
9375, 256, 102, 515, 0, 0, 64.62%, 15, 0, 8, 449.97, 4149768, 263, 1832, 0
9380, 256, 223, 515, 0, 0, 64.62%, 15, 0, 8, 456.43, 4152005, 263, 1834, 0
9385, 256, 312, 515, 0, 0, 64.62%, 15, 0, 8, 439.36, 4154212, 263, 1835, 0
9390, 256, 344, 515, 0, 0, 64.62%, 15, 0, 8, 411.04, 4156296, 263, 1835, 0
9395, 256, 412, 515, 0, 0, 64.62%, 15, 0, 8, 431.52, 4158424, 263, 1835, 0
9400, 256, 483, 515, 0, 0, 64.62%, 15, 0, 8, 455.43, 4160742, 263, 1835, 0
9405, 257, 90, 515, 0, 0, 64.62%, 15, 0, 8, 458.95, 4163108, 263, 1835, 0
9410, 257, 235, 515, 0, 0, 64.62%, 15, 0, 8, 441.59, 4165372, 263, 1840, 0
9415, 257, 326, 515, 0, 0, 64.62%, 15, 0, 8, 464.60, 4167801, 263, 1841, 0
9420, 257, 387, 515, 0, 0, 64.62%, 15, 0, 8, 442.50, 4169993, 263, 1841, 0
9425, 257, 484, 515, 0, 0, 64.62%, 15, 0, 8, 426.11, 4172068, 263, 1841, 0
9431, 258, 112, 515, 0, 0, 64.62%, 15, 0, 8, 424.37, 4174264, 263, 1846, 0
9436, 258, 212, 515, 0, 0, 64.62%, 15, 0, 8, 453.92, 4176626, 263, 1849, 0
9441, 258, 288, 515, 0, 0, 64.62%, 15, 0, 8, 453.33, 4178884, 263, 1850, 0
9446, 258, 332, 515, 0, 0, 64.62%, 15, 0, 8, 435.69, 4181069, 263, 1850, 0
9451, 258, 364, 515, 0, 0, 64.62%, 15, 0, 8, 438.88, 4183303, 263, 1850, 0
9456, 258, 474, 515, 0, 0, 64.62%, 15, 0, 8, 461.59, 4185611, 263, 1850, 0
9461, 259, 24, 515, 0, 0, 64.62%, 15, 0, 8, 459.54, 4187947, 263, 1850, 0
9466, 259, 187, 515, 0, 0, 64.62%, 15, 0, 8, 444.09, 4190185, 263, 1858, 0
9471, 259, 274, 515, 0, 0, 64.62%, 15, 0, 8, 435.57, 4192432, 263, 1858, 0
9476, 259, 325, 515, 0, 0, 64.62%, 15, 0, 8, 433.25, 4194635, 263, 1858, 0
9481, 259, 402, 515, 0, 0, 64.62%, 15, 0, 8, 447.57, 4196886, 263, 1858, 0
9487, 259, 508, 515, 0, 0, 64.62%, 15, 0, 8, 451.16, 4199204, 263, 1858, 0
9492, 260, 116, 515, 0, 0, 64.62%, 15, 0, 8, 435.34, 4201363, 263, 1866, 0
9497, 260, 239, 515, 0, 0, 64.62%, 15, 0, 8, 441.29, 4203634, 263, 1866, 0
9502, 260, 320, 515, 0, 0, 64.62%, 15, 0, 8, 426.72, 4205811, 263, 1867, 0
9507, 260, 387, 515, 0, 0, 64.62%, 15, 0, 8, 441.85, 4208063, 263, 1867, 0
9512, 260, 478, 515, 0, 0, 64.62%, 15, 0, 8, 461.38, 4210425, 263, 1867, 0
9517, 261, 15, 515, 0, 0, 64.62%, 15, 0, 8, 465.20, 4212765, 263, 1869, 0
9522, 261, 183, 515, 0, 0, 64.62%, 15, 0, 8, 459.44, 4215080, 263, 1873, 0
9527, 261, 266, 515, 0, 0, 64.62%, 15, 0, 8, 443.99, 4217319, 263, 1874, 0
9532, 261, 326, 515, 0, 0, 64.62%, 15, 0, 8, 437.54, 4219523, 263, 1874, 0
9537, 261, 351, 515, 0, 0, 64.62%, 15, 0, 8, 443.04, 4221775, 263, 1874, 0
9542, 261, 405, 515, 0, 0, 64.62%, 15, 0, 8, 424.03, 4223888, 263, 1874, 0
9547, 261, 475, 515, 0, 0, 64.62%, 15, 0, 8, 436.19, 4226105, 263, 1874, 0
9552, 262, 11, 515, 0, 0, 64.62%, 15, 0, 8, 457.79, 4228373, 263, 1875, 0
9557, 262, 183, 515, 0, 0, 64.62%, 15, 0, 8, 452.67, 4230631, 263, 1882, 0
9562, 262, 277, 515, 0, 0, 64.62%, 15, 0, 8, 454.33, 4232898, 263, 1883, 0
9568, 262, 364, 515, 0, 0, 64.62%, 15, 0, 8, 438.02, 4235154, 263, 1883, 0
9573, 262, 426, 515, 0, 0, 64.62%, 15, 0, 8, 425.84, 4237382, 263, 1883, 0
9578, 262, 475, 515, 0, 0, 64.62%, 15, 0, 8, 387.78, 4239383, 263, 1883, 0
9583, 263, 13, 515, 0, 0, 64.62%, 15, 0, 8, 430.38, 4241497, 263, 1883, 0
9588, 263, 183, 515, 0, 0, 64.62%, 15, 0, 8, 422.10, 4243654, 263, 1888, 0
9593, 263, 264, 515, 0, 0, 64.62%, 15, 0, 8, 460.13, 4245975, 263, 1888, 0
9598, 263, 325, 515, 0, 0, 64.62%, 15, 0, 8, 443.14, 4248239, 263, 1888, 0
9603, 263, 364, 515, 0, 0, 64.62%, 15, 0, 8, 416.44, 4250373, 263, 1888, 0
9608, 263, 410, 515, 0, 0, 64.62%, 15, 0, 8, 432.38, 4252549, 263, 1888, 0
9613, 263, 476, 515, 0, 0, 64.62%, 15, 0, 8, 427.42, 4254695, 263, 1888, 0
9618, 264, 42, 515, 0, 0, 64.62%, 15, 0, 8, 442.84, 4256944, 263, 1888, 0
9623, 264, 183, 515, 0, 0, 64.62%, 15, 0, 8, 431.42, 4259108, 263, 1896, 0
9628, 264, 258, 515, 0, 0, 64.62%, 15, 0, 8, 443.09, 4261326, 263, 1896, 0
9633, 264, 322, 515, 0, 0, 64.62%, 15, 0, 8, 446.10, 4263614, 263, 1898, 0
9638, 264, 359, 515, 0, 0, 64.62%, 15, 0, 8, 449.62, 4265894, 263, 1898, 0
9643, 264, 448, 515, 0, 0, 64.62%, 15, 0, 8, 434.21, 4268118, 263, 1898, 0
9648, 265, 24, 515, 0, 0, 64.62%, 15, 0, 8, 434.73, 4270347, 263, 1898, 0
9653, 265, 159, 515, 0, 0, 64.62%, 15, 0, 8, 437.32, 4272563, 263, 1903, 0
9659, 265, 248, 515, 0, 0, 64.62%, 15, 0, 8, 437.91, 4274805, 263, 1903, 0
9664, 265, 326, 515, 0, 0, 64.62%, 15, 0, 8, 464.30, 4277163, 263, 1904, 0
9669, 265, 391, 515, 0, 0, 64.62%, 15, 0, 8, 455.85, 4279429, 263, 1904, 0
9674, 265, 475, 515, 0, 0, 64.62%, 15, 0, 8, 411.07, 4281581, 263, 1904, 0
9679, 265, 509, 515, 0, 0, 64.62%, 15, 0, 8, 421.31, 4283620, 263, 1904, 0
9684, 266, 141, 515, 0, 0, 64.62%, 15, 0, 8, 432.89, 4285852, 263, 1912, 0
9689, 266, 236, 515, 0, 0, 64.62%, 15, 0, 8, 435.96, 4288043, 263, 1912, 0
9694, 266, 325, 515, 0, 0, 64.62%, 15, 0, 8, 434.76, 4290238, 263, 1912, 0
9699, 266, 344, 515, 0, 0, 64.62%, 15, 0, 8, 430.94, 4292478, 263, 1912, 0
9704, 266, 502, 515, 0, 0, 64.62%, 15, 0, 8, 449.55, 4294819, 263, 1912, 0
9709, 267, 42, 515, 0, 0, 64.62%, 15, 0, 8, 424.81, 4297048, 263, 1915, 0
9715, 267, 197, 515, 0, 0, 64.62%, 15, 0, 8, 444.63, 4299385, 263, 1919, 0
9720, 267, 272, 515, 0, 0, 64.62%, 15, 0, 8, 431.09, 4301548, 263, 1921, 0
9725, 267, 325, 515, 0, 0, 64.62%, 15, 0, 8, 456.95, 4303862, 263, 1921, 0
9730, 267, 351, 515, 0, 0, 64.62%, 15, 0, 8, 452.26, 4306111, 263, 1921, 0
9735, 267, 476, 515, 0, 0, 64.62%, 15, 0, 8, 439.73, 4308328, 263, 1921, 0
9740, 268, 42, 515, 0, 0, 64.62%, 15, 0, 8, 415.35, 4310378, 263, 1922, 0
9745, 268, 229, 515, 0, 0, 64.62%, 15, 0, 8, 460.27, 4312748, 263, 1932, 0
9750, 268, 302, 515, 0, 0, 64.62%, 15, 0, 8, 454.82, 4315071, 263, 1932, 0
9755, 268, 364, 515, 0, 0, 64.62%, 15, 0, 8, 474.20, 4317594, 263, 1932, 0
9760, 268, 452, 515, 0, 0, 64.62%, 15, 0, 8, 447.59, 4319815, 263, 1932, 0
9765, 269, 23, 515, 0, 0, 64.62%, 15, 0, 8, 455.04, 4322114, 263, 1932, 0
9770, 269, 175, 515, 0, 0, 64.62%, 15, 0, 8, 468.67, 4324468, 263, 1942, 0
9775, 269, 258, 515, 0, 0, 64.62%, 15, 0, 8, 458.17, 4326694, 263, 1943, 0
9780, 269, 320, 515, 0, 0, 64.62%, 15, 0, 8, 462.70, 4328988, 263, 1944, 0
9785, 269, 344, 515, 0, 0, 64.62%, 15, 0, 8, 461.60, 4331303, 263, 1944, 0
9791, 269, 426, 515, 0, 0, 64.62%, 15, 0, 8, 445.99, 4333559, 263, 1944, 0
9796, 269, 513, 515, 0, 0, 64.62%, 15, 0, 8, 446.93, 4335855, 263, 1944, 0
9801, 270, 112, 515, 0, 0, 64.62%, 15, 0, 8, 446.02, 4338162, 263, 1946, 0
9806, 270, 223, 515, 0, 0, 64.62%, 15, 0, 8, 434.60, 4340420, 263, 1949, 0
9811, 270, 284, 515, 0, 0, 64.62%, 15, 0, 8, 459.83, 4342778, 263, 1949, 0
9816, 270, 339, 515, 0, 0, 64.62%, 15, 0, 8, 458.12, 4345146, 263, 1949, 0
9821, 270, 417, 515, 0, 0, 64.62%, 15, 0, 8, 456.72, 4347350, 263, 1949, 0
9826, 270, 448, 515, 0, 0, 64.62%, 15, 0, 8, 430.36, 4349499, 263, 1949, 0
9831, 270, 513, 515, 0, 0, 64.62%, 15, 0, 8, 442.34, 4351720, 263, 1949, 0
9836, 271, 127, 515, 0, 0, 64.62%, 15, 0, 8, 441.43, 4353977, 263, 1952, 0
9842, 271, 244, 515, 0, 0, 64.62%, 15, 0, 8, 437.07, 4356208, 263, 1953, 0
9847, 271, 325, 515, 0, 0, 64.62%, 15, 0, 8, 436.70, 4358477, 263, 1953, 0
9852, 271, 395, 515, 0, 0, 64.62%, 15, 0, 8, 438.99, 4360686, 263, 1953, 0
9857, 271, 476, 515, 0, 0, 64.62%, 15, 0, 8, 438.77, 4362921, 263, 1953, 0
9862, 272, 114, 515, 0, 0, 64.62%, 15, 0, 8, 421.32, 4365133, 263, 1960, 0
9867, 272, 223, 515, 0, 0, 64.62%, 15, 0, 8, 446.96, 4367356, 263, 1961, 0
9872, 272, 288, 515, 0, 0, 64.62%, 15, 0, 8, 425.69, 4369452, 263, 1961, 0
9877, 272, 355, 515, 0, 0, 64.62%, 15, 0, 8, 440.66, 4371779, 263, 1961, 0
9882, 272, 430, 515, 0, 0, 64.62%, 15, 0, 8, 430.22, 4373912, 263, 1961, 0
9887, 272, 509, 515, 0, 0, 64.62%, 15, 0, 8, 430.79, 4376045, 263, 1961, 0
9892, 273, 92, 515, 0, 0, 64.62%, 15, 0, 8, 447.53, 4378331, 263, 1965, 0
9898, 273, 211, 515, 0, 0, 64.62%, 15, 0, 8, 434.28, 4380571, 263, 1969, 0
9903, 273, 309, 515, 0, 0, 64.62%, 15, 0, 8, 418.00, 4382706, 263, 1971, 0
9908, 273, 344, 515, 0, 0, 64.62%, 15, 0, 8, 433.39, 4384950, 263, 1971, 0
9913, 273, 417, 515, 0, 0, 64.62%, 15, 0, 8, 445.26, 4387164, 263, 1971, 0
9918, 273, 476, 515, 0, 0, 64.62%, 15, 0, 8, 434.02, 4389366, 263, 1971, 0
9923, 274, 96, 515, 0, 0, 64.62%, 15, 0, 8, 441.19, 4391642, 263, 1973, 0
9928, 274, 183, 515, 0, 0, 64.62%, 15, 0, 8, 452.80, 4393899, 263, 1978, 0
9933, 274, 258, 515, 0, 0, 64.62%, 15, 0, 8, 445.69, 4396114, 263, 1978, 0
9938, 274, 339, 515, 0, 0, 64.62%, 15, 0, 8, 441.32, 4398321, 263, 1980, 0
9943, 274, 384, 515, 0, 0, 64.62%, 15, 0, 8, 434.98, 4400599, 263, 1980, 0
9948, 274, 429, 515, 0, 0, 64.62%, 15, 0, 8, 429.46, 4402738, 263, 1980, 0
9953, 274, 456, 515, 0, 0, 64.62%, 15, 0, 8, 425.75, 4404840, 263, 1980, 0
9958, 274, 484, 515, 0, 0, 64.62%, 15, 0, 8, 434.62, 4407013, 263, 1980, 0
9963, 275, 16, 515, 0, 0, 64.62%, 15, 0, 8, 425.05, 4409184, 263, 1981, 0
9969, 275, 150, 515, 0, 0, 64.62%, 15, 0, 8, 449.98, 4411485, 263, 1985, 0
9974, 275, 244, 515, 0, 0, 64.62%, 15, 0, 8, 424.05, 4413630, 263, 1986, 0
9979, 275, 320, 515, 0, 0, 64.62%, 15, 0, 8, 437.27, 4415897, 263, 1988, 0
9984, 275, 395, 515, 0, 0, 64.62%, 15, 0, 8, 422.78, 4418064, 263, 1988, 0
9989, 275, 488, 515, 0, 0, 64.62%, 15, 0, 8, 407.25, 4420084, 263, 1988, 0
9994, 276, 70, 515, 0, 0, 64.62%, 15, 0, 8, 449.42, 4422361, 263, 1990, 0
9999, 276, 197, 515, 0, 0, 64.62%, 15, 0, 8, 425.08, 4424462, 263, 2002, 0
10004, 276, 277, 515, 0, 0, 64.62%, 15, 0, 8, 403.69, 4426483, 263, 2002, 0
10009, 276, 329, 515, 0, 0, 64.62%, 15, 0, 8, 442.80, 4428756, 263, 2003, 0
10014, 276, 402, 515, 0, 0, 64.62%, 15, 0, 8, 443.63, 4430979, 263, 2003, 0
10019, 276, 509, 515, 0, 0, 64.62%, 15, 0, 8, 414.88, 4432985, 263, 2003, 0
10024, 277, 116, 515, 0, 0, 64.62%, 15, 0, 8, 425.34, 4435119, 263, 2009, 0
10029, 277, 229, 515, 0, 0, 64.62%, 15, 0, 8, 439.07, 4437300, 263, 2009, 0
10034, 277, 288, 515, 0, 0, 64.62%, 15, 0, 8, 421.59, 4439409, 263, 2009, 0
10039, 277, 387, 515, 0, 0, 64.62%, 15, 0, 8, 428.29, 4441615, 263, 2009, 0
10044, 277, 482, 515, 0, 0, 64.62%, 15, 0, 8, 441.90, 4443834, 263, 2009, 0
10049, 278, 116, 515, 0, 0, 64.62%, 15, 0, 8, 451.06, 4446109, 263, 2017, 0
10054, 278, 223, 515, 0, 0, 64.62%, 15, 0, 8, 448.81, 4448365, 263, 2017, 0
10059, 278, 277, 515, 0, 0, 64.62%, 15, 0, 8, 438.10, 4450592, 263, 2017, 0
10064, 278, 330, 515, 0, 0, 64.62%, 15, 0, 8, 432.28, 4452765, 263, 2017, 0
10070, 278, 364, 515, 0, 0, 64.62%, 15, 0, 8, 431.51, 4454941, 263, 2017, 0
10075, 278, 460, 515, 0, 0, 64.62%, 15, 0, 8, 436.52, 4457173, 263, 2017, 0
10080, 279, 96, 515, 0, 0, 64.62%, 15, 0, 8, 458.92, 4459554, 263, 2017, 0
10085, 279, 197, 515, 0, 0, 64.62%, 15, 0, 8, 446.81, 4461797, 263, 2020, 0
10090, 279, 277, 515, 0, 0, 64.62%, 15, 0, 8, 448.05, 4464118, 263, 2022, 0
10095, 279, 326, 515, 0, 0, 64.62%, 15, 0, 8, 441.46, 4466327, 263, 2022, 0
10100, 279, 402, 515, 0, 0, 64.62%, 15, 0, 8, 428.52, 4468510, 263, 2022, 0
10105, 279, 451, 515, 0, 0, 64.62%, 15, 0, 8, 453.36, 4470755, 263, 2022, 0
10110, 280, 112, 515, 0, 0, 64.62%, 15, 0, 8, 434.79, 4472977, 263, 2026, 0
10116, 280, 197, 515, 0, 0, 64.62%, 15, 0, 8, 466.26, 4475376, 263, 2034, 0
10121, 280, 266, 515, 0, 0, 64.62%, 15, 0, 8, 457.76, 4477722, 263, 2036, 0
10126, 280, 322, 515, 0, 0, 64.62%, 15, 0, 8, 444.14, 4479956, 263, 2036, 0
10131, 280, 339, 515, 0, 0, 64.62%, 15, 0, 8, 447.02, 4482248, 263, 2036, 0
10136, 280, 402, 515, 0, 0, 64.62%, 15, 0, 8, 440.33, 4484480, 263, 2036, 0
10141, 280, 452, 515, 0, 0, 64.62%, 15, 0, 8, 402.11, 4486497, 263, 2036, 0
10146, 281, 66, 515, 0, 0, 64.62%, 15, 0, 8, 415.36, 4488745, 263, 2036, 0
10151, 281, 201, 515, 0, 0, 64.62%, 15, 0, 8, 450.10, 4491117, 263, 2041, 0
10156, 281, 288, 515, 0, 0, 64.62%, 15, 0, 8, 429.04, 4493285, 263, 2042, 0
10162, 281, 327, 515, 0, 0, 64.62%, 15, 0, 8, 433.81, 4495501, 263, 2042, 0
10167, 281, 402, 515, 0, 0, 64.62%, 15, 0, 8, 444.55, 4497712, 263, 2042, 0
10172, 281, 434, 515, 0, 0, 64.62%, 15, 0, 8, 436.32, 4499981, 263, 2042, 0
10177, 282, 16, 515, 0, 0, 64.62%, 15, 0, 8, 438.29, 4502197, 263, 2042, 0
10182, 282, 197, 515, 0, 0, 64.62%, 15, 0, 8, 458.15, 4504515, 263, 2045, 0
10187, 282, 283, 515, 0, 0, 64.62%, 15, 0, 8, 492.53, 4507018, 263, 2047, 0
10192, 282, 326, 515, 0, 0, 64.62%, 15, 0, 8, 474.65, 4509314, 263, 2047, 0
10197, 282, 382, 515, 0, 0, 64.62%, 15, 0, 8, 438.07, 4511477, 263, 2047, 0
10202, 282, 501, 515, 0, 0, 64.62%, 15, 0, 8, 455.60, 4513772, 263, 2047, 0
10207, 283, 116, 515, 0, 0, 64.62%, 15, 0, 8, 438.76, 4515980, 263, 2053, 0
10212, 283, 244, 515, 0, 0, 64.62%, 15, 0, 8, 463.87, 4518379, 263, 2053, 0
10217, 283, 325, 515, 0, 0, 64.62%, 15, 0, 8, 430.38, 4520607, 263, 2057, 0
10222, 283, 364, 515, 0, 0, 64.62%, 15, 0, 8, 390.30, 4522488, 263, 2057, 0
10228, 283, 434, 515, 0, 0, 64.62%, 15, 0, 8, 423.37, 4524717, 263, 2057, 0
10233, 283, 489, 515, 0, 0, 64.62%, 15, 0, 8, 432.01, 4526906, 263, 2057, 0
10238, 284, 63, 515, 0, 0, 64.62%, 15, 0, 8, 431.64, 4529067, 263, 2058, 0
10243, 284, 223, 515, 0, 0, 64.62%, 15, 0, 8, 438.73, 4531319, 263, 2068, 0
10248, 284, 284, 515, 0, 0, 64.62%, 15, 0, 8, 429.95, 4533516, 263, 2068, 0
10253, 284, 334, 515, 0, 0, 64.62%, 15, 0, 8, 433.24, 4535690, 263, 2068, 0
10258, 284, 380, 515, 0, 0, 64.62%, 15, 0, 8, 424.25, 4537838, 263, 2068, 0
10263, 284, 442, 515, 0, 0, 64.62%, 15, 0, 8, 455.03, 4540108, 263, 2068, 0
10268, 285, 19, 515, 0, 0, 64.62%, 15, 0, 8, 440.53, 4542373, 263, 2069, 0
10273, 285, 187, 515, 0, 0, 64.62%, 15, 0, 8, 452.86, 4544649, 263, 2076, 0
10278, 285, 266, 515, 0, 0, 64.62%, 15, 0, 8, 442.29, 4546857, 263, 2076, 0
10283, 285, 339, 515, 0, 0, 64.62%, 15, 0, 8, 452.29, 4549279, 263, 2076, 0
10288, 285, 387, 515, 0, 0, 64.62%, 15, 0, 8, 462.28, 4551676, 263, 2076, 0
10294, 285, 452, 515, 0, 0, 64.62%, 15, 0, 8, 439.59, 4553913, 263, 2076, 0
10299, 285, 510, 515, 0, 0, 64.62%, 15, 0, 8, 408.61, 4555880, 263, 2076, 0
10304, 286, 127, 515, 0, 0, 64.62%, 15, 0, 8, 447.64, 4558190, 263, 2081, 0
10309, 286, 254, 515, 0, 0, 64.62%, 15, 0, 8, 438.02, 4560384, 263, 2081, 0
10314, 286, 326, 515, 0, 0, 64.62%, 15, 0, 8, 440.83, 4562641, 263, 2081, 0
10319, 286, 446, 515, 0, 0, 64.62%, 15, 0, 8, 459.38, 4565069, 263, 2081, 0
10324, 287, 16, 515, 0, 0, 64.62%, 15, 0, 8, 440.29, 4567263, 263, 2082, 0
10329, 287, 179, 515, 0, 0, 64.62%, 15, 0, 8, 448.22, 4569517, 263, 2091, 0
10334, 287, 254, 515, 0, 0, 64.62%, 15, 0, 8, 444.36, 4571734, 263, 2091, 0
10339, 287, 322, 515, 0, 0, 64.62%, 15, 0, 8, 419.76, 4573823, 263, 2091, 0
10345, 287, 359, 515, 0, 0, 64.62%, 15, 0, 8, 468.44, 4576336, 263, 2091, 0
10350, 287, 456, 515, 0, 0, 64.62%, 15, 0, 8, 449.46, 4578516, 263, 2091, 0
10355, 288, 12, 515, 0, 0, 64.62%, 16, 0, 8, 455.26, 4580724, 263, 2092, 0
10360, 288, 175, 515, 0, 0, 64.62%, 16, 0, 8, 451.60, 4583036, 263, 2097, 0
10365, 288, 262, 515, 0, 0, 64.62%, 16, 0, 8, 465.11, 4585431, 263, 2099, 0
10370, 288, 326, 515, 0, 0, 64.62%, 16, 0, 8, 454.29, 4587719, 263, 2105, 0
10375, 288, 395, 515, 0, 0, 64.62%, 16, 0, 8, 443.06, 4589946, 263, 2105, 0
10380, 288, 489, 515, 0, 0, 64.62%, 16, 0, 8, 415.03, 4592062, 263, 2105, 0
10385, 289, 127, 515, 0, 0, 64.62%, 16, 0, 8, 455.56, 4594462, 263, 2109, 0
10390, 289, 235, 515, 0, 0, 64.62%, 16, 0, 8, 441.31, 4596654, 263, 2109, 0
10395, 289, 320, 515, 0, 0, 64.62%, 16, 0, 8, 413.90, 4598759, 263, 2110, 0
10400, 289, 344, 515, 0, 0, 64.62%, 16, 0, 8, 431.87, 4601003, 263, 2110, 0
10405, 289, 452, 515, 0, 0, 64.62%, 16, 0, 8, 458.84, 4603400, 263, 2110, 0
10410, 290, 75, 515, 0, 0, 64.62%, 16, 0, 8, 445.25, 4605571, 263, 2110, 0
10415, 290, 223, 515, 0, 0, 64.62%, 16, 0, 8, 449.59, 4607858, 263, 2119, 0
10420, 290, 288, 515, 0, 0, 64.62%, 16, 0, 8, 447.37, 4610075, 263, 2119, 0
10426, 290, 330, 515, 0, 0, 64.62%, 16, 0, 8, 441.59, 4612288, 263, 2119, 0
10431, 290, 452, 515, 0, 0, 64.62%, 16, 0, 8, 426.76, 4614472, 263, 2119, 0
10436, 291, 20, 515, 0, 0, 64.62%, 16, 0, 8, 427.44, 4616621, 263, 2119, 0
10441, 291, 191, 515, 0, 0, 64.62%, 16, 0, 8, 393.16, 4618601, 263, 2123, 0
10446, 291, 283, 515, 0, 0, 64.62%, 16, 0, 8, 444.63, 4620907, 263, 2124, 0
10451, 291, 364, 515, 0, 0, 64.62%, 16, 0, 8, 463.92, 4623289, 263, 2124, 0
10456, 291, 478, 515, 0, 0, 64.62%, 16, 0, 8, 420.92, 4625424, 263, 2124, 0
10461, 292, 24, 515, 0, 0, 64.62%, 16, 0, 8, 417.22, 4627559, 263, 2124, 0
10466, 292, 161, 515, 0, 0, 64.62%, 16, 0, 8, 415.19, 4629693, 263, 2127, 0
10471, 292, 264, 515, 0, 0, 64.62%, 16, 0, 8, 452.49, 4631978, 263, 2128, 0
10476, 292, 325, 515, 0, 0, 64.62%, 16, 0, 8, 464.36, 4634254, 263, 2129, 0
10481, 292, 405, 515, 0, 0, 64.62%, 16, 0, 8, 457.12, 4636517, 263, 2129, 0
10486, 292, 460, 515, 0, 0, 64.62%, 16, 0, 8, 440.64, 4638714, 263, 2129, 0
10491, 293, 14, 515, 0, 0, 64.62%, 16, 0, 8, 444.92, 4640956, 263, 2133, 0
10497, 293, 141, 515, 0, 0, 64.62%, 16, 0, 8, 447.18, 4643187, 263, 2141, 0
10502, 293, 258, 515, 0, 0, 64.62%, 16, 0, 8, 455.27, 4645556, 263, 2141, 0
10507, 293, 326, 515, 0, 0, 64.62%, 16, 0, 8, 454.89, 4647870, 263, 2144, 0
10512, 293, 426, 515, 0, 0, 64.62%, 16, 0, 8, 457.65, 4650172, 263, 2144, 0
10517, 294, 24, 515, 0, 0, 64.62%, 16, 0, 8, 438.85, 4652370, 263, 2146, 0
10522, 294, 193, 515, 0, 0, 64.62%, 16, 0, 8, 460.03, 4654703, 263, 2154, 0
10527, 294, 277, 515, 0, 0, 64.62%, 16, 0, 8, 432.50, 4656915, 263, 2155, 0
10532, 294, 344, 515, 0, 0, 64.62%, 16, 0, 8, 454.54, 4659231, 263, 2155, 0
10537, 294, 471, 515, 0, 0, 64.62%, 16, 0, 8, 434.25, 4661396, 263, 2155, 0
10542, 295, 15, 515, 0, 0, 64.62%, 16, 0, 8, 432.64, 4663627, 263, 2156, 0
10547, 295, 165, 515, 0, 0, 64.62%, 16, 0, 8, 435.76, 4665804, 263, 2164, 0
10552, 295, 261, 515, 0, 0, 64.62%, 16, 0, 8, 458.17, 4668132, 263, 2164, 0
10557, 295, 325, 515, 0, 0, 64.62%, 16, 0, 8, 433.84, 4670327, 263, 2165, 0
10562, 295, 388, 515, 0, 0, 64.62%, 16, 0, 8, 419.34, 4672455, 263, 2165, 0
10567, 295, 498, 515, 0, 0, 64.62%, 16, 0, 8, 443.38, 4674704, 263, 2165, 0
10572, 296, 116, 515, 0, 0, 64.62%, 16, 0, 8, 461.61, 4677022, 263, 2177, 0
10578, 296, 197, 515, 0, 0, 64.62%, 16, 0, 8, 437.80, 4679202, 263, 2178, 0
10583, 296, 277, 515, 0, 0, 64.62%, 16, 0, 8, 447.46, 4681417, 263, 2178, 0
10588, 296, 342, 515, 0, 0, 64.62%, 16, 0, 8, 452.65, 4683664, 263, 2178, 0
10593, 296, 426, 515, 0, 0, 64.62%, 16, 0, 8, 439.63, 4685831, 263, 2178, 0
10598, 296, 482, 515, 0, 0, 64.62%, 16, 0, 8, 427.40, 4687982, 263, 2178, 0
10603, 297, 25, 515, 0, 0, 64.62%, 16, 0, 8, 432.16, 4690204, 263, 2178, 0
10608, 297, 181, 515, 0, 0, 64.62%, 16, 0, 8, 445.94, 4692468, 263, 2181, 0
10613, 297, 260, 515, 0, 0, 64.62%, 16, 0, 8, 433.31, 4694678, 263, 2181, 0
10618, 297, 322, 515, 0, 0, 64.62%, 16, 0, 8, 462.00, 4697016, 263, 2182, 0
10623, 297, 364, 515, 0, 0, 64.62%, 16, 0, 8, 418.59, 4699123, 263, 2182, 0
10628, 297, 426, 515, 0, 0, 64.62%, 16, 0, 8, 430.96, 4701274, 263, 2182, 0
10633, 298, 14, 515, 0, 0, 64.62%, 16, 0, 8, 434.58, 4703505, 263, 2184, 0
10638, 298, 176, 515, 0, 0, 64.62%, 16, 0, 8, 443.19, 4705758, 263, 2195, 0
10643, 298, 264, 515, 0, 0, 64.62%, 16, 0, 8, 440.17, 4707940, 263, 2195, 0
10648, 298, 339, 515, 0, 0, 64.62%, 16, 0, 8, 443.42, 4710166, 263, 2196, 0
10653, 298, 426, 515, 0, 0, 64.62%, 16, 0, 8, 462.63, 4712504, 263, 2196, 0
10658, 299, 18, 515, 0, 0, 64.62%, 16, 0, 8, 451.81, 4714737, 263, 2197, 0
10663, 299, 159, 515, 0, 0, 64.62%, 16, 0, 8, 445.15, 4717018, 263, 2201, 0
10669, 299, 246, 515, 0, 0, 64.62%, 16, 0, 8, 451.40, 4719388, 263, 2201, 0
10674, 299, 308, 515, 0, 0, 64.62%, 16, 0, 8, 445.37, 4721618, 263, 2201, 0
10679, 299, 364, 515, 0, 0, 64.62%, 16, 0, 8, 432.50, 4723858, 263, 2201, 0
10684, 299, 435, 515, 0, 0, 64.62%, 16, 0, 8, 428.31, 4726008, 263, 2201, 0
10689, 299, 508, 515, 0, 0, 64.62%, 16, 0, 8, 437.34, 4728237, 263, 2201, 0
10694, 300, 139, 515, 0, 0, 64.62%, 16, 0, 8, 433.57, 4730434, 263, 2204, 0
10699, 300, 223, 515, 0, 0, 64.62%, 16, 0, 8, 426.67, 4732608, 263, 2204, 0
10704, 300, 288, 515, 0, 0, 64.62%, 16, 0, 8, 459.15, 4734917, 263, 2207, 0
10709, 300, 344, 515, 0, 0, 64.62%, 16, 0, 8, 445.39, 4737177, 263, 2207, 0
10714, 300, 444, 515, 0, 0, 64.62%, 16, 0, 8, 444.53, 4739381, 263, 2207, 0
10720, 300, 493, 515, 0, 0, 64.62%, 16, 0, 8, 443.14, 4741628, 263, 2207, 0
10725, 301, 64, 515, 0, 0, 64.62%, 16, 0, 8, 485.46, 4744175, 263, 2207, 0
10730, 301, 181, 515, 0, 0, 64.62%, 16, 0, 8, 471.76, 4746537, 263, 2210, 0
10735, 301, 266, 515, 0, 0, 64.62%, 16, 0, 8, 440.61, 4748741, 263, 2211, 0
10740, 301, 325, 515, 0, 0, 64.62%, 16, 0, 8, 434.64, 4750920, 263, 2211, 0
10745, 301, 364, 515, 0, 0, 64.62%, 16, 0, 8, 443.03, 4753196, 263, 2211, 0
10750, 301, 426, 515, 0, 0, 64.62%, 16, 0, 8, 408.18, 4755224, 263, 2211, 0
10755, 301, 476, 515, 0, 0, 64.62%, 16, 0, 8, 384.11, 4757252, 263, 2211, 0
10760, 302, 59, 515, 0, 0, 64.62%, 16, 0, 8, 444.78, 4759565, 263, 2212, 0
10765, 302, 197, 515, 0, 0, 64.62%, 16, 0, 8, 447.33, 4761836, 263, 2217, 0
10770, 302, 279, 515, 0, 0, 64.62%, 16, 0, 8, 438.82, 4764062, 263, 2218, 0
10775, 302, 339, 515, 0, 0, 64.62%, 16, 0, 8, 460.96, 4766415, 263, 2218, 0
10780, 302, 436, 515, 0, 0, 64.62%, 16, 0, 8, 463.07, 4768757, 263, 2218, 0
10785, 303, 18, 515, 0, 0, 64.62%, 16, 0, 8, 446.23, 4770982, 263, 2219, 0
10790, 303, 197, 515, 0, 0, 64.62%, 16, 0, 8, 445.60, 4773184, 263, 2228, 0
10796, 303, 284, 515, 0, 0, 64.62%, 16, 0, 8, 465.25, 4775532, 263, 2229, 0
10801, 303, 326, 515, 0, 0, 64.62%, 16, 0, 8, 427.31, 4777645, 263, 2229, 0
10806, 303, 402, 515, 0, 0, 64.62%, 16, 0, 8, 414.42, 4779732, 263, 2229, 0
10806, 303, 427, 515, 0, 0, 64.62%, 16, 0, 8, 414.30, 4780021, 263, 2229, 0
